pfr_player_name,pos_group,team,gsis_id,season,pick,tier,is_hit,avg_snap_pct,snap_ratio,rookie_apy_cap_pct,fa_median_apy_cap_pct,rookie_surplus,second_apy_cap_pct,player_return,player_sharpe,sharpe_linear,sharpe_elite
Dak Prescott,QB,DAL,00-0033077,2016,135,Rounds 4-7,TRUE,0.9679411764705881,1.5561755248723281,0.004,0.146,0.8839076981274823,0.21899999999999997,1.1029076981274821,5.423324924854498,-3.4396236727931813,-0.7312011414982981
Richard Sherman,CB,SEA,00-0028092,2011,154,Rounds 4-7,TRUE,1.075294117647059,1.5538932335940159,0.005,0.08199999999999999,0.4785991159469568,0.105,0.5835991159469568,4.540639794724053,-4.672744495348817,-0.6021907924538343
Devin McCourty,S,NWE,00-0027647,2010,27,Late 1st,TRUE,0.9541176470588235,1.336299225572582,0.016,0.053,0.19777228538474215,0.066,0.2637722853847422,4.414206139099982,-0.34508889186477487,-1.1099795447264003
Greg Hardy,EDGE,CAR,00-0027774,2010,175,Rounds 4-7,TRUE,0.866470588235294,1.4227760069545057,0.004,0.091,0.49512605042016794,0.099,0.594126050420168,4.143106314497427,-3.8204197934098256,-0.6044285050354133
Creed Humphrey,IOL,KAN,00-0036623,2021,63,Round 2,TRUE,1.098888888888889,1.4710694630373347,0.008,0.051,0.25302394764242153,0.07,0.32302394764242154,4.039329740448041,-0.22501695252083553,-0.7573076508456783
Maxx Crosby,EDGE,LV,00-0034973,2019,106,Rounds 4-7,TRUE,0.794142857142857,1.304011259676284,0.004,0.091,0.45379591836734684,0.127,0.5807959183673468,4.033336299140427,-3.8204197934098256,-0.6044285050354133
Earl Thomas,S,SEA,00-0027866,2010,14,Late 1st,TRUE,1.0870588235294119,1.522491349480969,0.025,0.053,0.17051903114186853,0.075,0.24551903114186852,4.031928047887149,-0.34508889186477487,-1.1099795447264003
Trey Smith,IOL,KAN,00-0036660,2021,226,Rounds 4-7,TRUE,1.0806944444444444,1.4467127770340622,0.005,0.051,0.26619515097426744,0.084,0.35019515097426746,4.0040535653212075,-2.4541091296547317,-0.6606857915206148
Amon-Ra St. Brown,WR,DET,00-0036963,2021,112,Rounds 4-7,TRUE,0.8094444444444445,1.2647569444444446,0.006,0.079,0.3693090277777778,0.11699999999999999,0.4863090277777778,3.9789464777798216,-3.823139033302942,-0.6228278656929864
Brock Purdy,QB,SFO,00-0037834,2022,262,Rounds 4-7,TRUE,0.7184722222222222,1.1551000357270453,0.004,0.146,0.6560968202929617,0.19,0.8460968202929617,3.967835709479653,-3.4396236727931813,-0.7312011414982981
T.J. Watt,EDGE,PIT,00-0033886,2017,30,Late 1st,TRUE,0.809264705882353,1.3288418815802183,0.013999999999999999,0.091,0.4092832995267072,0.153,0.5622832995267072,3.9499685704081693,-0.8808858659652598,0.5944072297042816
Minkah Fitzpatrick,S,MIA,00-0034789,2018,11,Late 1st,TRUE,0.9139130434782609,1.2799902569723542,0.023,0.053,0.1535988308366825,0.08800000000000001,0.2415988308366825,3.9498272526043814,-0.34508889186477487,-1.1099795447264003
Kyle Hamilton,S,BAL,00-0038038,2022,14,Late 1st,TRUE,0.8056944444444445,1.1284235916588858,0.02,0.053,0.14895191409897293,0.09,0.23895191409897293,3.8943928481618997,-0.34508889186477487,-1.1099795447264003
Antonio Brown,WR,PIT,00-0027793,2010,195,Rounds 4-7,TRUE,0.8547058823529412,1.3354779411764706,0.003,0.079,0.40598529411764706,0.07,0.47598529411764706,3.8780953282027353,-3.823139033302942,-0.6228278656929864
Jermaine Gresham,TE,CIN,00-0027873,2010,21,Late 1st,TRUE,0.8105882352941177,1.5179554968054638,0.019,0.048,0.1760828376294338,0.023,0.1990828376294338,3.8394582408807354,-0.49999506910647257,-1.219820850957934
Tyreek Hill,WR,KAN,00-0033040,2016,165,Rounds 4-7,TRUE,0.6952941176470588,1.0863970588235294,0.004,0.079,0.32591911764705883,0.14400000000000002,0.46991911764705885,3.818835675567669,-3.823139033302942,-0.6228278656929864
Malik Jackson,DL,DEN,00-0029568,2012,137,Rounds 4-7,TRUE,0.6680392156862746,1.2417085793425178,0.005,0.075,0.34767840221590496,0.092,0.43967840221590493,3.8046600916909212,-3.7779540498924526,-0.695540700768399
Evan Engram,TE,NYG,00-0033881,2017,23,Late 1st,TRUE,0.5641176470588234,1.0564000881251374,0.016,0.048,0.1352192112800176,0.061,0.1962192112800176,3.766685092331351,-0.49999506910647257,-1.219820850957934
Elgton Jenkins,IOL,GNB,00-0035526,2019,44,Round 2,TRUE,0.8134285714285714,1.088927137119908,0,0.051,0.22214113597246124,0.08199999999999999,0.30414113597246123,3.7589356669747267,-0.22501695252083553,-0.7573076508456783
Zane Beadles,IOL,DEN,00-0027658,2010,45,Round 2,TRUE,1.1105882352941177,1.486731238680211,0.008,0.051,0.25571777305299626,0.045,0.30071777305299624,3.7081015702976243,-0.22501695252083553,-0.7573076508456783
Kyren Williams,RB,LA,00-0037840,2022,164,Rounds 4-7,TRUE,0.5837499999999999,1.3800236406619384,0.005,0.06,0.30360520094562643,0.039,0.3426052009456264,3.702012093429144,-5.507493653254559,-0.7649141963140151
Noah Fant,TE,DEN,00-0035644,2019,20,Late 1st,TRUE,0.6567142857142858,1.2298020331728199,0.017,0.048,0.15249545211342966,0.040999999999999995,0.19349545211342967,3.69746637932319,-0.49999506910647257,-1.219820850957934
Justin Britt,IOL,SEA,00-0031282,2014,64,Round 2,TRUE,1.012794117647059,1.355815418536893,0.006,0.051,0.2440467753366407,0.054000000000000006,0.2980467753366407,3.6684394721410087,-0.22501695252083553,-0.7573076508456783
J.J. Watt,EDGE,HOU,00-0027949,2011,11,Late 1st,TRUE,0.879705882352941,1.4445088380179656,0,0.091,0.5258012170385394,0,0.5258012170385394,3.6442011490800246,-0.8808858659652598,0.5944072297042816
Riley Cooper,WR,PHI,00-0027758,2010,159,Rounds 4-7,TRUE,0.891764705882353,1.3933823529411766,0.004,0.079,0.41801470588235295,0.034,0.45201470588235293,3.643929912941744,-3.823139033302942,-0.6228278656929864
Jurrell Casey,DL,TEN,00-0028015,2011,77,Round 3,TRUE,0.7623529411764707,1.4170129018150013,0.006,0.075,0.39109556090094033,0.09,0.4810955609009403,3.569703736720815,-1.6980155086877986,-0.2673590110726486
Aaron Donald,DL,LA,00-0031388,2014,13,Late 1st,TRUE,0.7067647058823527,1.31368904439099,0.019,0.075,0.29426634594358175,0.127,0.42126634594358175,3.5689370527424913,-0.5579535424283915,0.23099991956812158
Telvin Smith,LB,JAX,00-0031309,2014,144,Rounds 4-7,TRUE,0.8191176470588235,1.1836960217613057,0.005,0.061,0.2651479088745325,0.066,0.3311479088745325,3.565159408854762,-3.875277998195149,-0.8050209414767096
L'Jarius Sneed,CB,KAN,00-0036374,2020,138,Rounds 4-7,TRUE,0.8911267605633801,1.2877554343401447,0.005,0.08199999999999999,0.3966286737767645,0.078,0.4746286737767645,3.5542035941088685,-4.672744495348817,-0.6021907924538343
Perry Riley,LB,WAS,00-0027704,2010,103,Rounds 4-7,TRUE,0.9129411764705883,1.319279156749405,0.004,0.061,0.30079564773886436,0.027000000000000003,0.3277956477388644,3.520919402043101,-3.875277998195149,-0.8050209414767096
Micah Parsons,EDGE,DAL,00-0036932,2021,12,Late 1st,TRUE,0.7627777777777777,1.2525086663017695,0.023,0.091,0.3406823572340813,0.16699999999999998,0.5076823572340813,3.492341478196045,-0.8808858659652598,0.5944072297042816
Fletcher Cox,DL,PHI,00-0029653,2012,12,Late 1st,TRUE,0.7509803921568629,1.3958743348640572,0.021,0.075,0.3015088563306363,0.11,0.4115088563306363,3.468367457604692,-0.5579535424283915,0.23099991956812158
Muhammad Wilkerson,DL,NYJ,00-0027968,2011,30,Late 1st,TRUE,0.7758823529411765,1.4421605073256067,0.023,0.075,0.2999693855237262,0.111,0.4109693855237262,3.4628071790093014,-0.5579535424283915,0.23099991956812158
Blake Martinez,LB,GNB,00-0032408,2016,131,Rounds 4-7,TRUE,0.8222058823529412,1.1881587895273718,0.004,0.061,0.27090020401224074,0.052000000000000005,0.32290020401224073,3.456313914866825,-3.875277998195149,-0.8050209414767096
Rodney Hudson,IOL,KAN,00-0027993,2011,55,Round 2,TRUE,0.9405882352941176,1.2591542641152846,0.006999999999999999,0.051,0.2216111504842901,0.062,0.2836111504842901,3.4540824300738886,-0.22501695252083553,-0.7573076508456783
DeForest Buckner,EDGE,SFO,00-0032378,2016,7,Top 10,TRUE,0.7927941176470586,1.3017965807012457,0,0.091,0.47385395537525343,0,0.47385395537525343,3.4484352227014896,-0.35588035012977776,0.265142802793857
Harrison Smith,S,MIN,00-0029606,2012,29,Late 1st,FALSE,0.7033333333333333,0.9850606909430438,0.015,0.053,0.14972922502334265,0.066,0.21572922502334266,3.4080398321715064,-0.34508889186477487,-1.1099795447264003
Mike Daniels,DL,GNB,00-0029284,2012,132,Rounds 4-7,TRUE,0.6321568627450981,1.1750127560317807,0.005,0.075,0.32900357168889854,0.07200000000000001,0.40100357168889855,3.4011687322769486,-3.7779540498924526,-0.695540700768399
Russell Wilson,QB,SEA,00-0029263,2012,75,Round 3,TRUE,1.0758823529411765,1.7297143937961037,0.006,0.146,0.968640060525818,0.153,1.1216400605258179,3.387726438493973,-2.222491526527487,-0.2043169834643365
Devonta Freeman,RB,ATL,00-0031285,2014,103,Rounds 4-7,TRUE,0.5180882352941175,1.2247948824920036,0.005,0.06,0.2694548741482408,0.049,0.3184548741482408,3.385652728615511,-5.507493653254559,-0.7649141963140151
Landon Dickerson,IOL,PHI,00-0037002,2021,37,Round 2,TRUE,0.9415277777777776,1.2604120184441467,0.012,0.051,0.19662427487728687,0.08199999999999999,0.27862427487728686,3.38003146828959,-0.22501695252083553,-0.7573076508456783
Cody Whitehair,IOL,CHI,00-0032768,2016,56,Round 2,TRUE,0.9501470588235295,1.271950547287188,0.006999999999999999,0.051,0.22386329632254506,0.054000000000000006,0.2778632963225451,3.3687315686496793,-0.22501695252083553,-0.7573076508456783
Penei Sewell,OT,DET,00-0036880,2021,7,Top 10,TRUE,0.985,1.3493150684931507,0.033,0.08149999999999999,0.26176712328767116,0.11,0.37176712328767114,3.3529515725419565,-0.3572700310319593,0.18380523620703798
Orlando Franklin,IOL,DEN,00-0027984,2011,46,Round 2,TRUE,1.0011764705882353,1.3402630128356565,0.009000000000000001,0.051,0.22516418615639028,0.051,0.27616418615639027,3.3435011935818615,-0.22501695252083553,-0.7573076508456783
Daron Payne,DL,WAS,00-0034333,2018,13,Late 1st,TRUE,0.7304347826086955,1.3576854695328913,0.02,0.075,0.298690803297236,0.1,0.39869080329723605,3.336252902000799,-0.5579535424283915,0.23099991956812158
Kam Chancellor,S,SEA,00-0027733,2010,133,Rounds 4-7,TRUE,1.0776470588235292,1.509309606195419,0.004,0.053,0.29582468281430213,0.057,0.3528246828143021,3.3327309824135205,-2.184659545441944,-0.5511731411824057
Cameron Jordan,EDGE,NOR,00-0027962,2011,24,Late 1st,TRUE,0.9317647058823528,1.5299913068675746,0.024,0.091,0.41003767024051,0.077,0.48703767024051003,3.3193120819657644,-0.8808858659652598,0.5944072297042816
David Bakhtiari,OT,GNB,00-0030074,2013,109,Rounds 4-7,TRUE,0.9873529411764704,1.3525382755842061,0.005,0.08149999999999999,0.413876712328767,0.077,0.490876712328767,3.3186348172630624,-3.1707480263226144,-0.4449332397639939
Kendrick Lewis,CB,KAN,00-0027736,2010,136,Rounds 4-7,TRUE,0.9458823529411764,1.3668820129207753,0,0.08199999999999999,0.4483373002380142,0,0.4483373002380142,3.316205453456985,-4.672744495348817,-0.6021907924538343
Grady Jarrett,DL,ATL,00-0031583,2015,137,Rounds 4-7,TRUE,0.5736764705882352,1.0663131423573144,0.004,0.075,0.3028329324294773,0.09,0.39283293242947726,3.3159251178346576,-3.7779540498924526,-0.695540700768399
Bruce Irvin,EDGE,SEA,00-0029193,2012,15,Late 1st,TRUE,0.7062745098039216,1.15972825911974,0,0.091,0.42214108631958536,0.06,0.48214108631958535,3.2782723239063496,-0.8808858659652598,0.5944072297042816
Carlos Dunlap,EDGE,CIN,00-0027662,2010,54,Round 2,TRUE,0.8705882352941177,1.429537332174249,0.006999999999999999,0.091,0.4803245436105476,0.064,0.5443245436105476,3.2668568381628145,-1.9473356770209531,-0.00936591860581865
Jeffery Simmons,DL,TEN,00-0035643,2019,19,Late 1st,TRUE,0.6631428571428569,1.2326075411577266,0.017,0.075,0.2859649495485926,0.105,0.39096494954859257,3.2566232006722853,-0.5579535424283915,0.23099991956812158
Cameron Heyward,EDGE,PIT,00-0027969,2011,31,Late 1st,TRUE,0.8014705882352942,1.3160436588428477,0,0.091,0.4790398918187965,0,0.4790398918187965,3.252280270249578,-0.8808858659652598,0.5944072297042816
Tremaine Edmunds,LB,BUF,00-0034673,2018,16,Late 1st,TRUE,0.9157971014492754,1.3234062159671611,0.018000000000000002,0.061,0.2276258691463517,0.08,0.3076258691463517,3.249102974314026,-0.9970994700204313,-0.8036273004092015
Kevin Byard,S,TEN,00-0033132,2016,64,Round 2,TRUE,0.9166176470588236,1.283778217169221,0.006,0.053,0.24135030482781353,0.075,0.3163503048278135,3.2470716298402724,-0.6092327658489395,-0.6534824271194798
Jessie Bates III,S,CIN,00-0034675,2018,54,Round 2,TRUE,0.9520289855072464,1.3333739292818576,0.006999999999999999,0.053,0.2453408029878618,0.071,0.31634080298786177,3.2469544735113334,-0.6092327658489395,-0.6534824271194798
Leonard Williams,EDGE,NYJ,00-0031933,2015,6,Top 10,TRUE,0.7539705882352943,1.2380469429150973,0,0.091,0.4506490872210954,0,0.4506490872210954,3.2394247539379877,-0.35588035012977776,0.265142802793857
Lamarr Houston,EDGE,LV,00-0027657,2010,44,Round 2,TRUE,0.8935294117647059,1.4672075726842462,0.008,0.091,0.4871129141311697,0.053,0.5401129141311697,3.236505976383016,-1.9473356770209531,-0.00936591860581865
Stefon Diggs,WR,MIN,00-0031588,2015,146,Rounds 4-7,TRUE,0.7008823529411764,1.095128676470588,0.004,0.079,0.3285386029411764,0.081,0.40953860294117644,3.228986642202808,-3.823139033302942,-0.6228278656929864
Joe Thuney,IOL,NWE,00-0032391,2016,78,Round 3,TRUE,1.0841176470588234,1.4512953775887865,0.005,0.051,0.2670383494763367,0.08800000000000001,0.3550383494763367,3.2223511361992143,-1.1210940108268708,-0.4767011195371987
Buster Skrine,CB,CLE,00-0028075,2011,137,Rounds 4-7,TRUE,0.8849999999999999,1.2789017341040463,0.005,0.08199999999999999,0.39390173410404616,0.044000000000000004,0.43790173410404615,3.2217392844349066,-4.672744495348817,-0.6021907924538343
De'Vondre Campbell,LB,ATL,00-0032401,2016,115,Rounds 4-7,TRUE,0.7941176470588234,1.1475688541312477,0.005,0.061,0.2570554233253995,0.048,0.3050554233253995,3.2208151911132785,-3.875277998195149,-0.8050209414767096
Charles Cross,OT,SEA,00-0037821,2022,9,Top 10,TRUE,0.8983333333333332,1.230593607305936,0.026000000000000002,0.08149999999999999,0.27319178082191775,0.087,0.3601917808219177,3.2192417597196643,-0.3572700310319593,0.18380523620703798
Khalil Mack,EDGE,LV,00-0031040,2014,5,Top 10,TRUE,0.854264705882353,1.402733507195982,0.035,0.091,0.31421230561189994,0.133,0.44721230561189995,3.2084690367839985,-0.35588035012977776,0.265142802793857
Alterraun Verner,CB,TEN,00-0027705,2010,104,Rounds 4-7,TRUE,0.8823529411764707,1.2750765045902757,0.006,0.08199999999999999,0.38762325739544373,0.048,0.4356232573954437,3.2011137655982154,-4.672744495348817,-0.6021907924538343
David Njoku,TE,CLE,00-0033885,2017,29,Late 1st,FALSE,0.42308823529411765,0.7923000660938533,0.013999999999999999,0.048,0.10775280898876405,0.066,0.17375280898876405,3.1957478848130147,-0.49999506910647257,-1.219820850957934
Justin Houston,EDGE,KAN,00-0028008,2011,70,Round 3,TRUE,0.7870588235294117,1.2923790205737467,0.006999999999999999,0.091,0.4342393509127788,0.11699999999999999,0.5512393509127789,3.1897000763784087,-2.5109073453087567,-0.29680159176202814
Shaq Mason,IOL,NWE,00-0031580,2015,131,Rounds 4-7,TRUE,0.9670588235294116,1.2945901252067091,0.005,0.051,0.2382045830380345,0.051,0.2892045830380345,3.1878321118624164,-2.4541091296547317,-0.6606857915206148
Aaron Jones,RB,GNB,00-0033293,2017,182,Rounds 4-7,TRUE,0.4480882352941175,1.0593102489222637,0.004,0.06,0.23728549575858704,0.066,0.30328549575858704,3.1869401003256104,-5.507493653254559,-0.7649141963140151
George Karlaftis III,EDGE,KAN,00-0037192,2022,30,Late 1st,TRUE,0.7722222222222221,1.2680167852581645,0.013999999999999999,0.091,0.39054916985951466,0.079,0.46954916985951467,3.172735644994888,-0.8808858659652598,0.5944072297042816
Darnell Savage Jr.,S,GNB,00-0034968,2019,21,Late 1st,TRUE,0.8738571428571429,1.223889555822329,0.017,0.053,0.17624009603841537,0.027999999999999997,0.20424009603841536,3.1674228857565536,-0.34508889186477487,-1.1099795447264003
Harold Landry,EDGE,TEN,00-0034828,2018,41,Round 2,TRUE,0.8372463768115943,1.3747887960781515,0.01,0.091,0.4454315699293211,0.084,0.52943156992932106,3.159531493447105,-1.9473356770209531,-0.00936591860581865
Terrell Edmunds,S,PIT,00-0034858,2018,28,Late 1st,TRUE,0.8982608695652176,1.2580684447692123,0.015,0.053,0.19122640360492027,0.012,0.20322640360492028,3.146193114703281,-0.34508889186477487,-1.1099795447264003
Alex Highsmith,EDGE,PIT,00-0036333,2020,102,Rounds 4-7,TRUE,0.7022535211267604,1.1531256504544507,0.005,0.091,0.396675223756331,0.076,0.47267522375633103,3.1429917578537,-3.8204197934098256,-0.6044285050354133
Trey McBride,TE,ARI,00-0037744,2022,55,Round 2,TRUE,0.69875,1.3085205992509361,0.008,0.048,0.2093632958801498,0.068,0.2773632958801498,3.132999558853558,-0.36078026178736594,-0.6556584315197126
Ryan Ramczyk,OT,NOR,00-0033888,2017,32,Late 1st,TRUE,1.019705882352941,1.3968573730862206,0.013000000000000001,0.08149999999999999,0.3827389202256244,0.105,0.4877389202256244,3.127273955100395,-0.6590268496124263,0.5624288068243084
Julius Thomas,TE,DEN,00-0028067,2011,129,Rounds 4-7,TRUE,0.7423529411764707,1.3901740471469488,0.005,0.048,0.23910993610927522,0.064,0.3031099361092752,3.1190761623161962,-2.3689887502760683,-0.586867207426399
Jake Matthews,OT,ATL,00-0031279,2014,6,Top 10,TRUE,0.9700000000000001,1.3287671232876714,0.031,0.08149999999999999,0.2684109589041096,0.08199999999999999,0.35041095890410956,3.1062609237964507,-0.3572700310319593,0.18380523620703798
D.K. Metcalf,WR,SEA,00-0035640,2019,64,Round 2,TRUE,0.8571428571428573,1.3392857142857146,0.006,0.079,0.3910714285714286,0.11800000000000001,0.5090714285714286,3.104166631469676,-1.0961314210494868,0.22664173323619316
Ryan Kerrigan,EDGE,WAS,00-0027954,2011,16,Late 1st,TRUE,0.8929411764705883,1.466241669081426,0.026000000000000002,0.091,0.38122283396117074,0.08,0.46122283396117075,3.102950093208629,-0.8808858659652598,0.5944072297042816
Antoine Winfield Jr.,S,TAM,00-0036411,2020,45,Round 2,TRUE,0.9029577464788733,1.2646467037519233,0.009000000000000001,0.053,0.2225778198603385,0.08199999999999999,0.3045778198603385,3.1019185722973828,-0.6092327658489395,-0.6534824271194798
Dexter Lawrence,DL,NYG,00-0035683,2019,17,Late 1st,TRUE,0.6494285714285715,1.2071163037705788,0.018000000000000002,0.075,0.27522251725969193,0.1,0.3752225172596919,3.0943673229229023,-0.5579535424283915,0.23099991956812158
Christian Wilkins,DL,MIA,00-0035231,2019,13,Late 1st,TRUE,0.6652857142857143,1.236590546999469,0.021,0.075,0.26710355815188525,0.10800000000000001,0.37510355815188523,3.0931412217652645,-0.5579535424283915,0.23099991956812158
Tyler Linderbaum,IOL,BAL,00-0037825,2022,25,Late 1st,TRUE,0.9661111111111109,1.2933214338836827,0.016,0.051,0.18106500074371557,0.09,0.27106500074371553,3.067797168371355,-0.09175270156213973,-0.7109611026659682
Ha Ha Clinton-Dix,CB,GNB,00-0031333,2014,21,Late 1st,TRUE,1.0097058823529412,1.4591125467528054,0,0.08199999999999999,0.47858891533492015,0,0.47858891533492015,3.060090469229393,-1.1362659091557372,0.08046471267687343
Derwin James,S,LAC,00-0034790,2018,17,Late 1st,FALSE,0.5349275362318842,0.7491982300166445,0.017,0.053,0.1078845451223968,0.091,0.19888454512239678,3.0552615278787925,-0.34508889186477487,-1.1099795447264003
Dan Moore,OT,PIT,00-0036869,2021,128,Rounds 4-7,TRUE,0.931111111111111,1.2754946727549465,0.006,0.08149999999999999,0.38519939117199375,0.073,0.45819939117199376,3.053734317405943,-3.1707480263226144,-0.4449332397639939
Chandler Jones,EDGE,NWE,00-0029585,2012,21,Late 1st,TRUE,0.8337254901960787,1.3690073730641685,0.026000000000000002,0.091,0.3559419169966838,0.099,0.45494191699668385,3.0503078191709503,-0.8808858659652598,0.5944072297042816
Olivier Vernon,EDGE,MIA,00-0029693,2012,72,Round 3,TRUE,0.7550980392156865,1.2398982581538367,0.006,0.091,0.42156540777230445,0.109,0.5305654077723044,3.0464188078744656,-2.5109073453087567,-0.29680159176202814
Cade Otton,TE,TAM,00-0038129,2022,106,Rounds 4-7,TRUE,0.8183333333333331,1.5324594257178523,0.005,0.048,0.2635830212234706,0.033,0.2965830212234706,3.039275489146572,-2.3689887502760683,-0.586867207426399
Kenny Clark,DL,GNB,00-0033120,2016,27,Late 1st,TRUE,0.6314705882352941,1.1737371528537064,0.015,0.075,0.2816969166848895,0.08800000000000001,0.3696969166848895,3.0374154393191732,-0.5579535424283915,0.23099991956812158
Le'Veon Bell,RB,PIT,00-0030496,2013,48,Round 2,TRUE,0.6170588235294117,1.4587679043248503,0.008,0.06,0.30342372409956886,0.08199999999999999,0.3854237240995688,3.033853643781114,-1.5069658434565287,-0.4735968759125675
Tyson Alualu,DL,JAX,00-0027862,2010,10,Top 10,TRUE,0.6270588235294118,1.1655368467089438,0,0.075,0.3496610540126831,0.021,0.3706610540126831,3.033484258449032,0.47553610303479044,-0.2840537572894559
Josh Allen,QB,BUF,00-0034857,2018,7,Top 10,TRUE,0.921159420289855,1.480963698215201,0.03,0.146,0.6871671559718532,0.23600000000000002,0.9231671559718532,3.0272911614690634,-0.293477891960363,0.37407124048736107
Gabriel Davis,WR,BUF,00-0036196,2020,128,Rounds 4-7,TRUE,0.7301408450704223,1.1408450704225348,0.005,0.079,0.33769014084507026,0.051,0.38869014084507025,3.0253208524288406,-3.823139033302942,-0.6228278656929864
Marcus Williams,S,NOR,00-0033894,2017,42,Round 2,TRUE,0.9382352941176471,1.3140550337782173,0.009000000000000001,0.053,0.23127368594496622,0.067,0.2982736859449662,3.024189501884105,-0.6092327658489395,-0.6534824271194798
Cole Kmet,TE,CHI,00-0036290,2020,43,Round 2,TRUE,0.7476056338028169,1.4000105501925408,0.01,0.048,0.2128016036292662,0.055999999999999994,0.2688016036292662,3.016050689845874,-0.36078026178736594,-0.6556584315197126
NaVorro Bowman,LB,SFO,00-0027894,2010,91,Round 3,TRUE,1.0835294117647059,1.5657939476368583,0.005,0.061,0.35073784427065624,0.075,0.42573784427065625,3.0076182937147524,-1.5009104241941897,-0.26024197516630576
Patrick Queen,LB,BAL,00-0036323,2020,28,Late 1st,TRUE,0.8839436619718306,1.277375234063339,0.015,0.061,0.23503704306765438,0.054000000000000006,0.2890370430676544,3.0042097264550147,-0.9970994700204313,-0.8036273004092015
Corey Wootton,EDGE,CHI,00-0027603,2010,109,Rounds 4-7,TRUE,0.7623529411764705,1.2518110692552882,0,0.091,0.4556592292089249,0,0.4556592292089249,3.002869666385892,-3.8204197934098256,-0.6044285050354133
DeMarco Murray,RB,DAL,00-0028009,2011,71,Round 3,TRUE,0.7082352941176472,1.6743151161173693,0.006,0.06,0.3616520650813518,0.055999999999999994,0.4176520650813518,2.999536649543283,-2.0095141915817347,0.0018317536535283545
George Kittle,TE,SFO,00-0033288,2017,146,Rounds 4-7,TRUE,0.6566176470588234,1.2296210619079089,0.004,0.048,0.21641330689579194,0.076,0.2924133068957919,2.9882948932455173,-2.3689887502760683,-0.586867207426399
Ali Marpet,IOL,TAM,00-0032243,2015,61,Round 2,TRUE,0.8077941176470588,1.081384360973305,0.006999999999999999,0.051,0.19032364753130165,0.061,0.25132364753130165,2.974639821975838,-0.22501695252083553,-0.7573076508456783
Orlando Brown Jr.,OT,BAL,00-0034752,2018,83,Round 3,TRUE,0.9492753623188406,1.300377208655946,0.005,0.08149999999999999,0.39791542584871936,0.08,0.4779154258487194,2.9728867208024723,-1.9161133628566525,-0.13046393182271215
Luke Goedeke,IOL,TAM,00-0037835,2022,57,Round 2,FALSE,0.721111111111111,0.9653428528930535,0.006999999999999999,0.051,0.16990034210917743,0.081,0.25090034210917744,2.968354087959777,-0.22501695252083553,-0.7573076508456783
DeAndre Hopkins,WR,HOU,00-0030564,2013,27,Late 1st,TRUE,0.931470588235294,1.455422794117647,0.016,0.079,0.36676654411764703,0.09699999999999999,0.463766544117647,2.966700496709999,-0.7067555359941448,0.12050516789925937
Ereck Flowers,IOL,NYG,00-0032259,2015,9,Top 10,TRUE,0.8070588235294118,1.0804000314985434,0,0.051,0.22040160642570283,0.05,0.2704016064257028,2.9637156533902247,0.14416946758625349,-0.6889170083359715
Eddie Jackson,S,CHI,00-0033784,2017,112,Rounds 4-7,TRUE,0.913235294117647,1.2790410281759763,0.005,0.053,0.24557587740978745,0.07400000000000001,0.31957587740978743,2.9631505900997412,-2.184659545441944,-0.5511731411824057
Jack Conklin,OT,TEN,00-0033057,2016,8,Top 10,TRUE,0.8719117647058825,1.1943996776792911,0.026000000000000002,0.08149999999999999,0.2651567284448026,0.07200000000000001,0.3371567284448026,2.9531578359992032,-0.3572700310319593,0.18380523620703798
Erik McCoy,IOL,NOR,00-0035242,2019,48,Round 2,TRUE,0.832857142857143,1.1149359342130427,0.008,0.051,0.19176898068464332,0.057999999999999996,0.24976898068464332,2.9515543102603385,-0.22501695252083553,-0.7573076508456783
Robert Hunt,IOL,MIA,00-0036325,2020,39,Round 2,TRUE,0.7822535211267605,1.0471934687105227,0.01,0.051,0.1717397288685257,0.078,0.2497397288685257,2.9511199450809853,-0.22501695252083553,-0.7573076508456783
Tyron Smith,OT,DAL,00-0027947,2011,9,Top 10,TRUE,0.9991176470588234,1.3686543110394842,0.037000000000000005,0.08149999999999999,0.2436204673650281,0.092,0.3356204673650281,2.935412081864451,-0.3572700310319593,0.18380523620703798
Jordan Howard,RB,CHI,00-0032780,2016,150,Rounds 4-7,TRUE,0.4872058823529413,1.151786955917119,0.004,0.06,0.25800027812543463,0.025,0.28300027812543466,2.9212120785323354,-5.507493653254559,-0.7649141963140151
Brandon Aiyuk,WR,SFO,00-0036261,2020,25,Late 1st,TRUE,0.8633802816901407,1.3490316901408448,0.016,0.079,0.33995598591549286,0.11699999999999999,0.45695598591549286,2.914188430081292,-0.7067555359941448,0.12050516789925937
Fred Warner,LB,SFO,00-0034815,2018,70,Round 3,TRUE,0.976086956521739,1.4105302839909526,0.006,0.061,0.3103166624780096,0.10400000000000001,0.4143166624780096,2.9134395408515976,-1.5009104241941897,-0.26024197516630576
Charles Clay,TE,MIA,00-0028112,2011,174,Rounds 4-7,TRUE,0.7058823529411763,1.3218770654329144,0.004,0.048,0.23265036351619292,0.053,0.28565036351619294,2.9056084412628485,-2.3689887502760683,-0.586867207426399
Willie Young,EDGE,DET,00-0027808,2010,213,Rounds 4-7,TRUE,0.7052941176470588,1.1581184197817058,0.003,0.091,0.4076576837631604,0.036000000000000004,0.4436576837631604,2.9040402007310133,-3.8204197934098256,-0.6044285050354133
Kwon Alexander,LB,TAM,00-0032109,2015,124,Rounds 4-7,FALSE,0.6448529411764705,0.9318684121047263,0.005,0.061,0.2087385243114587,0.07200000000000001,0.28073852431145874,2.899903503605137,-3.875277998195149,-0.8050209414767096
Michael Thomas,WR,NOR,00-0032765,2016,47,Round 2,TRUE,0.8508823529411763,1.3295036764705879,0.008,0.079,0.377579044117647,0.102,0.47957904411764696,2.8912966995888163,-1.0961314210494868,0.22664173323619316
Corey Linsley,IOL,GNB,00-0031019,2014,161,Rounds 4-7,TRUE,0.8757352941176471,1.1723364044412945,0.005,0.051,0.21570989841719818,0.051,0.26670989841719817,2.8867913969192043,-2.4541091296547317,-0.6606857915206148
Avery Williamson,LB,TEN,00-0031263,2014,151,Rounds 4-7,TRUE,0.7314705882352941,1.0570384223053384,0.005,0.061,0.2367766065963958,0.042,0.2787766065963958,2.87401194875137,-3.875277998195149,-0.8050209414767096
Travis Frederick,IOL,DAL,00-0030546,2013,31,Late 1st,TRUE,0.9852941176470589,1.3190014961808016,0.013999999999999999,0.051,0.19521222143475864,0.061,0.25621222143475864,2.860743279054683,-0.09175270156213973,-0.7109611026659682
Dallas Goedert,TE,PHI,00-0034351,2018,49,Round 2,TRUE,0.5988405797101449,1.121424306573305,0.008,0.048,0.1794278890517288,0.078,0.2574278890517288,2.860690859419602,-0.36078026178736594,-0.6556584315197126
Shaquille Leonard,LB,IND,00-0034846,2018,36,Round 2,TRUE,0.8544927536231884,1.2348161179525845,0.01,0.061,0.25190248806232723,0.10800000000000001,0.3599024880623273,2.857736970310307,-0.9272530653358044,-0.35150887120124186
Reshad Jones,S,MIA,00-0027762,2010,163,Rounds 4-7,TRUE,0.9411764705882353,1.3181743285549514,0.005,0.053,0.2530894710825507,0.057,0.3100894710825507,2.8577035002144604,-2.184659545441944,-0.5511731411824057
Zack Martin,IOL,DAL,00-0031402,2014,16,Late 1st,TRUE,0.9720588235294116,1.3012835656350892,0.017,0.051,0.17697456492637212,0.079,0.2559745649263721,2.8574302489907963,-0.09175270156213973,-0.7109611026659682
Deommodore Lenoir,CB,SFO,00-0036563,2021,172,Rounds 4-7,TRUE,0.7356944444444442,1.0631422607578673,0.005,0.08199999999999999,0.32744781631342307,0.07,0.3974478163134231,2.855537145848955,-4.672744495348817,-0.6021907924538343
DeVonta Smith,WR,PHI,00-0036912,2021,10,Top 10,TRUE,0.8991666666666664,1.4049479166666663,0.027999999999999997,0.079,0.28660937499999994,0.098,0.3846093749999999,2.853375023914092,-0.07536017301982953,0.035482296742909314
Tre'Davious White,CB,BUF,00-0033884,2017,27,Late 1st,TRUE,0.9388235294117646,1.356681400884053,0.015,0.08199999999999999,0.36359061543692617,0.087,0.45059061543692613,2.8440548531050163,-1.1362659091557372,0.08046471267687343
C.J. Mosley,LB,BAL,00-0031296,2014,17,Late 1st,TRUE,0.9232352941176469,1.3341550493029581,0.026000000000000002,0.061,0.1867817069024141,0.09,0.2767817069024141,2.8427552556668294,-0.9970994700204313,-0.8036273004092015
Patrick Surtain II,CB,DEN,00-0036874,2021,9,Top 10,TRUE,0.8744444444444445,1.2636480411046886,0.028999999999999998,0.08199999999999999,0.26789338471419394,0.094,0.36189338471419397,2.8388816848263474,-0.39522957331232367,-0.6077512429479659
Demaryius Thomas,WR,DEN,00-0027874,2010,22,Late 1st,TRUE,1.0152941176470587,1.5863970588235292,0.024,0.079,0.3490073529411764,0.098,0.44700735294117644,2.8374805799895606,-0.7067555359941448,0.12050516789925937
Tyler Smith,IOL,DAL,00-0037243,2022,24,Late 1st,TRUE,0.8941666666666668,1.1970102632753237,0.016,0.051,0.1675814368585453,0.086,0.2535814368585453,2.8240690535021096,-0.09175270156213973,-0.7109611026659682
Travis Kelce,TE,KAN,00-0030506,2013,63,Round 2,TRUE,0.6188235294117648,1.1588455606961887,0.006,0.048,0.19468605419695972,0.06,0.2546860541969597,2.823238627328686,-0.36078026178736594,-0.6556584315197126
Eric Decker,WR,DEN,00-0027690,2010,87,Round 3,TRUE,0.9858823529411765,1.5404411764705883,0.006,0.079,0.44980882352941176,0.055,0.5048088235294118,2.8193439058495033,-1.4782442291920619,-0.03988217399875301
Marcus Gilchrist,S,LAC,00-0027988,2011,50,Round 2,TRUE,0.9644117647058823,1.3507167572911518,0.008,0.053,0.24312901631240733,0.038,0.28112901631240733,2.8127981750228557,-0.6092327658489395,-0.6534824271194798
Jimmy Graham,TE,NOR,00-0027696,2010,95,Round 3,TRUE,0.7123529411764707,1.33399427186605,0.006,0.048,0.2241110376734964,0.075,0.2991110376734964,2.812491757593741,-0.9835958778133722,-0.5376092011535986
Byron Maxwell,CB,SEA,00-0028111,2011,173,Rounds 4-7,TRUE,0.7088235294117647,1.0243114586875213,0.004,0.08199999999999999,0.3195851751105066,0.073,0.3925851751105066,2.8115189220294337,-4.672744495348817,-0.6021907924538343
James Bradberry,CB,CAR,00-0032890,2016,62,Round 2,TRUE,0.8773529411764706,1.2678510710642639,0.006,0.08199999999999999,0.38542672560353614,0.073,0.45842672560353614,2.80380663755376,-1.8987142572552127,-0.038091475434602076
Kawann Short,DL,CAR,00-0030448,2013,44,Round 2,TRUE,0.6489705882352942,1.2062650338945988,0.009000000000000001,0.075,0.3184539689481741,0.096,0.4144539689481741,2.8034872225571887,-1.5305933950960025,-0.22864968299216984
Kelechi Osemele,IOL,BAL,00-0029259,2012,60,Round 2,FALSE,0.6992156862745097,0.9360317085334802,0.006999999999999999,0.051,0.1647415807018925,0.075,0.2397415807018925,2.8026557470245144,-0.22501695252083553,-0.7573076508456783
Golden Tate,WR,SEA,00-0027891,2010,60,Round 2,TRUE,0.8511764705882353,1.3299632352941178,0,0.079,0.42026838235294123,0.047,0.4672683823529412,2.802440888850014,-1.0961314210494868,0.22664173323619316
Riq Woolen,CB,SEA,00-0037079,2022,153,Rounds 4-7,TRUE,0.8247222222222222,1.1917951188182403,0,0.08199999999999999,0.3909087989723828,0,0.3909087989723828,2.7963438151329214,-4.672744495348817,-0.6021907924538343
Trey Flowers,EDGE,NWE,00-0031566,2015,101,Rounds 4-7,FALSE,0.5919117647058822,0.9719405003380661,0.005,0.091,0.3343475321162947,0.096,0.43034753211629473,2.7944347185879304,-3.8204197934098256,-0.6044285050354133
Matt Judon,EDGE,BAL,00-0032415,2016,146,Rounds 4-7,FALSE,0.6042647058823531,0.9922244759972958,0.004,0.091,0.3452941176470589,0.085,0.43029411764705894,2.7939948649476913,-3.8204197934098256,-0.6044285050354133
Justin Simmons,S,DEN,00-0032971,2016,98,Round 3,FALSE,0.7051470588235295,0.98760092272203015,0.005,0.053,0.1896193771626298,0.084,0.2736193771626298,2.7894210722141426,-0.9517824670434979,-0.6701102991437132
Justin Herbert,QB,LAC,00-0036355,2020,6,Top 10,TRUE,0.8716901408450706,1.4014310946062227,0.034,0.146,0.6278411303835877,0.23399999999999999,0.8618411303835877,2.7884085301010115,-0.293477891960363,0.37407124048736107
D.J. Reader,DL,HOU,00-0032424,2016,166,Rounds 4-7,FALSE,0.536470588235294,0.9971572272031487,0.006,0.075,0.275215394708069,0.067,0.342215394708069,2.7878364661950004,-3.7779540498924526,-0.695540700768399
John Johnson,S,LA,00-0033927,2017,91,Round 3,TRUE,0.784705882352941,1.0990278464326906,0.005,0.053,0.21101334651507658,0.062,0.2730133465150766,2.7817586688458005,-0.9517824670434979,-0.6701102991437132
Coby Fleener,TE,IND,00-0029697,2012,34,Round 2,TRUE,0.7415686274509804,1.388705294852023,0.011000000000000001,0.048,0.20552838363809942,0.046,0.25152838363809943,2.7801062663728877,-0.36078026178736594,-0.6556584315197126
Tristan Wirfs,OT,TAM,00-0036406,2020,13,Late 1st,TRUE,0.9866197183098591,1.351533860698437,0.02,0.08149999999999999,0.33247732973181543,0.11,0.4424773297318154,2.7788450230839983,-0.6590268496124263,0.5624288068243084
Luke Kuechly,LB,CAR,00-0029248,2012,9,Top 10,TRUE,0.9486274509803923,1.3708489176017231,0.026000000000000002,0.061,0.1919188484642412,0.086,0.2779188484642412,2.7783729436969686,-0.45451654497340005,-0.7813094655693499
Ronnie Stanley,OT,BAL,00-0032965,2016,6,Top 10,TRUE,0.8326470588235294,1.1406124093473007,0.033,0.08149999999999999,0.22127880741337627,0.1,0.3212788074133763,2.7697478111640583,-0.3572700310319593,0.18380523620703798
Darnell Mooney,WR,CHI,00-0036309,2020,173,Rounds 4-7,TRUE,0.6735211267605635,1.0523767605633805,0.005,0.079,0.3115035211267606,0.051,0.3625035211267606,2.769507327102377,-3.823139033302942,-0.6228278656929864
Terry McLaurin,WR,WAS,00-0035659,2019,76,Round 3,TRUE,0.8348571428571431,1.304464285714286,0.005,0.079,0.38612142857142867,0.111,0.49712142857142866,2.7684445140825527,-1.4782442291920619,-0.03988217399875301
Morgan Burnett,S,GNB,00-0027676,2010,71,Round 3,TRUE,0.8235294117647058,1.1534025374855825,0.005,0.053,0.22145328719723184,0.05,0.27145328719723183,2.762033917597444,-0.9517824670434979,-0.6701102991437132
Corey Liuget,DL,LAC,00-0027956,2011,18,Late 1st,TRUE,0.728235294117647,1.353597200962169,0.025,0.075,0.27071944019243377,0.07200000000000001,0.3427194401924338,2.7593609400260126,-0.5579535424283915,0.23099991956812158
Brian Burns,EDGE,CAR,00-0035713,2019,16,Late 1st,TRUE,0.6468571428571431,1.0621627961529445,0.018000000000000002,0.091,0.3101515364766598,0.11,0.42015153647665976,2.7587190661965866,-0.8808858659652598,0.5944072297042816
A.J. Brown,WR,TEN,00-0035676,2019,51,Round 2,TRUE,0.7540000000000002,1.1781250000000003,0.008,0.079,0.33458750000000015,0.125,0.45958750000000015,2.7470018684541633,-1.0961314210494868,0.22664173323619316
Ryan Tannehill,QB,MIA,00-0029701,2012,8,Top 10,TRUE,0.9288235294117648,1.4932854170607153,0.026000000000000002,0.146,0.7167770001891433,0.134,0.8507770001891433,2.745310538517592,-0.293477891960363,0.37407124048736107
Bobby Wagner,LB,SEA,00-0029255,2012,47,Round 2,TRUE,0.9086274509803921,1.3130454493936303,0.009000000000000001,0.061,0.2731134534738751,0.075,0.3481134534738751,2.745024760364896,-0.9272530653358044,-0.35150887120124186
Alvin Kamara,RB,NOR,00-0033906,2017,67,Round 3,TRUE,0.6092647058823528,1.440342094284522,0.006,0.06,0.3111138923654567,0.076,0.38711389236545674,2.743420783832919,-2.0095141915817347,0.0018317536535283545
Yannick Ngakoue,EDGE,JAX,00-0033123,2016,69,Round 3,TRUE,0.7104411764705884,1.1665700763063849,0.006,0.091,0.39663382594417085,0.09,0.4866338259441708,2.741949905694091,-2.5109073453087567,-0.29680159176202814
Dez Bryant,WR,DAL,00-0027902,2010,24,Late 1st,TRUE,0.8811764705882353,1.3768382352941178,0.018000000000000002,0.079,0.33594852941176473,0.098,0.43394852941176476,2.736791944650964,-0.7067555359941448,0.12050516789925937
Kerby Joseph,S,DET,00-0037667,2022,97,Round 3,TRUE,0.734722222222222,1.0290227201991906,0.006,0.053,0.19345627139744784,0.076,0.2694562713974478,2.7367844675033313,-0.9517824670434979,-0.6701102991437132
Jason Kelce,IOL,PHI,00-0028129,2011,191,Rounds 4-7,TRUE,0.8276470588235293,1.1079612567918733,0.004,0.051,0.20829671627687218,0.047,0.25529671627687217,2.7340516466531213,-2.4541091296547317,-0.6606857915206148
David DeCastro,IOL,PIT,00-0029678,2012,24,Late 1st,TRUE,0.972549019607843,1.3019397852849304,0.016,0.051,0.18227156993989024,0.064,0.24627156993989024,2.722166483995669,-0.09175270156213973,-0.7109611026659682
Alec Ogletree,LB,LA,00-0030527,2013,30,Late 1st,TRUE,0.7520588235294118,1.086790207412445,0.013999999999999999,0.061,0.20431655899353965,0.063,0.2673165589935397,2.7180593333392467,-0.9970994700204313,-0.8036273004092015
Whitney Mercilus,EDGE,HOU,00-0029643,2012,26,Late 1st,TRUE,0.7507843137254901,1.2328149650664864,0.016,0.091,0.3698444895199459,0.045,0.4148444895199459,2.714239092682244,-0.8808858659652598,0.5944072297042816
Mike McGlinchey,OT,SFO,00-0034847,2018,9,Top 10,TRUE,0.783913043478261,1.073853484216796,0.026000000000000002,0.08149999999999999,0.23839547349612863,0.078,0.3163954734961286,2.7133391419643575,-0.3572700310319593,0.18380523620703798
Trent McDuffie,CB,KAN,00-0037191,2022,21,Late 1st,TRUE,0.8788888888888889,1.2700706486833657,0.017,0.08199999999999999,0.330218368657675,0.10300000000000001,0.43321836865767505,2.7100101414584667,-1.1362659091557372,0.08046471267687343
Rhamondre Stevenson,RB,NWE,00-0036875,2021,120,Rounds 4-7,TRUE,0.45319444444444446,1.0713816653532966,0.006,0.06,0.23141843971631207,0.035,0.26641843971631207,2.70399680394979,-5.507493653254559,-0.7649141963140151
Marcus Peters,CB,KAN,00-0032165,2015,18,Late 1st,TRUE,0.9530882352941177,1.3772951377082627,0.017,0.08199999999999999,0.35809673580414825,0.07400000000000001,0.43209673580414826,2.701355592951599,-1.1362659091557372,0.08046471267687343
Chuba Hubbard,RB,CAR,00-0036555,2021,126,Rounds 4-7,TRUE,0.4581944444444443,1.0832019963225634,0.006,0.06,0.23397163120567369,0.032,0.2659716312056737,2.6981437959219985,-5.507493653254559,-0.7649141963140151
CeeDee Lamb,WR,DAL,00-0036358,2020,17,Late 1st,TRUE,0.7743661971830986,1.2099471830985915,0.018000000000000002,0.079,0.29522711267605634,0.133,0.42822711267605634,2.692677584576765,-0.7067555359941448,0.12050516789925937
Justin Jefferson,WR,MIN,00-0036322,2020,22,Late 1st,TRUE,0.7512676056338028,1.1738556338028168,0.017,0.079,0.29111619718309856,0.13699999999999998,0.42811619718309857,2.691822382758724,-0.7067555359941448,0.12050516789925937
Romeo Doubs,WR,GNB,00-0037816,2022,132,Rounds 4-7,TRUE,0.6449999999999999,1.0078124999999998,0.005,0.079,0.2983124999999999,0.055999999999999994,0.3543124999999999,2.6894903561072585,-3.823139033302942,-0.6228278656929864
Chase Roullier,IOL,WAS,00-0033529,2017,199,Rounds 4-7,TRUE,0.798235294117647,1.0685880778014016,0.004,0.051,0.2008945586266635,0.051,0.2518945586266635,2.68852142524163,-2.4541091296547317,-0.6606857915206148
Russell Bodine,IOL,CIN,00-0031306,2014,111,Rounds 4-7,TRUE,0.9648529411764706,1.2916371367824238,0.005,0.051,0.23766123316796597,0.013999999999999999,0.25166123316796596,2.6853988892254685,-2.4541091296547317,-0.6606857915206148
Osa Odighizuwa,DL,DAL,00-0036942,2021,75,Round 3,TRUE,0.61,1.1338289962825279,0.006999999999999999,0.075,0.3084014869888476,0.07200000000000001,0.3804014869888476,2.6845721408171603,-1.6980155086877986,-0.2673590110726486
Christian Benford,CB,BUF,00-0037288,2022,185,Rounds 4-7,TRUE,0.711111111111111,1.0276172125883107,0.005,0.08199999999999999,0.31650610147719965,0.062,0.37850610147719965,2.684070527525078,-4.672744495348817,-0.6021907924538343
Landon Collins,S,NYG,00-0032262,2015,33,Round 2,TRUE,0.8355882352941177,1.1702916460701929,0.011000000000000001,0.053,0.19660899653979239,0.07400000000000001,0.2706089965397924,2.68308783437468,-0.6092327658489395,-0.6534824271194798
Byron Jones,CB,DAL,00-0032239,2015,27,Late 1st,TRUE,0.8951470588235296,1.293565113906835,0.015,0.08199999999999999,0.3466754505270317,0.083,0.4296754505270317,2.6826728922676115,-1.1362659091557372,0.08046471267687343
Robert Quinn,EDGE,LA,00-0027952,2011,14,Late 1st,TRUE,0.7229411764705882,1.187095527866319,0.027000000000000003,0.091,0.30389645513377767,0.107,0.41089645513377765,2.6811494165661656,-0.8808858659652598,0.5944072297042816
Samuel Cosmi,IOL,WAS,00-0036618,2021,51,Round 2,FALSE,0.7090277777777777,0.9491670385244682,0.009000000000000001,0.051,0.15946006247211064,0.07200000000000001,0.23146006247211065,2.6796820780827155,-0.22501695252083553,-0.7573076508456783
Deshaun Watson,QB,HOU,00-0033537,2017,12,Late 1st,TRUE,0.8295588235294116,1.3336958577643272,0.021,0.146,0.6668479288821635,0.221,0.8878479288821635,2.678859371323078,-0.8862273441397667,-0.014648650169409413
Aidan Hutchinson,EDGE,DET,00-0037236,2022,2,Top 10,TRUE,0.7206944444444443,1.1834063127166574,0.043,0.091,0.22721401204159822,0.161,0.3882140120415982,2.6770606739588096,-0.35588035012977776,0.265142802793857
Shaquill Griffin,CB,SEA,00-0033926,2017,90,Round 3,TRUE,0.8351470588235292,1.2068599115946956,0.005,0.08199999999999999,0.37171285277116617,0.073,0.4447128527711662,2.676792075454312,-2.986769766952211,-0.2996236181936407
Lavonte David,LB,TAM,00-0029562,2012,58,Round 2,TRUE,0.8676470588235293,1.2538252295137708,0.006999999999999999,0.061,0.2708262495749745,0.07,0.3408262495749745,2.675353503604613,-0.9272530653358044,-0.35150887120124186
Dontari Poe,DL,KAN,00-0029688,2012,11,Late 1st,TRUE,0.8221568627450981,1.528172607332896,0.028999999999999998,0.075,0.28118375974925286,0.053,0.33418375974925285,2.67138442552812,-0.5579535424283915,0.23099991956812158
Jared Odrick,EDGE,MIA,00-0027878,2010,28,Late 1st,TRUE,0.7017647058823528,1.1523229981647831,0.015,0.091,0.3503061914420941,0.059000000000000004,0.40930619144209407,2.6678209332375187,-0.8808858659652598,0.5944072297042816
Matt Milano,LB,BUF,00-0033571,2017,163,Rounds 4-7,FALSE,0.6061764705882354,0.8759775586535195,0.004,0.061,0.19972288337300242,0.063,0.2627228833730024,2.6621499260709984,-3.875277998195149,-0.8050209414767096
Eric Reid,S,SFO,00-0030548,2013,18,Late 1st,TRUE,0.8391176470588235,1.1752347998022739,0.023,0.053,0.14102817597627285,0.039,0.18002817597627285,2.6603523950484607,-0.34508889186477487,-1.1099795447264003
Tre'von Moehrig,S,LV,00-0036962,2021,43,Round 2,TRUE,0.9047222222222222,1.267117958294429,0,0.053,0.2686290071584189,0,0.2686290071584189,2.658674848212213,-0.6092327658489395,-0.6534824271194798
Ed Ingram,IOL,MIN,00-0038131,2022,59,Round 2,TRUE,0.7961111111111111,1.0657444593187566,0.006999999999999999,0.051,0.18757102484010116,0.042,0.22957102484010117,2.6516314378580845,-0.22501695252083553,-0.7573076508456783
Jarvis Landry,WR,MIA,00-0031382,2014,63,Round 2,TRUE,0.7913235294117645,1.236443014705882,0.006999999999999999,0.079,0.3560955882352941,0.09,0.44609558823529405,2.6496200395011202,-1.0961314210494868,0.22664173323619316
Josh Norman,CB,CAR,00-0029285,2012,143,Rounds 4-7,FALSE,0.6223529411764706,0.8993539612376743,0.005,0.08199999999999999,0.27700102006120364,0.09699999999999999,0.3740010200612036,2.643289052228167,-4.672744495348817,-0.6021907924538343
Patrick Mahomes,QB,KAN,00-0033873,2017,10,Top 10,TRUE,0.766029411764706,1.2315585398146398,0.025,0.146,0.5960743332702857,0.22699999999999998,0.8230743332702857,2.6374006274152553,-0.293477891960363,0.37407124048736107
Chris Jones,DL,KAN,00-0032762,2016,37,Round 2,TRUE,0.6069117647058824,1.128088781981194,0.01,0.075,0.29330308331511046,0.10099999999999999,0.39430308331511044,2.637064804311344,-1.5305933950960025,-0.22864968299216984
Michael Onwenu,OT,NWE,00-0036198,2020,182,Rounds 4-7,TRUE,0.7836619718309858,1.0735095504534053,0.004,0.08149999999999999,0.3327879606405556,0.07400000000000001,0.4067879606405556,2.636964730302728,-3.1707480263226144,-0.4449332397639939
Dawson Knox,TE,BUF,00-0035689,2019,96,Round 3,TRUE,0.6851428571428572,1.2830390583199571,0.005,0.048,0.22068271803103265,0.062,0.2826827180310326,2.6284914284420555,-0.9835958778133722,-0.5376092011535986
Mitch Morse,IOL,KAN,00-0031936,2015,49,Round 2,FALSE,0.7330882352941175,0.9813764863375066,0.008,0.051,0.16879675565005112,0.059000000000000004,0.2277967556500511,2.6252850136956396,-0.22501695252083553,-0.7573076508456783
Spencer Brown,OT,BUF,00-0036976,2021,93,Round 3,TRUE,0.8825000000000001,1.2089041095890412,0.006999999999999999,0.08149999999999999,0.3602534246575342,0.07,0.4302534246575342,2.615449241862843,-1.9161133628566525,-0.13046393182271215
Jackrabbit Jenkins,CB,LA,00-0029681,2012,39,Round 2,TRUE,0.8441176470588235,1.2198231893913636,0.01,0.08199999999999999,0.35130907854471266,0.081,0.4323090785447127,2.6092698865741215,-1.8987142572552127,-0.038091475434602076
Brandon Stephens,CB,BAL,00-0036987,2021,104,Rounds 4-7,TRUE,0.7444444444444444,1.0757867694283878,0.006,0.08199999999999999,0.32703917790622983,0.043,0.3700391779062298,2.6074251569832,-4.672744495348817,-0.6021907924538343
David Onyemata,DL,NOR,00-0033051,2016,120,Rounds 4-7,FALSE,0.5377941176470591,0.9996173190465781,0.005,0.075,0.27989284933304187,0.045,0.32489284933304186,2.6071117600583,-3.7779540498924526,-0.695540700768399
Darius Slayton,WR,NYG,00-0035535,2019,171,Rounds 4-7,TRUE,0.6461428571428571,1.0095982142857143,0.004,0.079,0.3028794642857143,0.043,0.34587946428571426,2.6071091775328044,-3.823139033302942,-0.6228278656929864
Gregory Rousseau,DL,BUF,00-0036914,2021,30,Late 1st,TRUE,0.5879166666666665,1.092781908302354,0,0.075,0.3278345724907062,0,0.3278345724907062,2.6059439057453524,-0.5579535424283915,0.23099991956812158
Garrett Wilson,WR,NYJ,00-0037740,2022,10,Top 10,TRUE,0.7165277777777775,1.1195746527777775,0.025,0.079,0.24182812499999992,0.11599999999999999,0.35782812499999994,2.6033272305203217,-0.07536017301982953,0.035482296742909314
Jonnu Smith,TE,TEN,00-0033858,2017,100,Round 3,TRUE,0.6594117647058823,1.234853491958581,0.005,0.048,0.21239480061687593,0.068,0.28039480061687594,2.60286631483101,-0.9835958778133722,-0.5376092011535986
Kirk Cousins,QB,WAS,00-0029604,2012,102,Rounds 4-7,FALSE,0.49313725490196075,0.79282516865267,0.005,0.146,0.4471533951201059,0.158,0.6051533951201059,2.6022761202143574,-3.4396236727931813,-0.7312011414982981
Todd Gurley,RB,LA,00-0032241,2015,10,Top 10,TRUE,0.6827941176470587,1.6141704908913916,0.024,0.06,0.2324405506883604,0.081,0.3134405506883604,2.5998559194687854,-0.2700697770397672,-0.6154948556750087
Nate Allen,S,PHI,00-0027652,2010,37,Round 2,TRUE,0.9247058823529412,1.2951062778052398,0.01,0.053,0.22275827978250123,0.04,0.2627582797825012,2.5862896185033173,-0.6092327658489395,-0.6534824271194798
Brooks Reed,EDGE,HOU,00-0027980,2011,42,Round 2,TRUE,0.7870588235294117,1.2923790205737467,0.01,0.091,0.4187308026658939,0.031,0.44973080266589394,2.585172570659471,-1.9473356770209531,-0.00936591860581865
Derrick Brown,DL,CAR,00-0036220,2020,7,Top 10,TRUE,0.6957746478873238,1.2932614272998584,0.03,0.075,0.2327870569139745,0.094,0.32678705691397447,2.583336774538412,0.47553610303479044,-0.2840537572894559
Justin Reid,S,HOU,00-0034361,2018,68,Round 3,TRUE,0.7868115942028986,1.1019770226931354,0.006,0.053,0.20717168026630944,0.05,0.25717168026630943,2.5814631271685133,-0.9517824670434979,-0.6701102991437132
Lamar Jackson,QB,BAL,00-0034796,2018,32,Late 1st,TRUE,0.7350724637681161,1.1817885269583859,0.013000000000000001,0.146,0.6287114963418612,0.231,0.8597114963418612,2.5772569497866815,-0.8862273441397667,-0.014648650169409413
Torrey Smith,WR,BAL,00-0027996,2011,58,Round 2,TRUE,0.8432352941176471,1.3175551470588236,0.006999999999999999,0.079,0.37945588235294125,0.055999999999999994,0.43545588235294125,2.5728248427628513,-1.0961314210494868,0.22664173323619316
T.J. Ward,S,CLE,00-0027653,2010,38,Round 2,TRUE,0.9117647058823529,1.2769813807876091,0.01,0.053,0.21964079749546875,0.042,0.26164079749546876,2.5725112215751476,-0.6092327658489395,-0.6534824271194798
Juan Thornhill,S,KAN,00-0035625,2019,63,Round 2,TRUE,0.8757142857142858,1.2264905962384955,0.006,0.053,0.23058023209283715,0.031,0.26158023209283715,2.571764458814559,-0.6092327658489395,-0.6534824271194798
Kenny Stills,WR,NOR,00-0030085,2013,144,Rounds 4-7,FALSE,0.6350000000000001,0.9921875000000002,0.005,0.079,0.29368750000000005,0.048,0.34168750000000003,2.5661584487443387,-3.823139033302942,-0.6228278656929864
Montez Sweat,EDGE,WAS,00-0035647,2019,26,Late 1st,FALSE,0.5772857142857143,0.9479239971850809,0.015,0.091,0.2881688951442646,0.109,0.39716889514426457,2.5660945640784503,-0.8808858659652598,0.5944072297042816
Jordan Cameron,TE,CLE,00-0028040,2011,102,Rounds 4-7,TRUE,0.6370588235294118,1.1929940515532056,0.005,0.048,0.20519497686715138,0.052000000000000005,0.25719497686715137,2.5577014975344845,-2.3689887502760683,-0.586867207426399
Jason Worilds,EDGE,PIT,00-0027889,2010,52,Round 2,TRUE,0.6758823529411764,1.1098232396406837,0.006999999999999999,0.091,0.3729006085192697,0.073,0.4459006085192697,2.557570500319904,-1.9473356770209531,-0.00936591860581865
Kolton Miller,OT,LV,00-0034759,2018,15,Late 1st,TRUE,0.9189855072463768,1.258884256501886,0.019,0.08149999999999999,0.31472106412547146,0.099,0.4137210641254715,2.557475981371495,-0.6590268496124263,0.5624288068243084
Alim McNeill,DL,DET,00-0036624,2021,72,Round 3,FALSE,0.5343055555555556,0.9931330028913672,0.006999999999999999,0.075,0.2701321767864519,0.095,0.36513217678645193,2.5503502508617144,-1.6980155086877986,-0.2673590110726486
Ernest Jones,LB,LA,00-0036994,2021,103,Rounds 4-7,TRUE,0.6920833333333333,1.0001204238921002,0.006,0.061,0.22002649325626206,0.034,0.25402649325626203,2.5473831037885866,-3.875277998195149,-0.8050209414767096
Jimmie Ward,S,SFO,00-0031298,2014,30,Late 1st,FALSE,0.4260294117647059,0.5966798484099523,0,0.053,0.12649612786290987,0.048,0.17449612786290986,2.544494654552702,-0.34508889186477487,-1.1099795447264003
Larry Ogunjobi,DL,CLE,00-0033905,2017,65,Round 3,TRUE,0.5829411764705883,1.0835337852613165,0.006,0.075,0.2990553247321233,0.065,0.3640553247321233,2.540884393136739,-1.6980155086877986,-0.2673590110726486
Garett Bolles,OT,DEN,00-0033538,2017,20,Late 1st,TRUE,0.92,1.2602739726027399,0.017,0.08149999999999999,0.32515068493150684,0.086,0.41115068493150686,2.537688906554653,-0.6590268496124263,0.5624288068243084
Budda Baker,S,ARI,00-0033890,2017,36,Round 2,TRUE,0.7652941176470586,1.0718405009062446,0.01,0.053,0.18435656615587406,0.07400000000000001,0.2583565661558741,2.5320171184238234,-0.6092327658489395,-0.6534824271194798
Wyatt Teller,IOL,BUF,00-0034399,2018,166,Rounds 4-7,FALSE,0.6443478260869565,0.8625807578138641,0.004,0.051,0.16216518246900646,0.078,0.24016518246900648,2.531550129850886,-2.4541091296547317,-0.6606857915206148
Brian O'Neill,OT,MIN,00-0034158,2018,62,Round 2,TRUE,0.8946376811594203,1.2255310700813977,0.006,0.08149999999999999,0.37011038316458206,0.10099999999999999,0.47111038316458204,2.524815569435031,-1.2393656537891447,0.4683486650469865
Michael Brockers,DL,LA,00-0029630,2012,14,Late 1st,TRUE,0.6080392156862745,1.1301844157737444,0.02,0.075,0.24864057147022373,0.071,0.31964057147022373,2.521489051282036,-0.5579535424283915,0.23099991956812158
Davante Adams,WR,GNB,00-0031381,2014,53,Round 2,TRUE,0.758529411764706,1.185202205882353,0.006999999999999999,0.079,0.3413382352941177,0.087,0.42833823529411774,2.5214511382413276,-1.0961314210494868,0.22664173323619316
Nick Martin,IOL,HOU,00-0032969,2016,50,Round 2,FALSE,0.7064705882352941,0.94574375935113,0.008,0.051,0.16266792660839435,0.057999999999999996,0.22066792660839435,2.519427822032551,-0.22501695252083553,-0.7573076508456783
Frank Clark,EDGE,SEA,00-0032210,2015,63,Round 2,FALSE,0.5973529411764708,0.9808751086641556,0.006999999999999999,0.091,0.32957403651115624,0.111,0.44057403651115623,2.519184870346995,-1.9473356770209531,-0.00936591860581865
DaRon Bland,CB,DAL,00-0037275,2022,167,Rounds 4-7,FALSE,0.6258333333333332,0.904383429672447,0.005,0.08199999999999999,0.27855009633911365,0.081,0.35955009633911367,2.5124745486994513,-4.672744495348817,-0.6021907924538343
Clint Boling,IOL,CIN,00-0028039,2011,101,Rounds 4-7,TRUE,0.8226470588235294,1.1012678163634932,0.005,0.051,0.20263327821088276,0.036000000000000004,0.23863327821088276,2.511049039888373,-2.4541091296547317,-0.6606857915206148
Michael Pittman Jr.,WR,IND,00-0036252,2020,34,Round 2,TRUE,0.7892957746478874,1.233274647887324,0.011000000000000001,0.079,0.33545070422535217,0.091,0.42645070422535214,2.507827329333614,-1.0961314210494868,0.22664173323619316
George Pickens,WR,PIT,00-0037247,2022,52,Round 2,TRUE,0.7558333333333335,1.1809895833333335,0.008,0.079,0.33540104166666673,0.091,0.4264010416666667,2.507468875255377,-1.0961314210494868,0.22664173323619316
John Jerry,OT,MIA,00-0027678,2010,73,Round 3,TRUE,0.9311764705882353,1.2755842062852538,0,0.08149999999999999,0.4158404512489927,0,0.4158404512489927,2.5073602663599472,-1.9161133628566525,-0.13046393182271215
Jalen Ramsey,CB,JAX,00-0033055,2016,5,Top 10,TRUE,0.8967647058823529,1.29590275416525,0.038,0.08199999999999999,0.22807888473308394,0.10099999999999999,0.32907888473308394,2.5060532291333617,-0.39522957331232367,-0.6077512429479659
Zach Cunningham,LB,HOU,00-0033547,2017,57,Round 2,TRUE,0.8007352941176471,1.157131927915675,0.006999999999999999,0.061,0.24994049642978583,0.073,0.32294049642978584,2.5043519895784354,-0.9272530653358044,-0.35150887120124186
D.J. Moore,WR,CAR,00-0034827,2018,24,Late 1st,TRUE,0.7511594202898552,1.1736865942028987,0.016,0.079,0.29576902173913044,0.10800000000000001,0.40376902173913043,2.504096140476546,-0.7067555359941448,0.12050516789925937
T.Y. Hilton,WR,IND,00-0029608,2012,92,Round 3,TRUE,0.791372549019608,1.2365196078431375,0.005,0.079,0.3660098039215687,0.091,0.45700980392156865,2.5028594480593864,-1.4782442291920619,-0.03988217399875301
Zach Tom,OT,GNB,00-0037817,2022,140,Rounds 4-7,TRUE,0.7423611111111109,1.0169330289193301,0.005,0.08149999999999999,0.31118150684931495,0.079,0.39018150684931496,2.5023435999766273,-3.1707480263226144,-0.4449332397639939
Jawaan Taylor,OT,JAX,00-0035237,2019,35,Round 2,TRUE,0.9661428571428571,1.3234833659491194,0.01,0.08149999999999999,0.3785162426614481,0.08900000000000001,0.46751624266144814,2.501524244837,-1.2393656537891447,0.4683486650469865
Anthony Castonzo,OT,IND,00-0027960,2011,22,Late 1st,TRUE,1.086470588235294,1.4883158742949234,0.026000000000000002,0.08149999999999999,0.3304061240934729,0.076,0.40640612409347293,2.501164731251775,-0.6590268496124263,0.5624288068243084
Weston Richburg,IOL,NYG,00-0031238,2014,43,Round 2,FALSE,0.7335294117647058,0.9819670840223638,0.009000000000000001,0.051,0.1649704701157571,0.054000000000000006,0.2189704701157571,2.4942220026432986,-0.22501695252083553,-0.7573076508456783
Jalen Pitre,CB,HOU,00-0037246,2022,37,Round 2,TRUE,0.7790277777777778,1.125762684649968,0,0.08199999999999999,0.36925016056518944,0.047,0.41625016056518943,2.489655369962085,-1.8987142572552127,-0.038091475434602076
Matt Paradis,IOL,DEN,00-0031349,2014,207,Rounds 4-7,TRUE,0.75,1.0040160642570282,0.004,0.051,0.1887550200803213,0.048,0.2367550200803213,2.4859127830346814,-2.4541091296547317,-0.6606857915206148
Laremy Tunsil,OT,MIA,00-0032380,2016,13,Late 1st,TRUE,0.8689705882352943,1.1903706688154716,0.02,0.08149999999999999,0.29283118452860596,0.111,0.40383118452860595,2.48134255017495,-0.6590268496124263,0.5624288068243084
Adrian Amos,S,CHI,00-0031584,2015,142,Rounds 4-7,TRUE,0.8311764705882353,1.1641127039050916,0.004,0.053,0.22816608996539797,0.048,0.276166089965398,2.480624794698479,-2.184659545441944,-0.5511731411824057
Maliek Collins,DL,DAL,00-0033131,2016,67,Round 3,TRUE,0.6157352941176473,1.1444893942707197,0.006,0.075,0.31587907281871863,0.040999999999999995,0.3568790728187186,2.4778029518767113,-1.6980155086877986,-0.2673590110726486
Alfred Morris,RB,WAS,00-0029141,2012,173,Rounds 4-7,TRUE,0.457450980392157,1.0814443980902058,0.005,0.06,0.23791776757984526,0.011000000000000001,0.24891776757984527,2.4747451848162703,-5.507493653254559,-0.7649141963140151
Deion Jones,LB,ATL,00-0032388,2016,52,Round 2,TRUE,0.7808823529411767,1.128442706562394,0.006999999999999999,0.061,0.24374362461747712,0.076,0.31974362461747713,2.473787443841123,-0.9272530653358044,-0.35150887120124186
Tyler Biadasz,IOL,DAL,00-0036376,2020,146,Rounds 4-7,TRUE,0.7991549295774648,1.0698191828346248,0.005,0.051,0.19684672964157096,0.039,0.23584672964157097,2.4737573602018488,-2.4541091296547317,-0.6606857915206148
Josh Jacobs,RB,LV,00-0035700,2019,24,Late 1st,TRUE,0.5601428571428572,1.3242147922998988,0.016,0.06,0.23306180344478217,0.052000000000000005,0.28506180344478216,2.471981974127629,-1.9934443824983996,-0.6590141737847004
Jamison Crowder,WR,WAS,00-0031941,2015,105,Rounds 4-7,FALSE,0.6092647058823527,0.9519761029411761,0.005,0.079,0.2817849264705881,0.05,0.3317849264705881,2.4694215551852143,-3.823139033302942,-0.6228278656929864
Ja'Marr Chase,WR,CIN,00-0036900,2021,5,Top 10,TRUE,0.8609722222222221,1.345269097222222,0.042,0.079,0.19909982638888887,0.14400000000000002,0.3430998263888889,2.4658139117561544,-0.07536017301982953,0.035482296742909314
Bashaud Breeland,CB,WAS,00-0031052,2014,102,Rounds 4-7,TRUE,0.7625,1.101878612716763,0.005,0.08199999999999999,0.33937861271676295,0.015,0.35437861271676296,2.465660581954159,-4.672744495348817,-0.6021907924538343
Nnamdi Madubuike,DL,BAL,00-0036130,2020,71,Round 3,FALSE,0.5043661971830984,0.9374836378867999,0.006,0.075,0.25874548405675674,0.096,0.35474548405675677,2.4590480564543045,-1.6980155086877986,-0.2673590110726486
Leonard Floyd,EDGE,CHI,00-0033072,2016,9,Top 10,TRUE,0.6361764705882353,1.0446247464503045,0.025,0.091,0.2757809330628804,0.08800000000000001,0.3637809330628804,2.4569874868692976,-0.35588035012977776,0.265142802793857
Dion Dawkins,OT,BUF,00-0033904,2017,63,Round 2,TRUE,0.9335294117647058,1.2788074133763094,0.006,0.08149999999999999,0.38619983883964537,0.07400000000000001,0.4601998388396454,2.4541113136632475,-1.2393656537891447,0.4683486650469865
Alec Pierce,WR,IND,00-0037664,2022,53,Round 2,TRUE,0.7293055555555554,1.1395399305555554,0.008,0.079,0.32362934027777773,0.095,0.41862934027777776,2.4513743418396823,-1.0961314210494868,0.22664173323619316
Camryn Bynum,CB,MIN,00-0036629,2021,125,Rounds 4-7,TRUE,0.7440277777777777,1.075184649967887,0,0.08199999999999999,0.35266056518946687,0,0.35266056518946687,2.4501082519686075,-4.672744495348817,-0.6021907924538343
Trai Turner,IOL,CAR,00-0031362,2014,92,Round 3,TRUE,0.8733823529411764,1.1691865501220569,0.005,0.051,0.21513032522245845,0.067,0.28213032522245846,2.449635275857361,-1.1210940108268708,-0.4767011195371987
Gabe Jackson,IOL,LV,00-0031367,2014,81,Round 3,TRUE,0.8769117647058824,1.1739113316009135,0.005,0.051,0.2159996850145681,0.066,0.28199968501456807,2.4482506853178654,-1.1210940108268708,-0.4767011195371987
Roquan Smith,LB,CHI,00-0034874,2018,8,Top 10,TRUE,0.8053623188405798,1.1638183798274275,0.026000000000000002,0.061,0.16293457317583984,0.08900000000000001,0.25193457317583984,2.4455572020774974,-0.45451654497340005,-0.7813094655693499
Derek Newton,OT,HOU,00-0028152,2011,214,Rounds 4-7,TRUE,0.8138235294117647,1.1148267526188558,0.004,0.08149999999999999,0.3455962933118452,0.037000000000000005,0.3825962933118452,2.4408536495624316,-3.1707480263226144,-0.4449332397639939
Cecil Shorts,WR,JAX,00-0028052,2011,114,Rounds 4-7,TRUE,0.6744117647058826,1.0537683823529416,0.006,0.079,0.30770036764705894,0.021,0.32870036764705896,2.4392889196938103,-3.823139033302942,-0.6228278656929864
Devin Lloyd,LB,JAX,00-0037244,2022,27,Late 1st,TRUE,0.7520833333333335,1.0868256262042393,0.016,0.061,0.19562861271676307,0.05,0.24562861271676306,2.4323376002601353,-0.9970994700204313,-0.8036273004092015
Michael Hoomanawanui,TE,LA,00-0027732,2010,132,Rounds 4-7,TRUE,0.6558823529411764,1.2282441066314163,0,0.048,0.23582286847323192,0.011000000000000001,0.24682286847323193,2.4308879498623304,-2.3689887502760683,-0.586867207426399
Sheldon Richardson,DL,NYJ,00-0030573,2013,13,Late 1st,TRUE,0.6911764705882355,1.2847146293461627,0.027000000000000003,0.075,0.2466652088344632,0.064,0.3106652088344632,2.4289807707407167,-0.5579535424283915,0.23099991956812158
Carlton Davis,CB,TAM,00-0034778,2018,63,Round 2,TRUE,0.765942028985507,1.1068526430426402,0.006,0.08199999999999999,0.3364832034849625,0.071,0.40748320348496253,2.424354872466117,-1.8987142572552127,-0.038091475434602076
Marshon Lattimore,CB,NOR,00-0033874,2017,11,Late 1st,TRUE,0.8508823529411764,1.2295987759265556,0.023,0.08199999999999999,0.2901853111186671,0.106,0.39618531111866706,2.4242620984859613,-1.1362659091557372,0.08046471267687343
Trent Brown,OT,SFO,00-0032071,2015,244,Rounds 4-7,FALSE,0.6888235294117646,0.9435938759065269,0.004,0.08149999999999999,0.29251410153102325,0.08800000000000001,0.3805141015310233,2.423974247456859,-3.1707480263226144,-0.4449332397639939
Major Wright,CB,CHI,00-0027680,2010,75,Round 3,TRUE,0.8647058823529411,1.2495749744984699,0,0.08199999999999999,0.4098605916354981,0,0.4098605916354981,2.4195851534859907,-2.986769766952211,-0.2996236181936407
George Iloka,S,CIN,00-0029215,2012,167,Rounds 4-7,TRUE,0.86,1.2044817927170868,0.005,0.053,0.23126050420168068,0.039,0.2702605042016807,2.414980670741444,-2.184659545441944,-0.5511731411824057
Dre Greenlaw,LB,SFO,00-0034982,2019,148,Rounds 4-7,FALSE,0.6215714285714284,0.8982246077621799,0.004,0.061,0.204795210569777,0.039,0.24379521056977702,2.4123602050871353,-3.875277998195149,-0.8050209414767096
Joe Burrow,QB,CIN,00-0036442,2020,1,Top 10,TRUE,0.8074647887323945,1.2981749014990265,0.046,0.146,0.5192699605996105,0.245,0.7642699605996105,2.408340564501177,-0.293477891960363,0.37407124048736107
Danielle Hunter,EDGE,MIN,00-0031565,2015,88,Round 3,TRUE,0.6323529411764706,1.0383463730319713,0.005,0.091,0.3571911523229981,0.081,0.4381911523229981,2.4062167715260134,-2.5109073453087567,-0.29680159176202814
Stefen Wisniewski,IOL,LV,00-0027986,2011,48,Round 2,TRUE,0.8752941176470589,1.1717458067564377,0.009000000000000001,0.051,0.19685329553508152,0.016,0.21285329553508153,2.403387039672626,-0.22501695252083553,-0.7573076508456783
Ezra Cleveland,IOL,MIN,00-0036327,2020,58,Round 2,TRUE,0.7716901408450705,1.033052397382959,0.006999999999999999,0.051,0.18181722193940078,0.031,0.21281722193940078,2.4028513767313995,-0.22501695252083553,-0.7573076508456783
Bernhard Raimann,OT,IND,00-0037757,2022,77,Round 3,TRUE,0.7531944444444444,1.031773211567732,0.006,0.08149999999999999,0.311595509893455,0.09,0.40159550989345505,2.4005314341977773,-1.9161133628566525,-0.13046393182271215
Marlon Humphrey,CB,BAL,00-0033281,2017,16,Late 1st,TRUE,0.7972058823529415,1.1520316218973146,0.018000000000000002,0.08199999999999999,0.2949200952057125,0.098,0.39292009520571247,2.399067606888105,-1.1362659091557372,0.08046471267687343
Devin Singletary,RB,BUF,00-0035250,2019,74,Round 3,TRUE,0.6214285714285714,1.469098277608916,0.005,0.06,0.32320162107396155,0.022000000000000002,0.3452016210739616,2.391913254368928,-2.0095141915817347,0.0018317536535283545
Sam Hubbard,EDGE,CIN,00-0034834,2018,77,Round 3,TRUE,0.6746376811594204,1.1077794436115278,0.005,0.091,0.38107612860236556,0.055,0.43607612860236555,2.3915585479085326,-2.5109073453087567,-0.29680159176202814
Zach Fulton,IOL,KAN,00-0030997,2014,193,Rounds 4-7,TRUE,0.7536764705882354,1.0089377116308371,0.004,0.051,0.18968028978659737,0.04,0.22968028978659738,2.391233444268568,-2.4541091296547317,-0.6606857915206148
Zyon McCollum,CB,TAM,00-0037268,2022,157,Rounds 4-7,FALSE,0.6472222222222223,0.93529222864483,0.005,0.08199999999999999,0.28807000642260755,0.057,0.34507000642260754,2.381396023208145,-4.672744495348817,-0.6021907924538343
Aaron Banks,IOL,SFO,00-0036551,2021,48,Round 2,FALSE,0.6481944444444445,0.8677301799791761,0.01,0.051,0.14230774951658487,0.069,0.21130774951658488,2.380436964681614,-0.22501695252083553,-0.7573076508456783
Jabrill Peppers,S,CLE,00-0033883,2017,25,Late 1st,FALSE,0.6888235294117646,0.964738836711155,0.015,0.053,0.14664030318009555,0.02,0.16664030318009554,2.3799700374794823,-0.34508889186477487,-1.1099795447264003
Mike Evans,WR,TAM,00-0031408,2014,7,Top 10,TRUE,0.7557352941176472,1.1808363970588236,0.027999999999999997,0.079,0.24089062500000002,0.09300000000000001,0.33389062500000005,2.379830603052845,-0.07536017301982953,0.035482296742909314
Connor Williams,IOL,DAL,00-0034352,2018,50,Round 2,TRUE,0.768550724637681,1.0288496983101487,0.008,0.051,0.17696214810934557,0.034,0.21096214810934558,2.375305070763078,-0.22501695252083553,-0.7573076508456783
Cam Newton,QB,CAR,00-0027939,2011,1,Top 10,TRUE,0.9497058823529412,1.5268583317571403,0.046,0.146,0.6107433327028561,0.145,0.7557433327028561,2.3751268792976363,-0.293477891960363,0.37407124048736107
David Montgomery,RB,CHI,00-0035685,2019,73,Round 3,TRUE,0.5900000000000002,1.394799054373523,0.005,0.06,0.30685579196217505,0.036000000000000004,0.3428557919621751,2.372239383919533,-2.0095141915817347,0.0018317536535283545
Marcus Maye,S,NYJ,00-0033892,2017,39,Round 2,TRUE,0.776470588235294,1.0874938210578349,0.01,0.053,0.18704893722194757,0.057999999999999996,0.24504893722194757,2.3679359551229227,-0.6092327658489395,-0.6534824271194798
Zion Johnson,IOL,LAC,00-0037818,2022,17,Late 1st,TRUE,0.9384722222222222,1.2563215826268035,0.018000000000000002,0.051,0.16583444890673804,0.055,0.22083444890673803,2.3675624914784614,-0.09175270156213973,-0.7109611026659682
Pat Freiermuth,TE,PIT,00-0036894,2021,55,Round 2,TRUE,0.5815277777777776,1.0890033291718682,0.008,0.048,0.17424053266749892,0.047,0.22124053266749893,2.366387831758581,-0.36078026178736594,-0.6556584315197126
Alshon Jeffery,WR,CHI,00-0029137,2012,45,Round 2,TRUE,0.7139215686274512,1.1155024509803924,0.009000000000000001,0.079,0.3123406862745099,0.094,0.4063406862745099,2.362677378571673,-1.0961314210494868,0.22664173323619316
Eric Kendricks,LB,MIN,00-0031554,2015,45,Round 2,TRUE,0.8379411764705883,1.2108976538592318,0.009000000000000001,0.061,0.2518667120027202,0.055999999999999994,0.3078667120027202,2.360235052583482,-0.9272530653358044,-0.35150887120124186
Donovan Smith,OT,TAM,00-0032217,2015,34,Round 2,TRUE,0.9329411764705883,1.2780016116035455,0.011000000000000001,0.08149999999999999,0.3603964544721998,0.085,0.44539645447219983,2.35818005272591,-1.2393656537891447,0.4683486650469865
Blake Bortles,QB,JAX,00-0031407,2014,3,Top 10,TRUE,0.9464705882352941,1.5216568942689614,0.039,0.146,0.6512691507471154,0.099,0.7502691507471154,2.353803355106545,-0.293477891960363,0.37407124048736107
Danny Trevathan,LB,DEN,00-0029577,2012,188,Rounds 4-7,FALSE,0.6003921568627452,0.8676187237900942,0.005,0.061,0.19434659412898111,0.045,0.23934659412898113,2.3536515264733935,-3.875277998195149,-0.8050209414767096
Joe Barksdale,OT,LV,00-0028030,2011,92,Round 3,TRUE,0.8567647058823529,1.1736502820306205,0.005,0.08149999999999999,0.3591369863013698,0.036000000000000004,0.39513698630136984,2.352096237757599,-1.9161133628566525,-0.13046393182271215
Garrett Graham,TE,HOU,00-0027718,2010,118,Rounds 4-7,TRUE,0.6441176470588236,1.2062128222075348,0.004,0.048,0.21229345670852612,0.027999999999999997,0.24029345670852612,2.351056748852122,-2.3689887502760683,-0.586867207426399
Brandon LaFell,WR,CAR,00-0027681,2010,78,Round 3,TRUE,0.8888235294117647,1.3887867647058822,0.005,0.079,0.4110808823529411,0.023,0.4340808823529411,2.351043629034335,-1.4782442291920619,-0.03988217399875301
Nick Bolton,LB,KAN,00-0036621,2021,58,Round 2,TRUE,0.8250000000000001,1.1921965317919077,0.008,0.061,0.2527456647398844,0.054000000000000006,0.3067456647398844,2.3495169811842134,-0.9272530653358044,-0.35150887120124186
Damarious Randall,S,GNB,00-0032251,2015,30,Late 1st,TRUE,0.7194117647058823,1.007579502389191,0.013999999999999999,0.053,0.15718240237271378,0.008,0.16518240237271378,2.3494372058863906,-0.34508889186477487,-1.1099795447264003
Vonn Bell,S,NOR,00-0032939,2016,61,Round 2,TRUE,0.8110294117647058,1.135895534684462,0.006,0.053,0.21354836052067885,0.03,0.24354836052067885,2.3494340588054885,-0.6092327658489395,-0.6534824271194798
Quay Walker,LB,GNB,00-0037074,2022,22,Late 1st,TRUE,0.7634722222222224,1.103283558124599,0.017,0.061,0.19417790622992942,0.045,0.2391779062299294,2.3473545864938035,-0.9970994700204313,-0.8036273004092015
Christian McCaffrey,RB,CAR,00-0033280,2017,8,Top 10,TRUE,0.6461764705882352,1.5276039493811708,0.026000000000000002,0.06,0.2077541371158392,0.081,0.2887541371158392,2.346616576819577,-0.2700697770397672,-0.6154948556750087
Chris Carson,RB,SEA,00-0033594,2017,249,Rounds 4-7,FALSE,0.3967647058823529,0.9379780280906689,0.004,0.06,0.21010707829230982,0.028999999999999998,0.23910707829230982,2.3462291834624245,-5.507493653254559,-0.7649141963140151
George Selvie,EDGE,LA,00-0027818,2010,226,Rounds 4-7,TRUE,0.6152941176470589,1.010335168550179,0,0.091,0.3677620013522651,0.008,0.3757620013522651,2.3449377048678492,-3.8204197934098256,-0.6044285050354133
Diontae Johnson,WR,PIT,00-0035216,2019,66,Round 3,TRUE,0.7552857142857144,1.1801339285714287,0.006,0.079,0.3445991071428572,0.08800000000000001,0.4325991071428572,2.341232573749567,-1.4782442291920619,-0.03988217399875301
Cordy Glenn,OT,BUF,00-0029561,2012,41,Round 2,TRUE,0.9315686274509805,1.2761214074670966,0.01,0.08149999999999999,0.3649707225355896,0.077,0.4419707225355896,2.3359800762776164,-1.2393656537891447,0.4683486650469865
Joel Bitonio,IOL,CLE,00-0031426,2014,35,Round 2,FALSE,0.6754411764705882,0.9042050555161824,0.01,0.051,0.14828962910465388,0.06,0.20828962910465387,2.335620382737911,-0.22501695252083553,-0.7573076508456783
Chris Lindstrom,IOL,ATL,00-0035630,2019,14,Late 1st,TRUE,0.768,1.028112449799197,0.02,0.051,0.1274859437751004,0.091,0.2184859437751004,2.3348233581842304,-0.09175270156213973,-0.7109611026659682
Josh Hines-Allen,EDGE,JAX,00-0035642,2019,7,Top 10,FALSE,0.5968571428571429,0.9800609899132067,0.03,0.091,0.23913488153882242,0.111,0.35013488153882244,2.3340750183792243,-0.35588035012977776,0.265142802793857
Johnathan Cyprien,S,JAX,00-0030538,2013,33,Round 2,TRUE,0.8719117647058824,1.2211649365628605,0.011000000000000001,0.053,0.20515570934256055,0.037000000000000005,0.24215570934256056,2.3322628687676104,-0.6092327658489395,-0.6534824271194798
T.J. McDonald,S,LA,00-0030530,2013,71,Round 3,TRUE,0.7647058823529412,1.0710166419508982,0.006,0.053,0.20135112868676885,0.036000000000000004,0.23735112868676886,2.3308601885239972,-0.9517824670434979,-0.6701102991437132
David Johnson,RB,ARI,00-0032187,2015,86,Round 3,TRUE,0.5080882352941176,1.2011542205534695,0.005,0.06,0.2642539285217633,0.073,0.33725392852176334,2.3252579840178447,-2.0095141915817347,0.0018317536535283545
Brandon Marshall,LB,JAX,00-0029620,2012,142,Rounds 4-7,FALSE,0.5719607843137255,0.826532925308852,0.005,0.061,0.18514337526918287,0.052000000000000005,0.2371433752691829,2.3245755048210324,-3.875277998195149,-0.8050209414767096
Mike Gesicki,TE,MIA,00-0034829,2018,42,Round 2,TRUE,0.5653623188405796,1.0587309341583888,0.009000000000000001,0.048,0.16516202572870867,0.053,0.21816202572870866,2.3243368102812934,-0.36078026178736594,-0.6556584315197126
Bud Dupree,EDGE,PIT,00-0032146,2015,22,Late 1st,TRUE,0.6508823529411764,1.068772336520815,0.026000000000000002,0.091,0.27788080749541194,0.09,0.36788080749541197,2.320622199968566,-0.8808858659652598,0.5944072297042816
Desmond Trufant,CB,ATL,00-0030562,2013,22,Late 1st,TRUE,0.800441176470588,1.1567069024141445,0.017,0.08199999999999999,0.30074379462767753,0.08199999999999999,0.3827437946276775,2.3205470048068286,-1.1362659091557372,0.08046471267687343
Brandin Cooks,WR,NOR,00-0031236,2014,20,Late 1st,TRUE,0.7336764705882354,1.1463694852941178,0.016,0.079,0.2888851102941177,0.091,0.37988511029411764,2.3199418447599416,-0.7067555359941448,0.12050516789925937
Cooper Kupp,WR,LA,00-0033908,2017,69,Round 3,TRUE,0.6595588235294118,1.0305606617647058,0.006,0.079,0.3009237132352941,0.128,0.4289237132352941,2.316897240984513,-1.4782442291920619,-0.03988217399875301
Lamar Miller,RB,MIA,00-0029615,2012,97,Round 3,TRUE,0.5649019607843138,1.335465628331711,0.005,0.06,0.2938024382329764,0.042,0.3358024382329764,2.3130847051729924,-2.0095141915817347,0.0018317536535283545
Tyrann Mathieu,S,ARI,00-0030459,2013,69,Round 3,FALSE,0.5882352941176472,0.8238589553468448,0.006,0.053,0.15488548360520682,0.081,0.23588548360520684,2.3123291722212795,-0.9517824670434979,-0.6701102991437132
Alontae Taylor,CB,NOR,00-0038121,2022,49,Round 2,TRUE,0.7780555555555556,1.1243577392421324,0.009000000000000001,0.08199999999999999,0.3283124598587026,0.064,0.3923124598587026,2.311355904054044,-1.8987142572552127,-0.038091475434602076
K.J. Wright,LB,SEA,00-0028037,2011,99,Round 3,TRUE,0.8947058823529411,1.2929275756545393,0.005,0.061,0.28961577694661683,0.051,0.3406157769466168,2.3057040533799267,-1.5009104241941897,-0.26024197516630576
Tyler Higbee,TE,LA,00-0033110,2016,110,Rounds 4-7,TRUE,0.6132352941176468,1.148380700594844,0.005,0.048,0.1975214805023132,0.039,0.2365214805023132,2.304939058380893,-2.3689887502760683,-0.586867207426399
Austin Hooper,TE,ATL,00-0032392,2016,81,Round 3,TRUE,0.6530882352941176,1.2230116765807446,0.006999999999999999,0.048,0.20057391495924212,0.053,0.25357391495924214,2.302467254151166,-0.9835958778133722,-0.5376092011535986
Josh Myers,IOL,GNB,00-0036622,2021,62,Round 2,TRUE,0.807638888888889,1.0811765580841888,0.008,0.051,0.18596236799048046,0.02,0.20596236799048045,2.3010624876932217,-0.22501695252083553,-0.7573076508456783
Bradley Bozeman,IOL,BAL,00-0034281,2018,215,Rounds 4-7,TRUE,0.7781159420289856,1.0416545408687894,0.004,0.051,0.1958310536833324,0.027000000000000003,0.2228310536833324,2.299571837622531,-2.4541091296547317,-0.6606857915206148
Xavier Rhodes,CB,MIN,00-0030575,2013,25,Late 1st,TRUE,0.7749999999999998,1.1199421965317917,0.016,0.08199999999999999,0.29566473988439296,0.084,0.379664739884393,2.296788937675266,-1.1362659091557372,0.08046471267687343
Stephon Tuitt,EDGE,PIT,00-0031412,2014,46,Round 2,TRUE,0.6854411764705882,1.125519173186516,0,0.091,0.4096889790398918,0,0.4096889790398918,2.296613508131644,-1.9473356770209531,-0.00936591860581865
Preston Smith,EDGE,WAS,00-0031935,2015,38,Round 2,TRUE,0.6391176470588237,1.0494542644644067,0.01,0.091,0.3400231816864678,0.069,0.4090231816864678,2.2918154784032287,-1.9473356770209531,-0.00936591860581865
Derrick Morgan,EDGE,TEN,00-0027868,2010,16,Late 1st,TRUE,0.7105882352941176,1.1668115522070897,0.023,0.091,0.3173727422003284,0.047,0.3643727422003284,2.2912200385246195,-0.8808858659652598,0.5944072297042816
Logan Ryan,CB,NWE,00-0030411,2013,83,Round 3,TRUE,0.7551470588235294,1.0912529751785107,0.006,0.08199999999999999,0.3317409044542672,0.06,0.3917409044542672,2.2858632997224295,-2.986769766952211,-0.2996236181936407
Rhett Ellison,RB,MIN,00-0029587,2012,128,Rounds 4-7,FALSE,0.39372549019607844,0.9307931210309184,0,0.06,0.22339034904742042,0.011000000000000001,0.23439034904742043,2.284441967064482,-5.507493653254559,-0.7649141963140151
Tee Higgins,WR,CIN,00-0036410,2020,33,Round 2,TRUE,0.686338028169014,1.0724031690140843,0.011000000000000001,0.079,0.29169366197183094,0.10300000000000001,0.394693661971831,2.2786115657917207,-1.0961314210494868,0.22664173323619316
Germain Ifedi,OT,SEA,00-0032384,2016,31,Late 1st,TRUE,0.9444117647058823,1.2937147461724414,0.013000000000000001,0.08149999999999999,0.3544778404512489,0.023,0.37747784045124894,2.2784714749044044,-0.6590268496124263,0.5624288068243084
Nick Bosa,EDGE,SFO,00-0035717,2019,2,Top 10,TRUE,0.6384285714285713,1.0483227773868167,0.045,0.091,0.19289139103917427,0.151,0.34389139103917427,2.277838763668244,-0.35588035012977776,0.265142802793857
Jamaal Williams,RB,GNB,00-0033948,2017,134,Rounds 4-7,FALSE,0.4075000000000001,0.9633569739952721,0.004,0.06,0.21579196217494093,0.018000000000000002,0.23379196217494091,2.2766033447353244,-5.507493653254559,-0.7649141963140151
Jon Runyan Jr.,IOL,GNB,00-0036246,2020,192,Rounds 4-7,FALSE,0.7235211267605636,0.9685691121292686,0.004,0.051,0.1820909930803025,0.039,0.2210909930803025,2.2762850435727304,-2.4541091296547317,-0.6606857915206148
Deebo Samuel,WR,SFO,00-0035719,2019,36,Round 2,TRUE,0.6475714285714286,1.011830357142857,0.01,0.079,0.2792651785714286,0.115,0.39426517857142857,2.275518861219166,-1.0961314210494868,0.22664173323619316
Daniel Jones,QB,NYG,00-0035710,2019,6,Top 10,TRUE,0.7647142857142857,1.229444189251263,0.034,0.146,0.5507909967845658,0.17800000000000002,0.7287909967845658,2.2701397247589794,-0.293477891960363,0.37407124048736107
Javon Hargrave,DL,PIT,00-0033109,2016,89,Round 3,FALSE,0.5120588235294116,0.9517821998687946,0.005,0.075,0.2664990159632625,0.066,0.3324990159632625,2.263494822368206,-1.6980155086877986,-0.2673590110726486
Jayon Brown,LB,TEN,00-0033954,2017,155,Rounds 4-7,FALSE,0.6294117647058824,0.9095545732743967,0.004,0.061,0.20737844270656244,0.025,0.23237844270656244,2.2616923819090036,-3.875277998195149,-0.8050209414767096
Marquez Valdes-Scantling,WR,GNB,00-0034272,2018,174,Rounds 4-7,FALSE,0.5599999999999999,0.8749999999999999,0.004,0.079,0.26249999999999996,0.048,0.31049999999999994,2.2614920043181126,-3.823139033302942,-0.6228278656929864
Trevor Lawrence,QB,JAX,00-0036971,2021,1,Top 10,TRUE,0.8284722222222224,1.3319489103251163,0.05,0.146,0.5114683815648446,0.215,0.7264683815648446,2.2610924657849907,-0.293477891960363,0.37407124048736107
AJ Terrell,CB,ATL,00-0036285,2020,16,Late 1st,TRUE,0.7985915492957746,1.1540340307742407,0.018000000000000002,0.08199999999999999,0.2954327118782056,0.079,0.3744327118782056,2.2564184723964917,-1.1362659091557372,0.08046471267687343
Jamie Collins,LB,NWE,00-0030421,2013,52,Round 2,TRUE,0.7242647058823528,1.046625297517851,0.008,0.061,0.2218845630737844,0.075,0.2968845630737844,2.2552372882251963,-0.9272530653358044,-0.35150887120124186
Kyler Murray,QB,ARI,00-0035228,2019,1,Top 10,TRUE,0.7914285714285714,1.2723932016536517,0.047,0.146,0.503867707854846,0.221,0.724867707854846,2.254857378085466,-0.293477891960363,0.37407124048736107
Kaleb McGary,OT,ATL,00-0035235,2019,31,Late 1st,TRUE,0.8658571428571429,1.1861056751467711,0.013999999999999999,0.08149999999999999,0.3202485322896282,0.054000000000000006,0.3742485322896282,2.2536118890694947,-0.6590268496124263,0.5624288068243084
Cam Jurgens,IOL,PHI,00-0038112,2022,51,Round 2,FALSE,0.6149999999999999,0.8232931726907629,0.008,0.051,0.1416064257028112,0.061,0.2026064257028112,2.25122953141384,-0.22501695252083553,-0.7573076508456783
Jaylon Johnson,CB,CHI,00-0036292,2020,50,Round 2,TRUE,0.7157746478873239,1.034356427582838,0.008,0.08199999999999999,0.30616950256452,0.078,0.38416950256452004,2.2507032559878373,-1.8987142572552127,-0.038091475434602076
Jonah Jackson,IOL,DET,00-0036258,2020,75,Round 3,TRUE,0.8128169014084508,1.0881083017516073,0.006,0.051,0.19585949431528932,0.067,0.2628594943152893,2.245393330799531,-1.1210940108268708,-0.4767011195371987
Andrew Thomas,OT,NYG,00-0036386,2020,4,Top 10,TRUE,0.7698591549295776,1.0546015820953119,0.040999999999999995,0.08149999999999999,0.1708454562994405,0.105,0.2758454562994405,2.244935271810959,-0.3572700310319593,0.18380523620703798
Kevin Dotson,IOL,PIT,00-0036339,2020,135,Rounds 4-7,FALSE,0.6316901408450706,0.845636065388314,0.005,0.051,0.15559703603144978,0.063,0.21859703603144978,2.242909042722785,-2.4541091296547317,-0.6606857915206148
Taron Johnson,CB,BUF,00-0034376,2018,121,Rounds 4-7,FALSE,0.6337681159420291,0.9158498785289438,0.004,0.08199999999999999,0.2857451621010304,0.044000000000000004,0.3297451621010304,2.242670503640318,-4.672744495348817,-0.6021907924538343
Najee Harris,RB,PIT,00-0036893,2021,24,Late 1st,TRUE,0.6169444444444447,1.458497504596796,0.018000000000000002,0.06,0.24502758077226172,0.019,0.26402758077226174,2.2409511261987216,-1.9934443824983996,-0.6590141737847004
Kwity Paye,DL,IND,00-0036479,2021,21,Late 1st,FALSE,0.5241666666666667,0.9742874845105328,0,0.075,0.29228624535315983,0,0.29228624535315983,2.2395503957480742,-0.5579535424283915,0.23099991956812158
Za'Darius Smith,EDGE,BAL,00-0031576,2015,122,Rounds 4-7,FALSE,0.4866176470588235,0.7990437554332077,0.005,0.091,0.27487105186902344,0.08800000000000001,0.36287105186902346,2.238784238635513,-3.8204197934098256,-0.6044285050354133
Jarran Reed,DL,SEA,00-0032387,2016,49,Round 2,TRUE,0.5780882352941176,1.0745134485020773,0.008,0.075,0.2879696041985567,0.057999999999999996,0.3459696041985567,2.2378875858364555,-1.5305933950960025,-0.22864968299216984
Mark Andrews,TE,BAL,00-0034753,2018,86,Round 3,FALSE,0.5289855072463768,0.9906095641317918,0.005,0.048,0.1703848450306682,0.077,0.2473848450306682,2.233148484563991,-0.9835958778133722,-0.5376092011535986
Graham Glasgow,IOL,DET,00-0032395,2016,95,Round 3,TRUE,0.8383823529411765,1.1223324671233956,0.005,0.051,0.20650917395070478,0.055,0.2615091739507048,2.2310819573542195,-1.1210940108268708,-0.4767011195371987
James Daniels,IOL,CHI,00-0034347,2018,39,Round 2,FALSE,0.7250724637681158,0.970645868498147,0.01,0.051,0.1591859224336961,0.042,0.2011859224336961,2.2301362374186993,-0.22501695252083553,-0.7573076508456783
Preston Brown,LB,BUF,00-0031171,2014,73,Round 3,TRUE,0.9339705882352941,1.3496684801088066,0.005,0.061,0.3023257395443727,0.028999999999999998,0.3313257395443727,2.229098658905012,-1.5009104241941897,-0.26024197516630576
David Amerson,CB,WAS,00-0030420,2013,51,Round 2,TRUE,0.7670588235294119,1.1084665079904796,0.008,0.08199999999999999,0.3281060863651819,0.053,0.3811060863651819,2.227885464133333,-1.8987142572552127,-0.038091475434602076
T.J. Hockenson,TE,DET,00-0035229,2019,8,Top 10,TRUE,0.6377142857142858,1.1942215088282504,0.026000000000000002,0.048,0.10509149277688602,0.073,0.17809149277688602,2.2269202096912823,0.29255786375393544,-0.8216691790024073
Davon Godchaux,DL,MIA,00-0033860,2017,178,Rounds 4-7,FALSE,0.45161764705882357,0.8394380056855456,0.004,0.075,0.23840039361469492,0.05,0.28840039361469494,2.2263889394148313,-3.7779540498924526,-0.695540700768399
Haason Reddick,EDGE,ARI,00-0033875,2017,13,Late 1st,TRUE,0.6101470588235295,1.0018835120255,0.02,0.091,0.284534917415242,0.07200000000000001,0.356534917415242,2.225528846851695,-0.8808858659652598,0.5944072297042816
Jalen Mills,CB,PHI,00-0032803,2016,233,Rounds 4-7,FALSE,0.653235294117647,0.943981638898334,0.004,0.08199999999999999,0.2945222713362802,0.033,0.3275222713362802,2.222548167007618,-4.672744495348817,-0.6021907924538343
Emmanuel Ogbah,EDGE,CLE,00-0033073,2016,32,Late 1st,FALSE,0.5273529411764705,0.8659325799285229,0.011000000000000001,0.091,0.2770984255771273,0.079,0.35609842557712734,2.221870476093546,-0.8808858659652598,0.5944072297042816
Jared Goff,QB,LA,00-0033106,2016,1,Top 10,TRUE,0.8288235294117647,1.3325137128806508,0.045,0.146,0.5383355400037829,0.17800000000000002,0.716335540003783,2.2216221131553704,-0.293477891960363,0.37407124048736107
Derek Wolfe,DL,DEN,00-0029586,2012,36,Round 2,TRUE,0.5984313725490198,1.1123259712807059,0.011000000000000001,0.075,0.28475544864786073,0.059000000000000004,0.34375544864786073,2.2196012867710353,-1.5305933950960025,-0.22864968299216984
Jake Ferguson,TE,DAL,00-0038041,2022,129,Rounds 4-7,TRUE,0.572361111111111,1.0718372867249268,0.005,0.048,0.18435601331668744,0.045,0.22935601331668742,2.217331189273941,-2.3689887502760683,-0.586867207426399
Corey Peters,DL,ATL,00-0027686,2010,83,Round 3,TRUE,0.5882352941176471,1.0933741526350316,0.005,0.075,0.30614476273780883,0.021,0.32714476273780885,2.216429304823892,-1.6980155086877986,-0.2673590110726486
Shareece Wright,CB,LAC,00-0028027,2011,89,Round 3,TRUE,0.7958823529411764,1.1501190071404284,0.005,0.08199999999999999,0.3542366541992519,0.027999999999999997,0.3822366541992519,2.215722686917043,-2.986769766952211,-0.2996236181936407
T.J. Carrie,CB,LV,00-0031269,2014,219,Rounds 4-7,FALSE,0.6269117647058824,0.9059418565113908,0.004,0.08199999999999999,0.2826538592315539,0.044000000000000004,0.3266538592315539,2.214687015670666,-4.672744495348817,-0.6021907924538343
Nate Solder,OT,NWE,00-0027955,2011,17,Late 1st,TRUE,0.9997058823529412,1.3694601128122483,0.027000000000000003,0.08149999999999999,0.2985423045930701,0.07,0.3685423045930701,2.2096846916276363,-0.6590268496124263,0.5624288068243084
Jonathon Cooper,EDGE,DEN,00-0036952,2021,239,Rounds 4-7,FALSE,0.5416666666666667,0.8894362342638206,0.005,0.091,0.30596606458675424,0.053,0.35896606458675423,2.206627729439277,-3.8204197934098256,-0.6044285050354133
Benardrick McKinney,LB,HOU,00-0031553,2015,43,Round 2,TRUE,0.7841176470588235,1.1331179870792247,0.009000000000000001,0.061,0.23568854131247874,0.055999999999999994,0.29168854131247873,2.205559336120884,-0.9272530653358044,-0.35150887120124186
Jevon Holland,S,MIA,00-0036998,2021,36,Round 2,TRUE,0.7743055555555555,1.0844615624027387,0.012,0.053,0.17785169623404912,0.054000000000000006,0.2318516962340491,2.205215859423818,-0.6092327658489395,-0.6534824271194798
Robert Alford,CB,ATL,00-0030528,2013,60,Round 2,TRUE,0.7308823529411765,1.0561883713022784,0.006999999999999999,0.08199999999999999,0.31685651139068344,0.061,0.37785651139068344,2.203681072513373,-1.8987142572552127,-0.038091475434602076
Mike Neal,EDGE,GNB,00-0027664,2010,56,Round 2,TRUE,0.6647058823529413,1.0914710711870956,0.006999999999999999,0.091,0.3667342799188641,0.03,0.3967342799188641,2.2032562257908292,-1.9473356770209531,-0.00936591860581865
Geno Atkins,DL,CIN,00-0027720,2010,120,Rounds 4-7,FALSE,0.388235294117647,0.7216269407391208,0.006,0.075,0.19916903564399732,0.087,0.2861690356439973,2.2031093633011807,-3.7779540498924526,-0.695540700768399
Andrew Quarless,TE,GNB,00-0027753,2010,154,Rounds 4-7,TRUE,0.62,1.1610486891385767,0,0.048,0.22292134831460675,0.005,0.22792134831460675,2.1997904008705356,-2.3689887502760683,-0.586867207426399
Darius Slay,CB,DET,00-0030062,2013,36,Round 2,TRUE,0.7316176470588234,1.0572509350561032,0.011000000000000001,0.08199999999999999,0.3002592655559333,0.077,0.3772592655559333,2.199232499333456,-1.8987142572552127,-0.038091475434602076
Rob Havenstein,OT,LA,00-0032242,2015,57,Round 2,TRUE,0.9176470588235293,1.257050765511684,0.006999999999999999,0.08149999999999999,0.37460112812248175,0.046,0.42060112812248174,2.197497409957261,-1.2393656537891447,0.4683486650469865
Christian Kirk,WR,ARI,00-0034775,2018,47,Round 2,TRUE,0.669855072463768,1.0466485507246375,0.008,0.079,0.2972481884057971,0.086,0.3832481884057971,2.1960005045476234,-1.0961314210494868,0.22664173323619316
Zach Ertz,TE,PHI,00-0030061,2013,35,Round 2,TRUE,0.5547058823529412,1.038775060586032,0.011000000000000001,0.048,0.15373870896673272,0.055,0.20873870896673272,2.195618537617323,-0.36078026178736594,-0.6556584315197126
D.J. Wonnum,EDGE,MIN,00-0036335,2020,117,Rounds 4-7,FALSE,0.5902816901408451,0.969263859016166,0.005,0.091,0.3334267675015611,0.024,0.3574267675015611,2.1939520362045,-3.8204197934098256,-0.6044285050354133
Brandon Brooks,IOL,HOU,00-0029679,2012,76,Round 3,TRUE,0.8545098039215686,1.1439220936031709,0.006,0.051,0.20590597684857076,0.052000000000000005,0.25790597684857075,2.1928934646985754,-1.1210940108268708,-0.4767011195371987
Joey Bosa,EDGE,LAC,00-0033156,2016,3,Top 10,TRUE,0.616470588235294,1.0122669757558194,0.042,0.091,0.19840432724814058,0.136,0.3344043272481406,2.192387054269159,-0.35588035012977776,0.265142802793857
Jordan Whitehead,S,TAM,00-0034374,2018,117,Rounds 4-7,TRUE,0.7837681159420291,1.09771444809808,0.004,0.053,0.2151520318272237,0.035,0.2501520318272237,2.191462952779357,-2.184659545441944,-0.5511731411824057
Kyle Long,IOL,CHI,00-0030441,2013,20,Late 1st,TRUE,0.7910294117647059,1.0589416489487362,0.017,0.051,0.1440160642570281,0.064,0.2080160642570281,2.188868905498965,-0.09175270156213973,-0.7109611026659682
Darryl Sharpton,LB,HOU,00-0027703,2010,102,Rounds 4-7,FALSE,0.6429411764705881,0.9291057463447806,0,0.061,0.22670180210812646,0,0.22670180210812646,2.186777389138875,-3.875277998195149,-0.8050209414767096
Anthony Davis,OT,SFO,00-0027863,2010,11,Late 1st,TRUE,1.1035294117647059,1.5116841257050766,0.03,0.08149999999999999,0.3114069298952457,0.054000000000000006,0.3654069298952457,2.185548216406253,-0.6590268496124263,0.5624288068243084
Carson Wentz,QB,PHI,00-0032950,2016,2,Top 10,TRUE,0.8101470588235294,1.3024872328352564,0.043,0.146,0.5366247399281255,0.17,0.7066247399281256,2.1837957343462078,-0.293477891960363,0.37407124048736107
Trumaine Johnson,CB,LA,00-0029690,2012,65,Round 3,FALSE,0.6315686274509805,0.9126714269522841,0.006,0.08199999999999999,0.2774521137934943,0.1,0.3774521137934943,2.1804131583327258,-2.986769766952211,-0.2996236181936407
James Conner,RB,PIT,00-0033553,2017,105,Rounds 4-7,FALSE,0.37000000000000005,0.8747044917257685,0.005,0.06,0.19243498817966906,0.034,0.22643498817966906,2.1802300062036664,-5.507493653254559,-0.7649141963140151
Aaron Williams,S,BUF,00-0027972,2011,34,Round 2,TRUE,0.7682352941176471,1.0759597956829792,0.011000000000000001,0.053,0.18076124567474047,0.049,0.2297612456747405,2.179440902720605,-0.6092327658489395,-0.6534824271194798
Colin Kaepernick,QB,SFO,00-0027974,2011,36,Round 2,TRUE,1.0147058823529411,1.6313599394741818,0.011000000000000001,0.146,0.880934367316058,0.14300000000000002,1.0239343673160581,2.1777470656612445,-0.8256118902818692,-0.01984298098231734
Kamren Curl,S,WAS,00-0036349,2020,216,Rounds 4-7,TRUE,0.7598591549295775,1.0642285083047305,0.004,0.053,0.20858878762772717,0.04,0.24858878762772718,2.174086556920825,-2.184659545441944,-0.5511731411824057
Milton Williams,DL,PHI,00-0036916,2021,73,Round 3,FALSE,0.45333333333333325,0.8426270136307309,0.006999999999999999,0.075,0.22919454770755882,0.09300000000000001,0.32219454770755884,2.1729154061448432,-1.6980155086877986,-0.2673590110726486
Jaire Alexander,CB,GNB,00-0034728,2018,18,Late 1st,TRUE,0.6988405797101449,1.0098852307950072,0.017,0.08199999999999999,0.26257016000670186,0.10099999999999999,0.36357016000670184,2.172602737341398,-1.1362659091557372,0.08046471267687343
Vita Vea,DL,TAM,00-0034773,2018,12,Late 1st,FALSE,0.47014492753623194,0.8738753299929961,0.021,0.075,0.18875707127848712,0.09699999999999999,0.2857570712784871,2.172254767536195,-0.5579535424283915,0.23099991956812158
Kenny Vaccaro,S,NOR,00-0030060,2013,15,Late 1st,TRUE,0.7948529411764707,1.113239413412424,0.025,0.053,0.12468281430219147,0.032,0.15668281430219147,2.1714302455678944,-0.34508889186477487,-1.1099795447264003
Quinn Meinerz,IOL,DEN,00-0037001,2021,98,Round 3,TRUE,0.7711111111111112,1.0322772571768557,0.006,0.051,0.18580990629183403,0.07,0.25580990629183403,2.170678256151076,-1.1210940108268708,-0.4767011195371987
Kendall Reyes,DL,LAC,00-0029256,2012,49,Round 2,TRUE,0.6496078431372551,1.2074495225599535,0.009000000000000001,0.075,0.31876667395582775,0.019,0.33776667395582777,2.170141109946732,-1.5305933950960025,-0.22864968299216984
Cole Holcomb,LB,WAS,00-0035286,2019,173,Rounds 4-7,FALSE,0.6019999999999999,0.8699421965317918,0.004,0.061,0.1983468208092485,0.027000000000000003,0.2253468208092485,2.1688956133863164,-3.875277998195149,-0.8050209414767096
Nelson Agholor,WR,PHI,00-0031549,2015,20,Late 1st,TRUE,0.7599999999999997,1.1874999999999996,0.016,0.079,0.2992499999999999,0.06,0.3592499999999999,2.1608370761797855,-0.7067555359941448,0.12050516789925937
Cesar Ruiz,IOL,NOR,00-0036408,2020,24,Late 1st,TRUE,0.8367605633802816,1.1201613967607518,0.016,0.051,0.15682259554650524,0.049,0.20582259554650523,2.158291044065698,-0.09175270156213973,-0.7109611026659682
Nolan Carroll,CB,MIA,00-0027744,2010,145,Rounds 4-7,FALSE,0.6658823529411766,0.9622577354641281,0.004,0.08199999999999999,0.3002244134648079,0.02,0.3202244134648079,2.1564855628004937,-4.672744495348817,-0.6021907924538343
Kelvin Beachum,OT,PIT,00-0029316,2012,248,Rounds 4-7,FALSE,0.6817647058823528,0.93392425463336,0.004,0.08149999999999999,0.28951651893634156,0.057999999999999996,0.34751651893634156,2.1564775306522153,-3.1707480263226144,-0.4449332397639939
Will Hernandez,IOL,NYG,00-0034346,2018,34,Round 2,TRUE,0.821014492753623,1.0990823196166306,0.011000000000000001,0.051,0.17585317113866086,0.02,0.19585317113866085,2.1509493088738485,-0.22501695252083553,-0.7573076508456783
Hunter Renfrow,WR,LV,00-0034983,2019,149,Rounds 4-7,FALSE,0.475857142857143,0.7435267857142859,0.004,0.079,0.22305803571428576,0.076,0.29905803571428574,2.1497170118954942,-3.823139033302942,-0.6228278656929864
Malcom Brown,DL,NWE,00-0032261,2015,32,Late 1st,TRUE,0.5499999999999998,1.0223048327137543,0.013000000000000001,0.075,0.25353159851301105,0.03,0.283531598513011,2.149317013678155,-0.5579535424283915,0.23099991956812158
Patrick Peterson,CB,ARI,00-0027943,2011,5,Top 10,TRUE,0.933235294117647,1.3486059163549813,0.047,0.08199999999999999,0.18880482828969733,0.105,0.29380482828969734,2.1482781681439236,-0.39522957331232367,-0.6077512429479659
Braden Smith,OT,IND,00-0034836,2018,37,Round 2,TRUE,0.8091304347826087,1.1083978558665872,0.01,0.08149999999999999,0.3170017867778439,0.096,0.41300178677784394,2.148250941758574,-1.2393656537891447,0.4683486650469865
Damien Lewis,IOL,SEA,00-0036417,2020,69,Round 3,TRUE,0.8367605633802816,1.1201613967607518,0.006,0.051,0.20162905141693532,0.052000000000000005,0.2536290514169353,2.1475644608153255,-1.1210940108268708,-0.4767011195371987
Bilal Nichols,DL,CHI,00-0034387,2018,145,Rounds 4-7,FALSE,0.48043478260869565,0.8930014546630031,0.004,0.075,0.25361241312429283,0.027000000000000003,0.28061241312429286,2.145137572767794,-3.7779540498924526,-0.695540700768399
Trevon Diggs,CB,DAL,00-0036361,2020,51,Round 2,FALSE,0.663661971830986,0.9590490922413093,0.008,0.08199999999999999,0.2838785313034275,0.086,0.3698785313034275,2.1442572537421225,-1.8987142572552127,-0.038091475434602076
Byron Murphy,CB,ARI,00-0035236,2019,33,Round 2,TRUE,0.7442857142857143,1.0755573905862925,0.011000000000000001,0.08199999999999999,0.30545829892650705,0.064,0.36945829892650706,2.1411271616217094,-1.8987142572552127,-0.038091475434602076
Bilal Powell,RB,NYJ,00-0028064,2011,126,Rounds 4-7,FALSE,0.38323529411764706,0.9059936031150049,0.005,0.06,0.19931859268530108,0.024,0.22331859268530108,2.139406504833364,-5.507493653254559,-0.7649141963140151
Baker Mayfield,QB,CLE,00-0034855,2018,1,Top 10,TRUE,0.8771014492753623,1.4101309473880423,0.046,0.146,0.5640523789552169,0.131,0.6950523789552169,2.138718036683075,-0.293477891960363,0.37407124048736107
Lane Johnson,OT,PHI,00-0030561,2013,4,Top 10,TRUE,0.7498529411764706,1.0271958098307816,0.04,0.08149999999999999,0.1705145044319097,0.096,0.2665145044319097,2.1371510026757177,-0.3572700310319593,0.18380523620703798
Hayden Hurst,TE,BAL,00-0034830,2018,25,Late 1st,FALSE,0.4175362318840581,0.7819030559626555,0.016,0.048,0.10008359116321991,0.032,0.1320835911632199,2.13681078592329,-0.49999506910647257,-1.219820850957934
Tyson Campbell,CB,JAX,00-0036974,2021,33,Round 2,TRUE,0.7254166666666665,1.048289980732177,0.012,0.08199999999999999,0.29352119460500953,0.075,0.36852119460500954,2.134147159570892,-1.8987142572552127,-0.038091475434602076
Taylor Decker,OT,DET,00-0032381,2016,16,Late 1st,TRUE,0.815294117647059,1.1168412570507658,0.018000000000000002,0.08149999999999999,0.28367767929089444,0.075,0.35867767929089445,2.133745670897705,-0.6590268496124263,0.5624288068243084
Dalton Schultz,TE,DAL,00-0034383,2018,137,Rounds 4-7,FALSE,0.5142028985507247,0.9629267763122183,0.004,0.048,0.16947511263095041,0.053,0.2224751126309504,2.133202544065256,-2.3689887502760683,-0.586867207426399
Emmanuel Sanders,WR,PIT,00-0027685,2010,82,Round 3,TRUE,0.713529411764706,1.114889705882353,0.005,0.079,0.3300073529411765,0.071,0.4010073529411765,2.132058844221504,-1.4782442291920619,-0.03988217399875301
Andrew Luck,QB,IND,00-0029668,2012,1,Top 10,TRUE,0.8321568627450981,1.337872769686653,0.046,0.146,0.5351491078746612,0.158,0.6931491078746612,2.1313042445847192,-0.293477891960363,0.37407124048736107
Jerome Baker,LB,MIA,00-0034797,2018,73,Round 3,TRUE,0.77623188405797106,1.1217223758063166,0.005,0.061,0.25126581218061494,0.068,0.31926581218061495,2.129652827522641,-1.5009104241941897,-0.26024197516630576
Demario Davis,LB,NYJ,00-0029607,2012,77,Round 3,TRUE,0.8625490196078434,1.246458120820583,0.006,0.061,0.27422078658052823,0.045,0.3192207865805282,2.1292815476551046,-1.5009104241941897,-0.26024197516630576
Myles Jack,LB,JAX,00-0032968,2016,36,Round 2,TRUE,0.7019117647058822,1.014323359401564,0.01,0.061,0.20692196531791904,0.076,0.282921965317919,2.121744147812836,-0.9272530653358044,-0.35150887120124186
Jesse James,TE,PIT,00-0032135,2015,160,Rounds 4-7,TRUE,0.5798529411764707,1.0858669310420799,0.004,0.048,0.19111257986340605,0.03,0.22111257986340604,2.1165436732253453,-2.3689887502760683,-0.586867207426399
JuJu Smith-Schuster,WR,PIT,00-0033857,2017,62,Round 2,TRUE,0.718970588235294,1.123391544117647,0.006,0.079,0.3280303308823529,0.044000000000000004,0.3720303308823529,2.1150323288273123,-1.0961314210494868,0.22664173323619316
Ed Oliver,DL,BUF,00-0035230,2019,9,Top 10,TRUE,0.5625714285714284,1.04567180031864,0.026000000000000002,0.075,0.20495167286245342,0.076,0.28095167286245343,2.1130654482571685,0.47553610303479044,-0.2840537572894559
Isiah Pacheco,RB,KAN,00-0037197,2022,251,Rounds 4-7,FALSE,0.40652777777777777,0.9610585763068032,0.004,0.06,0.2152771210927239,0.006,0.2212771210927239,2.1126640652079627,-5.507493653254559,-0.7649141963140151
Jonathan Taylor,RB,IND,00-0036223,2020,41,Round 2,TRUE,0.4749295774647889,1.1227649585456003,0.01,0.06,0.22455299170912005,0.062,0.2865529917091201,2.1121036006456824,-1.5069658434565287,-0.4735968759125675
Charles Leno Jr.,OT,CHI,00-0031095,2014,246,Rounds 4-7,FALSE,0.6754411764705882,0.9252618855761483,0.004,0.08149999999999999,0.2868311845286059,0.055,0.3418311845286059,2.1103890548179014,-3.1707480263226144,-0.4449332397639939
Tua Tagovailoa,QB,MIA,00-0036212,2020,5,Top 10,TRUE,0.6907042253521126,1.1104569539423033,0.038,0.146,0.47971740410307495,0.20800000000000002,0.6877174041030749,2.1101461852237584,-0.293477891960363,0.37407124048736107
Dre'Mont Jones,DL,DEN,00-0035678,2019,71,Round 3,FALSE,0.46585714285714275,0.8659054699946891,0.006,0.075,0.23898990971853415,0.076,0.31498990971853413,2.1095844426295445,-1.6980155086877986,-0.2673590110726486
Mitchell Schwartz,OT,CLE,00-0029253,2012,37,Round 2,TRUE,0.9411764705882353,1.2892828364222402,0.011000000000000001,0.08149999999999999,0.3635777598710717,0.043,0.4065777598710717,2.1066209343112705,-1.2393656537891447,0.4683486650469865
Dalvin Tomlinson,DL,NYG,00-0033546,2017,55,Round 2,FALSE,0.5282352941176472,0.9818499890662588,0.006999999999999999,0.075,0.2670631970260224,0.063,0.3300631970260224,2.1065195261164047,-1.5305933950960025,-0.22864968299216984
Coty Sensabaugh,CB,TEN,00-0029529,2012,115,Rounds 4-7,FALSE,0.6349019607843136,0.9174883826362914,0.005,0.08199999999999999,0.2825864218519777,0.032,0.3145864218519777,2.1054486126431806,-4.672744495348817,-0.6021907924538343
Rodger Saffold,IOL,LA,00-0027648,2010,33,Round 2,FALSE,0.5294117647058824,0.7087172218284904,0,0.051,0.14457831325301204,0.048,0.19257831325301206,2.1023203886339634,-0.22501695252083553,-0.7573076508456783
James Cook,RB,BUF,00-0037248,2022,63,Round 2,TRUE,0.48777777777777787,1.1531389545573945,0.006999999999999999,0.06,0.24446545836616762,0.040999999999999995,0.2854654583661676,2.1019647670238277,-1.5069658434565287,-0.4735968759125675
Jamal Adams,S,NYJ,00-0033872,2017,6,Top 10,TRUE,0.8505882352941176,1.1913000494315373,0.033,0.053,0.09530400395452297,0.096,0.19130400395452296,2.1014998720757214,0.04699362656194641,-0.8053237074512822
Deone Bucannon,CB,ARI,00-0031366,2014,27,Late 1st,TRUE,0.7463235294117647,1.078502210132608,0,0.08199999999999999,0.3537487249234954,0,0.3537487249234954,2.0968202867227417,-1.1362659091557372,0.08046471267687343
Daryl Washington,LB,ARI,00-0027886,2010,47,Round 2,TRUE,0.6994117647058824,1.0107106426385584,0.008,0.061,0.21427065623937436,0.066,0.28027065623937436,2.0963956001222708,-0.9272530653358044,-0.35150887120124186
Sterling Shepard,WR,NYG,00-0032385,2016,40,Round 2,TRUE,0.7308823529411765,1.1420036764705883,0.01,0.079,0.3151930147058824,0.054000000000000006,0.3691930147058824,2.094553167430368,-1.0961314210494868,0.22664173323619316
Sauce Gardner,CB,NYJ,00-0037190,2022,4,Top 10,TRUE,0.7422222222222223,1.0725754656390496,0.04,0.08199999999999999,0.1801926782273603,0.10800000000000001,0.2881926782273603,2.091355672313111,-0.39522957331232367,-0.6077512429479659
Jaylen Watson,CB,KAN,00-0037195,2022,243,Rounds 4-7,FALSE,0.5694444444444443,0.8228965960179832,0.004,0.08199999999999999,0.2567437379576107,0.055999999999999994,0.3127437379576107,2.08876803336412,-4.672744495348817,-0.6021907924538343
Xavier McKinney,S,NYG,00-0036388,2020,36,Round 2,FALSE,0.6645070422535211,0.9306821320077326,0.011000000000000001,0.053,0.15635459817729908,0.066,0.22235459817729908,2.088117997372559,-0.6092327658489395,-0.6534824271194798
Tyler Lockett,WR,SEA,00-0032211,2015,69,Round 3,TRUE,0.6557352941176469,1.0245863970588232,0.006,0.079,0.29917922794117635,0.095,0.3941792279411763,2.086848807361384,-1.4782442291920619,-0.03988217399875301
Nick Chubb,RB,CLE,00-0034791,2018,35,Round 2,TRUE,0.45855072463768104,1.084044266282934,0.01,0.06,0.21680885325658678,0.067,0.2838088532565868,2.0865206027671666,-1.5069658434565287,-0.4735968759125675
Nate Davis,IOL,TEN,00-0035649,2019,82,Round 3,TRUE,0.8275714285714286,1.1078600114744694,0.005,0.051,0.20384624211130237,0.044000000000000004,0.24784624211130238,2.0862753432795786,-1.1210940108268708,-0.4767011195371987
Larry Warford,IOL,DET,00-0030065,2013,65,Round 3,TRUE,0.8169117647058824,1.0935900464603514,0.006,0.051,0.19684620836286323,0.051,0.24784620836286322,2.0862749855966696,-1.1210940108268708,-0.4767011195371987
Frank Ragnow,IOL,DET,00-0034345,2018,20,Late 1st,FALSE,0.6955072463768116,0.9310672642259861,0.017,0.051,0.1266251479347341,0.07400000000000001,0.2006251479347341,2.0858364737693567,-0.09175270156213973,-0.7109611026659682
Jim Dray,TE,ARI,00-0027825,2010,233,Rounds 4-7,TRUE,0.5923529411764706,1.1092751707424544,0,0.048,0.21298083278255125,0.005,0.21798083278255126,2.078253680231449,-2.3689887502760683,-0.586867207426399
Leighton Vander Esch,EDGE,DAL,00-0034674,2018,19,Late 1st,FALSE,0.566231884057971,0.9297732086337783,0,0.091,0.3384374479426953,0,0.3384374479426953,2.0738484548406264,-0.8808858659652598,0.5944072297042816
Xavier Woods,S,DAL,00-0033579,2017,191,Rounds 4-7,TRUE,0.7841176470588236,1.098203987477344,0.004,0.053,0.2152479815455594,0.024,0.2392479815455594,2.0702579009924604,-2.184659545441944,-0.5511731411824057
Anthony Hitchens,LB,DAL,00-0031348,2014,119,Rounds 4-7,FALSE,0.5154411764705882,0.7448571914314859,0.005,0.061,0.16684801088065285,0.051,0.21784801088065284,2.069933334227743,-3.875277998195149,-0.8050209414767096
Derek Stingley Jr.,CB,HOU,00-0037237,2022,3,Top 10,TRUE,0.7740277777777776,1.1185372511239562,0.042,0.08199999999999999,0.17896596017983293,0.107,0.28596596017983295,2.0687706830721093,-0.39522957331232367,-0.6077512429479659
Chris Godwin,WR,TAM,00-0033921,2017,84,Round 3,FALSE,0.6385294117647058,0.9977022058823528,0.005,0.079,0.2953198529411764,0.096,0.39131985294117644,2.067916457829573,-1.4782442291920619,-0.03988217399875301
Ricky Wagner,OT,BAL,00-0029893,2013,168,Rounds 4-7,FALSE,0.6667647058823529,0.9133763094278807,0.005,0.08149999999999999,0.27949315068493147,0.057,0.33649315068493146,2.0671159900933014,-3.1707480263226144,-0.4449332397639939
Derrick Henry,RB,TEN,00-0032764,2016,45,Round 2,TRUE,0.45308823529411774,1.0711305798915314,0.009000000000000001,0.06,0.2185106382978724,0.063,0.2815106382978724,2.0650948513227063,-1.5069658434565287,-0.4735968759125675
Odafe Oweh,EDGE,BAL,00-0036940,2021,31,Late 1st,FALSE,0.5220833333333335,0.8572796934865903,0.016,0.091,0.25718390804597707,0.08,0.3371839080459771,2.0633421559780056,-0.8808858659652598,0.5944072297042816
Tony Pollard,RB,DAL,00-0035261,2019,128,Rounds 4-7,FALSE,0.32571428571428573,0.7700101317122594,0.004,0.06,0.1724822695035461,0.045,0.2174822695035461,2.0629530675727565,-5.507493653254559,-0.7649141963140151
Tytus Howard,OT,HOU,00-0035234,2019,23,Late 1st,TRUE,0.7375714285714287,1.0103718199608611,0.016,0.08149999999999999,0.2647174168297456,0.083,0.3477174168297456,2.04937230923955,-0.6590268496124263,0.5624288068243084
Arik Armstead,DL,SFO,00-0032164,2015,17,Late 1st,FALSE,0.33676470588235297,0.6259567023835556,0,0.075,0.18778701071506668,0.086,0.27378701071506667,2.048880396423262,-0.5579535424283915,0.23099991956812158
Miles Sanders,RB,PHI,00-0035243,2019,53,Round 2,TRUE,0.5019999999999998,1.1867612293144203,0.006999999999999999,0.06,0.2515933806146571,0.027999999999999997,0.2795933806146571,2.0472206805799784,-1.5069658434565287,-0.4735968759125675
Nate Hobbs,CB,LV,00-0036871,2021,167,Rounds 4-7,FALSE,0.5956944444444444,0.860830122029544,0.005,0.08199999999999999,0.2651356775850995,0.043,0.30813567758509947,2.0470543587608176,-4.672744495348817,-0.6021907924538343
Cam Thomas,DL,LAC,00-0027745,2010,146,Rounds 4-7,FALSE,0.4852941176470588,0.902033675923901,0.004,0.075,0.2561775639623879,0.015,0.2711775639623879,2.0467045592981035,-3.7779540498924526,-0.695540700768399
Jonathan Allen,EDGE,WAS,00-0033523,2017,17,Late 1st,FALSE,0.5604411764705881,0.9202646575871726,0,0.091,0.3349763353617308,0,0.3349763353617308,2.0448398183640455,-0.8808858659652598,0.5944072297042816
Dalvin Cook,RB,MIN,00-0033893,2017,41,Round 2,TRUE,0.45529411764705874,1.076345431789737,0.01,0.06,0.21526908635794736,0.064,0.27926908635794734,2.044197356711694,-1.5069658434565287,-0.4735968759125675
Donald Butler,LB,LAC,00-0027682,2010,79,Round 3,TRUE,0.78117647058823525,1.1288677320639238,0.005,0.061,0.2528663719823189,0.055999999999999994,0.3088663719823189,2.0438993279171056,-1.5009104241941897,-0.26024197516630576
A.J. Cann,IOL,JAX,00-0032255,2015,67,Round 3,TRUE,0.8991176470588236,1.2036380817387196,0.006,0.051,0.21665485471296952,0.027000000000000003,0.24365485471296952,2.041852914436206,-1.1210940108268708,-0.4767011195371987
Andy Dalton,QB,CIN,00-0027973,2011,35,Round 2,TRUE,0.9779411764705882,1.5722526952903348,0.011000000000000001,0.146,0.8490164554567807,0.12,0.9690164554567807,2.041521254420472,-0.8256118902818692,-0.01984298098231734
Darron Lee,EDGE,NYJ,00-0033147,2016,20,Late 1st,FALSE,0.5589705882352941,0.9178498985801217,0,0.091,0.3340973630831643,0,0.3340973630831643,2.0374728845514434,-0.8808858659652598,0.5944072297042816
Zaven Collins,LB,ARI,00-0036933,2021,16,Late 1st,FALSE,0.5344444444444444,0.7723185613359024,0,0.061,0.18844572896596018,0.027000000000000003,0.21544572896596018,2.0347017086663244,-0.9970994700204313,-0.8036273004092015
Melvin Gordon,RB,LAC,00-0032144,2015,15,Late 1st,TRUE,0.5285294117647058,1.2494785148101792,0.019,0.06,0.20491447642886937,0.04,0.24491447642886938,2.031021015076697,-1.9934443824983996,-0.6590141737847004
Everson Griffen,EDGE,MIN,00-0027701,2010,100,Round 3,FALSE,0.5664705882352941,0.9301651695160822,0.005,0.091,0.31997681831353225,0.064,0.38397681831353225,2.0304830038943757,-2.5109073453087567,-0.29680159176202814
Odell Beckham Jr.,WR,NYG,00-0031235,2014,12,Late 1st,TRUE,0.6517647058823529,1.0183823529411764,0.02,0.079,0.24033823529411763,0.102,0.3423382352941176,2.030440757892188,-0.7067555359941448,0.12050516789925937
Grover Stewart,DL,IND,00-0033952,2017,144,Rounds 4-7,FALSE,0.41220588235294114,0.7661819374589983,0.004,0.075,0.2175956702383555,0.052000000000000005,0.2695956702383555,2.030200790814553,-3.7779540498924526,-0.695540700768399
Austin Corbett,IOL,CLE,00-0034261,2018,33,Round 2,FALSE,0.6797101449275362,0.9099198727276255,0.011000000000000001,0.051,0.14558717963642007,0.042,0.18758717963642008,2.028206198943019,-0.22501695252083553,-0.7573076508456783
Joe Mixon,RB,CIN,00-0033897,2017,48,Round 2,TRUE,0.44,1.0401891252955082,0.008,0.06,0.2163593380614657,0.061,0.27735933806146573,2.0263931943261246,-1.5069658434565287,-0.4735968759125675
Tyeler Davison,DL,NOR,00-0031947,2015,154,Rounds 4-7,FALSE,0.4717647058823529,0.8768860704132954,0.004,0.075,0.24903564399737585,0.02,0.26903564399737584,2.024358082619036,-3.7779540498924526,-0.695540700768399
Jeremy Kerley,WR,NYJ,00-0028091,2011,153,Rounds 4-7,FALSE,0.5614705882352942,0.8772977941176471,0.005,0.079,0.25968014705882353,0.026000000000000002,0.28568014705882355,2.0190302376882125,-3.823139033302942,-0.6228278656929864
Khalil Shakir,WR,BUF,00-0037261,2022,148,Rounds 4-7,FALSE,0.5147222222222223,0.8042534722222223,0.005,0.079,0.2380590277777778,0.047,0.2850590277777778,2.0129626079352416,-3.823139033302942,-0.6228278656929864
Kyle Dugger,S,NWE,00-0036231,2020,37,Round 2,FALSE,0.6759154929577464,0.9466603542825581,0.011000000000000001,0.053,0.15903893951946974,0.057,0.21603893951946973,2.0102468285314936,-0.6092327658489395,-0.6534824271194798
Riley Reiff,OT,DET,00-0029672,2012,23,Late 1st,TRUE,0.9127450980392158,1.2503357507386519,0.027000000000000003,0.08149999999999999,0.27257319366102606,0.07,0.34257319366102607,2.009771487324639,-0.6590268496124263,0.5624288068243084
Lloyd Cushenberry III,IOL,DEN,00-0036391,2020,83,Round 3,TRUE,0.7943661971830985,1.063408563832796,0.006,0.051,0.19141354148990325,0.049,0.24041354148990324,2.007499848893275,-1.1210940108268708,-0.4767011195371987
Amari Cooper,WR,LV,00-0031544,2015,4,Top 10,TRUE,0.7910294117647059,1.2359834558823528,0.04,0.079,0.19281341911764704,0.10099999999999999,0.293813419117647,2.0056428076261863,-0.07536017301982953,0.035482296742909314
Ben Powers,IOL,BAL,00-0034978,2019,123,Rounds 4-7,FALSE,0.5675714285714286,0.7598011091986996,0.004,0.051,0.1428426085293555,0.057999999999999996,0.2008426085293555,2.005305998326816,-2.4541091296547317,-0.6606857915206148
Breece Hall,RB,NYJ,00-0038120,2022,36,Round 2,TRUE,0.4915277777777777,1.1620042027843445,0.011000000000000001,0.06,0.2277528237457315,0.047,0.2747528237457315,2.0020932359372936,-1.5069658434565287,-0.4735968759125675
Rahim Moore,S,DEN,00-0027983,2011,45,Round 2,TRUE,0.7597058823529411,1.0640138408304498,0.009000000000000001,0.053,0.18726643598615916,0.027999999999999997,0.21526643598615916,2.0007219703445847,-0.6092327658489395,-0.6534824271194798
Taylor Moton,OT,CAR,00-0033284,2017,64,Round 2,FALSE,0.7183823529411764,0.9840854149879128,0.006,0.08149999999999999,0.2971937953263496,0.09300000000000001,0.3901937953263496,2.0004469447076327,-1.2393656537891447,0.4683486650469865
Kenneth Walker III,RB,SEA,00-0038134,2022,41,Round 2,TRUE,0.4786111111111113,1.131468347780405,0.01,0.06,0.226293669556081,0.048,0.274293669556081,1.9978126426425578,-1.5069658434565287,-0.4735968759125675
Brandon Williams,DL,BAL,00-0030511,2013,94,Round 3,FALSE,0.4583823529411766,0.8520118084408486,0.005,0.075,0.23856330636343756,0.063,0.30156330636343753,1.9915605074212304,-1.6980155086877986,-0.2673590110726486
Nik Bonitto,EDGE,DEN,00-0037249,2022,64,Round 2,FALSE,0.49305555555555564,0.809615033752965,0.006999999999999999,0.091,0.2720306513409962,0.095,0.3670306513409962,1.9891987618710698,-1.9473356770209531,-0.00936591860581865
Nigel Bradham,LB,BUF,00-0029272,2012,105,Rounds 4-7,FALSE,0.5149019607843137,0.7440779780120141,0.005,0.061,0.16667346707469116,0.045,0.21167346707469115,1.9884474806561945,-3.875277998195149,-0.8050209414767096
Eric Fisher,OT,KAN,00-0030584,2013,1,Top 10,TRUE,0.8829411764705881,1.209508460918614,0.045,0.08149999999999999,0.1765882352941176,0.077,0.2535882352941176,1.9878362820082065,-0.3572700310319593,0.18380523620703798
Lance Kendricks,TE,LA,00-0027985,2011,47,Round 2,TRUE,0.5523529411764706,1.0343688037012557,0.009000000000000001,0.048,0.1613615333773959,0.032,0.1933615333773959,1.985573228698411,-0.36078026178736594,-0.6556584315197126
Roy Helu,RB,WAS,00-0028043,2011,105,Rounds 4-7,FALSE,0.3794117647058823,0.8969545264914475,0.005,0.06,0.19732999582811844,0.013999999999999999,0.21132999582811846,1.982360808575722,-5.507493653254559,-0.7649141963140151
Ryan Kelly,IOL,IND,00-0032383,2016,18,Late 1st,FALSE,0.7145588235294117,0.9565713835735097,0.017,0.051,0.1300937081659973,0.063,0.1930937081659973,1.9808450870508578,-0.09175270156213973,-0.7109611026659682
Jordyn Brooks,LB,SEA,00-0036409,2020,27,Late 1st,FALSE,0.6663380281690141,0.9629162256777661,0.015,0.061,0.17717658552470897,0.034,0.21117658552470897,1.9784590821294006,-0.9970994700204313,-0.8036273004092015
Myles Garrett,EDGE,CLE,00-0033868,2017,1,Top 10,TRUE,0.6239705882352942,1.0245822466917802,0.046,0.091,0.18442480440452044,0.126,0.31042480440452047,1.9763991297968508,-0.35588035012977776,0.265142802793857
Greg Gaines,DL,LA,00-0035667,2019,134,Rounds 4-7,FALSE,0.469142857142857,0.8720127456186932,0.004,0.075,0.24765161975570885,0.016,0.26365161975570883,1.9681869958738456,-3.7779540498924526,-0.695540700768399
Shaq Thompson,LB,CAR,00-0031550,2015,25,Late 1st,FALSE,0.5202941176470589,0.7518701122067326,0.015,0.061,0.1383441006460388,0.07200000000000001,0.2103441006460388,1.9674917448232172,-0.9970994700204313,-0.8036273004092015
Taylor Lewan,OT,TEN,00-0031442,2014,11,Late 1st,TRUE,0.7577941176470587,1.038074133763094,0.022000000000000002,0.08149999999999999,0.24706164383561632,0.09,0.3370616438356163,1.9673429425370808,-0.6590268496124263,0.5624288068243084
Randall Cobb,WR,GNB,00-0028002,2011,64,Round 2,FALSE,0.6252941176470589,0.9770220588235295,0.006999999999999999,0.079,0.28138235294117653,0.07,0.35138235294117653,1.965999494106751,-1.0961314210494868,0.22664173323619316
Anthony Brown,CB,DAL,00-0033047,2016,189,Rounds 4-7,FALSE,0.6052941176470586,0.8747024821489288,0.004,0.08199999999999999,0.27290717443046575,0.026000000000000002,0.29890717443046577,1.9635149199191881,-4.672744495348817,-0.6021907924538343
Mohamed Sanu,WR,CIN,00-0029632,2012,83,Round 3,TRUE,0.7309803921568626,1.1421568627450978,0.006,0.079,0.33350980392156854,0.042,0.3755098039215685,1.963235758671786,-1.4782442291920619,-0.03988217399875301
Bryan Cook,S,KAN,00-0037193,2022,62,Round 2,FALSE,0.6474999999999997,0.9068627450980389,0.006999999999999999,0.053,0.16686274509803914,0.045,0.21186274509803915,1.9587549480288655,-0.6092327658489395,-0.6534824271194798
Jaylen Waddle,WR,MIA,00-0036613,2021,6,Top 10,TRUE,0.6750000000000002,1.0546875000000002,0.037000000000000005,0.079,0.17718750000000003,0.111,0.28818750000000004,1.953115436380279,-0.07536017301982953,0.035482296742909314
Travis Jones,DL,BAL,00-0037756,2022,76,Round 3,FALSE,0.48569444444444454,0.9027777777777779,0.006,0.075,0.24916666666666668,0.048,0.2971666666666667,1.9529127046238823,-1.6980155086877986,-0.2673590110726486
Ricardo Allen,S,ATL,00-0031181,2014,147,Rounds 4-7,FALSE,0.7098529411764706,0.9941917943648048,0.005,0.053,0.1908848245180425,0.037000000000000005,0.2278848245180425,1.943949602662364,-2.184659545441944,-0.5511731411824057
Donte Jackson,CB,CAR,00-0034356,2018,55,Round 2,FALSE,0.6618840579710144,0.9564798525592694,0.006999999999999999,0.08199999999999999,0.28694395576778076,0.055999999999999994,0.34294395576778075,1.943635627991567,-1.8987142572552127,-0.038091475434602076
Laken Tomlinson,IOL,DET,00-0032234,2015,28,Late 1st,TRUE,0.8239705882352942,1.1030396094180646,0.015,0.051,0.1588377037562013,0.031,0.1898377037562013,1.935455038316077,-0.09175270156213973,-0.7109611026659682
Jamel Dean,CB,TAM,00-0035699,2019,94,Round 3,FALSE,0.643,0.9291907514450868,0.005,0.08199999999999999,0.28619075144508666,0.057999999999999996,0.34419075144508665,1.9349469431909005,-2.986769766952211,-0.2996236181936407
Rachaad White,RB,TAM,00-0037256,2022,91,Round 3,TRUE,0.5543055555555555,1.3104150249540318,0.006,0.06,0.2830496453900709,0.006999999999999999,0.2900496453900709,1.92936770099453,-2.0095141915817347,0.0018317536535283545
Derek Carr,QB,LV,00-0031280,2014,36,Round 2,TRUE,0.8845588235294118,1.4221202950633631,0.01,0.146,0.7736334405144695,0.15,0.9236334405144695,1.9289470902222743,-0.8256118902818692,-0.01984298098231734
Dont'a Hightower,LB,NWE,00-0029669,2012,25,Late 1st,TRUE,0.7627450980392155,1.1022328006347046,0.026000000000000002,0.061,0.15431259208885864,0.053,0.20731259208885863,1.9275539901023304,-0.9970994700204313,-0.8036273004092015
Paulson Adebo,CB,NOR,00-0036937,2021,76,Round 3,FALSE,0.6437500000000002,0.9302745664739888,0.006999999999999999,0.08199999999999999,0.27908236994219654,0.064,0.34308236994219654,1.926767175639658,-2.986769766952211,-0.2996236181936407
Luke Joeckel,IOL,JAX,00-0030545,2013,2,Top 10,FALSE,0.5330882352941176,0.7136388692022994,0,0.051,0.14558232931726905,0.048,0.19358232931726904,1.9260272893103387,0.14416946758625349,-0.6889170083359715
James Carpenter,IOL,SEA,00-0027963,2011,25,Late 1st,TRUE,0.8329411764705883,1.1150484290101583,0.016,0.051,0.15610678006142215,0.033,0.18910678006142215,1.9252656595708835,-0.09175270156213973,-0.7109611026659682
Morgan Moses,OT,WAS,00-0031330,2014,66,Round 3,FALSE,0.7188235294117646,0.9846897663174858,0.008,0.08149999999999999,0.28949879129734074,0.048,0.33749879129734073,1.919843067559593,-1.9161133628566525,-0.13046393182271215
Avonte Maddox,CB,PHI,00-0034377,2018,125,Rounds 4-7,FALSE,0.5610144927536233,0.8107145849040799,0.004,0.08199999999999999,0.25294295049007287,0.040999999999999995,0.29394295049007285,1.9185771358261763,-4.672744495348817,-0.6021907924538343
Laurent Duvernay-Tardif,IOL,KAN,00-0031022,2014,200,Rounds 4-7,FALSE,0.5761764705882353,0.7713205764233404,0.004,0.051,0.14500826836758798,0.049,0.194008268367588,1.9138437403248585,-2.4541091296547317,-0.6606857915206148
B.J. Hill,DL,NYG,00-0034800,2018,69,Round 3,FALSE,0.47608695652173905,0.8849199935348309,0.006,0.075,0.24423791821561328,0.048,0.2922379182156133,1.9095875037178474,-1.6980155086877986,-0.2673590110726486
Bobby Massie,OT,ARI,00-0029528,2012,112,Rounds 4-7,FALSE,0.6629411764705883,0.9081385979049155,0.005,0.08149999999999999,0.2778904109589041,0.039,0.3168904109589041,1.9082053031651804,-3.1707480263226144,-0.4449332397639939
DaQuan Jones,DL,TEN,00-0031054,2014,112,Rounds 4-7,FALSE,0.4186764705882352,0.7782090531379836,0.005,0.075,0.2178985348786354,0.04,0.2578985348786354,1.9081655295547273,-3.7779540498924526,-0.695540700768399
Jalen Hurts,QB,PHI,00-0036389,2020,53,Round 2,TRUE,0.7754929577464789,1.2467732439654,0.008,0.146,0.6882188306689008,0.22699999999999998,0.9152188306689008,1.9080743546487795,-0.8256118902818692,-0.01984298098231734
Courtland Sutton,WR,DEN,00-0034348,2018,40,Round 2,FALSE,0.6057971014492752,0.9465579710144926,0.01,0.079,0.26125,0.08199999999999999,0.34324999999999994,1.9073018523703806,-1.0961314210494868,0.22664173323619316
Rashawn Slater,OT,LAC,00-0037009,2021,13,Late 1st,FALSE,0.7080555555555555,0.9699391171993912,0.023,0.08149999999999999,0.2269657534246575,0.102,0.3289657534246575,1.9050198465336825,-0.6590268496124263,0.5624288068243084
Cordell Volson,OT,CIN,00-0038095,2022,136,Rounds 4-7,FALSE,0.7083333333333334,0.9703196347031964,0,0.08149999999999999,0.316324200913242,0,0.316324200913242,1.9036152903119108,-3.1707480263226144,-0.4449332397639939
Timmy Jernigan,DL,BAL,00-0031170,2014,48,Round 2,FALSE,0.46838235294117636,0.8705991690356437,0.008,0.075,0.23332057730155253,0.07200000000000001,0.30532057730155254,1.9021748296467254,-1.5305933950960025,-0.22864968299216984
Dylan Parham,IOL,LV,00-0037255,2022,90,Round 3,TRUE,0.8436111111111111,1.1293321433883683,0.006,0.051,0.20327978580990627,0.027000000000000003,0.23027978580990627,1.900097216344959,-1.1210940108268708,-0.4767011195371987
David Edwards,OT,LA,00-0035668,2019,169,Rounds 4-7,FALSE,0.7071428571428572,0.9686888454011743,0,0.08149999999999999,0.3157925636007828,0,0.3157925636007828,1.8993055432204193,-3.1707480263226144,-0.4449332397639939
Jordan Davis,DL,PHI,00-0037073,2022,13,Late 1st,FALSE,0.4231944444444443,0.7866067740603053,0.02,0.075,0.17305349029326714,0.086,0.25905349029326713,1.897023285367872,-0.5579535424283915,0.23099991956812158
Christian Kirksey,LB,CLE,00-0031361,2014,71,Round 3,TRUE,0.7352941176470589,1.0625637538252297,0.006,0.061,0.23376402584155054,0.057,0.29076402584155053,1.8946278764695546,-1.5009104241941897,-0.26024197516630576
Dan Feeney,IOL,LAC,00-0033910,2017,71,Round 3,TRUE,0.8742647058823529,1.170367745491771,0.006,0.051,0.21066619418851876,0.019,0.22966619418851875,1.8935940641546323,-1.1210940108268708,-0.4767011195371987
Latavius Murray,RB,LV,00-0030513,2013,181,Rounds 4-7,FALSE,0.32955882352941174,0.7790988735919899,0.004,0.06,0.17451814768460572,0.03,0.20451814768460572,1.8931283948709974,-5.507493653254559,-0.7649141963140151
Tarik Cohen,RB,CHI,00-0033556,2017,119,Rounds 4-7,FALSE,0.3372058823529412,0.7971770268391045,0.005,0.06,0.17537894590460298,0.028999999999999998,0.20437894590460298,1.8913049087098344,-5.507493653254559,-0.7649141963140151
DeMarcus Lawrence,EDGE,DAL,00-0031411,2014,34,Round 2,FALSE,0.45352941176470574,0.7447116777745578,0.01,0.091,0.24128658359895674,0.11199999999999999,0.3532865835989567,1.890152940681586,-1.9473356770209531,-0.00936591860581865
Earl Mitchell,DL,HOU,00-0027684,2010,81,Round 3,FALSE,0.4994117647058824,0.928274655587142,0.005,0.075,0.2599169035643997,0.03,0.2899169035643997,1.8891850776114414,-1.6980155086877986,-0.2673590110726486
Jared Crick,EDGE,HOU,00-0029417,2012,126,Rounds 4-7,FALSE,0.5360784313725491,0.8802601500370264,0,0.091,0.3204146946134776,0,0.3204146946134776,1.8891676729873756,-3.8204197934098256,-0.6044285050354133
Eddie Lacy,RB,GNB,00-0030485,2013,61,Round 2,TRUE,0.4730882352941176,1.1184119037685996,0.006999999999999999,0.06,0.2371033235989431,0.025,0.2621033235989431,1.884164734508794,-1.5069658434565287,-0.4735968759125675
Eli Apple,CB,NYG,00-0032379,2016,10,Top 10,TRUE,0.7476470588235293,1.0804148248894934,0.024,0.08199999999999999,0.25065623937436243,0.017,0.26765623937436245,1.8830602165599721,-0.39522957331232367,-0.6077512429479659
Chigoziem Okonkwo,TE,TEN,00-0037809,2022,143,Rounds 4-7,FALSE,0.53375,0.9995318352059923,0.005,0.048,0.1719194756554307,0.03,0.2019194756554307,1.8818811009674625,-2.3689887502760683,-0.586867207426399
Jordan Mills,OT,CHI,00-0030046,2013,163,Rounds 4-7,FALSE,0.7089705882352941,0.9711925866236906,0.005,0.08149999999999999,0.29718493150684927,0.016,0.3131849315068493,1.8781666303391449,-3.1707480263226144,-0.4449332397639939
Brandon Linder,IOL,JAX,00-0031369,2014,93,Round 3,FALSE,0.6741176470588235,0.9024332624616112,0.005,0.051,0.16604772029293646,0.062,0.22804772029293646,1.8764406649031202,-1.1210940108268708,-0.4767011195371987
Melvin Ingram,EDGE,LAC,00-0029249,2012,18,Late 1st,FALSE,0.5205882352941176,0.854824688496088,0.027000000000000003,0.091,0.21883512025499852,0.096,0.3148351202549985,1.8760301730375095,-0.8808858659652598,0.5944072297042816
Star Lotulelei,DL,CAR,00-0030455,2013,14,Late 1st,TRUE,0.5622058823529412,1.0449923463809316,0.027000000000000003,0.075,0.20063853050513886,0.055999999999999994,0.25663853050513885,1.8721325052799378,-0.5579535424283915,0.23099991956812158
Kareem Hunt,RB,KAN,00-0033923,2017,86,Round 3,TRUE,0.48588235294117654,1.148658044778195,0.005,0.06,0.25270476985120294,0.03,0.28270476985120296,1.8677681031838558,-2.0095141915817347,0.0018317536535283545
Adoree' Jackson,CB,TEN,00-0033878,2017,18,Late 1st,FALSE,0.6733823529411764,0.9730958857531452,0.017,0.08199999999999999,0.2530049302958177,0.071,0.32400493029581773,1.8673163874975012,-1.1362659091557372,0.08046471267687343
Andre Cisco,S,JAX,00-0036941,2021,65,Round 3,FALSE,0.6613888888888888,0.9263149704326175,0.006999999999999999,0.053,0.17044195455960162,0.03,0.20044195455960162,1.8641957033258194,-0.9517824670434979,-0.6701102991437132
Michael Danna,EDGE,KAN,00-0036378,2020,177,Rounds 4-7,FALSE,0.5309859154929577,0.8718980549966465,0,0.091,0.3173708920187793,0,0.3173708920187793,1.8641027856899546,-3.8204197934098256,-0.6044285050354133
Robert Woods,WR,BUF,00-0030431,2013,41,Round 2,TRUE,0.6867647058823529,1.0730698529411764,0.01,0.079,0.29616727941176474,0.040999999999999995,0.3371672794117647,1.8633980330879114,-1.0961314210494868,0.22664173323619316
Stephen Paea,DL,CHI,00-0027991,2011,53,Round 2,FALSE,0.5291176470588235,0.9834900502952109,0.008,0.075,0.26357533347911655,0.037000000000000005,0.3005753334791166,1.8629847430929025,-1.5305933950960025,-0.22864968299216984
Dalton Risner,OT,DEN,00-0035702,2019,41,Round 2,TRUE,0.8261428571428572,1.1317025440313113,0,0.08149999999999999,0.36893502935420747,0,0.36893502935420747,1.862682486590595,-1.2393656537891447,0.4683486650469865
Anthony Walker,LB,IND,00-0033570,2017,161,Rounds 4-7,FALSE,0.5522058823529411,0.7979853791227474,0.004,0.061,0.18194066643998638,0.02,0.20194066643998637,1.8600030818011921,-3.875277998195149,-0.8050209414767096
Abraham Lucas,OT,SEA,00-0037812,2022,72,Round 3,FALSE,0.6623611111111111,0.9073439878234398,0.006,0.08149999999999999,0.27401788432267876,0.055,0.32901788432267876,1.856241163896653,-1.9161133628566525,-0.13046393182271215
Kenny Golladay,WR,DET,00-0033932,2017,96,Round 3,FALSE,0.5619117647058824,0.8779871323529413,0.005,0.079,0.2598841911764706,0.099,0.35888419117647063,1.8531550901093417,-1.4782442291920619,-0.03988217399875301
Kendall Fuller,CB,WAS,00-0033084,2016,84,Round 3,FALSE,0.6355882352941177,0.9184801088065285,0.005,0.08199999999999999,0.28289187351241074,0.05,0.33289187351241073,1.8515621205119155,-2.986769766952211,-0.2996236181936407
Kenneth Murray,LB,LAC,00-0036441,2020,23,Late 1st,FALSE,0.6585915492957746,0.9517218920459171,0.016,0.061,0.17130994056826507,0.03,0.20130994056826507,1.8484737501549238,-0.9970994700204313,-0.8036273004092015
Rasheed Walker,IOL,GNB,00-0037196,2022,249,Rounds 4-7,FALSE,0.6922222222222222,0.9266696415290793,0,0.051,0.18904060687193217,0,0.18904060687193217,1.847362774111939,-2.4541091296547317,-0.6606857915206148
Hunter Henry,TE,LAC,00-0033090,2016,35,Round 2,FALSE,0.4047058823529413,0.757876184181538,0.01,0.048,0.11519717999559377,0.068,0.18319717999559376,1.8467327287874848,-0.36078026178736594,-0.6556584315197126
Kyle Fuller,CB,CHI,00-0031041,2014,14,Late 1st,FALSE,0.6548529411764705,0.9463192791567494,0.018000000000000002,0.08199999999999999,0.2422577354641278,0.079,0.3212577354641278,1.8461189601451222,-1.1362659091557372,0.08046471267687343
Tyler Boyd,WR,CIN,00-0033009,2016,55,Round 2,FALSE,0.6166176470588235,0.9634650735294117,0.006999999999999999,0.079,0.2774779411764706,0.057,0.3344779411764706,1.843986945868131,-1.0961314210494868,0.22664173323619316
Michael Gallup,WR,DAL,00-0034764,2018,81,Round 3,TRUE,0.6531884057971012,1.0206068840579707,0.005,0.079,0.3020996376811593,0.055,0.3570996376811593,1.841339294513643,-1.4782442291920619,-0.03988217399875301
Jimmy Wilson,CB,MIA,00-0028173,2011,235,Rounds 4-7,FALSE,0.5991176470588235,0.865776946616797,0.004,0.08199999999999999,0.27012240734444065,0.015,0.28512240734444066,1.838730684856009,-4.672744495348817,-0.6021907924538343
Bennie Logan,DL,PHI,00-0030507,2013,67,Round 3,FALSE,0.46014705882352963,0.8552919308987539,0.006,0.075,0.23606057292805604,0.048,0.28406057292805603,1.8377061466188218,-1.6980155086877986,-0.2673590110726486
Xavien Howard,CB,MIA,00-0033050,2016,38,Round 2,FALSE,0.5829411764705883,0.8424005440326421,0.01,0.08199999999999999,0.2426113566814009,0.086,0.3286113566814009,1.8368795617548843,-1.8987142572552127,-0.038091475434602076
Rueben Randle,WR,NYG,00-0029262,2012,63,Round 2,TRUE,0.7252941176470589,1.1332720588235294,0.006999999999999999,0.079,0.3263823529411765,0.006999999999999999,0.3333823529411765,1.8360792165564503,-1.0961314210494868,0.22664173323619316
Charles Brown,OT,NOR,00-0027669,2010,64,Round 2,TRUE,0.8041176470588235,1.1015310233682514,0,0.08149999999999999,0.3590991136180499,0.005,0.3640991136180499,1.8313440113580988,-1.2393656537891447,0.4683486650469865
Denzel Ward,CB,CLE,00-0034856,2018,4,Top 10,TRUE,0.697391304347826,1.0077909022367428,0.040999999999999995,0.08199999999999999,0.1652777079668258,0.09699999999999999,0.2622777079668258,1.8285072505450355,-0.39522957331232367,-0.6077512429479659
Isaiah Likely,TE,BAL,00-0037838,2022,139,Rounds 4-7,FALSE,0.47625,0.8918539325842696,0.005,0.048,0.15339887640449437,0.044000000000000004,0.19739887640449438,1.8266104455864032,-2.3689887502760683,-0.586867207426399
Terrance Williams,WR,DAL,00-0030542,2013,74,Round 3,TRUE,0.7223529411764704,1.128676470588235,0.006,0.079,0.3295735294117646,0.025,0.3545735294117646,1.8246135538495536,-1.4782442291920619,-0.03988217399875301
Marcus Gilbert,OT,PIT,00-0028001,2011,63,Round 2,TRUE,0.7788235294117647,1.0668815471394038,0.006999999999999999,0.08149999999999999,0.31793070104754223,0.045,0.3629307010475422,1.8237722771923406,-1.2393656537891447,0.4683486650469865
Christian Darrisaw,OT,MIN,00-0036616,2021,23,Late 1st,FALSE,0.6219444444444444,0.8519786910197868,0.018000000000000002,0.08149999999999999,0.2164025875190258,0.102,0.3184025875190258,1.82370337985506,-0.6590268496124263,0.5624288068243084
Jerry Hughes,EDGE,IND,00-0027881,2010,31,Late 1st,FALSE,0.4917647058823529,0.8074954119578865,0.015,0.091,0.24547860523519752,0.063,0.30847860523519754,1.8227542887217354,-0.8808858659652598,0.5944072297042816
Giovani Bernard,RB,CIN,00-0030456,2013,37,Round 2,TRUE,0.4791176470588236,1.132665832290363,0.011000000000000001,0.06,0.22200250312891115,0.033,0.25500250312891115,1.817965350562679,-1.5069658434565287,-0.4735968759125675
Ronald Darby,CB,BUF,00-0032195,2015,50,Round 2,FALSE,0.6330882352941175,0.9148673920435225,0.008,0.08199999999999999,0.2708007480448826,0.055,0.32580074804488257,1.8159448017747017,-1.8987142572552127,-0.038091475434602076
Carl Lawson,EDGE,CIN,00-0033463,2017,116,Rounds 4-7,FALSE,0.4063235294117647,0.6671979136482179,0.005,0.091,0.22951608229498693,0.08199999999999999,0.31151608229498695,1.8158900184985765,-3.8204197934098256,-0.6044285050354133
Aaron Colvin,CB,JAX,00-0031259,2014,114,Rounds 4-7,FALSE,0.5267647058823529,0.7612206732403944,0.005,0.08199999999999999,0.23445596735804144,0.048,0.28245596735804146,1.8145931951205445,-4.672744495348817,-0.6021907924538343
Logan Wilson,LB,CIN,00-0036294,2020,65,Round 3,TRUE,0.758169014084507,1.0956199625498657,0.006,0.061,0.24103639176097047,0.04,0.28103639176097045,1.8144140717468251,-1.5009104241941897,-0.26024197516630576
Taylor Rapp,S,LA,00-0035663,2019,61,Round 2,FALSE,0.7067142857142857,0.989795918367347,0.006,0.053,0.18608163265306124,0.013999999999999999,0.20008163265306123,1.813495514921098,-0.6092327658489395,-0.6534824271194798
Von Miller,EDGE,DEN,00-0027940,2011,2,Top 10,TRUE,0.6444117647058822,1.0581473968897903,0.051,0.091,0.16930358350236646,0.12300000000000001,0.29230358350236646,1.8131779966206427,-0.35588035012977776,0.265142802793857
Joe Schobert,LB,CLE,00-0033125,2016,99,Round 3,TRUE,0.7000000000000001,1.0115606936416186,0.005,0.061,0.22658959537572257,0.054000000000000006,0.2805895953757226,1.8107298009672896,-1.5009104241941897,-0.26024197516630576
Rashan Gary,EDGE,GNB,00-0034967,2019,12,Late 1st,FALSE,0.435,0.7142857142857143,0.021,0.091,0.19999999999999998,0.107,0.307,1.8103616488532388,-0.8808858659652598,0.5944072297042816
Jaquan Brisker,S,CHI,00-0038135,2022,48,Round 2,TRUE,0.7376388888888888,1.0331076875194523,0.009000000000000001,0.053,0.18182695300342358,0.018000000000000002,0.19982695300342357,1.8103553512308497,-0.6092327658489395,-0.6534824271194798
Allen Robinson,WR,JAX,00-0031428,2014,61,Round 2,FALSE,0.5561764705882352,0.8690257352941174,0.006999999999999999,0.079,0.25027941176470586,0.079,0.3292794117647059,1.8064650356442493,-1.0961314210494868,0.22664173323619316
Daryl Worley,CB,CAR,00-0032891,2016,77,Round 3,TRUE,0.6963235294117647,1.0062478748724923,0.005,0.08199999999999999,0.30992434546072756,0.016,0.32592434546072757,1.8001423163010688,-2.986769766952211,-0.2996236181936407
Jerry Tillery,DL,LAC,00-0035674,2019,28,Late 1st,FALSE,0.526,0.9776951672862453,0.015,0.075,0.23464684014869885,0.015,0.24964684014869887,1.8000697620572204,-0.5579535424283915,0.23099991956812158
Akiem Hicks,EDGE,NOR,00-0029657,2012,89,Round 3,FALSE,0.5864705882352941,0.9630058920119772,0,0.091,0.35053414469235966,0,0.35053414469235966,1.798707736542306,-2.5109073453087567,-0.29680159176202814
K.J. Osborn,WR,MIN,00-0036345,2020,176,Rounds 4-7,FALSE,0.5269014084507043,0.8232834507042255,0.004,0.079,0.24698503521126763,0.016,0.26298503521126765,1.7973247777298844,-3.823139033302942,-0.6228278656929864
Nyheim Hines,RB,IND,00-0034367,2018,104,Rounds 4-7,FALSE,0.3475362318840579,0.8215986569363072,0,0.06,0.1971836776647137,0,0.1971836776647137,1.7970498491765823,-5.507493653254559,-0.7649141963140151
Andrew Van Ginkel,EDGE,MIA,00-0035272,2019,151,Rounds 4-7,FALSE,0.3975714285714286,0.6528266479005396,0.004,0.091,0.22718367346938775,0.08199999999999999,0.30918367346938774,1.7966832655879301,-3.8204197934098256,-0.6044285050354133
Da'Norris Searcy,S,BUF,00-0028038,2011,100,Round 3,FALSE,0.571764705882353,0.800790904597133,0.005,0.053,0.15375185368264954,0.040999999999999995,0.19475185368264952,1.792252397650116,-0.9517824670434979,-0.6701102991437132
Liam Eichenberg,IOL,MIA,00-0037010,2021,42,Round 2,TRUE,0.7638888888888888,1.0226089543358619,0.011000000000000001,0.051,0.16361743269373788,0.008,0.1716174326937379,1.7910687177319877,-0.22501695252083553,-0.7573076508456783
Sean Davis,CB,PIT,00-0033053,2016,58,Round 2,FALSE,0.6801470588235294,0.9828714722883374,0,0.08199999999999999,0.32238184291057465,0,0.32238184291057465,1.7904791579807608,-1.8987142572552127,-0.038091475434602076
Steven Nelson,CB,KAN,00-0032150,2015,98,Round 3,FALSE,0.6280882352941176,0.9076419585175111,0.005,0.08199999999999999,0.27955372322339334,0.045,0.3245537232233933,1.7900272329360676,-2.986769766952211,-0.2996236181936407
Boye Mafe,EDGE,SEA,00-0038133,2022,40,Round 2,FALSE,0.5130555555555554,0.8424557562488594,0.01,0.091,0.2729556650246304,0.066,0.3389556650246304,1.786878013255832,-1.9473356770209531,-0.00936591860581865
Tracy Walker,S,DET,00-0034745,2018,82,Round 3,FALSE,0.5733333333333334,0.8029878618113913,0.005,0.053,0.15417366946778713,0.04,0.19417366946778714,1.7849420731749914,-0.9517824670434979,-0.6701102991437132
Ikem Ekwonu,OT,CAR,00-0037229,2022,6,Top 10,TRUE,0.8880555555555555,1.2165144596651445,0.033,0.08149999999999999,0.23600380517503797,0,0.23600380517503797,1.7847139237051968,-0.3572700310319593,0.18380523620703798
Kevin Zeitler,IOL,CIN,00-0029592,2012,27,Late 1st,TRUE,0.7994117647058823,1.0701630049610205,0.026000000000000002,0.051,0.10701630049610202,0.07200000000000001,0.179016300496102,1.7846001992142475,-0.09175270156213973,-0.7109611026659682
Drew Dalman,IOL,ATL,00-0036957,2021,114,Rounds 4-7,FALSE,0.5572222222222222,0.7459467499628142,0.006,0.051,0.13427041499330655,0.05,0.18427041499330654,1.783524494191019,-2.4541091296547317,-0.6606857915206148
Mychal Kendricks,LB,PHI,00-0029409,2012,46,Round 2,FALSE,0.6537254901960784,0.9446900147342174,0.009000000000000001,0.061,0.1964955230647172,0.051,0.2474955230647172,1.783040196534827,-0.9272530653358044,-0.35150887120124186
Chris Conte,CB,CHI,00-0028031,2011,93,Round 3,FALSE,0.6823529411764706,0.986059163549813,0,0.08199999999999999,0.32342740564433864,0,0.32342740564433864,1.781715098565796,-2.986769766952211,-0.2996236181936407
Kareem Jackson,CB,HOU,00-0027872,2010,20,Late 1st,TRUE,0.7082352941176471,1.0234614076844613,0.02,0.08199999999999999,0.2538184291057463,0.059000000000000004,0.3128184291057463,1.7810010510064342,-1.1362659091557372,0.08046471267687343
Micah Hyde,S,GNB,00-0030090,2013,159,Rounds 4-7,FALSE,0.6551470588235294,0.9175729115175483,0.005,0.053,0.17617399901136926,0.037000000000000005,0.21317399901136927,1.7804299635093253,-2.184659545441944,-0.5511731411824057
Alex Cappa,IOL,TAM,00-0034678,2018,94,Round 3,FALSE,0.7181159420289854,0.9613332557282268,0.005,0.051,0.17688531905399374,0.042,0.21888531905399375,1.7793329346004398,-1.1210940108268708,-0.4767011195371987
Connor McGovern,IOL,DEN,00-0033011,2016,144,Rounds 4-7,FALSE,0.5520588235294116,0.7390345696511534,0.004,0.051,0.13893849909441686,0.045,0.18393849909441684,1.7790825470738667,-2.4541091296547317,-0.6606857915206148
Cortez Allen,CB,PIT,00-0028066,2011,128,Rounds 4-7,FALSE,0.5217647058823531,0.7539952397143832,0.005,0.08199999999999999,0.23223053383203,0.046,0.27823053383203,1.7763431842887916,-4.672744495348817,-0.6021907924538343
Jack Jones,CB,NWE,00-0038039,2022,121,Rounds 4-7,FALSE,0.614166666666667,0.8875240847784206,0.005,0.08199999999999999,0.2733574181117535,0.004,0.2773574181117535,1.7684394542804123,-4.672744495348817,-0.6021907924538343
Linval Joseph,DL,NYG,00-0027885,2010,46,Round 2,FALSE,0.48588235294117643,0.903127050076536,0.008,0.075,0.24203804942051169,0.047,0.2890380494205117,1.767700458918721,-1.5305933950960025,-0.22864968299216984
Mike Williams,WR,LAC,00-0033536,2017,7,Top 10,FALSE,0.5626470588235296,0.879136029411765,0.03,0.079,0.17231066176470597,0.096,0.26831066176470597,1.7675318829471791,-0.07536017301982953,0.035482296742909314
Marvin Jones,WR,CIN,00-0029293,2012,166,Rounds 4-7,FALSE,0.4492156862745098,0.7018995098039216,0.005,0.079,0.20776225490196076,0.052000000000000005,0.25976225490196075,1.7658418753490146,-3.823139033302942,-0.6228278656929864
Donovan Peoples-Jones,WR,CLE,00-0036233,2020,187,Rounds 4-7,FALSE,0.5430985915492955,0.8485915492957742,0.004,0.079,0.2545774647887322,0.005,0.2595774647887322,1.7640366858736654,-3.823139033302942,-0.6228278656929864
Jabaal Sheard,EDGE,CLE,00-0027975,2011,37,Round 2,FALSE,0.541764705882353,0.889597218197624,0.011000000000000001,0.091,0.2846711098232397,0.051,0.33567110982323967,1.7632080580962786,-1.9473356770209531,-0.00936591860581865
Garrett Bradbury,IOL,MIN,00-0035588,2019,18,Late 1st,TRUE,0.8468571428571429,1.1336775674125072,0.017,0.051,0.15418014916810097,0.023,0.17718014916810096,1.759003489943322,-0.09175270156213973,-0.7109611026659682
Ross Cockrell,CB,BUF,00-0031016,2014,109,Rounds 4-7,FALSE,0.5777941176470589,0.8349625977558656,0.005,0.08199999999999999,0.25716848010880655,0.019,0.27616848010880657,1.7576767973338407,-4.672744495348817,-0.6021907924538343
Cobie Durant,CB,LA,00-0037839,2022,142,Rounds 4-7,FALSE,0.59125,0.8544075144508672,0.005,0.08199999999999999,0.26315751445086705,0.013000000000000001,0.27615751445086706,1.757577532599848,-4.672744495348817,-0.6021907924538343
Chase Edmonds,RB,ARI,00-0034681,2018,134,Rounds 4-7,FALSE,0.31173913043478263,0.7369719395621339,0.004,0.06,0.16508171446191797,0.028999999999999998,0.19408171446191796,1.7564154048999128,-5.507493653254559,-0.7649141963140151
John Simpson,IOL,LV,00-0036369,2020,109,Rounds 4-7,FALSE,0.6053521126760564,0.8103776608782548,0.005,0.051,0.1491094896015989,0.033,0.1821094896015989,1.7546053723707449,-2.4541091296547317,-0.6606857915206148
Bobby Okereke,LB,IND,00-0035687,2019,89,Round 3,TRUE,0.709857142857143,1.0258051197357558,0.005,0.061,0.2297803468208093,0.044000000000000004,0.2737803468208093,1.7545809235148835,-1.5009104241941897,-0.26024197516630576
Jaylon Smith,LB,DAL,00-0033052,2016,34,Round 2,FALSE,0.5974999999999999,0.8634393063583814,0.01,0.061,0.1761416184971098,0.068,0.2441416184971098,1.7509742972514941,-0.9272530653358044,-0.35150887120124186
Andre Hal,S,HOU,00-0031087,2014,216,Rounds 4-7,FALSE,0.656764705882353,0.9198385236447522,0.004,0.053,0.18028835063437143,0.03,0.21028835063437143,1.7483542529303921,-2.184659545441944,-0.5511731411824057
J.J. Wilcox,CB,DAL,00-0030543,2013,80,Round 3,FALSE,0.6702941176470588,0.9686331179870793,0,0.08199999999999999,0.317711662699762,0,0.317711662699762,1.7395333691275252,-2.986769766952211,-0.2996236181936407
Andrus Peat,IOL,NOR,00-0032203,2015,13,Late 1st,FALSE,0.708970588235294,0.94909047956532,0.02,0.051,0.11768721946609967,0.057999999999999996,0.17568721946609966,1.73819143215631,-0.09175270156213973,-0.7109611026659682
Shane Vereen,RB,NWE,00-0027994,2011,56,Round 2,TRUE,0.43382352941176466,1.0255875399805312,0.006999999999999999,0.06,0.2174245584758726,0.028999999999999998,0.2464245584758726,1.7379950634738028,-1.5069658434565287,-0.4735968759125675
Joe Tryon-Shoyinka,EDGE,TAM,00-0036967,2021,32,Late 1st,FALSE,0.5636111111111111,0.9254698047801495,0.015,0.091,0.28134282065316546,0.017,0.2983428206531655,1.7378031975719723,-0.8808858659652598,0.5944072297042816
Lamarcus Joyner,S,LA,00-0031389,2014,41,Round 2,FALSE,0.5266176470588234,0.7375597297742625,0.009000000000000001,0.053,0.1298105124402702,0.064,0.1938105124402702,1.7361734987434996,-0.6092327658489395,-0.6534824271194798
Noah Gray,TE,KAN,00-0036637,2021,162,Rounds 4-7,FALSE,0.5175000000000001,0.9691011235955057,0.005,0.048,0.166685393258427,0.023,0.18968539325842698,1.7323023140559206,-2.3689887502760683,-0.586867207426399
Marcell Dareus,DL,BUF,00-0027941,2011,3,Top 10,TRUE,0.6364705882352943,1.1830308331511046,0.047,0.075,0.1324994533129237,0.111,0.24349945331292372,1.7288054420589836,0.47553610303479044,-0.2840537572894559
Josh Reynolds,WR,LA,00-0033943,2017,117,Rounds 4-7,FALSE,0.5230882352941175,0.8173253676470587,0.005,0.079,0.24192830882352934,0.013999999999999999,0.25592830882352935,1.7283885777189523,-3.823139033302942,-0.6228278656929864
Sammy Watkins,WR,BUF,00-0031325,2014,4,Top 10,TRUE,0.663235294117647,1.0363051470588234,0.037000000000000005,0.079,0.1740992647058823,0.09,0.2640992647058823,1.7282114426516784,-0.07536017301982953,0.035482296742909314
Jeremy Chinn,S,CAR,00-0036293,2020,64,Round 2,FALSE,0.6353521126760562,0.8898488973054008,0.006999999999999999,0.053,0.16373219710419376,0.028999999999999998,0.19273219710419376,1.7228780247242659,-0.6092327658489395,-0.6534824271194798
Chidobe Awuzie,CB,DAL,00-0033548,2017,60,Round 2,FALSE,0.6216176470588235,0.898291397483849,0.006,0.08199999999999999,0.27308058483509007,0.04,0.31308058483509005,1.721198930632846,-1.8987142572552127,-0.038091475434602076
Levine Toilolo,TE,ATL,00-0030443,2013,133,Rounds 4-7,FALSE,0.5111764705882353,0.9572593082176691,0.005,0.048,0.16464860101343912,0.024,0.1886486010134391,1.7196260771913918,-2.3689887502760683,-0.586867207426399
Samson Ebukam,EDGE,LA,00-0033945,2017,125,Rounds 4-7,FALSE,0.4670588235294118,0.7669274606394283,0.005,0.091,0.2638230464599633,0.036000000000000004,0.29982304645996327,1.7196010456591186,-3.8204197934098256,-0.6044285050354133
Quenton Nelson,IOL,IND,00-0034342,2018,6,Top 10,TRUE,0.8988405797101449,1.2032671749801136,0.034,0.051,0.0818221678986477,0.096,0.1778221678986477,1.7131362450866403,0.14416946758625349,-0.6889170083359715
Jarrad Davis,LB,DET,00-0033539,2017,21,Late 1st,FALSE,0.6188235294117647,0.8942536552193132,0.016,0.061,0.16096565793947637,0.03,0.19096565793947637,1.7121959153411,-0.9970994700204313,-0.8036273004092015
Julian Love,S,NYG,00-0034974,2019,108,Rounds 4-7,FALSE,0.597,0.8361344537815126,0.004,0.053,0.16388235294117648,0.043,0.20688235294117646,1.710494547946829,-2.184659545441944,-0.5511731411824057
Halapoulivaati Vaitai,IOL,PHI,00-0032785,2016,164,Rounds 4-7,FALSE,0.4886764705882354,0.6541853689266872,0,0.051,0.1334538152610442,0.045,0.1784538152610442,1.7056824007607867,-2.4541091296547317,-0.6606857915206148
Dion Sims,TE,MIA,00-0030422,2013,106,Rounds 4-7,FALSE,0.47000000000000003,0.8801498127340824,0.005,0.048,0.1513857677902622,0.036000000000000004,0.1873857677902622,1.70418617287616,-2.3689887502760683,-0.586867207426399
Travis Etienne,RB,JAX,00-0036973,2021,25,Late 1st,TRUE,0.4433333333333334,1.0480693459416865,0.018000000000000002,0.06,0.1760756501182033,0.039,0.21507565011820332,1.7032841906128842,-1.9934443824983996,-0.6590141737847004
Jedrick Wills Jr.,OT,CLE,00-0036267,2020,10,Top 10,FALSE,0.7264788732394367,0.9951765386841599,0.025,0.08149999999999999,0.22490989774262007,0.004,0.22890989774262008,1.7027703408026997,-0.3572700310319593,0.18380523620703798
Adam Trautman,TE,NOR,00-0036422,2020,105,Rounds 4-7,FALSE,0.5222535211267605,0.9780028485519858,0.005,0.048,0.16821648995094157,0.019,0.18721648995094156,1.7021165142753,-2.3689887502760683,-0.586867207426399
Jordan Reed,TE,WAS,00-0030472,2013,85,Round 3,FALSE,0.4447058823529411,0.8327825512227361,0.006,0.048,0.1399074686054197,0.06,0.1999074686054197,1.701392767629688,-0.9835958778133722,-0.5376092011535986
Kyle Rudolph,TE,MIN,00-0027981,2011,43,Round 2,FALSE,0.4126470588235295,0.7727473011676581,0.01,0.048,0.11745758977748402,0.055,0.17245758977748402,1.7000347521714372,-0.36078026178736594,-0.6556584315197126
Carlos Hyde,RB,SFO,00-0031045,2014,57,Round 2,TRUE,0.42397058823529415,1.0022945348352108,0.006999999999999999,0.06,0.21248644138506467,0.028999999999999998,0.24148644138506467,1.6919580863885624,-1.5069658434565287,-0.4735968759125675
Ricardo Mathews,DL,IND,00-0027829,2010,238,Rounds 4-7,FALSE,0.4158823529411765,0.7730155259129674,0,0.075,0.23190465777389022,0.005,0.23690465777389022,1.6891381182659213,-3.7779540498924526,-0.695540700768399
Sam Tevi,OT,LAC,00-0033578,2017,190,Rounds 4-7,FALSE,0.6494117647058824,0.8896051571313457,0.004,0.08149999999999999,0.2757775987107171,0.013999999999999999,0.2897775987107171,1.6884138005931206,-3.1707480263226144,-0.4449332397639939
Duke Johnson,RB,CLE,00-0032257,2015,77,Round 3,TRUE,0.4463235294117648,1.0551383674036994,0.005,0.06,0.23213044082881387,0.028999999999999998,0.26113044082881387,1.6868297082741501,-2.0095141915817347,0.0018317536535283545
Marcus Mariota,QB,TEN,00-0032268,2015,2,Top 10,TRUE,0.7989705882352942,1.284518630603367,0.042,0.146,0.5343597503310006,0.044000000000000004,0.5783597503310006,1.6841664508007248,-0.293477891960363,0.37407124048736107
Carl Nassib,EDGE,CLE,00-0033129,2016,65,Round 3,FALSE,0.5229411764705882,0.8586883029073699,0.006,0.091,0.2919540229885057,0.042,0.3339540229885057,1.68379879761681,-2.5109073453087567,-0.29680159176202814
Pat Elflein,IOL,MIN,00-0033909,2017,70,Round 3,TRUE,0.7670588235294117,1.0268525080715016,0.006,0.051,0.18483345145287028,0.025,0.20983345145287027,1.6833966953087738,-1.1210940108268708,-0.4767011195371987
Kenneth Gainwell,RB,PHI,00-0036919,2021,150,Rounds 4-7,FALSE,0.31791666666666674,0.7515760441292358,0.005,0.06,0.1653467297084319,0.023,0.1883467297084319,1.6812894594396164,-5.507493653254559,-0.7649141963140151
Jacquizz Rodgers,RB,ATL,00-0028083,2011,145,Rounds 4-7,FALSE,0.3423529411764706,0.8093450146015854,0.005,0.06,0.1780559032123488,0.01,0.1880559032123488,1.677479751755587,-5.507493653254559,-0.7649141963140151
Tavon Austin,WR,LA,00-0030525,2013,8,Top 10,FALSE,0.5748529411764708,0.8982077205882356,0.026000000000000002,0.079,0.19042003676470595,0.068,0.25842003676470593,1.6751863443134234,-0.07536017301982953,0.035482296742909314
Tyler Eifert,TE,CIN,00-0030549,2013,21,Late 1st,FALSE,0.4097058823529411,0.7672394800616874,0.021,0.048,0.08286186384666223,0.031,0.11386186384666223,1.6737432250648148,-0.49999506910647257,-1.219820850957934
D.J. Swearinger,S,HOU,00-0030566,2013,57,Round 2,FALSE,0.6276470588235292,0.879057505355083,0.006999999999999999,0.053,0.16174658098533526,0.027000000000000003,0.18874658098533525,1.6737359474616589,-0.6092327658489395,-0.6534824271194798
Calvin Ridley,WR,ATL,00-0034837,2018,26,Late 1st,FALSE,0.5150724637681158,0.8048007246376809,0.015,0.079,0.20602898550724633,0.09,0.2960289855072463,1.67337833537821,-0.7067555359941448,0.12050516789925937
Coby Bryant,S,SEA,00-0038136,2022,109,Rounds 4-7,FALSE,0.5930555555555554,0.8306100217864922,0.005,0.053,0.15947712418300652,0.044000000000000004,0.20347712418300654,1.6726433901367588,-2.184659545441944,-0.5511731411824057
Kenyan Drake,RB,MIA,00-0033118,2016,73,Round 3,FALSE,0.4160294117647059,0.9835210680016688,0.005,0.06,0.21637463496036716,0.043,0.25937463496036717,1.6721042122793455,-2.0095141915817347,0.0018317536535283545
Matt Kalil,OT,MIN,00-0029687,2012,4,Top 10,TRUE,0.9588235294117646,1.313456889605157,0.051,0.08149999999999999,0.16024174053182913,0.066,0.22624174053182913,1.6719497579740874,-0.3572700310319593,0.18380523620703798
Matthew Ioannidis,DL,WAS,00-0032781,2016,152,Rounds 4-7,FALSE,0.4213235294117647,0.7831292368248414,0,0.075,0.2349387710474524,0,0.2349387710474524,1.668628182038783,-3.7779540498924526,-0.695540700768399
Michael Carter II,CB,NYJ,00-0036501,2021,154,Rounds 4-7,FALSE,0.5081944444444443,0.7343850353243415,0.005,0.08199999999999999,0.22619059087989715,0.04,0.26619059087989716,1.6673536698406781,-4.672744495348817,-0.6021907924538343
Johnathan Hankins,DL,NYG,00-0030063,2013,49,Round 2,FALSE,0.4466176470588236,0.830144325388148,0.008,0.075,0.22247867920402367,0.054000000000000006,0.2764786792040237,1.6639749551799061,-1.5305933950960025,-0.22864968299216984
Charles Omenihu,EDGE,HOU,00-0035279,2019,161,Rounds 4-7,FALSE,0.449857142857143,0.7386816795683794,0.004,0.091,0.257061224489796,0.036000000000000004,0.293061224489796,1.6639192790745583,-3.8204197934098256,-0.6044285050354133
A'Shawn Robinson,DL,DET,00-0032889,2016,46,Round 2,FALSE,0.4685294117647058,0.8708725125738026,0.008,0.075,0.23339383336977912,0.043,0.27639383336977913,1.663274229208344,-1.5305933950960025,-0.22864968299216984
Jaelan Phillips,DL,MIA,00-0036934,2021,18,Late 1st,FALSE,0.42291666666666666,0.7860904584882279,0,0.075,0.23582713754646836,0,0.23582713754646836,1.6576312916347486,-0.5579535424283915,0.23099991956812158
Tyler Allgeier,RB,ATL,00-0037263,2022,151,Rounds 4-7,FALSE,0.3194444444444444,0.7551878119254005,0.005,0.06,0.1661413186235881,0.02,0.1861413186235881,1.652399479779811,-5.507493653254559,-0.7649141963140151
Grant Delpit,S,CLE,00-0036282,2020,44,Round 2,FALSE,0.542957746478873,0.760445023079654,0.009000000000000001,0.053,0.1338383240620191,0.053,0.18683832406201908,1.6502074122575796,-0.6092327658489395,-0.6534824271194798
C.J. Gardner-Johnson,S,NOR,00-0035253,2019,105,Rounds 4-7,FALSE,0.6784285714285714,0.9501800720288115,0,0.053,0.20143817527010804,0,0.20143817527010804,1.649979251381432,-2.184659545441944,-0.5511731411824057
Sylvester Williams,DL,DEN,00-0030577,2013,28,Late 1st,FALSE,0.4527941176470589,0.8416247539908157,0.015,0.075,0.20198994095779577,0.033,0.23498994095779577,1.64900237935163,-0.5579535424283915,0.23099991956812158
Jaye Howard,DL,SEA,00-0029277,2012,114,Rounds 4-7,FALSE,0.38627450980392164,0.7179823602303376,0.005,0.075,0.2010350608644945,0.032,0.2330350608644945,1.648766928629656,-3.7779540498924526,-0.695540700768399
Cam Robinson,OT,JAX,00-0033889,2017,34,Round 2,FALSE,0.6520588235294118,0.8932312651087833,0.011000000000000001,0.08149999999999999,0.25189121676067683,0.084,0.33589121676067685,1.6485466829398063,-1.2393656537891447,0.4683486650469865
Stephon Gilmore,CB,BUF,00-0029542,2012,10,Top 10,FALSE,0.6545098039215687,0.9458234160716311,0.038,0.08199999999999999,0.16646492122860704,0.078,0.24446492122860702,1.6478370497166608,-0.39522957331232367,-0.6077512429479659
Wes Schweitzer,IOL,ATL,00-0032432,2016,195,Rounds 4-7,FALSE,0.6002941176470588,0.8036065831955271,0.004,0.051,0.1510780376407591,0.023,0.1740780376407591,1.6471224678056493,-2.4541091296547317,-0.6606857915206148
O.J. Howard,TE,TAM,00-0033879,2017,19,Late 1st,FALSE,0.4123529411764706,0.772196519057061,0.017,0.048,0.09575236836307556,0.017,0.11275236836307556,1.6455476891289256,-0.49999506910647257,-1.219820850957934
Sean Lee,LB,DAL,00-0027663,2010,55,Round 2,FALSE,0.5641176470588234,0.8151989119347159,0.006999999999999999,0.061,0.17608296497789863,0.057,0.23308296497789863,1.6452450903500375,-0.9272530653358044,-0.35150887120124186
Jay Ajayi,RB,MIA,00-0031590,2015,149,Rounds 4-7,FALSE,0.3427941176470587,0.8103879849812262,0.004,0.06,0.18152690863579465,0.004,0.18552690863579466,1.6443509612192038,-5.507493653254559,-0.7649141963140151
Ben Tate,RB,HOU,00-0027890,2010,58,Round 2,FALSE,0.4152941176470588,0.9817827840356,0,0.06,0.235627868168544,0,0.235627868168544,1.6373398997475006,-1.5069658434565287,-0.4735968759125675
Julian Blackmon,S,IND,00-0036253,2020,85,Round 3,FALSE,0.6395774647887323,0.8957667574071881,0.006,0.053,0.16840415039255138,0.013999999999999999,0.18240415039255137,1.6361330930186917,-0.9517824670434979,-0.6701102991437132
Derrick Nnadi,DL,KAN,00-0034818,2018,75,Round 3,FALSE,0.4766666666666668,0.8859975216852543,0.005,0.075,0.24807930607187118,0.013000000000000001,0.2610793060718712,1.6356938074809593,-1.6980155086877986,-0.2673590110726486
Allen Bailey,EDGE,KAN,00-0028024,2011,86,Round 3,FALSE,0.546470588235294,0.8973244470201873,0,0.091,0.3266260987153482,0,0.3266260987153482,1.6330124392416974,-2.5109073453087567,-0.29680159176202814
Nico Collins,WR,HOU,00-0036554,2021,89,Round 3,FALSE,0.5116666666666667,0.7994791666666667,0.006999999999999999,0.079,0.23025000000000004,0.095,0.32525000000000004,1.6304580798981156,-1.4782442291920619,-0.03988217399875301
Quandre Diggs,S,DET,00-0031608,2015,200,Rounds 4-7,FALSE,0.5997058823529412,0.8399242049761082,0.004,0.053,0.1646251441753172,0.035,0.1996251441753172,1.6298263245277385,-2.184659545441944,-0.5511731411824057
Justin Jones,DL,LAC,00-0034677,2018,84,Round 3,FALSE,0.42507246376811597,0.7900975162976133,0.005,0.075,0.2212273045633317,0.039,0.2602273045633317,1.6282044545759986,-1.6980155086877986,-0.2673590110726486
Doug Martin,RB,TAM,00-0029613,2012,31,Late 1st,FALSE,0.3721568627450981,0.8798034580262367,0.013999999999999999,0.06,0.16188383627682756,0.046,0.20788383627682755,1.6242924030014236,-1.9934443824983996,-0.6590141737847004
Jimmy Smith,CB,BAL,00-0027965,2011,27,Late 1st,FALSE,0.6576470588235295,0.9503570214212854,0.024,0.08199999999999999,0.22048282896973817,0.07200000000000001,0.2924828289697382,1.6240910271604425,-1.1362659091557372,0.08046471267687343
Tre Flowers,S,SEA,00-0034756,2018,146,Rounds 4-7,FALSE,0.6705797101449277,0.939187269110543,0,0.053,0.1991077010514351,0,0.1991077010514351,1.624074634191867,-2.184659545441944,-0.5511731411824057
Marquise Brown,WR,BAL,00-0035662,2019,25,Late 1st,TRUE,0.6668571428571428,1.0419642857142857,0.016,0.079,0.262575,0.027000000000000003,0.289575,1.6236155836451687,-0.7067555359941448,0.12050516789925937
Corey Davis,WR,TEN,00-0033871,2017,5,Top 10,TRUE,0.7210294117647059,1.126608455882353,0.038,0.079,0.1847637867647059,0.068,0.2527637867647059,1.6223757835149721,-0.07536017301982953,0.035482296742909314
Jason Pinnock,CB,NYJ,00-0036502,2021,175,Rounds 4-7,FALSE,0.5509722222222222,0.7962026332691072,0,0.08199999999999999,0.26115446371226714,0,0.26115446371226714,1.6217649941400416,-4.672744495348817,-0.6021907924538343
Trey Hendrickson,EDGE,NOR,00-0033935,2017,103,Rounds 4-7,FALSE,0.3448529411764707,0.5662609871534823,0.005,0.091,0.19479377958079788,0.09300000000000001,0.2877937795807979,1.6205433015327233,-3.8204197934098256,-0.6044285050354133
Russell Gage,WR,ATL,00-0034411,2018,194,Rounds 4-7,FALSE,0.41999999999999993,0.6562499999999999,0.004,0.079,0.19687499999999997,0.048,0.24487499999999995,1.6204103076296625,-3.823139033302942,-0.6228278656929864
Dean Lowry,EDGE,GNB,00-0032412,2016,137,Rounds 4-7,FALSE,0.48117647058823526,0.7901091471071187,0,0.091,0.2875997295469912,0,0.2875997295469912,1.6189453522321027,-3.8204197934098256,-0.6044285050354133
Justin Ellis,DL,LV,00-0031346,2014,107,Rounds 4-7,FALSE,0.39235294117647035,0.7292805598075657,0.005,0.075,0.20419855674611836,0.025,0.22919855674611836,1.6087409933889074,-3.7779540498924526,-0.695540700768399
Ian Thomas,TE,CAR,00-0034365,2018,101,Rounds 4-7,FALSE,0.4734782608695651,0.8866634098680994,0.005,0.048,0.1525061064973131,0.027000000000000003,0.1795061064973131,1.6078462808249323,-2.3689887502760683,-0.586867207426399
Desmond King,S,LAC,00-0033566,2017,151,Rounds 4-7,FALSE,0.6652941176470587,0.9317844784972812,0,0.053,0.19753830944142362,0,0.19753830944142362,1.6066299061823837,-2.184659545441944,-0.5511731411824057
Sheldon Rankins,DL,NOR,00-0032759,2016,12,Late 1st,FALSE,0.5002941176470589,0.9299147168160945,0.021,0.075,0.20086157883227637,0.03,0.23086157883227637,1.6064517106842635,-0.5579535424283915,0.23099991956812158
Will Fries,IOL,IND,00-0036483,2021,248,Rounds 4-7,FALSE,0.4370833333333333,0.5851182507809014,0.005,0.051,0.10766175814368585,0.063,0.17066175814368584,1.6014032572641441,-2.4541091296547317,-0.6606857915206148
Daniel Bellinger,TE,NYG,00-0038115,2022,112,Rounds 4-7,FALSE,0.4840277777777777,0.906419059508947,0.005,0.048,0.1559040782355389,0.023,0.1789040782355389,1.6004856423920326,-2.3689887502760683,-0.586867207426399
Wan'Dale Robinson,WR,NYG,00-0038117,2022,43,Round 2,FALSE,0.5624999999999998,0.8789062499999997,0.01,0.079,0.24257812499999992,0.057999999999999996,0.3005781249999999,1.5993050832819515,-1.0961314210494868,0.22664173323619316
Ezekiel Elliott,RB,DAL,00-0033045,2016,4,Top 10,TRUE,0.7179411764705882,1.6972604644694758,0.04,0.06,0.13578083715755804,0.08,0.21578083715755803,1.5980383980537203,-0.2700697770397672,-0.6154948556750087
Daniel Te'o-Nesheim,EDGE,PHI,00-0027689,2010,86,Round 3,FALSE,0.5370588235294117,0.8818699893750603,0,0.091,0.321000676132522,0,0.321000676132522,1.5940253104650837,-2.5109073453087567,-0.29680159176202814
Jameson Williams,WR,DET,00-0037240,2022,12,Late 1st,FALSE,0.5233333333333333,0.8177083333333333,0.021,0.079,0.1897083333333333,0.096,0.28570833333333334,1.5938020718001664,-0.7067555359941448,0.12050516789925937
D'Andre Swift,RB,DET,00-0036275,2020,35,Round 2,TRUE,0.43112676056338023,1.0192121999134285,0.011000000000000001,0.06,0.19976559118303197,0.031,0.23076559118303197,1.5920099632458358,-1.5069658434565287,-0.4735968759125675
Mike Iupati,IOL,SFO,00-0027869,2010,17,Late 1st,TRUE,0.8152941176470588,1.0914245216158753,0.026000000000000002,0.051,0.10914245216158751,0.055999999999999994,0.16514245216158752,1.5911930127411724,-0.09175270156213973,-0.7109611026659682
Xavier Su'a-Filo,IOL,HOU,00-0031410,2014,33,Round 2,FALSE,0.6520588235294117,0.8729033782187573,0.01,0.051,0.14315615402787618,0.015,0.1581561540278762,1.591179907460953,-0.22501695252083553,-0.7573076508456783
Roy Lopez,DL,HOU,00-0036568,2021,195,Rounds 4-7,FALSE,0.4041666666666668,0.7512391573729865,0.005,0.075,0.2103469640644362,0.017,0.22734696406443622,1.589423477629111,-3.7779540498924526,-0.695540700768399
Devin Funchess,WR,CAR,00-0032055,2015,41,Round 2,FALSE,0.5691176470588236,0.8892463235294119,0.01,0.079,0.2454319852941177,0.053,0.2984319852941177,1.5838146907125104,-1.0961314210494868,0.22664173323619316
James White,RB,NWE,00-0031062,2014,130,Rounds 4-7,FALSE,0.3016176470588235,0.7130440828813794,0.005,0.06,0.15686969823390348,0.024,0.18086969823390348,1.583343417225835,-5.507493653254559,-0.7649141963140151
Kyle Juszczyk,RB,BAL,00-0029892,2013,130,Rounds 4-7,FALSE,0.28808823529411764,0.6810596579057155,0.005,0.06,0.14983312473925742,0.031,0.18083312473925742,1.582864319463212,-5.507493653254559,-0.7649141963140151
John Brown,WR,ARI,00-0031051,2014,91,Round 3,FALSE,0.5829411764705883,0.9108455882352942,0.005,0.079,0.26961029411764703,0.048,0.317610294117647,1.5798744446334347,-1.4782442291920619,-0.03988217399875301
Nick Foles,QB,PHI,00-0029567,2012,88,Round 3,FALSE,0.5729411764705882,0.9211272933610742,0.006,0.146,0.5158312842822015,0.085,0.6008312842822014,1.579316009211993,-2.222491526527487,-0.2043169834643365
Anthony Barr,LB,MIN,00-0031256,2014,9,Top 10,TRUE,0.8439705882352943,1.2196106766405987,0.038,0.061,0.11220418225093508,0.07200000000000001,0.1842041822509351,1.5780425211538833,-0.45451654497340005,-0.7813094655693499
Bobby McCain,S,MIA,00-0031587,2015,145,Rounds 4-7,FALSE,0.5283823529411764,0.7400313066403031,0,0.053,0.15688663700774427,0.038,0.19488663700774428,1.577154978394639,-2.184659545441944,-0.5511731411824057
Eddie Goldman,DL,CHI,00-0031551,2015,39,Round 2,FALSE,0.42779411764705894,0.795156352503827,0.01,0.075,0.20674065165099503,0.059000000000000004,0.26574065165099503,1.5752915818976247,-1.5305933950960025,-0.22864968299216984
Jordan Jenkins,EDGE,NYJ,00-0032970,2016,83,Round 3,FALSE,0.5283823529411765,0.867622911233459,0.005,0.091,0.29846228146430986,0.019,0.3174622814643099,1.5695023796877194,-2.5109073453087567,-0.29680159176202814
Christian Barmore,DL,NWE,00-0036981,2021,38,Round 2,FALSE,0.39041666666666663,0.7256815365551424,0.012,0.075,0.1828717472118959,0.08199999999999999,0.2648717472118959,1.5681154616708213,-1.5305933950960025,-0.22864968299216984
Ben Jones,IOL,HOU,00-0029413,2012,99,Round 3,FALSE,0.6931372549019607,0.9278945848754493,0.005,0.051,0.17073260361708267,0.027999999999999997,0.19873260361708267,1.5657443343548514,-1.1210940108268708,-0.4767011195371987
Vance McDonald,TE,SFO,00-0030470,2013,55,Round 2,FALSE,0.39264705882352935,0.7352941176470587,0.006999999999999999,0.048,0.12058823529411762,0.042,0.16258823529411762,1.5652238046573526,-0.36078026178736594,-0.6556584315197126
William Jackson III,CB,CIN,00-0033107,2016,24,Late 1st,FALSE,0.5510294117647059,0.796285277116627,0.016,0.08199999999999999,0.2102193131587895,0.07400000000000001,0.2842193131587895,1.5603295224949492,-1.1362659091557372,0.08046471267687343
Bradley Chubb,EDGE,DEN,00-0034832,2018,5,Top 10,FALSE,0.4543478260869565,0.7460555436567431,0.038,0.091,0.15816377525522954,0.106,0.26416377525522955,1.5597176247031554,-0.35588035012977776,0.265142802793857
Terron Armstead,OT,NOR,00-0030067,2013,75,Round 3,FALSE,0.49588235294117644,0.6792908944399677,0.006,0.08149999999999999,0.2051458501208702,0.084,0.2891458501208702,1.5572239378233816,-1.9161133628566525,-0.13046393182271215
Quentin Lake,S,LA,00-0037841,2022,211,Rounds 4-7,FALSE,0.5468055555555557,0.7658341114223469,0.005,0.053,0.14704014939309062,0.046,0.1930401493930906,1.5566301622779801,-2.184659545441944,-0.5511731411824057
Jason Pierre-Paul,EDGE,NYG,00-0027867,2010,15,Late 1st,FALSE,0.48294117647058826,0.7930068579155801,0.024,0.091,0.2125258379213755,0.064,0.27652583792137553,1.5549484344639821,-0.8808858659652598,0.5944072297042816
Zay Jones,WR,BUF,00-0033891,2017,37,Round 2,FALSE,0.5945588235294121,0.9289981617647064,0.01,0.079,0.256403492647059,0.038,0.29440349264705895,1.554737863889443,-1.0961314210494868,0.22664173323619316
Rob Gronkowski,TE,NWE,00-0027656,2010,42,Round 2,FALSE,0.2970588235294118,0.5562899317030183,0.009000000000000001,0.048,0.08678122934567085,0.075,0.16178122934567085,1.5542004660243176,-0.36078026178736594,-0.6556584315197126
Talanoa Hufanga,S,SFO,00-0036564,2021,180,Rounds 4-7,FALSE,0.54125,0.7580532212885155,0.005,0.053,0.145546218487395,0.047,0.192546218487395,1.5511398243340462,-2.184659545441944,-0.5511731411824057
Brandon Shell,OT,NYJ,00-0032420,2016,158,Rounds 4-7,FALSE,0.5869117647058824,0.8039887187751813,0.004,0.08149999999999999,0.24923650282030615,0.023,0.27223650282030615,1.5462159427234772,-3.1707480263226144,-0.4449332397639939
Amani Oruwariye,CB,DET,00-0035270,2019,146,Rounds 4-7,FALSE,0.5494285714285716,0.7939719240297278,0.004,0.08199999999999999,0.24771924029727505,0.005,0.25271924029727505,1.5454065838123179,-4.672744495348817,-0.6021907924538343
Keenan Allen,WR,LAC,00-0030279,2013,76,Round 3,FALSE,0.5267647058823529,0.8230698529411764,0.006,0.079,0.2403363970588235,0.07200000000000001,0.31233639705882354,1.5449551834268982,-1.4782442291920619,-0.03988217399875301
Quinnen Williams,DL,NYJ,00-0035718,2019,3,Top 10,FALSE,0.4978571428571429,0.925385023898035,0.043,0.075,0.11844928305894849,0.107,0.22544928305894849,1.5436105826595785,0.47553610303479044,-0.2840537572894559
Bobby Hart,OT,NYG,00-0031622,2015,226,Rounds 4-7,FALSE,0.5719117647058822,0.7834407735697017,0.004,0.08149999999999999,0.24286663980660747,0.028999999999999998,0.27186663980660747,1.5432176278757765,-3.1707480263226144,-0.4449332397639939
Bruce Carter,LB,DAL,00-0027978,2011,40,Round 2,FALSE,0.6526470588235295,0.9431315878952738,0.01,0.061,0.19239884393063586,0.03,0.22239884393063586,1.543096701054373,-0.9272530653358044,-0.35150887120124186
Jameis Winston,QB,TAM,00-0031503,2015,1,Top 10,TRUE,0.7805882352941177,1.2549650085114432,0.044000000000000004,0.146,0.5120257234726687,0.03,0.5420257234726688,1.542634892855176,-0.293477891960363,0.37407124048736107
Jaycee Horn,CB,CAR,00-0036944,2021,8,Top 10,FALSE,0.4697222222222222,0.6787893384714194,0.028999999999999998,0.08199999999999999,0.14390333975594088,0.09,0.23390333975594088,1.5407138312234132,-0.39522957331232367,-0.6077512429479659
Jerry Jeudy,WR,DEN,00-0036407,2020,15,Late 1st,FALSE,0.5594366197183099,0.8741197183098592,0.019,0.079,0.2097887323943662,0.069,0.2787887323943662,1.5404492430355325,-0.7067555359941448,0.12050516789925937
Tre Boston,S,CAR,00-0031261,2014,128,Rounds 4-7,FALSE,0.6,0.8403361344537815,0.005,0.053,0.16134453781512606,0.03,0.19134453781512606,1.5377824237029625,-2.184659545441944,-0.5511731411824057
C.J. Fiedorowicz,TE,HOU,00-0031302,2014,65,Round 3,FALSE,0.4514705882352942,0.8454505397664684,0.006,0.048,0.1420356906807667,0.043,0.1850356906807667,1.5348260040920545,-0.9835958778133722,-0.5376092011535986
Austin Jackson,OT,MIA,00-0036248,2020,18,Late 1st,FALSE,0.6438028169014085,0.8819216669882308,0.017,0.08149999999999999,0.2275357900829635,0.053,0.28053579008296353,1.5322004157395348,-0.6590268496124263,0.5624288068243084
Deatrich Wise Jr.,EDGE,NWE,00-0033947,2017,131,Rounds 4-7,FALSE,0.4314705882352942,0.7084902926687918,0.004,0.091,0.24655462184873952,0.03,0.2765546218487395,1.527991891542252,-3.8204197934098256,-0.6044285050354133
Dwayne Allen,TE,IND,00-0029689,2012,64,Round 2,FALSE,0.3586274509803922,0.671586986854667,0.006,0.048,0.11282661379158407,0.047,0.15982661379158408,1.5275012958489724,-0.36078026178736594,-0.6556584315197126
Eric Ebron,TE,DET,00-0031387,2014,10,Top 10,TRUE,0.5348529411764704,1.001597268120731,0.023,0.048,0.10015972681207311,0.037000000000000005,0.1371597268120731,1.5262458235365632,0.29255786375393544,-0.8216691790024073
Malik Hooker,S,IND,00-0033877,2017,15,Late 1st,FALSE,0.4980882352941176,0.6976025704399407,0.019,0.053,0.09487394957983193,0.031,0.12587394957983195,1.526199875038425,-0.34508889186477487,-1.1099795447264003
Quinton Coples,EDGE,NYJ,00-0029559,2012,16,Late 1st,FALSE,0.5249019607843136,0.8619079815834378,0.018000000000000002,0.091,0.25167713062236385,0.021,0.2726771306223639,1.522691248853833,-0.8808858659652598,0.5944072297042816
A.J. Green,WR,CIN,00-0027942,2011,4,Top 10,TRUE,0.7558823529411763,1.181066176470588,0.05,0.079,0.1370036764705882,0.105,0.24200367647058818,1.5219121443749868,-0.07536017301982953,0.035482296742909314
Ed Dickson,TE,BAL,00-0027675,2010,70,Round 3,FALSE,0.5205882352941176,0.9748843357567745,0.005,0.048,0.16768010575016523,0.016,0.18368010575016525,1.519643193016294,-0.9835958778133722,-0.5376092011535986
Asante Samuel Jr.,CB,LAC,00-0036617,2021,47,Round 2,FALSE,0.6552777777777778,0.9469332048811819,0.01,0.08199999999999999,0.27271676300578035,0.013000000000000001,0.28571676300578036,1.5173800727904732,-1.8987142572552127,-0.038091475434602076
Raekwon Davis,DL,MIA,00-0036213,2020,56,Round 2,FALSE,0.45802816901408455,0.8513534740038746,0.006999999999999999,0.075,0.23156814492905392,0.027000000000000003,0.25856814492905394,1.5160551823027877,-1.5305933950960025,-0.22864968299216984
Aldon Smith,EDGE,SFO,00-0027945,2011,7,Top 10,FALSE,0.5123529411764707,0.8413020380566021,0.03,0.091,0.2052776972858109,0.054000000000000006,0.2592776972858109,1.5157078315847998,-0.35588035012977776,0.265142802793857
E.J. Gaines,CB,LA,00-0031394,2014,188,Rounds 4-7,FALSE,0.5022058823529411,0.7257310438626317,0.004,0.08199999999999999,0.22642808568514103,0.023,0.24942808568514102,1.515613972287808,-4.672744495348817,-0.6021907924538343
Drake London,WR,ATL,00-0037238,2022,8,Top 10,TRUE,0.7279166666666664,1.1373697916666663,0.026000000000000002,0.079,0.24112239583333325,0,0.24112239583333325,1.5136839145983243,-0.07536017301982953,0.035482296742909314
Foster Moreau,TE,LV,00-0034981,2019,137,Rounds 4-7,FALSE,0.46585714285714286,0.8723916532905297,0.004,0.048,0.1535409309791332,0.018000000000000002,0.1715409309791332,1.5104608576371126,-2.3689887502760683,-0.586867207426399
Tedarrell Slaton,DL,GNB,00-0036642,2021,173,Rounds 4-7,FALSE,0.37416666666666654,0.6954770755885995,0.005,0.075,0.19473358116480785,0.025,0.21973358116480785,1.5099936734373374,-3.7779540498924526,-0.695540700768399
Jordan Matthews,WR,PHI,00-0031299,2014,42,Round 2,FALSE,0.6326470588235295,0.9885110294117647,0.009000000000000001,0.079,0.27678308823529413,0.011000000000000001,0.28778308823529414,1.5069531539632364,-1.0961314210494868,0.22664173323619316
D.J. Reed,CB,SFO,00-0034384,2018,142,Rounds 4-7,FALSE,0.4334782608695651,0.6264136717768282,0.004,0.08199999999999999,0.19544106559437036,0.053,0.24844106559437035,1.5066791425405812,-4.672744495348817,-0.6021907924538343
Pernell McPhee,EDGE,BAL,00-0028103,2011,165,Rounds 4-7,FALSE,0.3888235294117648,0.63846228146431,0.005,0.091,0.21963102482372265,0.054000000000000006,0.27363102482372265,1.5039168644485885,-3.8204197934098256,-0.6044285050354133
Benjamin St-Juste,CB,WAS,00-0036625,2021,74,Round 3,FALSE,0.6198611111111111,0.8957530507385999,0.006999999999999999,0.08199999999999999,0.2687259152215799,0.017,0.2857259152215799,1.5034810905194185,-2.986769766952211,-0.2996236181936407
Julio Jones,WR,ATL,00-0027944,2011,6,Top 10,FALSE,0.5008823529411764,0.7826286764705882,0.034,0.079,0.14087316176470588,0.099,0.23987316176470588,1.5020202236842484,-0.07536017301982953,0.035482296742909314
Jordan Fuller,S,LA,00-0036431,2020,199,Rounds 4-7,FALSE,0.6378873239436619,0.8933996133664732,0.004,0.053,0.17510632421982875,0.013000000000000001,0.18810632421982876,1.5017877394914425,-2.184659545441944,-0.5511731411824057
D.J. Fluker,OT,LAC,00-0030505,2013,11,Late 1st,TRUE,0.8620588235294118,1.1809024979854956,0.023,0.08149999999999999,0.27633118452860594,0,0.27633118452860594,1.4998328783447672,-0.6590268496124263,0.5624288068243084
Micheal Clemons,DL,NYJ,00-0038107,2022,117,Rounds 4-7,FALSE,0.39222222222222225,0.7290375877736472,0,0.075,0.21871127633209417,0,0.21871127633209417,1.4993280503158848,-3.7779540498924526,-0.695540700768399
Arthur Jones,EDGE,BAL,00-0027756,2010,157,Rounds 4-7,FALSE,0.45647058823529413,0.7495411957886603,0,0.091,0.27283299526707233,0,0.27283299526707233,1.4973453078922299,-3.8204197934098256,-0.6044285050354133
Jacoby Brissett,QB,NWE,00-0033119,2016,91,Round 3,FALSE,0.47147058823529414,0.7579912994136562,0.005,0.146,0.42750709286930205,0.149,0.576507092869302,1.4948548337452372,-2.222491526527487,-0.2043169834643365
Sean Murphy-Bunting,CB,TAM,00-0035239,2019,39,Round 2,FALSE,0.5987142857142858,0.865194054500413,0.01,0.08199999999999999,0.24917588769611893,0.033,0.2821758876961189,1.491005936681882,-1.8987142572552127,-0.038091475434602076
Kingsley Enagbare,EDGE,GNB,00-0037083,2022,179,Rounds 4-7,FALSE,0.4284722222222222,0.7035668673599708,0.005,0.091,0.24202700237182992,0.03,0.2720270023718299,1.4907081754063842,-3.8204197934098256,-0.6044285050354133
Bradley Roby,CB,DEN,00-0031372,2014,31,Late 1st,FALSE,0.6511764705882349,0.9410064603876228,0.023,0.08199999999999999,0.22207752465147895,0.053,0.27507752465147894,1.489791242676142,-1.1362659091557372,0.08046471267687343
Gerald Everett,TE,LA,00-0033895,2017,44,Round 2,FALSE,0.4245588235294118,0.7950539766468385,0.009000000000000001,0.048,0.12402842035690681,0.033,0.1570284203569068,1.489279230880863,-0.36078026178736594,-0.6556584315197126
Jack Mewhort,OT,IND,00-0031046,2014,59,Round 2,FALSE,0.696470588235294,0.9540692989524575,0,0.08149999999999999,0.3110265914585011,0,0.3110265914585011,1.4874149580068436,-1.2393656537891447,0.4683486650469865
Robert McClain,CB,CAR,00-0027840,2010,249,Rounds 4-7,FALSE,0.5194117647058825,0.7505950357021424,0,0.08199999999999999,0.24619517171030267,0,0.24619517171030267,1.486348574123464,-4.672744495348817,-0.6021907924538343
Rashaan Evans,LB,TEN,00-0034743,2018,22,Late 1st,FALSE,0.6368115942028986,0.9202479685012985,0.016,0.061,0.16564463433023374,0.008,0.17364463433023375,1.4840049736456953,-0.9970994700204313,-0.8036273004092015
Mitchell Trubisky,QB,CHI,00-0033869,2017,2,Top 10,TRUE,0.7395588235294116,1.1890013240022694,0.043,0.146,0.489868545488935,0.036000000000000004,0.525868545488935,1.4796980050459192,-0.293477891960363,0.37407124048736107
Chris Cook,CB,MIN,00-0027649,2010,34,Round 2,FALSE,0.591764705882353,0.8551513090785449,0,0.08199999999999999,0.2804896293777627,0,0.2804896293777627,1.478445876664738,-1.8987142572552127,-0.038091475434602076
Donte Moncrief,WR,IND,00-0031339,2014,90,Round 3,FALSE,0.5367647058823527,0.8386948529411761,0.005,0.079,0.2482536764705881,0.054000000000000006,0.3022536764705881,1.4781959824098685,-1.4782442291920619,-0.03988217399875301
Foyesade Oluokun,S,ATL,00-0034413,2018,200,Rounds 4-7,FALSE,0.6260869565217392,0.8768724881256852,0,0.053,0.18589696748264525,0,0.18589696748264525,1.4772294156733332,-2.184659545441944,-0.5511731411824057
Mac Jones,QB,NWE,00-0036972,2021,15,Late 1st,TRUE,0.6741666666666667,1.0838692390139335,0.021,0.146,0.5419346195069666,0.013000000000000001,0.5549346195069667,1.4766885436687427,-0.8862273441397667,-0.014648650169409413
Drue Tranquill,LB,LAC,00-0035262,2019,130,Rounds 4-7,FALSE,0.44828571428571423,0.6478117258464079,0.004,0.061,0.14770107349298098,0.025,0.17270107349298097,1.4741262843816176,-3.875277998195149,-0.8050209414767096
Brandon Fusco,IOL,MIN,00-0028110,2011,172,Rounds 4-7,FALSE,0.49676470588235294,0.6650129931490668,0.004,0.051,0.12502244271202456,0.036000000000000004,0.16102244271202457,1.472402719669474,-2.4541091296547317,-0.6606857915206148
Nevin Lawson,CB,DET,00-0031176,2014,133,Rounds 4-7,FALSE,0.4910294117647059,0.7095800748044884,0.005,0.08199999999999999,0.21855066303978238,0.026000000000000002,0.24455066303978237,1.4714619420008452,-4.672744495348817,-0.6021907924538343
Darius Philon,DL,LAC,00-0032116,2015,192,Rounds 4-7,FALSE,0.35779411764705893,0.6650448283402582,0.004,0.075,0.18887273124863332,0.027000000000000003,0.21587273124863332,1.4697137404694924,-3.7779540498924526,-0.695540700768399
Will Fuller,WR,HOU,00-0033127,2016,21,Late 1st,FALSE,0.537205882352941,0.8393841911764702,0.016,0.079,0.2115248161764705,0.057999999999999996,0.2695248161764705,1.4690208268562204,-0.7067555359941448,0.12050516789925937
Nick Fairley,DL,DET,00-0027951,2011,13,Late 1st,FALSE,0.43647058823529405,0.8112836212551934,0.021,0.075,0.17523726219112173,0.042,0.21723726219112174,1.4660270663359638,-0.5579535424283915,0.23099991956812158
Marco Wilson,CB,ARI,00-0036884,2021,136,Rounds 4-7,FALSE,0.5345833333333333,0.77251926782273606,0.006,0.08199999999999999,0.2348458574181117,0.009000000000000001,0.2438458574181117,1.4650818102351395,-4.672744495348817,-0.6021907924538343
Rasul Douglas,CB,PHI,00-0033551,2017,99,Round 3,FALSE,0.5536764705882353,0.800110506630398,0.005,0.08199999999999999,0.24643403604216252,0.034,0.28043403604216255,1.4644274420382524,-2.986769766952211,-0.2996236181936407
Jamaree Salyer,IOL,LAC,00-0037295,2022,195,Rounds 4-7,FALSE,0.6297222222222222,0.8430016361743269,0.005,0.051,0.15511230105607615,0.005,0.16011230105607616,1.460222522461796,-2.4541091296547317,-0.6606857915206148
Shawn Lauvao,IOL,CLE,00-0027694,2010,92,Round 3,FALSE,0.6352941176470589,0.8504606661941886,0.005,0.051,0.1564847625797307,0.032,0.1884847625797307,1.4571325678879696,-1.1210940108268708,-0.4767011195371987
Roger McCreary,CB,TEN,00-0038125,2022,35,Round 2,FALSE,0.6637499999999998,0.9591763005780345,0.011000000000000001,0.08199999999999999,0.2724060693641618,0.005,0.2774060693641618,1.455478044028605,-1.8987142572552127,-0.038091475434602076
Jordan Phillips,DL,MIA,00-0031557,2015,52,Round 2,FALSE,0.4038235294117646,0.750601355783949,0.008,0.075,0.20116116335009834,0.05,0.25116116335009836,1.454882298454466,-1.5305933950960025,-0.22864968299216984
Germaine Pratt,LB,CIN,00-0035697,2019,72,Round 3,FALSE,0.6407142857142857,0.92588769611891,0.005,0.061,0.20739884393063585,0.03,0.23739884393063584,1.454580045174097,-1.5009104241941897,-0.26024197516630576
Greg Newsome II,CB,CLE,00-0036996,2021,26,Late 1st,FALSE,0.6477777777777776,0.9360950545921641,0.017,0.08199999999999999,0.24338471419396263,0.027000000000000003,0.27038471419396265,1.453581394141121,-1.1362659091557372,0.08046471267687343
Brandon Scherff,IOL,WAS,00-0032053,2015,5,Top 10,TRUE,0.7923529411764706,1.0607134420033073,0.037000000000000005,0.051,0.059399952752185174,0.099,0.15839995275218519,1.4507775322639238,0.14416946758625349,-0.6889170083359715
Karl Joseph,S,LV,00-0032888,2016,14,Late 1st,FALSE,0.5735294117647057,0.8032624814631734,0.019,0.053,0.10924369747899158,0.013000000000000001,0.12224369747899158,1.4501714679793147,-0.34508889186477487,-1.1099795447264003
Rasheem Green,DL,SEA,00-0034831,2018,79,Round 3,FALSE,0.42985507246376814,0.7989871235386025,0,0.075,0.23969613706158072,0,0.23969613706158072,1.4477292354240234,-1.6980155086877986,-0.2673590110726486
Curtis Samuel,WR,CAR,00-0033282,2017,40,Round 2,FALSE,0.5016176470588235,0.7837775735294117,0.01,0.079,0.21632261029411765,0.063,0.27932261029411765,1.4458871738340229,-1.0961314210494868,0.22664173323619316
Brian Winters,IOL,NYJ,00-0030066,2013,72,Round 3,FALSE,0.5992647058823529,0.8022285219308607,0.006,0.051,0.1444011339475549,0.043,0.18740113394755492,1.4456477273731996,-1.1210940108268708,-0.4767011195371987
Mike Pouncey,IOL,MIA,00-0027953,2011,15,Late 1st,TRUE,0.7505882352941178,1.0048035278368377,0.027999999999999997,0.051,0.09244192456098907,0.062,0.15444192456098907,1.442023230348445,-0.09175270156213973,-0.7109611026659682
Trae Waynes,CB,MIN,00-0031546,2015,11,Late 1st,FALSE,0.5795588235294118,0.837512750765046,0.023,0.08199999999999999,0.19765300918055084,0.071,0.26865300918055085,1.4402195128525757,-1.1362659091557372,0.08046471267687343
Jahan Dotson,WR,WAS,00-0037741,2022,16,Late 1st,FALSE,0.6308333333333332,0.9856770833333331,0.018000000000000002,0.079,0.24050520833333328,0.025,0.2655052083333333,1.4380280787414874,-0.7067555359941448,0.12050516789925937
Austin Blythe,IOL,IND,00-0032455,2016,248,Rounds 4-7,FALSE,0.5499999999999998,0.7362784471218203,0.004,0.051,0.13842034805890222,0.02,0.1584203480589022,1.4375795404193732,-2.4541091296547317,-0.6606857915206148
Ja'Wuan James,OT,MIA,00-0031417,2014,19,Late 1st,FALSE,0.6704411764705882,0.9184125705076551,0.027000000000000003,0.08149999999999999,0.20021394037066875,0.068,0.26821394037066876,1.4373453987398856,-0.6590268496124263,0.5624288068243084
Mychal Rivera,TE,LV,00-0030514,2013,184,Rounds 4-7,FALSE,0.47955882352941187,0.8980502313284866,0.005,0.048,0.1544646397884997,0.011000000000000001,0.1654646397884997,1.4361696900838479,-2.3689887502760683,-0.586867207426399
Antonio Gibson,RB,WAS,00-0036328,2020,66,Round 3,TRUE,0.4232394366197184,1.000566044018247,0.006,0.06,0.21612226550794134,0.015,0.23112226550794135,1.4351587955383225,-2.0095141915817347,0.0018317536535283545
Jonah Williams,OT,CIN,00-0035944,2019,11,Late 1st,FALSE,0.651,0.8917808219178083,0.023,0.08149999999999999,0.2086767123287671,0.059000000000000004,0.2676767123287671,1.4332097554527887,-0.6590268496124263,0.5624288068243084
Jeff Allen,IOL,KAN,00-0029524,2012,44,Round 2,FALSE,0.4668627450980392,0.624983594508754,0.01,0.051,0.10249730949943564,0.045,0.14749730949943562,1.432904917057764,-0.22501695252083553,-0.7573076508456783
Rayshawn Jenkins,S,LAC,00-0033941,2017,113,Rounds 4-7,FALSE,0.49750000000000016,0.6967787114845941,0.005,0.053,0.1337815126050421,0.048,0.1817815126050421,1.4314836690304267,-2.184659545441944,-0.5511731411824057
Kyle Van Noy,EDGE,DET,00-0031360,2014,40,Round 2,FALSE,0.3775,0.6198686371100164,0,0.091,0.22563218390804596,0.064,0.28963218390804596,1.4314312283005086,-1.9473356770209531,-0.00936591860581865
DeVante Parker,WR,MIA,00-0031547,2015,14,Late 1st,FALSE,0.5614705882352942,0.8772977941176471,0.019,0.079,0.21055147058823528,0.054000000000000006,0.2645514705882353,1.4306743878206671,-0.7067555359941448,0.12050516789925937
Gardner Minshew II,QB,JAX,00-0035289,2019,178,Rounds 4-7,FALSE,0.38257142857142856,0.6150666054203031,0.004,0.146,0.34935783187873215,0.049,0.39835783187873214,1.4302513422019076,-3.4396236727931813,-0.7312011414982981
Marlon Mack,RB,IND,00-0033951,2017,143,Rounds 4-7,FALSE,0.29867647058823527,0.7060909470171046,0.004,0.06,0.15816437213183143,0.011000000000000001,0.16916437213183144,1.4300084515479037,-5.507493653254559,-0.7649141963140151
DaVon Hamilton,DL,JAX,00-0036262,2020,73,Round 3,FALSE,0.36380281690140853,0.6762134143148857,0.006,0.075,0.18663490235090843,0.051,0.23763490235090842,1.4296103541621317,-1.6980155086877986,-0.2673590110726486
Malcolm Smith,LB,SEA,00-0028180,2011,242,Rounds 4-7,FALSE,0.41647058823529415,0.6018361101666101,0.004,0.061,0.1372186331179871,0.032,0.1692186331179871,1.4281682937371245,-3.875277998195149,-0.8050209414767096
Nick Cross,S,IND,00-0037616,2022,96,Round 3,FALSE,0.5466666666666666,0.7656395891690009,0.006,0.053,0.14394024276377215,0.022000000000000002,0.16594024276377214,1.4279701861093388,-0.9517824670434979,-0.6701102991437132
Justin Fields,QB,CHI,00-0036945,2021,11,Late 1st,FALSE,0.607638888888889,0.9769113969274742,0.026000000000000002,0.146,0.4689174705251876,0.07200000000000001,0.5409174705251876,1.4260717400798293,-0.8862273441397667,-0.014648650169409413
Braxton Jones,IOL,CHI,00-0037081,2022,168,Rounds 4-7,FALSE,0.5769444444444445,0.7723486538747584,0,0.051,0.1575591253904507,0,0.1575591253904507,1.426054013735803,-2.4541091296547317,-0.6606857915206148
Anthony Sherman,RB,ARI,00-0028074,2011,136,Rounds 4-7,FALSE,0.2938235294117646,0.694618272841051,0.005,0.06,0.15281602002503122,0.016,0.1688160200250312,1.4254451819837526,-5.507493653254559,-0.7649141963140151
Daniel Faalele,OT,BAL,00-0038118,2022,110,Rounds 4-7,FALSE,0.5756944444444444,0.7886225266362252,0,0.08149999999999999,0.2570909436834094,0,0.2570909436834094,1.423437635201537,-3.1707480263226144,-0.4449332397639939
Kyler Gordon,CB,CHI,00-0038111,2022,39,Round 2,FALSE,0.540138888888889,0.7805475272960823,0.01,0.08199999999999999,0.2247976878612717,0.048,0.2727976878612717,1.4211526102394216,-1.8987142572552127,-0.038091475434602076
Jordan Elliott,DL,CLE,00-0036266,2020,88,Round 3,FALSE,0.43394366197183093,0.8065867322896485,0.006,0.075,0.22261793811194297,0.013999999999999999,0.23661793811194298,1.4206709285848302,-1.6980155086877986,-0.2673590110726486
William Gholston,EDGE,TAM,00-0030386,2013,126,Rounds 4-7,FALSE,0.46647058823529425,0.765961557036608,0.005,0.091,0.26349077562059314,0,0.26349077562059314,1.4204146675955764,-3.8204197934098256,-0.6044285050354133
Jarius Wright,WR,MIN,00-0029572,2012,118,Rounds 4-7,FALSE,0.42882352941176466,0.6700367647058822,0.005,0.079,0.19833088235294113,0.026000000000000002,0.22433088235294113,1.4197176173722363,-3.823139033302942,-0.6228278656929864
Dee Ford,EDGE,KAN,00-0031297,2014,23,Late 1st,FALSE,0.3927941176470588,0.6449821307833478,0.025,0.091,0.17027528252680382,0.09,0.2602752825268038,1.4187475906727889,-0.8808858659652598,0.5944072297042816
John Miller,IOL,BUF,00-0032149,2015,81,Round 3,FALSE,0.6326470588235293,0.846917080085046,0.005,0.051,0.15583274273564846,0.028999999999999998,0.18483274273564845,1.4184266272911028,-1.1210940108268708,-0.4767011195371987
Courtney Upshaw,LB,BAL,00-0029252,2012,35,Round 2,FALSE,0.593529411764706,0.8577014620877255,0,0.061,0.209279156749405,0,0.209279156749405,1.4176624320398854,-0.9272530653358044,-0.35150887120124186
Kiko Alonso,LB,BUF,00-0030401,2013,46,Round 2,FALSE,0.5529411764705883,0.7990479428765727,0.009000000000000001,0.061,0.1662019721183271,0.043,0.20920197211832708,1.416924487785219,-0.9272530653358044,-0.35150887120124186
Max Garcia,IOL,DEN,00-0032132,2015,133,Rounds 4-7,FALSE,0.5919117647058825,0.7923852271832429,0.005,0.051,0.14579888180171668,0.011000000000000001,0.1567988818017167,1.4158798647161062,-2.4541091296547317,-0.6606857915206148
Marqise Lee,WR,JAX,00-0031431,2014,39,Round 2,FALSE,0.5266176470588236,0.8228400735294119,0.01,0.079,0.2271038602941177,0.048,0.2751038602941177,1.4154371087831716,-1.0961314210494868,0.22664173323619316
Sam Darnold,QB,NYJ,00-0034869,2018,3,Top 10,TRUE,0.7100000000000001,1.1414790996784567,0.043,0.146,0.47028938906752416,0.039,0.5092893890675242,1.415117389005362,-0.293477891960363,0.37407124048736107
Josh Sweat,EDGE,PHI,00-0034381,2018,130,Rounds 4-7,FALSE,0.33188405797101445,0.5449656124318792,0.004,0.091,0.18964803312629397,0.073,0.262648033126294,1.4134749121471948,-3.8204197934098256,-0.6044285050354133
Luke Willson,TE,SEA,00-0030089,2013,158,Rounds 4-7,FALSE,0.4644117647058823,0.8696849526327384,0.005,0.048,0.149585811852831,0.013999999999999999,0.163585811852831,1.413198387920502,-2.3689887502760683,-0.586867207426399
Cameron Erving,OT,CLE,00-0032145,2015,19,Late 1st,FALSE,0.5329411764705883,0.7300564061240935,0,0.08149999999999999,0.23799838839645446,0.027000000000000003,0.26499838839645445,1.4125917096185996,-0.6590268496124263,0.5624288068243084
Jacquian Williams,LB,NYG,00-0028140,2011,202,Rounds 4-7,FALSE,0.5097058823529411,0.7365691941516491,0.004,0.061,0.167937776266576,0,0.167937776266576,1.4112647431072907,-3.875277998195149,-0.8050209414767096
Jerick McKinnon,RB,MIN,00-0031376,2014,96,Round 3,FALSE,0.3580882352941177,0.8465442914754556,0.005,0.06,0.18623974412460023,0.042,0.22823974412460024,1.4109838238924657,-2.0095141915817347,0.0018317536535283545
Will Harris,S,DET,00-0035655,2019,81,Round 3,FALSE,0.5592857142857142,0.7833133253301319,0.005,0.053,0.15039615846338533,0.013999999999999999,0.16439615846338534,1.408447416440748,-0.9517824670434979,-0.6701102991437132
John Franklin-Myers,EDGE,LA,00-0034805,2018,135,Rounds 4-7,FALSE,0.32652173913043475,0.5361604911829799,0.004,0.091,0.186583850931677,0.075,0.261583850931677,1.4047116609368644,-3.8204197934098256,-0.6044285050354133
John Bates,TE,WAS,00-0036628,2021,124,Rounds 4-7,FALSE,0.43819444444444433,0.8205888472742403,0.006,0.048,0.1378589263420724,0.025,0.16285892634207239,1.4043111947993017,-2.3689887502760683,-0.586867207426399
Richard Rodgers,TE,GNB,00-0031384,2014,98,Round 3,FALSE,0.5225,0.9784644194756553,0.005,0.048,0.16829588014981273,0.005,0.17329588014981273,1.4033378757328718,-0.9835958778133722,-0.5376092011535986
Walter Thurmond,S,SEA,00-0027711,2010,111,Rounds 4-7,FALSE,0.5252941176470589,0.7357060471247324,0,0.053,0.15596968199044328,0.023,0.17896968199044327,1.400228487106741,-2.184659545441944,-0.5511731411824057
Rishard Matthews,WR,MIA,00-0029580,2012,227,Rounds 4-7,FALSE,0.3803921568627451,0.5943627450980392,0.004,0.079,0.17830882352941177,0.044000000000000004,0.22230882352941178,1.3999643998272147,-3.823139033302942,-0.6228278656929864
T.J. Yeldon,RB,JAX,00-0032209,2015,36,Round 2,TRUE,0.42499999999999993,1.0047281323877066,0.01,0.06,0.2009456264775413,0.009000000000000001,0.2099456264775413,1.3979100218235543,-1.5069658434565287,-0.4735968759125675
Montaric Brown,CB,JAX,00-0037313,2022,222,Rounds 4-7,FALSE,0.4523611111111111,0.6537010276172126,0.005,0.08199999999999999,0.20133991650610145,0.035,0.23633991650610145,1.3971355700636852,-4.672744495348817,-0.6021907924538343
Logan Hall,EDGE,TAM,00-0038127,2022,33,Round 2,FALSE,0.47625,0.7820197044334976,0,0.091,0.2846551724137931,0,0.2846551724137931,1.3955646857477562,-1.9473356770209531,-0.00936591860581865
Shea McClellin,EDGE,CHI,00-0029250,2012,19,Late 1st,FALSE,0.5294117647058825,0.8693132425383949,0.017,0.091,0.2573167197913649,0,0.2573167197913649,1.3939509771914698,-0.8808858659652598,0.5944072297042816
Uchenna Nwosu,EDGE,LAC,00-0034350,2018,48,Round 2,FALSE,0.3988405797101449,0.6549106399181361,0.008,0.091,0.21743033245282117,0.067,0.2844303324528212,1.393944389705227,-1.9473356770209531,-0.00936591860581865
Devon Kennard,LB,NYG,00-0031241,2014,174,Rounds 4-7,FALSE,0.40852941176470586,0.5903604216252976,0.004,0.061,0.13460217613056782,0.032,0.16660217613056783,1.3936387418134266,-3.875277998195149,-0.8050209414767096
Tahir Whitehead,LB,DET,00-0029212,2012,138,Rounds 4-7,FALSE,0.40294117647058825,0.5822849370962259,0.005,0.061,0.1304318259095546,0.036000000000000004,0.1664318259095546,1.3913906189396423,-3.875277998195149,-0.8050209414767096
Marcus Davenport,EDGE,NOR,00-0034344,2018,14,Late 1st,FALSE,0.41927536231884055,0.6884652911639418,0.019,0.091,0.19827800385521524,0.057999999999999996,0.25627800385521526,1.385245183233794,-0.8808858659652598,0.5944072297042816
Casey Hayward,CB,GNB,00-0029261,2012,62,Round 2,FALSE,0.4699999999999999,0.6791907514450867,0.006999999999999999,0.08199999999999999,0.20375722543352595,0.064,0.267757225433526,1.3836088306669305,-1.8987142572552127,-0.038091475434602076
Jeremiah Owusu-Koramoah,LB,CLE,00-0036915,2021,52,Round 2,FALSE,0.5195833333333332,0.7508429672447011,0.009000000000000001,0.061,0.15617533718689783,0.049,0.20517533718689784,1.3784267704056006,-0.9272530653358044,-0.35150887120124186
Ezekiel Ansah,EDGE,DET,00-0030059,2013,5,Top 10,FALSE,0.5572058823529412,0.9149521877716604,0.051,0.091,0.14639235004346568,0.09699999999999999,0.24339235004346566,1.3726256192000401,-0.35588035012977776,0.265142802793857
Terrel Bernard,LB,BUF,00-0037254,2022,89,Round 3,FALSE,0.5948611111111108,0.8596258831085417,0.006,0.061,0.18911769428387917,0.038,0.22711769428387918,1.369801966223072,-1.5009104241941897,-0.26024197516630576
Folorunso Fatukasi,DL,NYJ,00-0034275,2018,180,Rounds 4-7,FALSE,0.29985507246376814,0.5573514358062605,0.004,0.075,0.15828780776897797,0.048,0.20628780776897798,1.3697150138562129,-3.7779540498924526,-0.695540700768399
Nick Perry,EDGE,GNB,00-0029408,2012,28,Late 1st,FALSE,0.37019607843137253,0.6078753340416626,0.016,0.091,0.18236260021249878,0.07200000000000001,0.2543626002124988,1.3691916031557954,-0.8808858659652598,0.5944072297042816
Justin Pugh,IOL,NYG,00-0030585,2013,19,Late 1st,TRUE,0.7970588235294117,1.0670131506417828,0.027999999999999997,0.051,0.09816520985904402,0.051,0.14916520985904402,1.36846364401612,-0.09175270156213973,-0.7109611026659682
Tyler Conklin,TE,MIN,00-0034270,2018,157,Rounds 4-7,FALSE,0.38811594202898564,0.726808880204093,0.004,0.048,0.12791836291592035,0.032,0.15991836291592035,1.3683586896708422,-2.3689887502760683,-0.586867207426399
Dede Westbrook,WR,JAX,00-0033839,2017,110,Rounds 4-7,FALSE,0.4605882352941177,0.7196691176470589,0.005,0.079,0.21302205882352943,0.006,0.21902205882352943,1.3678564425813058,-3.823139033302942,-0.6228278656929864
Chukwuma Okorafor,OT,PIT,00-0034768,2018,92,Round 3,FALSE,0.5140579710144928,0.7041890013897162,0.005,0.08149999999999999,0.21548183442525312,0.047,0.26248183442525314,1.3572592214780106,-1.9161133628566525,-0.13046393182271215
Prince Amukamara,CB,NYG,00-0027957,2011,19,Late 1st,FALSE,0.6544117647058822,0.9456817409044542,0.025,0.08199999999999999,0.21561543692621551,0.042,0.2576154369262155,1.3550533159345441,-1.1362659091557372,0.08046471267687343
Cordale Flott,CB,NYG,00-0037758,2022,81,Round 3,FALSE,0.4905555555555556,0.7088953114964677,0.006,0.08199999999999999,0.21550417469492614,0.05,0.26550417469492615,1.3542462498456305,-2.986769766952211,-0.2996236181936407
Amani Hooker,S,TEN,00-0035632,2019,116,Rounds 4-7,FALSE,0.46171428571428563,0.646658663465386,0.004,0.053,0.12674509803921566,0.048,0.17474509803921567,1.3532697054283718,-2.184659545441944,-0.5511731411824057
Quinton Jefferson,DL,SEA,00-0032416,2016,147,Rounds 4-7,FALSE,0.32279411764705884,0.5999890662584737,0.004,0.075,0.17039689481740652,0.034,0.20439689481740653,1.3499872729206635,-3.7779540498924526,-0.695540700768399
Ladarius Green,TE,LAC,00-0029275,2012,110,Rounds 4-7,FALSE,0.392156862745098,0.7343761474627303,0.005,0.048,0.1263126973635896,0.032,0.1583126973635896,1.3487271801134024,-2.3689887502760683,-0.586867207426399
Nick Boyle,TE,BAL,00-0031598,2015,171,Rounds 4-7,FALSE,0.37102941176470594,0.6948116325181759,0.004,0.048,0.12228684732319896,0.036000000000000004,0.15828684732319898,1.348411127175571,-2.3689887502760683,-0.586867207426399
Trent Murphy,EDGE,WAS,00-0031300,2014,47,Round 2,FALSE,0.43308823529411766,0.711146527576548,0.008,0.091,0.2361006471554139,0.042,0.2781006471554139,1.3483298824196512,-1.9473356770209531,-0.00936591860581865
Vic Beasley,LB,ATL,00-0032240,2015,8,Top 10,FALSE,0.5682352941176468,0.8211492689561372,0.025,0.061,0.11824549472968374,0.048,0.16624549472968375,1.3480213318169023,-0.45451654497340005,-0.7813094655693499
Jordan Hicks,LB,PHI,00-0032129,2015,84,Round 3,FALSE,0.5542647058823528,0.8009605576334579,0.005,0.061,0.17941516490989456,0.045,0.22441516490989455,1.3475169828790732,-1.5009104241941897,-0.26024197516630576
Dane Jackson,CB,BUF,00-0036166,2020,239,Rounds 4-7,FALSE,0.4802816901408451,0.6940486851746317,0.005,0.08199999999999999,0.21376699503378652,0.017,0.2307669950337865,1.3466876561707481,-4.672744495348817,-0.6021907924538343
Cam Taylor-Britt,CB,CIN,00-0037753,2022,60,Round 2,FALSE,0.5943055555555554,0.8588230571612073,0.006999999999999999,0.08199999999999999,0.25764691714836213,0.005,0.26264691714836214,1.3455448056779626,-1.8987142572552127,-0.038091475434602076
Nasir Adderley,S,LAC,00-0035677,2019,60,Round 2,FALSE,0.6152857142857144,0.8617446978791519,0.006,0.053,0.16200800320128056,0,0.16200800320128056,1.344053103913601,-0.6092327658489395,-0.6534824271194798
Baron Browning,EDGE,DEN,00-0036995,2021,105,Rounds 4-7,FALSE,0.4066666666666668,0.6677613574165301,0.006,0.091,0.2270388615216202,0.027000000000000003,0.2540388615216202,1.3425807232890976,-3.8204197934098256,-0.6044285050354133
Michael Floyd,WR,ARI,00-0029638,2012,13,Late 1st,TRUE,0.7843137254901958,1.225490196078431,0.028999999999999998,0.079,0.2450980392156862,0.008,0.2530980392156862,1.3423639537108192,-0.7067555359941448,0.12050516789925937
Javonte Williams,RB,DEN,00-0036997,2021,35,Round 2,FALSE,0.38958333333333317,0.9210007880220643,0.012,0.06,0.17683215130023636,0.027000000000000003,0.20383215130023635,1.3409154403923702,-1.5069658434565287,-0.4735968759125675
Brandon Spikes,LB,NWE,00-0027668,2010,62,Round 2,FALSE,0.556470588235294,0.8041482488949336,0.006,0.061,0.1769126147568854,0.024,0.2009126147568854,1.3376718755186854,-0.9272530653358044,-0.35150887120124186
Kony Ealy,EDGE,CAR,00-0031336,2014,60,Round 2,FALSE,0.48867647058823527,0.8024244180430793,0.006999999999999999,0.091,0.2696146044624746,0.006999999999999999,0.2766146044624746,1.3376208025746357,-1.9473356770209531,-0.00936591860581865
Luke Wattenberg,IOL,DEN,00-0037278,2022,171,Rounds 4-7,FALSE,0.43819444444444444,0.5866056819872081,0.005,0.051,0.10793544548564629,0.043,0.1509354454856463,1.3374109690473568,-2.4541091296547317,-0.6606857915206148
Elijah Moore,WR,NYJ,00-0036980,2021,34,Round 2,FALSE,0.6095833333333333,0.9524739583333331,0.012,0.079,0.2552630208333333,0.009000000000000001,0.2642630208333333,1.337190171470763,-1.0961314210494868,0.22664173323619316
Danny Shelton,DL,CLE,00-0032143,2015,12,Late 1st,FALSE,0.4514705882352942,0.8391646621473869,0.02,0.075,0.1846162256724251,0.02,0.2046162256724251,1.3359431427803903,-0.5579535424283915,0.23099991956812158
Jamon Brown,IOL,LA,00-0032244,2015,72,Round 3,FALSE,0.6019117647058824,0.8057721080400032,0.006,0.051,0.14503897944720057,0.032,0.17703897944720057,1.3358244094095313,-1.1210940108268708,-0.4767011195371987
Pete Werner,LB,NOR,00-0036927,2021,60,Round 2,FALSE,0.5573611111111111,0.8054351316634554,0.008,0.061,0.17075224791265253,0.028999999999999998,0.19975224791265253,1.3265778787728466,-0.9272530653358044,-0.35150887120124186
Jordan Mailata,OT,PHI,00-0034429,2018,233,Rounds 4-7,FALSE,0.3698550724637681,0.5066507841969426,0.004,0.08149999999999999,0.1570617431010522,0.08800000000000001,0.24506174310105222,1.3259222595726667,-3.1707480263226144,-0.4449332397639939
Tevin Coleman,RB,ATL,00-0032058,2015,73,Round 3,FALSE,0.38191176470588234,0.9028646919760812,0.006,0.06,0.19501877346683355,0.023,0.21801877346683354,1.3252631498767733,-2.0095141915817347,0.0018317536535283545
Dayo Odeyingbo,DL,IND,00-0036480,2021,54,Round 2,FALSE,0.4222222222222223,0.7847996695580339,0,0.075,0.23543990086741018,0,0.23543990086741018,1.325043314308097,-1.5305933950960025,-0.22864968299216984
Ja'Whaun Bentley,LB,NWE,00-0034385,2018,143,Rounds 4-7,FALSE,0.39782608695652183,0.5748931892435287,0.004,0.061,0.13107564714752454,0.03,0.16107564714752454,1.3207047817310031,-3.875277998195149,-0.8050209414767096
Keanu Neal,S,ATL,00-0032382,2016,17,Late 1st,FALSE,0.5454411764705882,0.7639232163453616,0.017,0.053,0.11000494315373206,0.006,0.11600494315373207,1.319513172024382,-0.34508889186477487,-1.1099795447264003
Akeem Spence,DL,TAM,00-0030402,2013,100,Round 3,FALSE,0.39779411764705896,0.7393942707194404,0.005,0.075,0.2070303958014433,0.018000000000000002,0.2250303958014433,1.3188129004068485,-1.6980155086877986,-0.2673590110726486
Damontae Kazee,CB,ATL,00-0033512,2017,149,Rounds 4-7,FALSE,0.47970588235294126,0.6932165929955799,0,0.08199999999999999,0.2273750425025502,0,0.2273750425025502,1.3159825888062051,-4.672744495348817,-0.6021907924538343
Derek Barnett,EDGE,PHI,00-0033876,2017,14,Late 1st,FALSE,0.4525000000000002,0.7430213464696226,0.019,0.091,0.2139901477832513,0.034,0.2479901477832513,1.3157821425675946,-0.8808858659652598,0.5944072297042816
David Long,LB,TEN,00-0035292,2019,188,Rounds 4-7,FALSE,0.4204285714285715,0.6075557390586294,0.004,0.061,0.1385227085053675,0.022000000000000002,0.16052270850536748,1.3134076147426732,-3.875277998195149,-0.8050209414767096
Johnathan Abram,S,LV,00-0035693,2019,27,Late 1st,FALSE,0.5200000000000001,0.7282913165266108,0.015,0.053,0.11070028011204484,0.005,0.11570028011204485,1.3131326108110435,-0.34508889186477487,-1.1099795447264003
Greg Robinson,OT,LA,00-0031386,2014,2,Top 10,FALSE,0.7025,0.9623287671232877,0.04,0.08149999999999999,0.15974657534246572,0.035,0.19474657534246573,1.308140855150162,-0.3572700310319593,0.18380523620703798
Chuck Clark,S,BAL,00-0033294,2017,186,Rounds 4-7,FALSE,0.5252941176470588,0.7357060471247322,0.004,0.053,0.1441983852364475,0.026000000000000002,0.1701983852364475,1.3027302685691764,-2.184659545441944,-0.5511731411824057
Jaquiski Tartt,S,SFO,00-0032057,2015,46,Round 2,FALSE,0.49132352941176466,0.6881281924534519,0.009000000000000001,0.053,0.12111056187180753,0.037000000000000005,0.15811056187180755,1.295998209205303,-0.6092327658489395,-0.6534824271194798
Rock Ya-Sin,CB,IND,00-0035637,2019,34,Round 2,FALSE,0.5784285714285713,0.8358794384805944,0.011000000000000001,0.08199999999999999,0.23738976052848879,0.018000000000000002,0.2553897605284888,1.2914900255133925,-1.8987142572552127,-0.038091475434602076
Kris Durham,WR,SEA,00-0028045,2011,107,Rounds 4-7,FALSE,0.4455882352941176,0.6962316176470588,0.005,0.079,0.20608455882352938,0.005,0.2110845588235294,1.2903160849818451,-3.823139033302942,-0.6228278656929864
Josh Evans,CB,JAX,00-0030557,2013,169,Rounds 4-7,FALSE,0.4735294117647058,0.6842910574634478,0,0.08199999999999999,0.22444746684801084,0,0.22444746684801084,1.2894812133124085,-4.672744495348817,-0.6021907924538343
Andre Roberts,WR,ARI,00-0027691,2010,88,Round 3,FALSE,0.5258823529411765,0.8216911764705882,0.005,0.079,0.2432205882352941,0.03,0.2732205882352941,1.2859635629271071,-1.4782442291920619,-0.03988217399875301
Mark Glowinski,IOL,SEA,00-0031581,2015,134,Rounds 4-7,FALSE,0.47882352941176476,0.6409953539648792,0.005,0.051,0.11794314512953777,0.028999999999999998,0.14694314512953777,1.2839830160118333,-2.4541091296547317,-0.6606857915206148
Chris Jones,DL,HOU,00-0030106,2013,198,Rounds 4-7,FALSE,0.3611764705882354,0.6713317297179096,0.005,0.075,0.18797288432101467,0.01,0.19797288432101467,1.2829660942171455,-3.7779540498924526,-0.695540700768399
Demarcus Robinson,WR,KAN,00-0032775,2016,126,Rounds 4-7,FALSE,0.4285294117647059,0.6695772058823529,0.005,0.079,0.19819485294117645,0.012,0.21019485294117646,1.2816246692620354,-3.823139033302942,-0.6228278656929864
Marcus Cooper,CB,SFO,00-0030127,2013,252,Rounds 4-7,FALSE,0.4245588235294117,0.6135243114586875,0.004,0.08199999999999999,0.19141958517511046,0.032,0.22341958517511046,1.2801764911152256,-4.672744495348817,-0.6021907924538343
Yetur Gross-Matos,EDGE,CAR,00-0036288,2020,38,Round 2,FALSE,0.4390140845070424,0.7208769860542568,0.01,0.091,0.2335641434815792,0.035,0.2685641434815792,1.279605625861867,-1.9473356770209531,-0.00936591860581865
Markus Golden,EDGE,ARI,00-0032127,2015,58,Round 2,FALSE,0.4485294117647059,0.7365014971505844,0.006999999999999999,0.091,0.24746450304259635,0.021,0.26846450304259634,1.2788875728598035,-1.9473356770209531,-0.00936591860581865
Kristian Fulton,CB,TEN,00-0036416,2020,61,Round 2,FALSE,0.502112676056338,0.7255963526825695,0.006999999999999999,0.08199999999999999,0.2176789058047708,0.036000000000000004,0.2536789058047708,1.2787467596824142,-1.8987142572552127,-0.038091475434602076
Jerome Ford,RB,CLE,00-0037267,2022,156,Rounds 4-7,FALSE,0.2909722222222222,0.6878775939059626,0.005,0.06,0.15133307065931176,0.006,0.15733307065931176,1.2750232602431584,-5.507493653254559,-0.7649141963140151
Josh Palmer,WR,LAC,00-0036988,2021,77,Round 3,FALSE,0.523472222222222,0.8179253472222219,0.006999999999999999,0.079,0.23556249999999992,0.036000000000000004,0.27156249999999993,1.2749851127325105,-1.4782442291920619,-0.03988217399875301
Armon Watts,DL,MIN,00-0034992,2019,190,Rounds 4-7,FALSE,0.3564285714285712,0.6625066383430691,0.004,0.075,0.1881518852894316,0.009000000000000001,0.19715188528943162,1.2744006781360153,-3.7779540498924526,-0.695540700768399
Jon Asamoah,IOL,KAN,00-0027673,2010,68,Round 3,FALSE,0.5570588235294117,0.7457280100795337,0.005,0.051,0.1372139538546342,0.034,0.1712139538546342,1.2740878624610135,-1.1210940108268708,-0.4767011195371987
Andrew Billings,DL,CIN,00-0033066,2016,122,Rounds 4-7,FALSE,0.34397058823529414,0.6393505357533348,0.005,0.075,0.1790181500109337,0.018000000000000002,0.1970181500109337,1.2730054288592267,-3.7779540498924526,-0.695540700768399
Jatavis Brown,EDGE,LAC,00-0032895,2016,175,Rounds 4-7,FALSE,0.41088235294117637,0.6746836665700762,0,0.091,0.24558485463150773,0,0.24558485463150773,1.272964273693655,-3.8204197934098256,-0.6044285050354133
Chris Conley,WR,KAN,00-0032128,2015,76,Round 3,FALSE,0.5604411764705884,0.8756893382352944,0.005,0.079,0.25920404411764714,0.012,0.27120404411764715,1.272611722723702,-1.4782442291920619,-0.03988217399875301
Marcus Cannon,OT,NWE,00-0028076,2011,138,Rounds 4-7,FALSE,0.46852941176470586,0.6418211120064464,0.005,0.08149999999999999,0.19639726027397256,0.042,0.23839726027397257,1.2718962632643172,-3.1707480263226144,-0.4449332397639939
Davon House,CB,GNB,00-0028069,2011,131,Rounds 4-7,FALSE,0.40235294117647064,0.5814348860931657,0.005,0.08199999999999999,0.17908194491669502,0.043,0.22208194491669503,1.2680677325562724,-4.672744495348817,-0.6021907924538343
Rodney Gunter,DL,ARI,00-0032131,2015,116,Rounds 4-7,FALSE,0.3598529411764706,0.6688716378744807,0.005,0.075,0.18728405860485456,0.009000000000000001,0.19628405860485457,1.2653467129621745,-3.7779540498924526,-0.695540700768399
Jourdan Lewis,CB,DAL,00-0033928,2017,92,Round 3,FALSE,0.5126470588235295,0.7408194491669501,0.005,0.08199999999999999,0.22817239034342057,0.025,0.2531723903434206,1.2632386597475007,-2.986769766952211,-0.2996236181936407
Quez Watkins,WR,PHI,00-0036271,2020,200,Rounds 4-7,FALSE,0.4335211267605633,0.6773767605633801,0.004,0.079,0.20321302816901404,0.005,0.20821302816901405,1.262264492690956,-3.823139033302942,-0.6228278656929864
Dennis Daley,OT,CAR,00-0035300,2019,212,Rounds 4-7,FALSE,0.5147142857142857,0.7050880626223092,0,0.08149999999999999,0.22985870841487277,0.006999999999999999,0.23685870841487278,1.2594239080618725,-3.1707480263226144,-0.4449332397639939
Van Jefferson,WR,LA,00-0036415,2020,57,Round 2,FALSE,0.5491549295774647,0.8580545774647885,0.006999999999999999,0.079,0.24711971830985913,0.006,0.25311971830985913,1.2567601183220558,-1.0961314210494868,0.22664173323619316
Mekhi Becton,IOL,NYJ,00-0036284,2020,11,Late 1st,FALSE,0.3838028169014085,0.5137922582348172,0,0.051,0.1048136206799027,0.036000000000000004,0.14081362067990272,1.2520390351569932,-0.09175270156213973,-0.7109611026659682
Andre Branch,EDGE,JAX,00-0029600,2012,38,Round 2,FALSE,0.41176470588235287,0.6761325219743068,0.011000000000000001,0.091,0.2163624070317782,0.048,0.2643624070317782,1.2493260576217176,-1.9473356770209531,-0.00936591860581865
Joe Haeg,OT,IND,00-0032419,2016,155,Rounds 4-7,FALSE,0.5270588235294118,0.7219983883964546,0,0.08149999999999999,0.23537147461724417,0,0.23537147461724417,1.2473675655451126,-3.1707480263226144,-0.4449332397639939
Adrian Clayborn,EDGE,TAM,00-0027958,2011,20,Late 1st,FALSE,0.4370588235294117,0.7176663768955858,0.017,0.091,0.21242924756109338,0.027000000000000003,0.23942924756109338,1.2440306358923454,-0.8808858659652598,0.5944072297042816
Durham Smythe,TE,MIA,00-0034798,2018,123,Rounds 4-7,FALSE,0.4021739130434784,0.753134668620746,0.004,0.048,0.13255170167725128,0.017,0.1495517016772513,1.2416117410984837,-2.3689887502760683,-0.586867207426399
Tyler Kroft,TE,CIN,00-0032214,2015,85,Round 3,FALSE,0.390735294117647,0.7317140339281779,0.005,0.048,0.12585481383564662,0.033,0.15885481383564662,1.2415951647961012,-0.9835958778133722,-0.5376092011535986
Kevin King,CB,GNB,00-0033524,2017,33,Round 2,FALSE,0.54,0.7803468208092487,0.011000000000000001,0.08199999999999999,0.2216184971098266,0.027000000000000003,0.24861849710982659,1.241054410753494,-1.8987142572552127,-0.038091475434602076
Chauncey Golston,DL,DAL,00-0036982,2021,84,Round 3,FALSE,0.3866666666666668,0.7187112763320944,0,0.075,0.2156133828996283,0,0.2156133828996283,1.2360344871935185,-1.6980155086877986,-0.2673590110726486
Tajae Sharpe,WR,TEN,00-0032778,2016,140,Rounds 4-7,FALSE,0.42764705882352944,0.6681985294117647,0.004,0.079,0.20045955882352942,0.005,0.20545955882352943,1.235366225265693,-3.823139033302942,-0.6228278656929864
Andre Ellington,RB,ARI,00-0030287,2013,187,Rounds 4-7,FALSE,0.2870588235294118,0.6786260603532195,0.005,0.06,0.1492977332777083,0.005,0.1542977332777083,1.2352615868672479,-5.507493653254559,-0.7649141963140151
C.J. Uzomah,TE,CIN,00-0032134,2015,157,Rounds 4-7,FALSE,0.355,0.6647940074906367,0.004,0.048,0.11700374531835205,0.032,0.14900374531835203,1.2349122073872598,-2.3689887502760683,-0.586867207426399
Marcus Epps,S,MIN,00-0034993,2019,191,Rounds 4-7,FALSE,0.49857142857142855,0.6982793117246899,0.004,0.053,0.13686274509803922,0.027000000000000003,0.16386274509803922,1.2323058325804501,-2.184659545441944,-0.5511731411824057
Tommy Tremble,TE,CAR,00-0037005,2021,83,Round 3,FALSE,0.45249999999999996,0.847378277153558,0.006999999999999999,0.048,0.1389700374531835,0.019,0.1579700374531835,1.2316854997091102,-0.9835958778133722,-0.5376092011535986
Richie Grant,CB,ATL,00-0036961,2021,40,Round 2,FALSE,0.5205555555555557,0.7522479126525371,0,0.08199999999999999,0.24673731535003213,0,0.24673731535003213,1.227042467536391,-1.8987142572552127,-0.038091475434602076
Harrison Bryant,TE,CLE,00-0036232,2020,115,Rounds 4-7,FALSE,0.41999999999999993,0.7865168539325841,0.005,0.048,0.13528089887640446,0.013000000000000001,0.14828089887640447,1.2260743975375958,-2.3689887502760683,-0.586867207426399
Theo Riddick,RB,DET,00-0030107,2013,199,Rounds 4-7,FALSE,0.24720588235294116,0.5844110693922959,0.005,0.06,0.1285704352663051,0.025,0.1535704352663051,1.22573428154968,-5.507493653254559,-0.7649141963140151
Will Dissly,TE,SEA,00-0034159,2018,120,Rounds 4-7,FALSE,0.33434782608695657,0.6261195245074093,0.004,0.048,0.11019703631330402,0.038,0.14819703631330403,1.2250490602831297,-2.3689887502760683,-0.586867207426399
Corey White,CB,NOR,00-0029658,2012,162,Rounds 4-7,FALSE,0.4768627450980391,0.6891080131474554,0.005,0.08199999999999999,0.21224526804941624,0.005,0.21724526804941624,1.224284546423006,-4.672744495348817,-0.6021907924538343
Ethan Pocic,IOL,SEA,00-0033901,2017,58,Round 2,FALSE,0.4505882352941177,0.6031971021340263,0.006999999999999999,0.051,0.10616268997558863,0.027000000000000003,0.13316268997558864,1.220047720246565,-0.22501695252083553,-0.7573076508456783
Mason Cole,IOL,ARI,00-0034785,2018,97,Round 3,FALSE,0.5714492753623188,0.7649923364957414,0.005,0.051,0.14075858991521642,0.025,0.16575858991521641,1.2162691753814372,-1.1210940108268708,-0.4767011195371987
Josey Jewell,LB,DEN,00-0034368,2018,106,Rounds 4-7,FALSE,0.38579710144927537,0.5575102622099356,0.004,0.061,0.1271123397838653,0.026000000000000002,0.1531123397838653,1.2156124999086855,-3.875277998195149,-0.8050209414767096
Jelani Jenkins,LB,MIA,00-0030384,2013,104,Rounds 4-7,FALSE,0.45441176470588224,0.6566643998639917,0.005,0.061,0.14709282556953415,0.006,0.15309282556953416,1.2153549695612587,-3.875277998195149,-0.8050209414767096
Mike Edwards,S,TAM,00-0035681,2019,99,Round 3,FALSE,0.5058571428571428,0.7084833933573429,0.005,0.053,0.13602881152460983,0.013000000000000001,0.14902881152460984,1.2141489739088975,-0.9517824670434979,-0.6701102991437132
Spencer Burford,IOL,SFO,00-0037829,2022,134,Rounds 4-7,FALSE,0.5306944444444445,0.7104343299122416,0.005,0.051,0.13071991670385247,0.011000000000000001,0.14171991670385248,1.2140818617576623,-2.4541091296547317,-0.6606857915206148
Jonathan Greenard,EDGE,HOU,00-0036224,2020,90,Round 3,FALSE,0.3440845070422535,0.5649991905455722,0.006,0.091,0.19209972478549453,0.07400000000000001,0.26609972478549454,1.2135329245846602,-2.5109073453087567,-0.29680159176202814
DJ Chark,WR,JAX,00-0034777,2018,61,Round 2,FALSE,0.43565217391304356,0.6807065217391306,0.006,0.079,0.19876630434782613,0.048,0.24676630434782615,1.2109024902476515,-1.0961314210494868,0.22664173323619316
Keenan Robinson,LB,WAS,00-0029545,2012,119,Rounds 4-7,FALSE,0.4162745098039215,0.6015527598322565,0.005,0.061,0.13474781820242546,0.018000000000000002,0.15274781820242544,1.2108018850450906,-3.875277998195149,-0.8050209414767096
AJ Dillon,RB,GNB,00-0036265,2020,62,Round 2,FALSE,0.35619718309859155,0.8420737189091999,0.006999999999999999,0.06,0.17851962840875038,0.011000000000000001,0.1895196284087504,1.2074829445097113,-1.5069658434565287,-0.4735968759125675
Calvin Pryor,CB,NYJ,00-0031343,2014,18,Late 1st,FALSE,0.5019117647058824,0.7253060183611018,0,0.08199999999999999,0.23790037402244135,0,0.23790037402244135,1.2029313736428677,-1.1362659091557372,0.08046471267687343
Shamar Stephen,DL,MIN,00-0031242,2014,220,Rounds 4-7,FALSE,0.3188235294117646,0.592608790728187,0.004,0.075,0.16830089656680508,0.022000000000000002,0.19030089656680507,1.2029248703469657,-3.7779540498924526,-0.695540700768399
Joe Haden,CB,CLE,00-0027860,2010,7,Top 10,TRUE,0.8523529411764708,1.2317239034342065,0.062,0.08199999999999999,0.09853791227473646,0.102,0.20053791227473644,1.202297469295051,-0.39522957331232367,-0.6077512429479659
Beau Allen,DL,PHI,00-0031089,2014,224,Rounds 4-7,FALSE,0.30676470588235294,0.570194620599169,0.004,0.075,0.161935272250164,0.027999999999999997,0.189935272250164,1.199110341607058,-3.7779540498924526,-0.695540700768399
Zach Allen,EDGE,ARI,00-0035248,2019,65,Round 3,FALSE,0.44157142857142845,0.7250762373915082,0,0.091,0.263927750410509,0,0.263927750410509,1.1984800030644915,-2.5109073453087567,-0.29680159176202814
Devin Taylor,EDGE,DET,00-0030079,2013,132,Rounds 4-7,FALSE,0.4098529411764706,0.6729933352651406,0.005,0.091,0.23150970733120835,0.005,0.23650970733120835,1.1982329015982032,-3.8204197934098256,-0.6044285050354133
Teddy Bridgewater,QB,MIN,00-0031237,2014,32,Late 1st,FALSE,0.4313235294117647,0.693446188764895,0.013000000000000001,0.146,0.3689133724229241,0.106,0.4749133724229241,1.187726804597692,-0.8862273441397667,-0.014648650169409413
Isaac Seumalo,IOL,PHI,00-0032954,2016,79,Round 3,FALSE,0.5355882352941177,0.7169855894164896,0.005,0.051,0.1319253484526341,0.031,0.1629253484526341,1.1862410593171202,-1.1210940108268708,-0.4767011195371987
Alex Okafor,EDGE,ARI,00-0030503,2013,103,Rounds 4-7,FALSE,0.3594117647058823,0.5901671013232879,0.005,0.091,0.203017482855211,0.032,0.235017482855211,1.1859448385094622,-3.8204197934098256,-0.6044285050354133
Leo Chenal,LB,KAN,00-0037819,2022,103,Rounds 4-7,FALSE,0.3880555555555556,0.5607739242132307,0.006,0.061,0.12337026332691076,0.027000000000000003,0.15037026332691075,1.1794251397287072,-3.875277998195149,-0.8050209414767096
Ryan Grant,WR,WAS,00-0031068,2014,142,Rounds 4-7,FALSE,0.34073529411764697,0.5323988970588234,0.005,0.079,0.1575900735294117,0.042,0.19959007352941172,1.1780280219736412,-3.823139033302942,-0.6228278656929864
Jadeveon Clowney,EDGE,HOU,00-0031364,2014,1,Top 10,FALSE,0.5622058823529412,0.9231623683956343,0.054000000000000006,0.091,0.13662803052255384,0.085,0.22162803052255386,1.1765904340326858,-0.35588035012977776,0.265142802793857
J.T. Thomas,LB,CHI,00-0028133,2011,195,Rounds 4-7,FALSE,0.3855882352941177,0.5572084325059504,0.004,0.061,0.12704352261135668,0.023,0.15004352261135667,1.1751131213933939,-3.875277998195149,-0.8050209414767096
Martin Emerson,CB,CLE,00-0037250,2022,68,Round 3,FALSE,0.5563888888888888,0.8040301862556197,0.006999999999999999,0.08199999999999999,0.24120905587668587,0,0.24120905587668587,1.174950200565801,-2.986769766952211,-0.2996236181936407
Lorenzo Carter,EDGE,NYG,00-0034360,2018,66,Round 3,FALSE,0.43072463768115943,0.7072654149115919,0.006,0.091,0.24047024106994122,0.02,0.2604702410699412,1.1745176500283687,-2.5109073453087567,-0.29680159176202814
Ahkello Witherspoon,CB,SFO,00-0033783,2017,66,Round 3,FALSE,0.4985294117647058,0.7204182250935055,0.006,0.08199999999999999,0.21900714042842562,0.022000000000000002,0.2410071404284256,1.173460080577812,-2.986769766952211,-0.2996236181936407
Robert Blanton,CB,MIN,00-0029575,2012,139,Rounds 4-7,FALSE,0.4454901960784315,0.6437719596509126,0,0.08199999999999999,0.21115720276549932,0,0.21115720276549932,1.1691733817056535,-4.672744495348817,-0.6021907924538343
Luke Fortner,IOL,JAX,00-0037814,2022,65,Round 3,FALSE,0.6462500000000001,0.8651271753681393,0.006999999999999999,0.051,0.15226238286479252,0.009000000000000001,0.16126238286479253,1.1686161147643326,-1.1210940108268708,-0.4767011195371987
Javon Kinlaw,DL,SFO,00-0036260,2020,14,Late 1st,FALSE,0.32859154929577467,0.6107649615163098,0.02,0.075,0.13436829153358812,0.054000000000000006,0.18836829153358814,1.168477101514968,-0.5579535424283915,0.23099991956812158
Kevin Minter,LB,ARI,00-0030382,2013,45,Round 2,FALSE,0.5263235294117646,0.7605831349880993,0.009000000000000001,0.061,0.15820129207752465,0.025,0.18320129207752464,1.1683380504909375,-0.9272530653358044,-0.35150887120124186
Alijah Vera-Tucker,IOL,NYJ,00-0036979,2021,14,Late 1st,FALSE,0.5709722222222223,0.7643537111408599,0.022000000000000002,0.051,0.08866503049233973,0.046,0.13466503049233974,1.1663251437924653,-0.09175270156213973,-0.7109611026659682
Rashod Bateman,WR,BAL,00-0036550,2021,27,Late 1st,FALSE,0.47958333333333336,0.7493489583333334,0.017,0.079,0.18583854166666666,0.044000000000000004,0.22983854166666667,1.1630241332746578,-0.7067555359941448,0.12050516789925937
Sebastian Joseph-Day,DL,LA,00-0034810,2018,195,Rounds 4-7,FALSE,0.2811594202898551,0.5226011529551209,0.004,0.075,0.14841872743925433,0.038,0.18641872743925433,1.1624225157818544,-3.7779540498924526,-0.695540700768399
Shaq Lawson,EDGE,BUF,00-0033096,2016,19,Late 1st,FALSE,0.36867647058823516,0.6053800830677096,0.017,0.091,0.17919250458804203,0.05,0.22919250458804202,1.1582333817831785,-0.8808858659652598,0.5944072297042816
Jordan Love,QB,GNB,00-0036264,2020,26,Late 1st,FALSE,0.29901408450704225,0.4807300394003895,0.016,0.146,0.24997962048820255,0.215,0.4649796204882025,1.151855403699093,-0.8862273441397667,-0.014648650169409413
Jarvis Jenkins,DL,WAS,00-0027979,2011,41,Round 2,FALSE,0.40647058823529414,0.7555215394708069,0.01,0.075,0.1964356002624098,0.018000000000000002,0.21443560026240982,1.1515727004651373,-1.5305933950960025,-0.22864968299216984
Tyrone Crawford,EDGE,DAL,00-0029641,2012,81,Round 3,FALSE,0.4298039215686274,0.7057535657941337,0,0.091,0.25689429794906465,0,0.25689429794906465,1.1497344887815886,-2.5109073453087567,-0.29680159176202814
Al-Quadin Muhammad,EDGE,NOR,00-0033964,2017,196,Rounds 4-7,FALSE,0.37,0.6075533661740559,0.004,0.091,0.21142857142857144,0.019,0.23042857142857143,1.1481563998219755,-3.8204197934098256,-0.6044285050354133
Donovan Wilson,S,DAL,00-0035301,2019,213,Rounds 4-7,FALSE,0.4561428571428572,0.6388555422168868,0.004,0.053,0.12521568627450982,0.031,0.15621568627450982,1.1473041922008296,-2.184659545441944,-0.5511731411824057
Tre'Quan Smith,WR,NOR,00-0034765,2018,91,Round 3,FALSE,0.513913043478261,0.8029891304347827,0.005,0.079,0.23768478260869566,0.013999999999999999,0.25168478260869565,1.1433717729128827,-1.4782442291920619,-0.03988217399875301
Quincy Enunwa,WR,NYJ,00-0031023,2014,209,Rounds 4-7,FALSE,0.3083823529411765,0.48184742647058826,0.004,0.079,0.14455422794117648,0.051,0.19555422794117647,1.1386023955008266,-3.823139033302942,-0.6228278656929864
Chase Claypool,WR,PIT,00-0036326,2020,49,Round 2,FALSE,0.5215492957746478,0.8149207746478871,0.008,0.079,0.23143749999999996,0.005,0.23643749999999997,1.1363513164903,-1.0961314210494868,0.22664173323619316
Travis Swanson,IOL,DET,00-0031284,2014,76,Round 3,FALSE,0.6191176470588236,0.8288054177494292,0.006,0.051,0.14918497519489723,0.009000000000000001,0.15818497519489724,1.1360002025982687,-1.1210940108268708,-0.4767011195371987
Tanoh Kpassagnon,EDGE,KAN,00-0033902,2017,59,Round 2,FALSE,0.42338235294117643,0.6952091181300106,0.006,0.091,0.2363711001642036,0.012,0.2483711001642036,1.1340856389684166,-1.9473356770209531,-0.00936591860581865
Joe Hawley,IOL,ATL,00-0027717,2010,117,Rounds 4-7,FALSE,0.4476470588235294,0.5992597842349792,0.004,0.051,0.11266083943617608,0.023,0.13566083943617607,1.1329947523670325,-2.4541091296547317,-0.6606857915206148
Michael Carter,RB,NYJ,00-0036924,2021,107,Rounds 4-7,FALSE,0.27624999999999994,0.6530732860520093,0.006,0.06,0.141063829787234,0.005,0.146063829787234,1.1274008320196078,-5.507493653254559,-0.7649141963140151
Alex Lewis,IOL,BAL,00-0032407,2016,130,Rounds 4-7,FALSE,0.4229411764705882,0.5661863138829829,0.005,0.051,0.10417828175446885,0.031,0.13517828175446883,1.1265368041027601,-2.4541091296547317,-0.6606857915206148
Sony Michel,RB,NWE,00-0034845,2018,31,Late 1st,FALSE,0.35521739130434793,0.8397574262514136,0.013999999999999999,0.06,0.1545153664302601,0.008,0.1625153664302601,1.1259846584712279,-1.9934443824983996,-0.6590141737847004
Dante Fowler,EDGE,JAX,00-0032052,2015,3,Top 10,FALSE,0.4252941176470588,0.6983483048391771,0.040999999999999995,0.091,0.13966966096783542,0.076,0.2156696609678354,1.1229223155402854,-0.35588035012977776,0.265142802793857
Daryl Williams,OT,CAR,00-0031567,2015,102,Rounds 4-7,FALSE,0.419264705882353,0.5743352135374699,0.005,0.08149999999999999,0.17574657534246574,0.044000000000000004,0.21974657534246575,1.120703460851573,-3.1707480263226144,-0.4449332397639939
Duron Harmon,S,NWE,00-0030383,2013,91,Round 3,FALSE,0.44147058823529417,0.618306145987807,0.006,0.053,0.11624155544570772,0.025,0.1412415554457077,1.1156900965401841,-0.9517824670434979,-0.6701102991437132
Cole Strange,IOL,NWE,00-0038103,2022,29,Late 1st,FALSE,0.5644444444444444,0.7556150528038078,0.015,0.051,0.10880856760374831,0.022000000000000002,0.13080856760374832,1.1125644554069094,-0.09175270156213973,-0.7109611026659682
Damar Hamlin,CB,BUF,00-0036888,2021,212,Rounds 4-7,FALSE,0.43222222222222223,0.6245985870263328,0,0.08199999999999999,0.20486833654463713,0,0.20486833654463713,1.1122445010152768,-4.672744495348817,-0.6021907924538343
Dre Kirkpatrick,CB,CIN,00-0029560,2012,17,Late 1st,FALSE,0.5125490196078433,0.7406777739997735,0.027000000000000003,0.08199999999999999,0.16294911027995013,0.063,0.22594911027995013,1.110715109245364,-1.1362659091557372,0.08046471267687343
Jeremy Hill,RB,CIN,00-0031301,2014,55,Round 2,FALSE,0.3414705882352941,0.8072590738423028,0.006999999999999999,0.06,0.17113892365456818,0.008,0.17913892365456818,1.1107059223960571,-1.5069658434565287,-0.4735968759125675
Jarvis Jones,LB,PIT,00-0030499,2013,17,Late 1st,FALSE,0.41205882352941176,0.5954607276436586,0,0.061,0.1452924175450527,0,0.1452924175450527,1.110486687814687,-0.9970994700204313,-0.8036273004092015
Elijah Molden,S,TEN,00-0036992,2021,100,Round 3,FALSE,0.4605555555555554,0.6450357920946154,0.006999999999999999,0.053,0.11868658574540923,0.022000000000000002,0.14068658574540924,1.10867328688202,-0.9517824670434979,-0.6701102991437132
Mason Foster,LB,TAM,00-0028022,2011,84,Round 3,FALSE,0.5979411764705883,0.8640768446106768,0.006999999999999999,0.061,0.1866405984359062,0.008,0.1946405984359062,1.1019967216249607,-1.5009104241941897,-0.26024197516630576
Brandon Parker,OT,LV,00-0034763,2018,65,Round 3,FALSE,0.5107246376811594,0.6996227913440539,0.006,0.08149999999999999,0.21128608298590423,0.017,0.22828608298590425,1.100810837451961,-1.9161133628566525,-0.13046393182271215
Devontae Booker,RB,DEN,00-0032972,2016,136,Rounds 4-7,FALSE,0.24308823529411755,0.574676679182311,0.004,0.06,0.12872757613683766,0.015,0.14372757613683768,1.0967968684756062,-5.507493653254559,-0.7649141963140151
Derrick Barnes,LB,DET,00-0036964,2021,113,Rounds 4-7,FALSE,0.36180555555555566,0.52284039820167,0.006,0.061,0.11502488760436741,0.028999999999999998,0.1440248876043674,1.0956848063158335,-3.875277998195149,-0.8050209414767096
Chris Scott,IOL,PIT,00-0027750,2010,151,Rounds 4-7,FALSE,0.4864705882352942,0.6512323805024018,0,0.051,0.13285140562248995,0,0.13285140562248995,1.0953968052024698,-2.4541091296547317,-0.6606857915206148
Spencer Long,IOL,WAS,00-0031047,2014,78,Round 3,FALSE,0.4680882352941177,0.6266241436333571,0.005,0.051,0.11529884242853769,0.039,0.1542988424285377,1.094813015663897,-1.1210940108268708,-0.4767011195371987
Kayvon Thibodeaux,EDGE,NYG,00-0037611,2022,5,Top 10,TRUE,0.6098611111111113,1.001413975551907,0.038,0.091,0.21229976281700427,0,0.21229976281700427,1.0925690298628459,-0.35588035012977776,0.265142802793857
Chase Young,EDGE,WAS,00-0036321,2020,2,Top 10,FALSE,0.48915492957746487,0.803210064987627,0.044000000000000004,0.091,0.15100349221767387,0.061,0.21200349221767387,1.0899004666787973,-0.35588035012977776,0.265142802793857
Christian Watson,WR,GNB,00-0038124,2022,34,Round 2,FALSE,0.44930555555555557,0.7020399305555556,0.011000000000000001,0.079,0.19095486111111112,0.039,0.22995486111111113,1.0895609696179218,-1.0961314210494868,0.22664173323619316
Aaron Lynch,EDGE,SFO,00-0030993,2014,150,Rounds 4-7,FALSE,0.3541176470588235,0.5814739688979039,0.005,0.091,0.20002704530087895,0.023,0.22302704530087894,1.0872068433222646,-3.8204197934098256,-0.6044285050354133
Mack Wilson,LB,CLE,00-0035144,2019,155,Rounds 4-7,FALSE,0.3831428571428572,0.5536746490503717,0.004,0.061,0.12623781998348474,0.017,0.14323781998348473,1.0852978240671645,-3.875277998195149,-0.8050209414767096
Harrison Phillips,DL,BUF,00-0034782,2018,96,Round 3,FALSE,0.3217391304347825,0.5980281234847259,0.005,0.075,0.16744787457572324,0.031,0.19844787457572324,1.085144437889327,-1.6980155086877986,-0.2673590110726486
Dexter McCluster,WR,KAN,00-0027651,2010,36,Round 2,FALSE,0.5317647058823529,0.8308823529411764,0.01,0.079,0.2293235294117647,0,0.2293235294117647,1.085004147973178,-1.0961314210494868,0.22664173323619316
Nick Kwiatkoski,LB,CHI,00-0032773,2016,113,Rounds 4-7,FALSE,0.3342647058823529,0.48304148248894935,0.005,0.061,0.10820129207752466,0.035,0.14320129207752466,1.084815762931982,-3.875277998195149,-0.8050209414767096
Broderick Washington Jr.,DL,BAL,00-0036081,2020,170,Rounds 4-7,FALSE,0.2992957746478873,0.5563118487878946,0.005,0.075,0.15576731766061047,0.023,0.17876731766061046,1.082595980256054,-3.7779540498924526,-0.695540700768399
Quincy Williams,S,JAX,00-0035680,2019,98,Round 3,FALSE,0.46671428571428564,0.6536614645858343,0,0.053,0.13857623049219686,0,0.13857623049219686,1.0819908191456113,-0.9517824670434979,-0.6701102991437132
Henry Anderson,EDGE,IND,00-0032269,2015,93,Round 3,FALSE,0.3813235294117647,0.6261470105283492,0,0.091,0.2279175118323191,0.019,0.24691751183231908,1.0805901286231603,-2.5109073453087567,-0.29680159176202814
Artie Burns,CB,PIT,00-0033103,2016,25,Late 1st,FALSE,0.5469117647058824,0.7903349200952059,0.015,0.08199999999999999,0.21180975858551515,0.01,0.22180975858551516,1.078775763037889,-1.1362659091557372,0.08046471267687343
Javorius Allen,RB,BAL,00-0031577,2015,125,Rounds 4-7,FALSE,0.25058823529411767,0.592407175636212,0,0.06,0.1421777221526909,0,0.1421777221526909,1.076494417660256,-5.507493653254559,-0.7649141963140151
Ben Bredeson,IOL,BAL,00-0036132,2020,143,Rounds 4-7,FALSE,0.42549295774647894,0.569602353074269,0.005,0.051,0.1048068329656655,0.026000000000000002,0.1308068329656655,1.0680348028121962,-2.4541091296547317,-0.6606857915206148
Divine Deablo,CB,LV,00-0036990,2021,80,Round 3,FALSE,0.47708333333333325,0.689426782273603,0,0.08199999999999999,0.22613198458574174,0,0.22613198458574174,1.0636826106683988,-2.986769766952211,-0.2996236181936407
D.J. Jones,DL,SFO,00-0033297,2017,198,Rounds 4-7,FALSE,0.24397058823529416,0.45347692980537946,0.004,0.075,0.12878744806472775,0.048,0.17678744806472774,1.061940161889965,-3.7779540498924526,-0.695540700768399
Max Scharping,OT,HOU,00-0035245,2019,55,Round 2,FALSE,0.5492857142857144,0.7524461839530334,0,0.08149999999999999,0.24529745596868885,0,0.24529745596868885,1.0614664930243818,-1.2393656537891447,0.4683486650469865
Johnthan Banks,CB,TAM,00-0030469,2013,43,Round 2,FALSE,0.5272058823529412,0.7618582114926896,0.01,0.08199999999999999,0.2194151649098946,0.005,0.2244151649098946,1.060776394190553,-1.8987142572552127,-0.038091475434602076
Isaac Rochell,DL,LAC,00-0033588,2017,225,Rounds 4-7,FALSE,0.3077941176470588,0.5721080253662802,0.004,0.075,0.16247867920402356,0.013999999999999999,0.17647867920402355,1.058718801494779,-3.7779540498924526,-0.695540700768399
Anthony Nelson,EDGE,TAM,00-0035254,2019,107,Rounds 4-7,FALSE,0.34557142857142853,0.5674407694112127,0.004,0.091,0.197469387755102,0.022000000000000002,0.219469387755102,1.057910500128708,-3.8204197934098256,-0.6044285050354133
Vinny Curry,EDGE,PHI,00-0029412,2012,59,Round 2,FALSE,0.29705882352941176,0.48778131942432146,0,0.091,0.177552400270453,0.06,0.237552400270453,1.0561213102637834,-1.9473356770209531,-0.00936591860581865
Alexander Mattison,RB,MIN,00-0034972,2019,102,Rounds 4-7,FALSE,0.23957142857142866,0.5663627152988857,0.005,0.06,0.12459979736575486,0.016,0.14059979736575484,1.0558242508543636,-5.507493653254559,-0.7649141963140151
Marcus Jones,CB,NWE,00-0037253,2022,85,Round 3,FALSE,0.41416666666666674,0.5985067437379578,0.006,0.08199999999999999,0.18194605009633913,0.043,0.2249460500963391,1.0549305082298241,-2.986769766952211,-0.2996236181936407
Myles Gaskin,RB,MIA,00-0035311,2019,234,Rounds 4-7,FALSE,0.2512857142857143,0.5940560621411686,0.003,0.06,0.13544478216818642,0.005,0.14044478216818643,1.0537936154161502,-5.507493653254559,-0.7649141963140151
Dorance Armstrong Jr.,EDGE,DAL,00-0034373,2018,116,Rounds 4-7,FALSE,0.30753623188405804,0.504985602436877,0.004,0.091,0.17573498964803316,0.043,0.21873498964803317,1.0518629312695507,-3.8204197934098256,-0.6044285050354133
Brandon Jones,S,MIA,00-0036221,2020,70,Round 3,FALSE,0.4164788732394365,0.5833037440328243,0.006,0.053,0.10966110387817096,0.026000000000000002,0.13566110387817096,1.0451331518368057,-0.9517824670434979,-0.6701102991437132
Jalen Nailor,WR,MIN,00-0037291,2022,191,Rounds 4-7,FALSE,0.3175000000000001,0.49609375000000017,0.005,0.079,0.14684375000000005,0.039,0.18584375000000006,1.0437420576084817,-3.823139033302942,-0.6228278656929864
Zack Moss,RB,BUF,00-0036251,2020,86,Round 3,FALSE,0.3298591549295775,0.7798088769020746,0.006,0.06,0.1684387174108481,0.016,0.1844387174108481,1.0436357844350685,-2.0095141915817347,0.0018317536535283545
Kyler Fackrell,EDGE,GNB,00-0032955,2016,88,Round 3,FALSE,0.3867647058823529,0.6350816188544383,0.005,0.091,0.21846807688592673,0.023,0.24146807688592672,1.0428226864645236,-2.5109073453087567,-0.29680159176202814
Eric Stokes,CB,GNB,00-0036901,2021,29,Late 1st,FALSE,0.4819444444444444,0.696451509312781,0.016,0.08199999999999999,0.18386319845857416,0.033,0.21686319845857416,1.0406079754003068,-1.1362659091557372,0.08046471267687343
Michael Schofield,IOL,DEN,00-0031353,2014,95,Round 3,FALSE,0.5485294117647058,0.734309788172297,0.005,0.051,0.13511300102370263,0.013999999999999999,0.14911300102370262,1.0398508637781205,-1.1210940108268708,-0.4767011195371987
Sean Rhyan,IOL,GNB,00-0037076,2022,92,Round 3,FALSE,0.4648611111111111,0.6223040309385691,0.006,0.051,0.11201472556894244,0.037000000000000005,0.14901472556894246,1.0388092911480482,-1.1210940108268708,-0.4767011195371987
Jacob Martin,EDGE,SEA,00-0034163,2018,186,Rounds 4-7,FALSE,0.3414492753623189,0.5606720449299161,0.004,0.091,0.19511387163561078,0.022000000000000002,0.21711387163561077,1.0385134649316345,-3.8204197934098256,-0.6044285050354133
Arden Key,EDGE,LV,00-0034825,2018,87,Round 3,FALSE,0.37144927536231886,0.6099331286737584,0.005,0.091,0.20981699626377287,0.031,0.24081699626377287,1.0383103562909002,-2.5109073453087567,-0.29680159176202814
Austin Seferian-Jenkins,TE,TAM,00-0031418,2014,38,Round 2,FALSE,0.33720588235294113,0.6314716897995152,0.01,0.048,0.0959836968495263,0.027999999999999997,0.1239836968495263,1.037903156196453,-0.36078026178736594,-0.6556584315197126
Colton McKivitz,OT,SFO,00-0036256,2020,153,Rounds 4-7,FALSE,0.3708450704225352,0.5080069457842947,0.005,0.08149999999999999,0.15545012540999414,0.054000000000000006,0.20945012540999414,1.0372347235955455,-3.1707480263226144,-0.4449332397639939
John Jenkins,DL,NOR,00-0030070,2013,82,Round 3,FALSE,0.36617647058823516,0.680625410015307,0.006,0.075,0.1878526131642247,0.005,0.1928526131642247,1.0359603849431578,-1.6980155086877986,-0.2673590110726486
Taven Bryan,DL,JAX,00-0034842,2018,29,Late 1st,FALSE,0.34478260869565225,0.6408598674640376,0.013999999999999999,0.075,0.15636980766122516,0.019,0.17536980766122515,1.0345028609772793,-0.5579535424283915,0.23099991956812158
Elandon Roberts,LB,NWE,00-0032442,2016,214,Rounds 4-7,FALSE,0.38352941176470595,0.5542332539952398,0.004,0.061,0.12636518191091467,0.013000000000000001,0.13936518191091468,1.0341903691953795,-3.875277998195149,-0.8050209414767096
Kindle Vildor,CB,CHI,00-0036307,2020,163,Rounds 4-7,FALSE,0.42957746478873243,0.6207766832207117,0.005,0.08199999999999999,0.19119921843197915,0.005,0.19619921843197916,1.0337687991329385,-4.672744495348817,-0.6021907924538343
Nick Vigil,LB,CIN,00-0032892,2016,87,Round 3,FALSE,0.5379411764705883,0.777371642298538,0.005,0.061,0.1741312478748725,0.012,0.1861312478748725,1.0318288495025234,-1.5009104241941897,-0.26024197516630576
T.J. Clemmings,OT,MIN,00-0031572,2015,110,Rounds 4-7,FALSE,0.4883823529411765,0.669016921837228,0.005,0.08149999999999999,0.20471917808219176,0.004,0.20871917808219176,1.0313092589108757,-3.1707480263226144,-0.4449332397639939
Ryan Mathews,RB,LAC,00-0027864,2010,12,Late 1st,FALSE,0.4223529411764706,0.9984703101098596,0.027999999999999997,0.06,0.12780419969406204,0.026000000000000002,0.15380419969406203,1.0303049526486223,-1.9934443824983996,-0.6590141737847004
Akeem Ayers,LB,TEN,00-0027977,2011,39,Round 2,FALSE,0.5011764705882352,0.7242434546072763,0.01,0.061,0.14774566473988437,0.021,0.16874566473988437,1.0301311692448072,-0.9272530653358044,-0.35150887120124186
James Washington,WR,PIT,00-0034676,2018,60,Round 2,FALSE,0.47115942028985525,0.7361865942028988,0.006,0.079,0.21496648550724642,0.006,0.22096648550724643,1.0246847333301192,-1.0961314210494868,0.22664173323619316
Tae Crowder,LB,NYG,00-0036167,2020,255,Rounds 4-7,FALSE,0.4050704225352112,0.5853618822763168,0.004,0.061,0.1334625091590002,0.005,0.1384625091590002,1.022277738562731,-3.875277998195149,-0.8050209414767096
Dontae Johnson,CB,SFO,00-0031061,2014,129,Rounds 4-7,FALSE,0.4214705882352941,0.6090615436926216,0.005,0.08199999999999999,0.1875909554573274,0.006999999999999999,0.1945909554573274,1.0192102749431606,-4.672744495348817,-0.6021907924538343
Rodney Thomas II,LB,IND,00-0037323,2022,239,Rounds 4-7,FALSE,0.39180555555555574,0.5661929993577396,0,0.061,0.13815109184328847,0,0.13815109184328847,1.0181679441252487,-3.875277998195149,-0.8050209414767096
Mark Ingram,RB,NOR,00-0027966,2011,28,Late 1st,FALSE,0.2929411764705882,0.6925323320817688,0.015,0.06,0.12465581977471837,0.027999999999999997,0.15265581977471837,1.0176916419196689,-1.9934443824983996,-0.6590141737847004
Mecole Hardman,WR,KAN,00-0035140,2019,56,Round 2,FALSE,0.44828571428571423,0.7004464285714285,0.006999999999999999,0.079,0.20172857142857142,0.018000000000000002,0.21972857142857144,1.0157497255142924,-1.0961314210494868,0.22664173323619316
Eugene Sims,EDGE,LA,00-0027787,2010,189,Rounds 4-7,FALSE,0.338235294117647,0.5553945716217521,0.004,0.091,0.19327731092436973,0.021,0.21427731092436972,1.0151551582321827,-3.8204197934098256,-0.6044285050354133
Chris Culliver,CB,SFO,00-0028018,2011,80,Round 3,FALSE,0.36735294117647055,0.5308568514110846,0.005,0.08199999999999999,0.16350391023461402,0.055999999999999994,0.21950391023461402,1.0147679478350582,-2.986769766952211,-0.2996236181936407
Ryan Griffin,TE,HOU,00-0030108,2013,201,Rounds 4-7,FALSE,0.3507352941176471,0.6568076668869796,0.005,0.048,0.1129709187045605,0.018000000000000002,0.1309709187045605,1.014435653286421,-2.3689887502760683,-0.586867207426399
Travon Walker,EDGE,JAX,00-0037235,2022,1,Top 10,TRUE,0.6736111111111112,1.1060937785075717,0.045,0.091,0.2035212552453932,0,0.2035212552453932,1.0134994152286594,-0.35588035012977776,0.265142802793857
Jordan Todman,RB,LAC,00-0028121,2011,183,Rounds 4-7,FALSE,0.25441176470588234,0.6014462522597691,0.005,0.06,0.1323181754971492,0.005,0.1373181754971492,1.0128363518242354,-5.507493653254559,-0.7649141963140151
Brian Allen,IOL,LA,00-0034804,2018,111,Rounds 4-7,FALSE,0.38811594202898553,0.5195661874551346,0.004,0.051,0.09767844324156531,0.028999999999999998,0.1266784432415653,1.0127855999424593,-2.4541091296547317,-0.6606857915206148
Isaiah Oliver,CB,ATL,00-0034357,2018,58,Round 2,FALSE,0.4681159420289855,0.6764681243193432,0.006999999999999999,0.08199999999999999,0.2029404372958029,0.015,0.21794043729580292,1.0125495202042911,-1.8987142572552127,-0.038091475434602076
Micah McFadden,LB,NYG,00-0037259,2022,146,Rounds 4-7,FALSE,0.3880555555555555,0.5607739242132305,0.005,0.061,0.12561335902376364,0.012,0.13761335902376365,1.0110714493607111,-3.875277998195149,-0.8050209414767096
Takkarist McKinley,EDGE,ATL,00-0033540,2017,26,Late 1st,FALSE,0.37764705882352956,0.6201101130107218,0.015,0.091,0.18851347435525942,0.023,0.2115134743552594,1.010060056216759,-0.8808858659652598,0.5944072297042816
Jordan Akins,TE,HOU,00-0034364,2018,98,Round 3,FALSE,0.40086956521739137,0.7506920696954894,0.005,0.048,0.1291190359876242,0.009000000000000001,0.1381190359876242,1.00935047804248,-0.9835958778133722,-0.5376092011535986
David Moore,WR,SEA,00-0033589,2017,226,Rounds 4-7,FALSE,0.3332352941176471,0.5206801470588236,0.004,0.079,0.15620404411764707,0.026000000000000002,0.18220404411764707,1.0081862660274412,-3.823139033302942,-0.6228278656929864
Daxton Hill,CB,CIN,00-0037743,2022,31,Late 1st,FALSE,0.5406944444444444,0.7813503532434167,0.013999999999999999,0.08199999999999999,0.21252729608220933,0,0.21252729608220933,1.0071520389775301,-1.1362659091557372,0.08046471267687343
Robert Hainsey,IOL,TAM,00-0036985,2021,95,Round 3,FALSE,0.5127777777777777,0.6864495017105458,0.006999999999999999,0.051,0.12081511230105604,0.025,0.14581511230105604,1.0048981826746275,-1.1210940108268708,-0.4767011195371987
Vernon Butler,DL,CAR,00-0032967,2016,30,Late 1st,FALSE,0.2963235294117647,0.5507872293898972,0.013999999999999999,0.075,0.13439208397113492,0.038,0.17239208397113492,1.0038117223930991,-0.5579535424283915,0.23099991956812158
Leki Fotu,DL,ARI,00-0036371,2020,114,Rounds 4-7,FALSE,0.3097183098591549,0.575684590816273,0.005,0.075,0.1611916854285564,0.01,0.17119168542855642,1.0035600257068205,-3.7779540498924526,-0.695540700768399
Datone Jones,EDGE,GNB,00-0030576,2013,26,Late 1st,FALSE,0.3810294117647058,0.6256640587269389,0.016,0.091,0.18769921761808164,0.022000000000000002,0.20969921761808163,0.9948542190956468,-0.8808858659652598,0.5944072297042816
Ronnie Harrison,S,JAX,00-0034779,2018,93,Round 3,FALSE,0.46695652173913044,0.6540007307270734,0.005,0.053,0.1255681402995981,0.006,0.1315681402995981,0.9933833962137532,-0.9517824670434979,-0.6701102991437132
Denarius Moore,WR,LV,00-0028086,2011,148,Rounds 4-7,FALSE,0.37764705882352945,0.5900735294117647,0.005,0.079,0.17466176470588235,0.006,0.18066176470588236,0.9931199482817378,-3.823139033302942,-0.6228278656929864
Paul Richardson,WR,SEA,00-0031257,2014,45,Round 2,FALSE,0.39073529411764707,0.6105238970588235,0.009000000000000001,0.079,0.1709466911764706,0.045,0.21594669117647058,0.9884528959579068,-1.0961314210494868,0.22664173323619316
Willie Gay Jr.,LB,KAN,00-0036362,2020,63,Round 2,FALSE,0.485774647887324,0.7019864853863064,0.006999999999999999,0.061,0.15162908084344218,0.012,0.1636290808434422,0.9812127040378256,-0.9272530653358044,-0.35150887120124186
Brandon Boykin,CB,PHI,00-0029416,2012,123,Rounds 4-7,FALSE,0.4164705882352941,0.60183611016661,0.005,0.08199999999999999,0.18536552193131584,0.005,0.19036552193131584,0.9809602641114067,-4.672744495348817,-0.6021907924538343
Trevor Siemian,QB,DEN,00-0032156,2015,250,Rounds 4-7,FALSE,0.33647058823529413,0.5409494987705693,0.004,0.146,0.3072593153016833,0.011000000000000001,0.31825931530168333,0.9762887685427835,-3.4396236727931813,-0.7312011414982981
Cade Mays,IOL,CAR,00-0037297,2022,199,Rounds 4-7,FALSE,0.3888888888888889,0.5206009222073479,0.005,0.051,0.095790569686152,0.027999999999999997,0.123790569686152,0.9741379134137963,-2.4541091296547317,-0.6606857915206148
Dane Belton,CB,NYG,00-0038123,2022,114,Rounds 4-7,FALSE,0.39944444444444444,0.5772318561335903,0,0.08199999999999999,0.1893320488118176,0,0.1893320488118176,0.9716049263048153,-4.672744495348817,-0.6021907924538343
Isaiah Simmons,LB,ARI,00-0036356,2020,8,Top 10,FALSE,0.5770422535211269,0.8338760889033626,0.026000000000000002,0.061,0.11674265244647075,0.02,0.13674265244647074,0.9701385459632306,-0.45451654497340005,-0.7813094655693499
John Simon,EDGE,BAL,00-0030442,2013,129,Rounds 4-7,FALSE,0.3198529411764707,0.5252100840336136,0.005,0.091,0.18067226890756305,0.027999999999999997,0.20867226890756305,0.9689991602403041,-3.8204197934098256,-0.6044285050354133
Ty Johnson,RB,DET,00-0035537,2019,186,Rounds 4-7,FALSE,0.2355714285714285,0.5569064505234717,0.004,0.06,0.12474704491725763,0.009000000000000001,0.13374704491725764,0.9660560075498327,-5.507493653254559,-0.7649141963140151
Greg Little,WR,CLE,00-0027997,2011,59,Round 2,FALSE,0.461470588235294,0.7210477941176469,0.006999999999999999,0.079,0.20766176470588232,0.005,0.21266176470588233,0.9647429760250648,-1.0961314210494868,0.22664173323619316
Vincent Brown,WR,LAC,00-0028020,2011,82,Round 3,FALSE,0.4702941176470588,0.7348345588235293,0.005,0.079,0.21751102941176467,0.006999999999999999,0.22451102941176468,0.9634502888069201,-1.4782442291920619,-0.03988217399875301
Drew Sample,TE,CIN,00-0035631,2019,52,Round 2,FALSE,0.34028571428571414,0.6372391653290527,0.006999999999999999,0.048,0.10450722311396464,0.013999999999999999,0.11850722311396464,0.9630969857856766,-0.36078026178736594,-0.6556584315197126
Alohi Gilman,S,LAC,00-0036380,2020,186,Rounds 4-7,FALSE,0.4097183098591549,0.5738351678699649,0.004,0.053,0.11247169290251313,0.027000000000000003,0.13947169290251313,0.9611846740998398,-2.184659545441944,-0.5511731411824057
Jamar Taylor,CB,MIA,00-0030484,2013,54,Round 2,FALSE,0.4148529411764706,0.5994984699081946,0.006999999999999999,0.08199999999999999,0.17984954097245834,0.031,0.21084954097245834,0.9597331264008956,-1.8987142572552127,-0.038091475434602076
Jaleel Johnson,DL,MIN,00-0033940,2017,109,Rounds 4-7,FALSE,0.3073529411764705,0.5712879947518038,0.005,0.075,0.15996063853050504,0.006999999999999999,0.16696063853050505,0.9594178577548006,-3.7779540498924526,-0.695540700768399
Tavon Young,CB,BAL,00-0032770,2016,104,Rounds 4-7,FALSE,0.31897058823529406,0.4609401564093845,0.005,0.08199999999999999,0.1419695681740904,0.046,0.18796956817409038,0.9592713044810891,-4.672744495348817,-0.6021907924538343
D.J. Hayden,CB,LV,00-0030572,2013,12,Late 1st,FALSE,0.4824999999999998,0.6972543352601154,0.021,0.08199999999999999,0.1701300578034681,0.036000000000000004,0.2061300578034681,0.9577907806840819,-1.1362659091557372,0.08046471267687343
Jermaine Johnson II,LB,NYJ,00-0037663,2022,26,Late 1st,FALSE,0.37916666666666665,0.5479287090558767,0,0.061,0.1336946050096339,0,0.1336946050096339,0.9576945766918902,-0.9970994700204313,-0.8036273004092015
Brian Robinson Jr.,RB,WAS,00-0037746,2022,98,Round 3,FALSE,0.3398611111111111,0.8034541633832414,0.006,0.06,0.17354609929078013,0,0.17354609929078013,0.9522821744588719,-2.0095141915817347,0.0018317536535283545
Jake Ryan,LB,GNB,00-0031578,2015,129,Rounds 4-7,FALSE,0.34647058823529425,0.5006800408024484,0.005,0.061,0.11215232913974846,0.021,0.13315232913974845,0.9521989497347167,-3.875277998195149,-0.8050209414767096
Eric Rowe,S,PHI,00-0031555,2015,47,Round 2,FALSE,0.3508823529411765,0.49143186686439283,0,0.053,0.10418355577525128,0.026000000000000002,0.1301835557752513,0.9516622143721313,-0.6092327658489395,-0.6534824271194798
Billy Winn,DL,CLE,00-0029303,2012,205,Rounds 4-7,FALSE,0.3074509803921569,0.5714702237772433,0.005,0.075,0.16001166265762812,0.006,0.16601166265762812,0.9495172697035925,-3.7779540498924526,-0.695540700768399
Martavis Bryant,WR,PIT,00-0031373,2014,118,Rounds 4-7,FALSE,0.35705882352941176,0.5579044117647058,0.005,0.079,0.1651397058823529,0.011000000000000001,0.17613970588235292,0.9489445708628695,-3.823139033302942,-0.6228278656929864
Kendall Wright,WR,TEN,00-0029708,2012,20,Late 1st,FALSE,0.5729411764705883,0.8952205882352942,0.026000000000000002,0.079,0.18978676470588235,0.012,0.20178676470588236,0.9467339648193906,-0.7067555359941448,0.12050516789925937
Jauan Jennings,WR,SFO,00-0036259,2020,217,Rounds 4-7,FALSE,0.3259154929577464,0.5092429577464788,0.004,0.079,0.15277288732394362,0.023,0.1757728873239436,0.9453611702716033,-3.823139033302942,-0.6228278656929864
Alex Wright,EDGE,CLE,00-0037251,2022,78,Round 3,FALSE,0.3368055555555555,0.5530468892537858,0.006,0.091,0.18803594234628715,0.039,0.22703594234628716,0.9428004251083542,-2.5109073453087567,-0.29680159176202814
Travis Benjamin,WR,CLE,00-0029269,2012,100,Round 3,FALSE,0.3943137254901961,0.6161151960784315,0.005,0.079,0.1823700980392157,0.039,0.2213700980392157,0.9426537124220348,-1.4782442291920619,-0.03988217399875301
Devin White,LB,TAM,00-0035707,2019,5,Top 10,TRUE,0.9322857142857144,1.3472336911643272,0.039,0.061,0.11855656482246078,0.016,0.13455656482246078,0.9421383664025258,-0.45451654497340005,-0.7813094655693499
D.J. Humphries,OT,ARI,00-0032222,2015,24,Late 1st,FALSE,0.3614705882352941,0.4951651893634166,0.016,0.08149999999999999,0.12973327961321512,0.07400000000000001,0.20373327961321513,0.9409658522344609,-0.6590268496124263,0.5624288068243084
Devin Bush Jr.,LB,PIT,00-0035525,2019,10,Top 10,FALSE,0.5677142857142857,0.8203963666391413,0.025,0.061,0.11813707679603634,0.016,0.13413707679603634,0.9367654161445189,-0.45451654497340005,-0.7813094655693499
DaeSean Hamilton,WR,DEN,00-0034370,2018,113,Rounds 4-7,FALSE,0.36231884057971026,0.5661231884057972,0.004,0.079,0.16983695652173916,0.005,0.17483695652173917,0.9362181895986859,-3.823139033302942,-0.6228278656929864
Chris Herndon,TE,NYJ,00-0034766,2018,107,Rounds 4-7,FALSE,0.3459420289855073,0.6478315149541335,0,0.048,0.12438365087119363,0,0.12438365087119363,0.9338970808293839,-2.3689887502760683,-0.586867207426399
Lee Smith,TE,NWE,00-0028097,2011,159,Rounds 4-7,FALSE,0.32,0.599250936329588,0.005,0.048,0.10307116104868914,0.021,0.12407116104868915,0.9300764552151678,-2.3689887502760683,-0.586867207426399
Kevin Pamphile,OT,TAM,00-0031182,2014,149,Rounds 4-7,FALSE,0.4392647058823529,0.6017324738114423,0,0.08149999999999999,0.1961647864625302,0,0.1961647864625302,0.9295363932743347,-3.1707480263226144,-0.4449332397639939
Alfred Blue,RB,HOU,00-0031075,2014,181,Rounds 4-7,FALSE,0.2375,0.5614657210401891,0.004,0.06,0.12576832151300235,0.005,0.13076832151300236,0.9270359540312312,-5.507493653254559,-0.7649141963140151
Maurice Hurst Jr.,DL,LV,00-0034746,2018,140,Rounds 4-7,FALSE,0.2965217391304348,0.5511556489413285,0.004,0.075,0.15652820429933728,0.006999999999999999,0.1635282042993373,0.9236075507628713,-3.7779540498924526,-0.695540700768399
Azeez Ojulari,EDGE,NYG,00-0036552,2021,50,Round 2,FALSE,0.38638888888888895,0.6344645137748587,0.009000000000000001,0.091,0.20810436051815362,0.011000000000000001,0.21910436051815363,0.9231765896106828,-1.9473356770209531,-0.00936591860581865
Virgil Green,TE,DEN,00-0028142,2011,204,Rounds 4-7,FALSE,0.3138235294117647,0.58768451200705,0.004,0.048,0.10343247411324079,0.02,0.12343247411324079,0.9222676131687866,-2.3689887502760683,-0.586867207426399
Adam Gotsis,DL,DEN,00-0033064,2016,63,Round 2,FALSE,0.34985294117647064,0.6502842772796852,0.006,0.075,0.17947846052919308,0.006999999999999999,0.1864784605291931,0.9206798808460944,-1.5305933950960025,-0.22864968299216984
Nick Scott,S,LA,00-0035669,2019,243,Rounds 4-7,FALSE,0.4201428571428571,0.5884353741496599,0.003,0.053,0.11768707482993196,0.018000000000000002,0.13568707482993198,0.9191163767578716,-2.184659545441944,-0.5511731411824057
Charles Harris,EDGE,MIA,00-0033880,2017,22,Late 1st,FALSE,0.3413235294117647,0.5604655655365595,0.016,0.091,0.16813966966096783,0.031,0.19913966966096783,0.9063514383049736,-0.8808858659652598,0.5944072297042816
Arnold Ebiketie,EDGE,ATL,00-0038116,2022,38,Round 2,FALSE,0.38444444444444437,0.6312716657544243,0.011000000000000001,0.091,0.2020069330414158,0.013999999999999999,0.21600693304141577,0.9008551594659528,-1.9473356770209531,-0.00936591860581865
Zach Brown,LB,TEN,00-0029566,2012,52,Round 2,FALSE,0.37607843137254904,0.5434659412898107,0.008,0.061,0.11521477955343987,0.04,0.15521477955343987,0.9007655320130973,-0.9272530653358044,-0.35150887120124186
Teven Jenkins,IOL,CHI,00-0036953,2021,39,Round 2,FALSE,0.4595833333333333,0.6152387327086122,0.011000000000000001,0.051,0.09843819723337793,0.013000000000000001,0.11143819723337793,0.8974570425128867,-0.22501695252083553,-0.7573076508456783
Chris Olave,WR,NOR,00-0037239,2022,11,Late 1st,FALSE,0.5575000000000001,0.8710937500000001,0.023,0.079,0.19512500000000002,0,0.19512500000000002,0.895369154224363,-0.7067555359941448,0.12050516789925937
Markus Wheaton,WR,PIT,00-0030460,2013,79,Round 3,FALSE,0.39632352941176474,0.6192555147058824,0.006,0.079,0.18082261029411764,0.033,0.21382261029411764,0.8926806672365438,-1.4782442291920619,-0.03988217399875301
Kyzir White,S,LAC,00-0034375,2018,119,Rounds 4-7,FALSE,0.4478260869565217,0.6272074047010108,0,0.053,0.1329679697966143,0,0.1329679697966143,0.888891895224485,-2.184659545441944,-0.5511731411824057
A.J. Epenesa,EDGE,BUF,00-0036192,2020,54,Round 2,FALSE,0.3457746478873239,0.567774462869169,0.006999999999999999,0.091,0.19077221952404078,0.023,0.21377221952404077,0.8847508270655362,-1.9473356770209531,-0.00936591860581865
Khalil Herbert,RB,CHI,00-0036906,2021,217,Rounds 4-7,FALSE,0.235,0.5555555555555556,0.005,0.06,0.12222222222222223,0.005,0.12722222222222224,0.880583509366229,-5.507493653254559,-0.7649141963140151
Ronnie Hillman,RB,DEN,00-0029683,2012,67,Round 3,FALSE,0.29745098039215695,0.7031938070736571,0.006,0.06,0.15188986232790994,0.013000000000000001,0.16488986232790995,0.8796845228519828,-2.0095141915817347,0.0018317536535283545
Pat Angerer,LB,IND,00-0027892,2010,63,Round 2,FALSE,0.43352941176470583,0.6264875892553553,0,0.061,0.15286297177830668,0,0.15286297177830668,0.878280446426724,-0.9272530653358044,-0.35150887120124186
Michael Jordan,IOL,CIN,00-0035266,2019,136,Rounds 4-7,FALSE,0.4431428571428571,0.5932300631095812,0.004,0.051,0.11152725186460126,0.005,0.11652725186460126,0.8769347551248354,-2.4541091296547317,-0.6606857915206148
Chris Givens,WR,LA,00-0029614,2012,96,Round 3,FALSE,0.44627450980392175,0.6973039215686277,0.005,0.079,0.2064019607843138,0.005,0.2114019607843138,0.8766531847924381,-1.4782442291920619,-0.03988217399875301
Dan Williams,DL,ARI,00-0027877,2010,26,Late 1st,FALSE,0.25588235294117645,0.4756177563962387,0.013999999999999999,0.075,0.11605073256068224,0.044000000000000004,0.16005073256068225,0.8766104888754277,-0.5579535424283915,0.23099991956812158
Karl Klug,DL,TEN,00-0028080,2011,142,Rounds 4-7,FALSE,0.27647058823529413,0.5138858517384649,0.005,0.075,0.14388803848677015,0.015,0.15888803848677013,0.8751970784710388,-3.7779540498924526,-0.695540700768399
Clyde Edwards-Helaire,RB,KAN,00-0036360,2020,32,Late 1st,FALSE,0.3047887323943663,0.7205407385209606,0.013999999999999999,0.06,0.13257949588785675,0.006999999999999999,0.13957949588785676,0.8740669288789815,-1.9934443824983996,-0.6590141737847004
Anthony Miller,WR,CHI,00-0034353,2018,51,Round 2,FALSE,0.438840579710145,0.6856884057971016,0.008,0.079,0.19473550724637687,0.005,0.19973550724637687,0.8714439228680877,-1.0961314210494868,0.22664173323619316
Patrick Jones II,DL,MIN,00-0037007,2021,90,Round 3,FALSE,0.3116666666666666,0.5793060718711275,0,0.075,0.17379182156133824,0,0.17379182156133824,0.8684102180348373,-1.6980155086877986,-0.2673590110726486
Nathan Shepherd,DL,NYJ,00-0034760,2018,72,Round 3,FALSE,0.2915942028985507,0.5419966596627336,0.005,0.075,0.15175906470556538,0.022000000000000002,0.17375906470556537,0.8681222752900405,-1.6980155086877986,-0.2673590110726486
Kenny Young,LB,BAL,00-0034266,2018,122,Rounds 4-7,FALSE,0.3663768115942028,0.5294462595291949,0.004,0.061,0.12071374717265643,0.006,0.12671374717265643,0.8672285674900712,-3.875277998195149,-0.8050209414767096
Will Parks,S,DEN,00-0032958,2016,219,Rounds 4-7,FALSE,0.44794117647058823,0.6273685944966222,0.004,0.053,0.12296424452133796,0.008,0.13096424452133795,0.8666192883047455,-2.184659545441944,-0.5511731411824057
Rob Housler,TE,ARI,00-0028007,2011,69,Round 3,FALSE,0.37794117647058817,0.7077550121172063,0.008,0.048,0.11324080193875301,0.012,0.125240801938753,0.8651117880574234,-0.9835958778133722,-0.5376092011535986
Vernon Hargreaves III,CB,TAM,00-0032758,2016,11,Late 1st,FALSE,0.5449999999999999,0.7875722543352601,0.023,0.08199999999999999,0.18586705202312137,0.008,0.19386705202312138,0.863169106548653,-1.1362659091557372,0.08046471267687343
Wesley Johnson,IOL,PIT,00-0031314,2014,173,Rounds 4-7,FALSE,0.3951470588235294,0.5289786597369872,0.004,0.051,0.0994479880305536,0.016,0.1154479880305536,0.8624912382811669,-2.4541091296547317,-0.6606857915206148
John Hughes,DL,CLE,00-0029266,2012,87,Round 3,FALSE,0.28960784313725496,0.5383045411473141,0.005,0.075,0.15072527152124793,0.022000000000000002,0.17272527152124792,0.8590349181545246,-1.6980155086877986,-0.2673590110726486
Seantrel Henderson,OT,BUF,00-0031029,2014,237,Rounds 4-7,FALSE,0.38647058823529407,0.5294117647058822,0.004,0.08149999999999999,0.16411764705882348,0.023,0.18711764705882347,0.8561952604800942,-3.1707480263226144,-0.4449332397639939
Wayne Gallman,RB,NYG,00-0033950,2017,140,Rounds 4-7,FALSE,0.22705882352941176,0.5367820887220136,0.004,0.06,0.12023918787373103,0.005,0.12523918787373103,0.8546065736437606,-5.507493653254559,-0.7649141963140151
Jamin Davis,LB,WAS,00-0036614,2021,19,Late 1st,FALSE,0.49777777777777765,0.7193320488118174,0.019,0.061,0.12084778420038532,0.005,0.1258477842003853,0.8543188484340019,-0.9970994700204313,-0.8036273004092015
Trey Pipkins,OT,LAC,00-0035688,2019,91,Round 3,FALSE,0.3895714285714285,0.5336594911937377,0.005,0.08149999999999999,0.1632998043052837,0.032,0.1952998043052837,0.8534328005141906,-1.9161133628566525,-0.13046393182271215
Rashard Higgins,WR,CLE,00-0032977,2016,172,Rounds 4-7,FALSE,0.32691176470588235,0.5107996323529411,0.004,0.079,0.15323988970588234,0.013000000000000001,0.16623988970588235,0.8522346135094904,-3.823139033302942,-0.6228278656929864
Julién Davenport,OT,HOU,00-0033560,2017,130,Rounds 4-7,FALSE,0.4177941176470589,0.5723207091055602,0,0.08149999999999999,0.1865765511684126,0,0.1865765511684126,0.8518088369066072,-3.1707480263226144,-0.4449332397639939
Austin Johnson,DL,TEN,00-0032763,2016,43,Round 2,FALSE,0.2936764705882352,0.5458670457030393,0.009000000000000001,0.075,0.1441089000656024,0.034,0.1781089000656024,0.8515572369400553,-1.5305933950960025,-0.22864968299216984
Donald Stephenson,OT,KAN,00-0029543,2012,74,Round 3,FALSE,0.39882352941176463,0.5463336019339242,0.006,0.08149999999999999,0.16499274778404507,0.03,0.19499274778404507,0.8511300539634685,-1.9161133628566525,-0.13046393182271215
David Parry,DL,IND,00-0031592,2015,151,Rounds 4-7,FALSE,0.28602941176470587,0.5316531817187841,0.004,0.075,0.15098950360813465,0.005,0.15598950360813466,0.8449568999737402,-3.7779540498924526,-0.695540700768399
Grant Calcaterra,TE,PHI,00-0037086,2022,198,Rounds 4-7,FALSE,0.34138888888888885,0.639305035372451,0.005,0.048,0.10996046608406158,0.006999999999999999,0.11696046608406158,0.8431382531995024,-2.3689887502760683,-0.586867207426399
Kelvin Benjamin,WR,CAR,00-0031359,2014,28,Late 1st,FALSE,0.5361764705882354,0.8377757352941178,0.024,0.079,0.1843106617647059,0.004,0.1883106617647059,0.8428279420621754,-0.7067555359941448,0.12050516789925937
Devonte Wyatt,DL,GNB,00-0037075,2022,28,Late 1st,FALSE,0.35138888888888886,0.653139198678232,0.015,0.075,0.15675340768277568,0,0.15675340768277568,0.8426252486996245,-0.5579535424283915,0.23099991956812158
Anthony Zettel,DL,DET,00-0032435,2016,202,Rounds 4-7,FALSE,0.2775000000000001,0.5157992565055763,0,0.075,0.1547397769516729,0.001,0.1557397769516729,0.8423515220903829,-3.7779540498924526,-0.695540700768399
Dawuane Smoot,EDGE,JAX,00-0033907,2017,68,Round 3,FALSE,0.33191176470588235,0.5450111078914325,0.006,0.091,0.18530377668308703,0.027000000000000003,0.21230377668308703,0.8406987907132669,-2.5109073453087567,-0.29680159176202814
Eli Harold,EDGE,SFO,00-0032060,2015,79,Round 3,FALSE,0.34661764705882353,0.5691586979619434,0,0.091,0.20717376605814738,0.005,0.2121737660581474,0.8397977488977908,-2.5109073453087567,-0.29680159176202814
Colby Parkinson,TE,SEA,00-0036244,2020,133,Rounds 4-7,FALSE,0.27211267605633815,0.5095742997309703,0.005,0.048,0.0876467795537269,0.028999999999999998,0.1166467795537269,0.8393029961564861,-2.3689887502760683,-0.586867207426399
Rashad Fenton,CB,KAN,00-0035147,2019,201,Rounds 4-7,FALSE,0.3754285714285715,0.5425268373245253,0.004,0.08199999999999999,0.16926837324525187,0.005,0.17426837324525188,0.8352435920085369,-4.672744495348817,-0.6021907924538343
Khari Willis,S,IND,00-0035530,2019,109,Rounds 4-7,FALSE,0.46671428571428575,0.6536614645858344,0.004,0.053,0.12811764705882356,0,0.12811764705882356,0.8349776520367361,-2.184659545441944,-0.5511731411824057
Koa Misi,LB,MIA,00-0027883,2010,40,Round 2,FALSE,0.38294117647058834,0.5533832029921797,0.01,0.061,0.11289017341040465,0.035,0.14789017341040467,0.8307366811205983,-0.9272530653358044,-0.35150887120124186
Tarell Basham,EDGE,IND,00-0033917,2017,80,Round 3,FALSE,0.34617647058823525,0.5684342702598281,0.005,0.091,0.19554138896938084,0.015,0.21054138896938085,0.8284845195652913,-2.5109073453087567,-0.29680159176202814
John Conner,RB,NYJ,00-0027739,2010,139,Rounds 4-7,FALSE,0.21705882352941175,0.5131414267834793,0,0.06,0.12315394242803503,0,0.12315394242803503,0.8272907145162425,-5.507493653254559,-0.7649141963140151
Clay Harbor,TE,PHI,00-0027725,2010,125,Rounds 4-7,FALSE,0.3211764705882353,0.6014540647719762,0,0.048,0.11547918043621942,0,0.11547918043621942,0.8250274621255456,-2.3689887502760683,-0.586867207426399
Irv Smith Jr.,TE,MIN,00-0034970,2019,50,Round 2,FALSE,0.3345714285714285,0.6265382557517387,0.008,0.048,0.1002461209202782,0.008,0.10824612092027819,0.8229349405778446,-0.36078026178736594,-0.6556584315197126
Darryl Roberts,CB,NWE,00-0031628,2015,247,Rounds 4-7,FALSE,0.31220588235294117,0.45116456987419246,0.004,0.08199999999999999,0.140763345800748,0.032,0.172763345800748,0.8216195897138663,-4.672744495348817,-0.6021907924538343
Chance Warmack,IOL,TEN,00-0030593,2013,10,Top 10,FALSE,0.6954411764705882,0.9309788172297031,0.025,0.051,0.0968217969918891,0.015,0.1118217969918891,0.821591576966079,0.14416946758625349,-0.6889170083359715
Larry Borom,IOL,CHI,00-0036905,2021,151,Rounds 4-7,FALSE,0.41013888888888883,0.5490480440279636,0,0.051,0.11200580098170457,0,0.11200580098170457,0.816425313480695,-2.4541091296547317,-0.6606857915206148
Geno Stone,S,BAL,00-0036199,2020,219,Rounds 4-7,FALSE,0.3622535211267606,0.5073578727265555,0.004,0.053,0.09944214305440488,0.027000000000000003,0.12644214305440488,0.8163534211886624,-2.184659545441944,-0.5511731411824057
James Starks,RB,GNB,00-0027791,2010,193,Rounds 4-7,FALSE,0.1947058823529412,0.46029759421499106,0.004,0.06,0.10310666110415799,0.019,0.12210666110415799,0.8135717591918457,-5.507493653254559,-0.7649141963140151
Kyle Emanuel,EDGE,LAC,00-0032110,2015,153,Rounds 4-7,FALSE,0.31735294117647056,0.5211049937216266,0,0.091,0.18968221771467206,0,0.18968221771467206,0.8126212486927087,-3.8204197934098256,-0.6044285050354133
Anthony Averett,CB,BAL,00-0034265,2018,118,Rounds 4-7,FALSE,0.3385507246376812,0.489235151210522,0.004,0.08199999999999999,0.15264136717768284,0.019,0.17164136717768283,0.811463071046361,-4.672744495348817,-0.6021907924538343
Denzelle Good,IOL,IND,00-0031632,2015,255,Rounds 4-7,FALSE,0.3245588235294118,0.4344830301598551,0,0.051,0.08863453815261044,0.023,0.11163453815261043,0.8114567962782439,-2.4541091296547317,-0.6606857915206148
Keshawn Martin,WR,HOU,00-0029415,2012,121,Rounds 4-7,FALSE,0.3280392156862746,0.512561274509804,0.005,0.079,0.151718137254902,0.01,0.161718137254902,0.8080622290023719,-3.823139033302942,-0.6228278656929864
Calvin Austin III,WR,PIT,00-0037837,2022,138,Rounds 4-7,FALSE,0.33875,0.529296875,0.005,0.079,0.156671875,0.005,0.161671875,0.8076102993282354,-3.823139033302942,-0.6228278656929864
Ta'Quon Graham,DL,ATL,00-0036948,2021,148,Rounds 4-7,FALSE,0.273611111111111,0.5085708384964889,0.005,0.075,0.14239983477901688,0.01,0.1523998347790169,0.8075061772176242,-3.7779540498924526,-0.695540700768399
Stacy McGee,DL,LV,00-0030515,2013,205,Rounds 4-7,FALSE,0.2344117647058823,0.43570959982505997,0.005,0.075,0.12199868795101677,0.03,0.1519986879510168,0.8033210450076371,-3.7779540498924526,-0.695540700768399
Joshua Kelley,RB,LAC,00-0036370,2020,112,Rounds 4-7,FALSE,0.22549295774647884,0.5330802783604701,0.005,0.06,0.11727766123930343,0.004,0.12127766123930343,0.8027122013533005,-5.507493653254559,-0.7649141963140151
Bryce Hall,CB,NYJ,00-0036241,2020,158,Rounds 4-7,FALSE,0.3732394366197182,0.5393633477163559,0.005,0.08199999999999999,0.16612391109663757,0.004,0.17012391109663758,0.7977265606553244,-4.672744495348817,-0.6021907924538343
Bacarri Rambo,CB,WAS,00-0030289,2013,191,Rounds 4-7,FALSE,0.35808823529411765,0.5174685481128868,0,0.08199999999999999,0.16972968378102685,0,0.16972968378102685,0.7941578856307484,-4.672744495348817,-0.6021907924538343
Walker Little,OT,JAX,00-0036975,2021,45,Round 2,FALSE,0.38458333333333333,0.5268264840182648,0.01,0.08149999999999999,0.15067237442922374,0.053,0.20367237442922373,0.7917209767570472,-1.2393656537891447,0.4683486650469865
Josh Metellus,S,MIN,00-0036348,2020,205,Rounds 4-7,FALSE,0.293943661971831,0.41168580108099584,0.004,0.053,0.08069041701187518,0.043,0.12369041701187518,0.7857663375937708,-2.184659545441944,-0.5511731411824057
Mike Williams,WR,TAM,00-0027702,2010,101,Rounds 4-7,FALSE,0.3052941176470588,0.4770220588235294,0.028999999999999998,0.079,0.09540441176470588,0.064,0.15940441176470588,0.7854597594720673,-3.823139033302942,-0.6228278656929864
Ted Karras,IOL,NWE,00-0032445,2016,221,Rounds 4-7,FALSE,0.3201470588235294,0.4285770533112843,0.004,0.051,0.08057248602252146,0.028999999999999998,0.10957248602252145,0.7838608704870833,-2.4541091296547317,-0.6606857915206148
Lonnie Johnson Jr.,CB,HOU,00-0035244,2019,54,Round 2,FALSE,0.41957142857142854,0.606317093311313,0.006999999999999999,0.08199999999999999,0.18189512799339386,0.005,0.18689512799339386,0.7813091794781057,-1.8987142572552127,-0.038091475434602076
Davis Mills,QB,HOU,00-0036898,2021,67,Round 3,FALSE,0.3868055555555556,0.6218738835298322,0.006999999999999999,0.146,0.34576187924258667,0.025,0.3707618792425867,0.7804433125320107,-2.222491526527487,-0.2043169834643365
Josh Jones,S,GNB,00-0033903,2017,61,Round 2,FALSE,0.41852941176470587,0.5861756467292799,0.006,0.053,0.11020102158510463,0.006,0.11620102158510463,0.7792595656955624,-0.6092327658489395,-0.6534824271194798
Ryan Shazier,LB,PIT,00-0031365,2014,15,Late 1st,FALSE,0.6113235294117647,0.8834155049302959,0.027000000000000003,0.061,0.12014450867052022,0,0.12014450867052022,0.7791826530642422,-0.9970994700204313,-0.8036273004092015
Robert Turbin,RB,SEA,00-0029273,2012,106,Rounds 4-7,FALSE,0.214313725490196,0.5066518333101561,0.005,0.06,0.11146340332823433,0.008,0.11946340332823432,0.7789461676607019,-5.507493653254559,-0.7649141963140151
Shane Ray,EDGE,DEN,00-0032221,2015,23,Late 1st,FALSE,0.36117647058823515,0.593064812131749,0.016,0.091,0.1779194436395247,0.006,0.1839194436395247,0.7787860981378497,-0.8808858659652598,0.5944072297042816
Amik Robertson,CB,LV,00-0036375,2020,139,Rounds 4-7,FALSE,0.3212676056338028,0.4642595457135879,0.005,0.08199999999999999,0.14299194007978505,0.025,0.16799194007978505,0.7784272594154423,-4.672744495348817,-0.6021907924538343
Hugh Thornton,IOL,IND,00-0030071,2013,86,Round 3,FALSE,0.4998529411764706,0.6691471769430665,0.006,0.051,0.12044649184975197,0.004,0.12444649184975197,0.7784228103774606,-1.1210940108268708,-0.4767011195371987
Phillip Dorsett,WR,IND,00-0032208,2015,29,Late 1st,FALSE,0.4083823529411766,0.6380974264705884,0.013999999999999999,0.079,0.16590533088235299,0.013999999999999999,0.179905330882353,0.7780195545219538,-0.7067555359941448,0.12050516789925937
Sheldon Day,DL,JAX,00-0033010,2016,103,Rounds 4-7,FALSE,0.27,0.5018587360594795,0.005,0.075,0.14052044609665423,0.009000000000000001,0.14952044609665424,0.777465749427865,-3.7779540498924526,-0.695540700768399
Carlos Watkins,DL,HOU,00-0033563,2017,142,Rounds 4-7,FALSE,0.26382352941176473,0.49037830745681177,0.004,0.075,0.13926743931773453,0.01,0.14926743931773453,0.7748261502938499,-3.7779540498924526,-0.695540700768399
Nick Vannett,TE,SEA,00-0032394,2016,94,Round 3,FALSE,0.31691176470588234,0.5934677241683189,0.005,0.048,0.10207644855695086,0.015,0.11707644855695086,0.7736694651506248,-0.9835958778133722,-0.5376092011535986
Manti Te'o,LB,LAC,00-0030278,2013,38,Round 2,FALSE,0.4388235294117647,0.634138048282897,0.011000000000000001,0.061,0.12682760965657938,0.015,0.14182760965657937,0.7727739231439663,-0.9272530653358044,-0.35150887120124186
Eric Murray,S,KAN,00-0033038,2016,106,Rounds 4-7,FALSE,0.3438235294117648,0.48154555940023086,0.005,0.053,0.09245674740484433,0.03,0.12245674740484433,0.7720533607873881,-2.184659545441944,-0.5511731411824057
Shawn Williams,S,CIN,00-0030471,2013,84,Round 3,FALSE,0.31529411764705884,0.44158840006590877,0.006,0.053,0.08301861921239084,0.031,0.11401861921239084,0.7714944372405954,-0.9517824670434979,-0.6701102991437132
Neville Gallimore,DL,DAL,00-0036366,2020,82,Round 3,FALSE,0.283943661971831,0.5277763233677156,0.006,0.075,0.1456662652494895,0.017,0.16266626524948952,0.770613187573842,-1.6980155086877986,-0.2673590110726486
Darrell Henderson,RB,LA,00-0035664,2019,70,Round 3,FALSE,0.28700000000000003,0.6784869976359339,0.006,0.06,0.14655319148936172,0.005,0.15155319148936172,0.767833266089293,-2.0095141915817347,0.0018317536535283545
Charles Sims,RB,TAM,00-0031390,2014,69,Round 3,FALSE,0.28500000000000003,0.673758865248227,0.006,0.06,0.14553191489361703,0.006,0.15153191489361703,0.7676548247074455,-2.0095141915817347,0.0018317536535283545
Joseph Noteboom,OT,LA,00-0034803,2018,89,Round 3,FALSE,0.2859420289855072,0.3917014095691879,0.005,0.08149999999999999,0.11986063132817149,0.064,0.1838606313281715,0.7676456105535321,-1.9161133628566525,-0.13046393182271215
Jeremy Sprinkle,TE,WAS,00-0033528,2017,154,Rounds 4-7,FALSE,0.3177941176470587,0.59512007050011,0.004,0.048,0.10474113240801934,0.006,0.11074113240801935,0.7670981909805052,-2.3689887502760683,-0.586867207426399
Jermaine Carter Jr.,LB,CAR,00-0034396,2018,161,Rounds 4-7,FALSE,0.3342028985507246,0.4829521655357292,0.004,0.061,0.11011309374214626,0.009000000000000001,0.11911309374214626,0.7669222530561781,-3.875277998195149,-0.8050209414767096
Matt Elam,CB,BAL,00-0030559,2013,32,Late 1st,FALSE,0.3823529411764705,0.5525331519891192,0,0.08199999999999999,0.18123087385243108,0,0.18123087385243108,0.7656680244648061,-1.1362659091557372,0.08046471267687343
Trayvon Mullen,CB,LV,00-0035695,2019,40,Round 2,FALSE,0.43200000000000016,0.6242774566473991,0.01,0.08199999999999999,0.17979190751445093,0.005,0.18479190751445093,0.7656433854789036,-1.8987142572552127,-0.038091475434602076
P.J. Hall,DL,LV,00-0034262,2018,57,Round 2,FALSE,0.30753623188405793,0.5716286837993642,0.006999999999999999,0.075,0.15548300199342707,0.012,0.16748300199342708,0.7637999201944476,-1.5305933950960025,-0.22864968299216984
Mykal Walker,LB,ATL,00-0036300,2020,119,Rounds 4-7,FALSE,0.34802816901408445,0.5029308800781568,0.005,0.061,0.11265651713750713,0.006,0.11865651713750713,0.7608967821033448,-3.875277998195149,-0.8050209414767096
Trevor Penning,OT,NOR,00-0037241,2022,19,Late 1st,FALSE,0.47527777777777785,0.6510654490106547,0.017,0.08149999999999999,0.16797488584474887,0.012,0.17997488584474888,0.7580710030509349,-0.6590268496124263,0.5624288068243084
James Smith-Williams,EDGE,WAS,00-0036351,2020,229,Rounds 4-7,FALSE,0.3115492957746479,0.5115751983163348,0.004,0.091,0.1780281690140845,0.005,0.1830281690140845,0.7578269656987057,-3.8204197934098256,-0.6044285050354133
J.C. Tretter,IOL,GNB,00-0030076,2013,122,Rounds 4-7,FALSE,0.20147058823529412,0.2697062760847311,0.005,0.051,0.04962595479959052,0.057999999999999996,0.10762595479959051,0.7578109319843834,-2.4541091296547317,-0.6606857915206148
Shelley Smith,IOL,HOU,00-0027785,2010,187,Rounds 4-7,FALSE,0.34411764705882353,0.4606661941885188,0.004,0.051,0.08660524450744153,0.021,0.10760524450744154,0.757533771345757,-2.4541091296547317,-0.6606857915206148
Mario Edwards,DL,LV,00-0032265,2015,35,Round 2,FALSE,0.2997058823529412,0.5570741307675486,0.01,0.075,0.14483927399956265,0.021,0.16583927399956264,0.7502246762742267,-1.5305933950960025,-0.22864968299216984
Tyus Bowser,EDGE,BAL,00-0033283,2017,47,Round 2,FALSE,0.3027941176470588,0.49719887955182074,0.008,0.091,0.16507002801120446,0.03,0.19507002801120446,0.7499745765988755,-1.9473356770209531,-0.00936591860581865
Kylen Granson,TE,IND,00-0036876,2021,127,Rounds 4-7,FALSE,0.3279166666666667,0.6140761548064919,0.006,0.048,0.10316479400749065,0.006,0.10916479400749066,0.7478252469163955,-2.3689887502760683,-0.586867207426399
Nick O'Leary,TE,BUF,00-0032117,2015,194,Rounds 4-7,FALSE,0.3095588235294117,0.5796981714033927,0.004,0.048,0.10202687816699711,0.006999999999999999,0.1090268781669971,0.7461390326628472,-2.3689887502760683,-0.586867207426399
Justin Hollins,LB,DEN,00-0035591,2019,156,Rounds 4-7,FALSE,0.3157142857142858,0.4562345169281587,0,0.061,0.11132122213047072,0.006,0.11732122213047072,0.7432748076162365,-3.875277998195149,-0.8050209414767096
Dillon Radunz,OT,TEN,00-0036619,2021,53,Round 2,FALSE,0.4634722222222222,0.6348934550989345,0.009000000000000001,0.08149999999999999,0.18411910197869094,0.012,0.19611910197869095,0.7427730515801304,-1.2393656537891447,0.4683486650469865
Vince Williams,LB,PIT,00-0030434,2013,206,Rounds 4-7,FALSE,0.25411764705882356,0.3672220333219994,0.005,0.061,0.08225773546412786,0.035,0.11725773546412786,0.7424369699783587,-3.875277998195149,-0.8050209414767096
Brian Schwenke,IOL,TEN,00-0030486,2013,107,Rounds 4-7,FALSE,0.3995588235294118,0.534884636585558,0.005,0.051,0.09841877313174266,0.008,0.10641877313174267,0.7416555228963788,-2.4541091296547317,-0.6606857915206148
Quinton Dial,EDGE,SFO,00-0030088,2013,157,Rounds 4-7,FALSE,0.3022058823529412,0.49623297594900034,0,0.091,0.18062880324543612,0,0.18062880324543612,0.7380688405557632,-3.8204197934098256,-0.6044285050354133
Shiloh Keo,CB,HOU,00-0028082,2011,144,Rounds 4-7,FALSE,0.3444117647058823,0.4977048622917375,0,0.08199999999999999,0.16324719483168987,0,0.16324719483168987,0.7354762684659146,-4.672744495348817,-0.6021907924538343
Dameon Pierce,RB,HOU,00-0037258,2022,107,Rounds 4-7,FALSE,0.2154166666666667,0.5092592592592593,0.005,0.06,0.11203703703703705,0.004,0.11603703703703705,0.7340621761273304,-5.507493653254559,-0.7649141963140151
Chris Thompson,RB,WAS,00-0030404,2013,154,Rounds 4-7,FALSE,0.18250000000000002,0.43144208037825066,0.005,0.06,0.09491725768321514,0.021,0.11591725768321515,0.7324931157742014,-5.507493653254559,-0.7649141963140151
Niles Paul,WR,WAS,00-0028093,2011,155,Rounds 4-7,FALSE,0.31176470588235294,0.48713235294117646,0,0.079,0.15393382352941176,0,0.15393382352941176,0.7320183272775342,-3.823139033302942,-0.6228278656929864
Bene Benwikere,CB,CAR,00-0031262,2014,148,Rounds 4-7,FALSE,0.3545588235294118,0.5123682420945258,0.005,0.08199999999999999,0.1578094185651139,0.005,0.1628094185651139,0.7315133740468369,-4.672744495348817,-0.6021907924538343
Clayton Geathers,S,IND,00-0031571,2015,109,Rounds 4-7,FALSE,0.38588235294117657,0.5404514747075302,0.005,0.053,0.1037666831438458,0.015,0.1187666831438458,0.731036085710861,-2.184659545441944,-0.5511731411824057
Denzel Perryman,LB,LAC,00-0032103,2015,48,Round 2,FALSE,0.3441176470588236,0.49727983679020754,0.008,0.061,0.105423325399524,0.032,0.137423325399524,0.7306655886475393,-0.9272530653358044,-0.35150887120124186
Isaiah Buggs,DL,PIT,00-0035219,2019,192,Rounds 4-7,FALSE,0.255,0.4739776951672862,0.004,0.075,0.13460966542750927,0.01,0.14460966542750928,0.7262319743608088,-3.7779540498924526,-0.695540700768399
Tyre Phillips,OT,BAL,00-0036214,2020,106,Rounds 4-7,FALSE,0.3829577464788733,0.5245996527107853,0,0.08149999999999999,0.171019486783716,0,0.171019486783716,0.7256946394776262,-3.1707480263226144,-0.4449332397639939
Fabian Moreau,CB,WAS,00-0033918,2017,81,Round 3,FALSE,0.3823529411764707,0.5525331519891196,0.005,0.08199999999999999,0.17018021081264878,0.01,0.1801802108126488,0.724562166082205,-2.986769766952211,-0.2996236181936407
Nakobe Dean,LB,PHI,00-0037615,2022,83,Round 3,FALSE,0.3423611111111111,0.4947414900449583,0.006,0.061,0.10884312780989083,0.04,0.14884312780989084,0.7243520307207288,-1.5009104241941897,-0.26024197516630576
Jonathan Bullard,DL,CHI,00-0033093,2016,72,Round 3,FALSE,0.2926470588235294,0.5439536409359282,0.005,0.075,0.15230701946205988,0.005,0.15730701946205988,0.7235037838882905,-1.6980155086877986,-0.2673590110726486
Dallas Thomas,OT,MIA,00-0030531,2013,77,Round 3,FALSE,0.3985294117647059,0.5459307010475424,0,0.08149999999999999,0.1779734085414988,0,0.1779734085414988,0.7234948401655398,-1.9161133628566525,-0.13046393182271215
Isaiah Wynn,OT,NWE,00-0034833,2018,23,Late 1st,FALSE,0.46086956521739136,0.6313281715306731,0.016,0.08149999999999999,0.16540798094103631,0.01,0.17540798094103632,0.7229144435738951,-0.6590268496124263,0.5624288068243084
Jahlani Tavai,LB,DET,00-0035240,2019,43,Round 2,FALSE,0.3840000000000002,0.5549132947976881,0.009000000000000001,0.061,0.11542196531791912,0.021,0.13642196531791911,0.7210918184713655,-0.9272530653358044,-0.35150887120124186
Johnnie Troutman,IOL,LAC,00-0029288,2012,149,Rounds 4-7,FALSE,0.42568627450980395,0.5698611439220936,0.005,0.051,0.10485445048166522,0,0.10485445048166522,0.7207205857359367,-2.4541091296547317,-0.6606857915206148
James Hanna,TE,DAL,00-0029634,2012,186,Rounds 4-7,FALSE,0.2758823529411765,0.5166336197400309,0.005,0.048,0.08886098259528531,0.018000000000000002,0.10686098259528531,0.7196579267097701,-2.3689887502760683,-0.586867207426399
Leonard Fournette,RB,JAX,00-0033856,2017,4,Top 10,TRUE,0.5348529411764705,1.2644277569183702,0.040999999999999995,0.06,0.09609650952579615,0.034,0.13009650952579616,0.7190673502316963,-0.2700697770397672,-0.6154948556750087
Josh Robinson,CB,MIN,00-0029691,2012,66,Round 3,FALSE,0.37372549019607854,0.5400657372775701,0.006,0.08199999999999999,0.16417998413238127,0.015,0.1791799841323813,0.7171805725408061,-2.986769766952211,-0.2996236181936407
Jared Veldheer,OT,LV,00-0027674,2010,69,Round 3,FALSE,0.29411764705882354,0.40290088638195004,0.005,0.08149999999999999,0.12328767123287669,0.053,0.1762876712328767,0.7108527840476823,-1.9161133628566525,-0.13046393182271215
K'Lavon Chaisson,EDGE,JAX,00-0036286,2020,20,Late 1st,FALSE,0.28422535211267597,0.4667082957515205,0.017,0.091,0.13814565554245006,0.037000000000000005,0.17514565554245007,0.7052503134799379,-0.8808858659652598,0.5944072297042816
Dwayne Gratz,CB,JAX,00-0030539,2013,64,Round 2,FALSE,0.39029411764705874,0.5640088405304318,0.006,0.08199999999999999,0.1714586875212512,0.005,0.1764586875212512,0.7035735696557373,-1.8987142572552127,-0.038091475434602076
Royce Freeman,RB,DEN,00-0034838,2018,71,Round 3,FALSE,0.27,0.6382978723404256,0.006,0.06,0.13787234042553193,0.006,0.14387234042553193,0.7034159272423873,-2.0095141915817347,0.0018317536535283545
Gerald Hodges,LB,MIN,00-0030385,2013,120,Rounds 4-7,FALSE,0.3372058823529412,0.4872917375042503,0.005,0.061,0.10915334920095207,0.005,0.11415334920095208,0.7014681838752582,-3.875277998195149,-0.8050209414767096
Tutu Atwell,WR,LA,00-0036849,2021,57,Round 2,FALSE,0.31513888888888886,0.49240451388888884,0.008,0.079,0.13984288194444444,0.036000000000000004,0.17584288194444445,0.6989918944996217,-1.0961314210494868,0.22664173323619316
Tyquan Lewis,EDGE,IND,00-0034359,2018,64,Round 2,FALSE,0.29536231884057973,0.4849955974393756,0.006,0.091,0.1648985031293877,0.023,0.1878985031293877,0.698293401532508,-1.9473356770209531,-0.00936591860581865
Isaiah McDuffie,LB,GNB,00-0036658,2021,220,Rounds 4-7,FALSE,0.30847222222222226,0.44576910725754665,0.005,0.061,0.09985228002569045,0.013999999999999999,0.11385228002569045,0.6974949545159347,-3.875277998195149,-0.8050209414767096
Jeremy Ruckert,TE,NYJ,00-0037805,2022,101,Rounds 4-7,FALSE,0.27555555555555555,0.5160216396171452,0.006,0.048,0.0866916354556804,0.018000000000000002,0.1046916354556804,0.6931346205064705,-2.3689887502760683,-0.586867207426399
Kyle Williams,WR,SFO,00-0027608,2010,206,Rounds 4-7,FALSE,0.3064705882352941,0.478860294117647,0.004,0.079,0.1436580882352941,0.006,0.1496580882352941,0.69024925090506,-3.823139033302942,-0.6228278656929864
Christian Covington,DL,HOU,00-0031619,2015,216,Rounds 4-7,FALSE,0.25014705882352944,0.46495735840804725,0.004,0.075,0.1320478897878854,0.009000000000000001,0.1410478897878854,0.6890722589806507,-3.7779540498924526,-0.695540700768399
Cordarrelle Patterson,WR,MIN,00-0030578,2013,29,Late 1st,FALSE,0.35338235294117654,0.5521599264705883,0.015,0.079,0.1413529411764706,0.027000000000000003,0.1683529411764706,0.6889461129699523,-0.7067555359941448,0.12050516789925937
Jalen Tolbert,WR,DAL,00-0037666,2022,88,Round 3,FALSE,0.389861111111111,0.6091579861111109,0.006,0.079,0.17787413194444437,0.005,0.18287413194444438,0.6877661633349128,-1.4782442291920619,-0.03988217399875301
Cody Ford,OT,BUF,00-0035238,2019,38,Round 2,FALSE,0.4197142857142857,0.5749510763209393,0,0.08149999999999999,0.1874340508806262,0,0.1874340508806262,0.6864907932490694,-1.2393656537891447,0.4683486650469865
Menelik Watson,IOL,LV,00-0030579,2013,42,Round 2,FALSE,0.22044117647058822,0.29510197653358533,0,0.051,0.0602008032128514,0.037000000000000005,0.0972008032128514,0.6860435636923131,-0.22501695252083553,-0.7573076508456783
Darrell Taylor,EDGE,SEA,00-0036413,2020,48,Round 2,FALSE,0.31309859154929576,0.5141191979462985,0.009000000000000001,0.091,0.16863109692638587,0.017,0.18563109692638585,0.6819534712031831,-1.9473356770209531,-0.00936591860581865
Daniel Thomas,RB,MIA,00-0028000,2011,62,Round 2,FALSE,0.25558823529411767,0.6042275066054792,0.006999999999999999,0.06,0.12809623140036158,0.005,0.1330962314003616,0.6814600521036454,-1.5069658434565287,-0.4735968759125675
Billy Price,IOL,CIN,00-0034762,2018,21,Late 1st,FALSE,0.5205797101449275,0.6968938556156995,0.017,0.051,0.09477756436373512,0.005,0.09977756436373512,0.6799794303019875,-0.09175270156213973,-0.7109611026659682
Angelo Blackson,DL,TEN,00-0032107,2015,100,Round 3,FALSE,0.2514705882352941,0.467417450251476,0.005,0.075,0.13087688607041328,0.021,0.15187688607041328,0.6757712565588876,-1.6980155086877986,-0.2673590110726486
P.J. Williams,CB,NOR,00-0032059,2015,78,Round 3,FALSE,0.3629411764705881,0.5244814688881332,0.005,0.08199999999999999,0.161540292417545,0.012,0.173540292417545,0.6755600951440394,-2.986769766952211,-0.2996236181936407
Terrell McClain,DL,CAR,00-0028003,2011,65,Round 3,FALSE,0.23470588235294115,0.4362562869013776,0.006,0.075,0.12040673518478019,0.031,0.1514067351847802,0.6716384869971037,-1.6980155086877986,-0.2673590110726486
Mike Glennon,QB,TAM,00-0030520,2013,73,Round 3,FALSE,0.2766176470588235,0.4447229052392661,0.006,0.146,0.249044826933989,0.09,0.33904482693398896,0.6703118193673863,-2.222491526527487,-0.2043169834643365
Bobby Brown,DL,LA,00-0036903,2021,117,Rounds 4-7,FALSE,0.22263888888888886,0.4138269310202395,0.006,0.075,0.11421623296158609,0.025,0.13921623296158608,0.6699627323776236,-3.7779540498924526,-0.695540700768399
Devin Duvernay,WR,BAL,00-0036331,2020,92,Round 3,FALSE,0.3574647887323944,0.5585387323943662,0.006,0.079,0.16309330985915493,0.017,0.18009330985915495,0.6693539244000122,-1.4782442291920619,-0.03988217399875301
C.J. Henderson,CB,JAX,00-0036281,2020,9,Top 10,FALSE,0.43183098591549296,0.6240332166408858,0.026000000000000002,0.08199999999999999,0.1397834405275584,0.008,0.1477834405275584,0.6672233595990319,-0.39522957331232367,-0.6077512429479659
Quinton Patton,WR,SFO,00-0030450,2013,128,Rounds 4-7,FALSE,0.3073529411764706,0.48023897058823534,0.005,0.079,0.14215073529411765,0.005,0.14715073529411765,0.6657552611492324,-3.823139033302942,-0.6228278656929864
Maurice Alexander,CB,LA,00-0031393,2014,110,Rounds 4-7,FALSE,0.32750000000000007,0.47326589595375734,0,0.08199999999999999,0.1552312138728324,0,0.1552312138728324,0.6629129784233789,-4.672744495348817,-0.6021907924538343
Zac Stacy,RB,LA,00-0030536,2013,160,Rounds 4-7,FALSE,0.21264705882352936,0.502711722987067,0.005,0.06,0.11059657905715474,0,0.11059657905715474,0.6627944104672338,-5.507493653254559,-0.7649141963140151
Cameron Sutton,CB,PIT,00-0033930,2017,94,Round 3,FALSE,0.275,0.3973988439306359,0.005,0.08199999999999999,0.12239884393063584,0.049,0.17139884393063584,0.6597563752152932,-2.986769766952211,-0.2996236181936407
Cassius Marsh,EDGE,SEA,00-0031175,2014,108,Rounds 4-7,FALSE,0.263235294117647,0.43224186226214617,0.005,0.091,0.14869120061817828,0.022000000000000002,0.17069120061817827,0.6562353831914021,-3.8204197934098256,-0.6044285050354133
Jaylinn Hawkins,S,ATL,00-0036302,2020,134,Rounds 4-7,FALSE,0.35154929577464783,0.49236596046869446,0.005,0.053,0.09453426440998934,0.017,0.11153426440998934,0.6506434183498483,-2.184659545441944,-0.5511731411824057
Kemal Ishmael,CB,ATL,00-0030427,2013,243,Rounds 4-7,FALSE,0.32441176470588234,0.46880312818769126,0,0.08199999999999999,0.1537674260455627,0,0.1537674260455627,0.6496622906764805,-4.672744495348817,-0.6021907924538343
Morris Claiborne,CB,DAL,00-0029676,2012,6,Top 10,FALSE,0.382156862745098,0.552249801654766,0.034,0.08199999999999999,0.10603196191771505,0.04,0.14603196191771506,0.6494585933758978,-0.39522957331232367,-0.6077512429479659
Stephen Weatherly,EDGE,MIN,00-0032448,2016,227,Rounds 4-7,FALSE,0.24117647058823527,0.3960204771563798,0.004,0.091,0.13781512605042015,0.032,0.16981512605042015,0.649021147175163,-3.8204197934098256,-0.6044285050354133
JJ Nelson,WR,ARI,00-0032112,2015,159,Rounds 4-7,FALSE,0.2995588235294118,0.46806066176470595,0.004,0.079,0.1404181985294118,0.005,0.1454181985294118,0.6488303452072476,-3.823139033302942,-0.6228278656929864
Tim Settle,DL,WAS,00-0034397,2018,163,Rounds 4-7,FALSE,0.21811594202898552,0.4054199665966273,0.004,0.075,0.11513927051344215,0.022000000000000002,0.13713927051344216,0.6482939521856026,-3.7779540498924526,-0.695540700768399
Brady Christensen,IOL,CAR,00-0036968,2021,70,Round 3,FALSE,0.4336111111111111,0.5804700282611929,0.006999999999999999,0.051,0.10216272497396994,0.01,0.11216272497396994,0.6482332792964047,-1.1210940108268708,-0.4767011195371987
Damone Clark,LB,DAL,00-0037281,2022,176,Rounds 4-7,FALSE,0.323888888888889,0.4680475272960824,0.005,0.061,0.10484264611432247,0.005,0.10984264611432247,0.6445795567076332,-3.875277998195149,-0.8050209414767096
Mackensie Alexander,CB,MIN,00-0032389,2016,54,Round 2,FALSE,0.3423529411764706,0.4947296837810269,0.006999999999999999,0.08199999999999999,0.14841890513430803,0.02,0.16841890513430802,0.6436894177404957,-1.8987142572552127,-0.038091475434602076
Royce Newman,IOL,GNB,00-0036631,2021,142,Rounds 4-7,FALSE,0.3648611111111111,0.4884352223709653,0.005,0.051,0.08987208091625762,0.009000000000000001,0.09887208091625763,0.6406600362603219,-2.4541091296547317,-0.6606857915206148
Ronald Jones II,RB,TAM,00-0034816,2018,38,Round 2,FALSE,0.25724637681159424,0.6081474629115703,0.01,0.06,0.12162949258231405,0.006999999999999999,0.12862949258231404,0.6398176307453125,-1.5069658434565287,-0.4735968759125675
Jeremy Lane,CB,SEA,00-0029295,2012,172,Rounds 4-7,FALSE,0.2596078431372549,0.37515584268389435,0.005,0.08199999999999999,0.11554799954663944,0.037000000000000005,0.15254799954663945,0.6386236418596882,-4.672744495348817,-0.6021907924538343
Luke Farrell,TE,JAX,00-0036887,2021,145,Rounds 4-7,FALSE,0.2518055555555556,0.47154598418643373,0.005,0.048,0.08110590928006661,0.019,0.10010590928006662,0.6370676972834579,-2.3689887502760683,-0.586867207426399
Saquon Barkley,RB,NYG,00-0034844,2018,2,Top 10,TRUE,0.4802898550724638,1.135437009627574,0.044000000000000004,0.06,0.07266796861616472,0.049,0.12166796861616472,0.6326052907196212,-0.2700697770397672,-0.6154948556750087
Evan Boehm,IOL,ARI,00-0032777,2016,128,Rounds 4-7,FALSE,0.3539705882352941,0.4738562091503268,0.005,0.051,0.08718954248366012,0.011000000000000001,0.09818954248366012,0.6315257958302494,-2.4541091296547317,-0.6606857915206148
Cam Akers,RB,LA,00-0036414,2020,52,Round 2,FALSE,0.24943661971830983,0.5896846801851297,0.008,0.06,0.12265441347850696,0.005,0.12765441347850695,0.6307271832057384,-1.5069658434565287,-0.4735968759125675
Kevin Johnson,CB,HOU,00-0031548,2015,16,Late 1st,FALSE,0.3936764705882353,0.5688966337980279,0.018000000000000002,0.08199999999999999,0.1456375382522951,0.018000000000000002,0.1636375382522951,0.629917385679391,-1.1362659091557372,0.08046471267687343
A.J. Klein,LB,CAR,00-0030463,2013,148,Rounds 4-7,FALSE,0.24058823529411763,0.3476708602516151,0.005,0.061,0.07787827269636179,0.03,0.10787827269636178,0.6186555937840507,-3.875277998195149,-0.8050209414767096
Cameron Fleming,OT,NWE,00-0031067,2014,140,Rounds 4-7,FALSE,0.3285294117647059,0.4500402900886382,0.005,0.08149999999999999,0.13771232876712328,0.02,0.15771232876712327,0.6178194316733774,-3.1707480263226144,-0.4449332397639939
Vederian Lowe,IOL,MIN,00-0037287,2022,184,Rounds 4-7,FALSE,0.3554166666666666,0.4757920571173582,0,0.051,0.09706157965194107,0,0.09706157965194107,0.6164305525310593,-2.4541091296547317,-0.6606857915206148
Jihad Ward,EDGE,LV,00-0033046,2016,44,Round 2,FALSE,0.3016176470588236,0.49526707234618,0.009000000000000001,0.091,0.16244759972954703,0.013999999999999999,0.17644759972954704,0.6157731351975597,-1.9473356770209531,-0.00936591860581865
Trevis Gipson,EDGE,CHI,00-0036305,2020,155,Rounds 4-7,FALSE,0.28281690140845067,0.46439556881518995,0.005,0.091,0.15975207567242533,0.006,0.16575207567242534,0.6155630313349408,-3.8204197934098256,-0.6044285050354133
Charlie Kolar,TE,BAL,00-0038046,2022,128,Rounds 4-7,FALSE,0.22055555555555556,0.4130253849354973,0.005,0.048,0.07104036620890554,0.027000000000000003,0.09804036620890555,0.6118135411586404,-2.3689887502760683,-0.586867207426399
Antonio Allen,CB,NYJ,00-0029553,2012,242,Rounds 4-7,FALSE,0.3154901960784314,0.4559106879746119,0,0.08199999999999999,0.14953870565567268,0,0.14953870565567268,0.6113825260743313,-4.672744495348817,-0.6021907924538343
Justin Hunter,WR,TEN,00-0030521,2013,34,Round 2,FALSE,0.37338235294117644,0.5834099264705882,0.011000000000000001,0.079,0.1586875,0.005,0.1636875,0.6112568613911701,-1.0961314210494868,0.22664173323619316
Justin Hardy,WR,ATL,00-0031570,2015,107,Rounds 4-7,FALSE,0.2948529411764706,0.4607077205882353,0.005,0.079,0.13636948529411763,0.005,0.14136948529411764,0.609279016440964,-3.823139033302942,-0.6228278656929864
Lawrence Guy,DL,GNB,00-0028171,2011,233,Rounds 4-7,FALSE,0.21058823529411774,0.3914279466433415,0.004,0.075,0.11116553684670898,0.022000000000000002,0.13316553684670898,0.606836312234999,-3.7779540498924526,-0.695540700768399
Matt Pryor,OT,PHI,00-0034417,2018,206,Rounds 4-7,FALSE,0.2889855072463768,0.395870557871749,0,0.08149999999999999,0.12905380186619017,0.027000000000000003,0.15605380186619017,0.6043744922006511,-3.1707480263226144,-0.4449332397639939
Spencer Ware,RB,SEA,00-0030414,2013,194,Rounds 4-7,FALSE,0.1864705882352941,0.44082881379502153,0.005,0.06,0.09698233903490473,0.009000000000000001,0.10598233903490473,0.6023497608033342,-5.507493653254559,-0.7649141963140151
Josh Jones,OT,ARI,00-0036363,2020,72,Round 3,FALSE,0.35957746478873237,0.492571869573606,0.006,0.08149999999999999,0.14875670461122897,0.013000000000000001,0.16175670461122899,0.6018789276004155,-1.9161133628566525,-0.13046393182271215
Casey Toohill,EDGE,PHI,00-0036403,2020,233,Rounds 4-7,FALSE,0.2783098591549296,0.4569948426189321,0.004,0.091,0.15903420523138836,0.005,0.16403420523138837,0.601416835037204,-3.8204197934098256,-0.6044285050354133
Robert Griffin III,QB,WAS,00-0029665,2012,2,Top 10,FALSE,0.3845098039215685,0.6181829645041295,0.044000000000000004,0.146,0.25221864951768475,0.048,0.30021864951768473,0.6007263058289751,-0.293477891960363,0.37407124048736107
Ben Skowronek,WR,LA,00-0036862,2021,249,Rounds 4-7,FALSE,0.2844444444444444,0.44444444444444436,0,0.079,0.14044444444444443,0,0.14044444444444443,0.6002424182327412,-3.823139033302942,-0.6228278656929864
Mike Davis,RB,SFO,00-0032063,2015,126,Rounds 4-7,FALSE,0.17264705882352938,0.40814907523293,0.005,0.06,0.0897927965512446,0.016,0.1057927965512446,0.5998668320943775,-5.507493653254559,-0.7649141963140151
Darnay Holmes,CB,NYG,00-0036394,2020,110,Rounds 4-7,FALSE,0.3143661971830987,0.45428641211430454,0.005,0.08199999999999999,0.13992021493120577,0.008,0.14792021493120577,0.596731416937043,-4.672744495348817,-0.6021907924538343
Ted Larsen,IOL,NWE,00-0027607,2010,205,Rounds 4-7,FALSE,0.3023529411764706,0.404756280022049,0,0.051,0.08257028112449799,0.013000000000000001,0.09557028112449799,0.5964728788644822,-2.4541091296547317,-0.6606857915206148
Zach Wilson,QB,NYJ,00-0037013,2021,2,Top 10,FALSE,0.4409722222222222,0.708958556627367,0.048,0.146,0.2779117541979278,0.021,0.2989117541979278,0.5956355700457343,-0.293477891960363,0.37407124048736107
Lamar Holmes,OT,ATL,00-0029527,2012,91,Round 3,FALSE,0.3719607843137255,0.5095353209777062,0.005,0.08149999999999999,0.15591780821917806,0.005,0.16091780821917806,0.5955876892140237,-1.9161133628566525,-0.13046393182271215
Cameron Dantzler,CB,MIN,00-0036330,2020,89,Round 3,FALSE,0.3611267605633802,0.5218594805829194,0.006,0.08199999999999999,0.15864528209720746,0.004,0.16264528209720747,0.5951557834008553,-2.986769766952211,-0.2996236181936407
Ndamukong Suh,DL,DET,00-0027855,2010,2,Top 10,TRUE,0.8017647058823527,1.4902689700415477,0.09300000000000001,0.075,0,0.133,0.133,0.5950803617932594,0.47553610303479044,-0.2840537572894559
Jay Bromley,DL,NYG,00-0031403,2014,74,Round 3,FALSE,0.26985294117647063,0.5015853925213208,0.006,0.075,0.13843756833588453,0.004,0.14243756833588453,0.5927967770686728,-1.6980155086877986,-0.2673590110726486
Kenny Pickett,QB,PIT,00-0038102,2022,20,Late 1st,FALSE,0.35777777777777786,0.5752054305108969,0.017,0.146,0.2968060021436228,0.013000000000000001,0.3098060021436228,0.5915137413440352,-0.8862273441397667,-0.014648650169409413
Elijah Mitchell,RB,SFO,00-0036567,2021,194,Rounds 4-7,FALSE,0.18472222222222226,0.4366955608090361,0.005,0.06,0.09607302337798794,0.009000000000000001,0.10507302337798793,0.590438099066797,-5.507493653254559,-0.7649141963140151
Brandon Graham,EDGE,PHI,00-0027865,2010,13,Late 1st,FALSE,0.27176470588235296,0.44624746450304265,0.026000000000000002,0.091,0.11602434077079109,0.045,0.16102434077079109,0.586895282489215,-0.8808858659652598,0.5944072297042816
Wendell Smallwood,RB,PHI,00-0032782,2016,153,Rounds 4-7,FALSE,0.18823529411764697,0.4450006953135862,0.004,0.06,0.0996801557502433,0.005,0.10468015575024331,0.5852916944565463,-5.507493653254559,-0.7649141963140151
Christian Harris,LB,HOU,00-0037823,2022,75,Round 3,FALSE,0.38680555555555546,0.5589675658317276,0.006,0.061,0.12297286448298007,0.009000000000000001,0.13197286448298007,0.5852403004771557,-1.5009104241941897,-0.26024197516630576
Alex Anzalone,LB,NOR,00-0033914,2017,76,Round 3,FALSE,0.32102941176470584,0.4639153349200952,0.005,0.061,0.10391703502210133,0.027999999999999997,0.13191703502210134,0.5847799322688528,-1.5009104241941897,-0.26024197516630576
Joseph Ossai,EDGE,CIN,00-0036902,2021,69,Round 3,FALSE,0.24791666666666665,0.407088122605364,0.006999999999999999,0.091,0.13678160919540228,0.038,0.17478160919540228,0.5806504913577579,-2.5109073453087567,-0.29680159176202814
Ifeadi Odenigbo,DL,MIN,00-0033969,2017,220,Rounds 4-7,FALSE,0.24,0.4460966542750929,0.003,0.075,0.12847583643122673,0.002,0.13047583643122673,0.5787748866962,-3.7779540498924526,-0.695540700768399
Jeff Heuerman,TE,DEN,00-0032227,2015,92,Round 3,FALSE,0.24411764705882355,0.4571491517955497,0.005,0.048,0.07862965410883456,0.021,0.09962965410883456,0.5782620229434824,-0.9835958778133722,-0.5376092011535986
Sharrif Floyd,DL,MIN,00-0030574,2013,23,Late 1st,FALSE,0.3449999999999999,0.6412639405204459,0.024,0.075,0.13081784386617096,0,0.13081784386617096,0.5753096525604331,-0.5579535424283915,0.23099991956812158
Josh Doctson,WR,WAS,00-0032760,2016,22,Late 1st,FALSE,0.3798529411764706,0.5935202205882353,0.016,0.079,0.1495670955882353,0.004,0.1535670955882353,0.574941462301877,-0.7067555359941448,0.12050516789925937
Ronald Blair,EDGE,SFO,00-0032413,2016,142,Rounds 4-7,FALSE,0.26014705882352945,0.42717086834733903,0.004,0.091,0.14865546218487397,0.012,0.16065546218487398,0.5735938041299637,-3.8204197934098256,-0.6044285050354133
Ryan Jensen,IOL,BAL,00-0029895,2013,203,Rounds 4-7,FALSE,0.14147058823529413,0.18938499094416886,0.005,0.051,0.03484683833372707,0.059000000000000004,0.09384683833372708,0.5734084768227294,-2.4541091296547317,-0.6606857915206148
Isaac Yiadom,CB,DEN,00-0034780,2018,99,Round 3,FALSE,0.331304347826087,0.47876350841920085,0.005,0.08199999999999999,0.14745916059311384,0.012,0.15945916059311385,0.5716424594906794,-2.986769766952211,-0.2996236181936407
Dyami Brown,WR,WAS,00-0036626,2021,82,Round 3,FALSE,0.28680555555555565,0.4481336805555557,0.006999999999999999,0.079,0.12906250000000005,0.036000000000000004,0.16506250000000006,0.569832684268961,-1.4782442291920619,-0.03988217399875301
Sean Weatherspoon,LB,ATL,00-0027871,2010,19,Late 1st,FALSE,0.34176470588235297,0.49387963277796676,0.022000000000000002,0.061,0.0770452227133628,0.027000000000000003,0.1040452227133628,0.5670871495844688,-0.9970994700204313,-0.8036273004092015
Nicholas Petit-Frere,OT,TEN,00-0037754,2022,69,Round 3,FALSE,0.37472222222222223,0.5133181126331812,0.006999999999999999,0.08149999999999999,0.15296879756468795,0.004,0.15696879756468796,0.5659723902888973,-1.9161133628566525,-0.13046393182271215
Derion Kendrick,CB,LA,00-0037842,2022,212,Rounds 4-7,FALSE,0.3156944444444445,0.4562058445728967,0.005,0.08199999999999999,0.14051140012845215,0.004,0.14451140012845215,0.5658737067574575,-4.672744495348817,-0.6021907924538343
DeShon Elliott,S,BAL,00-0034277,2018,190,Rounds 4-7,FALSE,0.33434782608695646,0.4682742662282304,0.004,0.053,0.09178175618073316,0.012,0.10378175618073315,0.5644696446480341,-2.184659545441944,-0.5511731411824057
Rondale Moore,WR,ARI,00-0036936,2021,49,Round 2,FALSE,0.3423611111111111,0.5349392361111112,0.009000000000000001,0.079,0.14978298611111113,0.006999999999999999,0.15678298611111113,0.5614215080137063,-1.0961314210494868,0.22664173323619316
Maxx Williams,TE,BAL,00-0031558,2015,55,Round 2,FALSE,0.2510294117647059,0.4700925313945803,0.006999999999999999,0.048,0.07709517514871117,0.012,0.08909517514871117,0.5613416266881632,-0.36078026178736594,-0.6556584315197126
Parris Campbell,WR,IND,00-0035639,2019,59,Round 2,FALSE,0.29742857142857143,0.46473214285714287,0.006,0.079,0.1357017857142857,0.021,0.1567017857142857,0.5608354203418866,-1.0961314210494868,0.22664173323619316
Kyle Wilson,CB,NYJ,00-0027879,2010,29,Late 1st,FALSE,0.38352941176470584,0.5542332539952397,0.015,0.08199999999999999,0.1485345120707242,0.006,0.15453451207072422,0.5596781969823338,-1.1362659091557372,0.08046471267687343
Brandon Thompson,DL,CIN,00-0029684,2012,93,Round 3,FALSE,0.25647058823529406,0.4767111305488737,0.005,0.075,0.13347911655368463,0.005,0.13847911655368464,0.5580007795768533,-1.6980155086877986,-0.2673590110726486
Terrance West,RB,CLE,00-0031375,2014,94,Round 3,FALSE,0.22205882352941173,0.5249617577527464,0.005,0.06,0.11549158670560422,0.011000000000000001,0.12649158670560423,0.5576479788097384,-2.0095141915817347,0.0018317536535283545
Sam Acho,EDGE,ARI,00-0028041,2011,103,Rounds 4-7,FALSE,0.2702941176470588,0.44383270549599146,0.005,0.091,0.15267845069062105,0.006,0.15867845069062106,0.5573136516734712,-3.8204197934098256,-0.6044285050354133
Geno Smith,QB,NYJ,00-0030565,2013,39,Round 2,FALSE,0.4144117647058823,0.6662568564403253,0.01,0.146,0.3624437299035369,0.006999999999999999,0.3694437299035369,0.5542600281447381,-0.8256118902818692,-0.01984298098231734
Cody Barton,LB,SEA,00-0035672,2019,88,Round 3,FALSE,0.3178571428571428,0.45933113129644915,0.005,0.061,0.10289017341040461,0.025,0.12789017341040462,0.5515745414934184,-1.5009104241941897,-0.26024197516630576
DeAndre Washington,RB,LV,00-0032940,2016,143,Rounds 4-7,FALSE,0.18279411764705886,0.43213739396467815,0.004,0.06,0.0967987762480879,0.005,0.1017987762480879,0.5475468060856119,-5.507493653254559,-0.7649141963140151
Derrick Kindred,S,CLE,00-0033076,2016,129,Rounds 4-7,FALSE,0.36411764705882355,0.5099686933596969,0.005,0.053,0.0979139891250618,0.004,0.1019139891250618,0.5437082947953853,-2.184659545441944,-0.5511731411824057
Otito Ogbonnia,DL,LAC,00-0037270,2022,160,Rounds 4-7,FALSE,0.2268055555555556,0.42157166460140444,0.005,0.075,0.11804006608839324,0.009000000000000001,0.12704006608839324,0.5429297743227651,-3.7779540498924526,-0.695540700768399
B.J. Goodson,EDGE,NYG,00-0033121,2016,109,Rounds 4-7,FALSE,0.26249999999999996,0.4310344827586206,0,0.091,0.15689655172413788,0,0.15689655172413788,0.5426401978666815,-3.8204197934098256,-0.6044285050354133
Zachary Carter,EDGE,CIN,00-0037804,2022,95,Round 3,FALSE,0.2829166666666667,0.46455938697318017,0,0.091,0.16909961685823757,0,0.16909961685823757,0.5412713045153219,-2.5109073453087567,-0.29680159176202814
Laviska Shenault Jr.,WR,JAX,00-0036268,2020,42,Round 2,FALSE,0.3445070422535212,0.5382922535211269,0.01,0.079,0.14856866197183102,0.005,0.15356866197183103,0.5382211811074895,-1.0961314210494868,0.22664173323619316
Antonio Morrison,LB,IND,00-0032406,2016,125,Rounds 4-7,FALSE,0.31441176470588234,0.4543522611356681,0.005,0.061,0.10177490649438967,0,0.10177490649438967,0.5381090756514487,-3.875277998195149,-0.8050209414767096
David Bass,EDGE,LV,00-0030517,2013,233,Rounds 4-7,FALSE,0.26455882352941185,0.43441514536849235,0.004,0.091,0.15117647058823533,0.005,0.15617647058823533,0.5367105253748341,-3.8204197934098256,-0.6044285050354133
Sean Lissemore,DL,DAL,00-0027826,2010,234,Rounds 4-7,FALSE,0.20705882352941177,0.38486770172753115,0.004,0.075,0.10930242729061884,0.017,0.12630242729061886,0.5352340487768538,-3.7779540498924526,-0.695540700768399
Adetokunbo Ogundeji,DL,ATL,00-0036949,2021,182,Rounds 4-7,FALSE,0.22624999999999998,0.420539033457249,0,0.075,0.1261617100371747,0,0.1261617100371747,0.533765957123665,-3.7779540498924526,-0.695540700768399
Josh Paschal,EDGE,DET,00-0038096,2022,46,Round 2,FALSE,0.3056944444444445,0.5019613209268382,0.009000000000000001,0.091,0.16464331326400292,0,0.16464331326400292,0.5307062344459316,-1.9473356770209531,-0.00936591860581865
Jalen Reagor,WR,PHI,00-0036387,2020,21,Late 1st,FALSE,0.36859154929577476,0.5759242957746481,0.017,0.079,0.14282922535211273,0.005,0.14782922535211274,0.5307002393062584,-0.7067555359941448,0.12050516789925937
Alex Collins,RB,SEA,00-0032426,2016,171,Rounds 4-7,FALSE,0.18014705882352947,0.4258795716868309,0.004,0.06,0.09539702405785011,0.005,0.10039702405785011,0.5291844279592111,-5.507493653254559,-0.7649141963140151
Chris Wormley,EDGE,BAL,00-0033913,2017,74,Round 3,FALSE,0.27970588235294114,0.45928716314111845,0,0.091,0.1671805273833671,0,0.1671805273833671,0.5279710079795497,-2.5109073453087567,-0.29680159176202814
Darian Thompson,S,NYG,00-0033083,2016,71,Round 3,FALSE,0.3369117647058823,0.4718652166749052,0.006,0.053,0.08871066073488218,0.006,0.09471066073488218,0.5273725158968648,-0.9517824670434979,-0.6701102991437132
Russell Okung,OT,SEA,00-0027859,2010,6,Top 10,FALSE,0.5829411764705883,0.7985495568090251,0.063,0.08149999999999999,0.05909266720386782,0.068,0.12709266720386783,0.5266528412385441,-0.3572700310319593,0.18380523620703798
Andy Janovich,RB,DEN,00-0032956,2016,176,Rounds 4-7,FALSE,0.17029411764705882,0.4025865665415102,0.004,0.06,0.09017939090529828,0.01,0.10017939090529827,0.526333523021927,-5.507493653254559,-0.7649141963140151
Khyiris Tonga,DL,CHI,00-0036909,2021,250,Rounds 4-7,FALSE,0.19680555555555557,0.36580958281701775,0.005,0.075,0.10242668318876497,0.023,0.12542668318876496,0.5260974818329068,-3.7779540498924526,-0.695540700768399
Zach Sieler,EDGE,BAL,00-0034285,2018,238,Rounds 4-7,FALSE,0.25840579710144923,0.424311653696961,0,0.091,0.1544494419456938,0,0.1544494419456938,0.5224889137761973,-3.8204197934098256,-0.6044285050354133
Joshua Williams,CB,KAN,00-0038043,2022,135,Rounds 4-7,FALSE,0.28902777777777783,0.417670199100835,0.005,0.08199999999999999,0.12864242132305717,0.011000000000000001,0.13964242132305718,0.5217981128806487,-4.672744495348817,-0.6021907924538343
Levi Onwuzurike,DL,DET,00-0036954,2021,41,Round 2,FALSE,0.26097222222222216,0.48507847996695563,0.011000000000000001,0.075,0.12418009087154064,0.013999999999999999,0.13818009087154065,0.521792624865166,-1.5305933950960025,-0.22864968299216984
Nate Hairston,CB,IND,00-0033568,2017,158,Rounds 4-7,FALSE,0.29838235294117643,0.4311883713022781,0.004,0.08199999999999999,0.13453077184631074,0.005,0.13953077184631074,0.5207874251799379,-4.672744495348817,-0.6021907924538343
Sio Moore,LB,LV,00-0030529,2013,66,Round 3,FALSE,0.3745588235294117,0.5412699761985719,0.006,0.061,0.11907939476368581,0.005,0.12407939476368582,0.5201509649405449,-1.5009104241941897,-0.26024197516630576
Dennis Pitta,TE,BAL,00-0027714,2010,114,Rounds 4-7,FALSE,0.1288235294117647,0.2412425644415069,0.004,0.048,0.04245869134170521,0.048,0.09045869134170521,0.5191169503892908,-2.3689887502760683,-0.586867207426399
Terrace Marshall Jr.,WR,CAR,00-0036955,2021,59,Round 2,FALSE,0.3309722222222222,0.5171440972222222,0.008,0.079,0.14686892361111112,0.004,0.15086892361111112,0.5187350279331605,-1.0961314210494868,0.22664173323619316
Miles Burris,LB,LV,00-0029631,2012,129,Rounds 4-7,FALSE,0.3098039215686274,0.44769352827836334,0.005,0.061,0.10028335033435339,0,0.10028335033435339,0.5184249126314848,-3.875277998195149,-0.8050209414767096
Stevan Ridley,RB,NWE,00-0028011,2011,73,Round 3,FALSE,0.22088235294117645,0.5221805034070365,0.006,0.06,0.11279098873591988,0.009000000000000001,0.12179098873591987,0.5182252625404227,-2.0095141915817347,0.0018317536535283545
Clive Walford,TE,LV,00-0032256,2015,68,Round 3,FALSE,0.28647058823529414,0.5364617757215245,0.006,0.048,0.09012557832121612,0.004,0.09412557832121612,0.5166153190420154,-0.9835958778133722,-0.5376092011535986
Barkevious Mingo,EDGE,CLE,00-0030558,2013,6,Top 10,FALSE,0.33941176470588236,0.557326378827393,0.033,0.091,0.12929971988795516,0.019,0.14829971988795515,0.5161090006733297,-0.35588035012977776,0.265142802793857
Brice Butler,WR,LV,00-0030516,2013,209,Rounds 4-7,FALSE,0.26955882352941174,0.42118566176470584,0.005,0.079,0.12467095588235293,0.006999999999999999,0.13167095588235292,0.5145354021068389,-3.823139033302942,-0.6228278656929864
Taco Charlton,EDGE,DAL,00-0033541,2017,28,Late 1st,FALSE,0.2932352941176471,0.4815029460059887,0.015,0.091,0.14637689558582057,0.006,0.15237689558582057,0.5144184161770334,-0.8808858659652598,0.5944072297042816
Khalen Saunders,DL,KAN,00-0035656,2019,84,Round 3,FALSE,0.22171428571428575,0.41210833775889544,0.005,0.075,0.1153903345724907,0.018000000000000002,0.13339033457249072,0.5132688351711459,-1.6980155086877986,-0.2673590110726486
Brandon Deaderick,EDGE,NWE,00-0027838,2010,247,Rounds 4-7,FALSE,0.2564705882352941,0.4211339708297112,0,0.091,0.1532927653820149,0,0.1532927653820149,0.5129639965694512,-3.8204197934098256,-0.6044285050354133
Mike Hughes,CB,MIN,00-0034843,2018,30,Late 1st,FALSE,0.33565217391304347,0.4850464940939935,0.013999999999999999,0.08199999999999999,0.1319326463935662,0.016,0.14793264639356618,0.5087380283174001,-1.1362659091557372,0.08046471267687343
Brian Quick,WR,LA,00-0029640,2012,33,Round 2,FALSE,0.3254901960784315,0.5085784313725492,0.011000000000000001,0.079,0.1383333333333334,0.011000000000000001,0.1493333333333334,0.5076514548724703,-1.0961314210494868,0.22664173323619316
Mark Barron,S,TAM,00-0029670,2012,7,Top 10,FALSE,0.6705882352941177,0.939199209095403,0.03,0.053,0.08640632723677708,0,0.08640632723677708,0.5076020245783408,0.04699362656194641,-0.8053237074512822
Toby Gerhart,RB,MIN,00-0027888,2010,51,Round 2,FALSE,0.17647058823529416,0.4171881518564874,0.006999999999999999,0.06,0.08844388819357532,0.026000000000000002,0.11444388819357532,0.5075683680860098,-1.5069658434565287,-0.4735968759125675
Boston Scott,RB,NOR,00-0034414,2018,201,Rounds 4-7,FALSE,0.16942028985507243,0.4005207797992256,0.004,0.06,0.08971665467502653,0.009000000000000001,0.09871665467502652,0.5071722790114006,-5.507493653254559,-0.7649141963140151
J.K. Dobbins,RB,BAL,00-0036158,2020,55,Round 2,FALSE,0.17422535211267606,0.4118802650417874,0.006999999999999999,0.06,0.08731861618885892,0.027000000000000003,0.11431861618885891,0.506400484800843,-1.5069658434565287,-0.4735968759125675
Jamien Sherwood,CB,NYJ,00-0036500,2021,146,Rounds 4-7,FALSE,0.2908333333333333,0.4202793834296724,0,0.08199999999999999,0.13785163776493253,0,0.13785163776493253,0.5055873524760826,-4.672744495348817,-0.6021907924538343
Josh Shaw,CB,CIN,00-0032168,2015,120,Rounds 4-7,FALSE,0.29029411764705887,0.41950017001020073,0,0.08199999999999999,0.13759605576334583,0,0.13759605576334583,0.5032737403297993,-4.672744495348817,-0.6021907924538343
Bravvion Roy,DL,CAR,00-0036311,2020,184,Rounds 4-7,FALSE,0.2250704225352113,0.41834651028849684,0.004,0.075,0.11881040892193309,0.004,0.1228104089219331,0.498802105327336,-3.7779540498924526,-0.695540700768399
Al Woods,DL,NOR,00-0027723,2010,123,Rounds 4-7,FALSE,0.18823529411764706,0.3498797288432101,0.004,0.075,0.09936584299147166,0.023,0.12236584299147166,0.4941639851549473,-3.7779540498924526,-0.695540700768399
Oshane Ximines,EDGE,NYG,00-0035708,2019,95,Round 3,FALSE,0.2782857142857144,0.4569551958714522,0.005,0.091,0.15719258737977956,0.005,0.16219258737977957,0.4934019678076038,-2.5109073453087567,-0.29680159176202814
Phillip Adams,CB,SFO,00-0027610,2010,224,Rounds 4-7,FALSE,0.28941176470588237,0.4182250935056104,0.004,0.08199999999999999,0.1304862291737504,0.006,0.13648622917375042,0.49322722585688966,-4.672744495348817,-0.6021907924538343
Kyle Wilber,LB,DAL,00-0029647,2012,113,Rounds 4-7,FALSE,0.2729411764705882,0.39442366541992513,0.005,0.061,0.08835090105406324,0.01,0.09835090105406323,0.4929222546154985,-3.875277998195149,-0.8050209414767096
Chris Paul,IOL,WAS,00-0037092,2022,230,Rounds 4-7,FALSE,0.3159722222222222,0.4229882492934702,0.005,0.051,0.07782983786999852,0.01,0.08782983786999851,0.4928844707321234,-2.4541091296547317,-0.6606857915206148
Nick Allegretti,IOL,KAN,00-0035149,2019,216,Rounds 4-7,FALSE,0.265,0.35475234270414996,0.004,0.051,0.0666934404283802,0.021,0.0876934404283802,0.49105909802593456,-2.4541091296547317,-0.6606857915206148
Gareon Conley,CB,LV,00-0033882,2017,24,Late 1st,FALSE,0.3813235294117648,0.5510455627337641,0.016,0.08199999999999999,0.1454760285617137,0,0.1454760285617137,0.4897827007146551,-1.1362659091557372,0.08046471267687343
Montae Nicholson,S,WAS,00-0033527,2017,123,Rounds 4-7,FALSE,0.3601470588235293,0.5044076454111055,0.005,0.053,0.09684626791893226,0,0.09684626791893226,0.4873775373828529,-2.184659545441944,-0.5511731411824057
Clelin Ferrell,EDGE,LV,00-0035692,2019,4,Top 10,FALSE,0.40400000000000014,0.6633825944170774,0.042,0.091,0.13002298850574714,0.015,0.14502298850574713,0.48659488502925274,-0.35588035012977776,0.265142802793857
Charlie Woerner,TE,SFO,00-0036429,2020,190,Rounds 4-7,FALSE,0.2176056338028169,0.4075011868966608,0.004,0.048,0.0717202088938123,0.016,0.0877202088938123,0.4856351681646841,-2.3689887502760683,-0.586867207426399
Adrian Colbert,CB,SFO,00-0033302,2017,229,Rounds 4-7,FALSE,0.2860294117647059,0.41333730023801435,0,0.08199999999999999,0.1355746344780687,0,0.1355746344780687,0.48497517153646397,-4.672744495348817,-0.6021907924538343
Austin Pettis,WR,LA,00-0028016,2011,78,Round 3,FALSE,0.3176470588235294,0.49632352941176466,0.006,0.079,0.14492647058823527,0.006999999999999999,0.15192647058823527,0.4828570688691999,-1.4782442291920619,-0.03988217399875301
Sam Howell,QB,WAS,00-0037077,2022,144,Rounds 4-7,FALSE,0.2454166666666667,0.39456055734190787,0.005,0.146,0.222532154340836,0.008,0.23053215434083602,0.47909044987871746,-3.4396236727931813,-0.7312011414982981
James Hudson,OT,CLE,00-0036866,2021,110,Rounds 4-7,FALSE,0.2886111111111111,0.39535768645357683,0.006,0.08149999999999999,0.11939802130898018,0.021,0.1403980213089802,0.4774600466938879,-3.1707480263226144,-0.4449332397639939
Cameron Sample,EDGE,CIN,00-0036850,2021,111,Rounds 4-7,FALSE,0.2577777777777777,0.4232804232804232,0.006,0.091,0.14391534391534389,0.005,0.1489153439153439,0.4769171202357065,-3.8204197934098256,-0.6044285050354133
Brandin Echols,CB,NYJ,00-0036504,2021,200,Rounds 4-7,FALSE,0.2768055555555555,0.40000802825947335,0.005,0.08199999999999999,0.12320247270391776,0.011000000000000001,0.13420247270391777,0.4725539128890151,-4.672744495348817,-0.6021907924538343
Chase Winovich,EDGE,NWE,00-0035654,2019,77,Round 3,FALSE,0.2654285714285714,0.4358433028383767,0.005,0.091,0.14993009617640157,0.009000000000000001,0.15893009617640158,0.4707911927403263,-2.5109073453087567,-0.29680159176202814
Xavier Cooper,DL,CLE,00-0032061,2015,96,Round 3,FALSE,0.23897058823529413,0.4441832495079816,0.005,0.075,0.12437130986223484,0.004,0.12837130986223483,0.4691500784353022,-1.6980155086877986,-0.2673590110726486
James O'Shaughnessy,TE,KAN,00-0031951,2015,173,Rounds 4-7,FALSE,0.2341176470588235,0.43842256003525,0.004,0.048,0.077162370566204,0.009000000000000001,0.08616237056620399,0.4665884133949904,-2.3689887502760683,-0.586867207426399
Dominique Robinson,EDGE,CHI,00-0037082,2022,174,Rounds 4-7,FALSE,0.24361111111111114,0.4000182448458311,0.005,0.091,0.1376062762269659,0.01,0.1476062762269659,0.4661373035251743,-3.8204197934098256,-0.6044285050354133
Zach Gentry,TE,PIT,00-0035222,2019,141,Rounds 4-7,FALSE,0.2429999999999999,0.4550561797752807,0.004,0.048,0.0800898876404494,0.006,0.0860898876404494,0.46570220814033025,-2.3689887502760683,-0.586867207426399
Hassan Ridgeway,DL,IND,00-0032402,2016,116,Rounds 4-7,FALSE,0.2124999999999999,0.394981412639405,0.005,0.075,0.11059479553903338,0.009000000000000001,0.11959479553903338,0.4652538725998531,-3.7779540498924526,-0.695540700768399
Raekwon McMillan,LB,MIA,00-0033461,2017,54,Round 2,FALSE,0.32852941176470596,0.4747534852091127,0.006999999999999999,0.061,0.10254675280516834,0.006999999999999999,0.10954675280516835,0.4641441801947006,-0.9272530653358044,-0.35150887120124186
Jonathan Massaquoi,EDGE,ATL,00-0029617,2012,164,Rounds 4-7,FALSE,0.25294117647058817,0.41533854921278845,0.005,0.091,0.14287646092919923,0.004,0.14687646092919923,0.4601274728553674,-3.8204197934098256,-0.6044285050354133
Isaiah McKenzie,WR,DEN,00-0033466,2017,172,Rounds 4-7,FALSE,0.245,0.3828125,0.004,0.079,0.11484375,0.011000000000000001,0.12584375,0.4576102206361841,-3.823139033302942,-0.6228278656929864
Damien Harris,RB,NWE,00-0035657,2019,87,Round 3,FALSE,0.20485714285714288,0.4842958459979737,0.005,0.06,0.10654508611955421,0.008,0.11454508611955422,0.4574557253874172,-2.0095141915817347,0.0018317536535283545
Will Sutton,DL,CHI,00-0031048,2014,82,Round 3,FALSE,0.23632352941176477,0.43926306582112407,0.005,0.075,0.12299365842991472,0.004,0.12699365842991472,0.45704010251007543,-1.6980155086877986,-0.2673590110726486
Alfonzo Dennard,CB,NWE,00-0029596,2012,224,Rounds 4-7,FALSE,0.2935294117647059,0.4241754505270317,0.004,0.08199999999999999,0.13234274056443388,0,0.13234274056443388,0.4557190073008624,-4.672744495348817,-0.6021907924538343
Geoff Swaim,TE,DAL,00-0032141,2015,246,Rounds 4-7,FALSE,0.20294117647058826,0.380039656311963,0.004,0.048,0.06688697951090548,0.018000000000000002,0.08488697951090549,0.45099497199916455,-2.3689887502760683,-0.586867207426399
Marquess Wilson,WR,CHI,00-0030047,2013,236,Rounds 4-7,FALSE,0.25588235294117645,0.3998161764705882,0.004,0.079,0.11994485294117646,0.005,0.12494485294117647,0.4488290175638968,-3.823139033302942,-0.6228278656929864
Charles Johnson,WR,GNB,00-0030113,2013,216,Rounds 4-7,FALSE,0.2505882352941177,0.39154411764705893,0.005,0.079,0.11589705882352944,0.009000000000000001,0.12489705882352944,0.4483621233310149,-3.823139033302942,-0.6228278656929864
Solomon Thomas,EDGE,SFO,00-0033870,2017,3,Top 10,FALSE,0.4057352941176472,0.6662320100453977,0.042,0.091,0.13058147396889794,0.01,0.14058147396889795,0.4465893556205277,-0.35588035012977776,0.265142802793857
Michael Jackson,CB,DAL,00-0035277,2019,158,Rounds 4-7,FALSE,0.24914285714285717,0.3600330305532618,0.004,0.08199999999999999,0.11233030553261766,0.019,0.13133030553261765,0.4465541131675091,-4.672744495348817,-0.6021907924538343
Kendall Sheffield,CB,ATL,00-0035255,2019,111,Rounds 4-7,FALSE,0.2801428571428572,0.40483071841453355,0.004,0.08199999999999999,0.12630718414533446,0.005,0.13130718414533446,0.44634481078265725,-4.672744495348817,-0.6021907924538343
Jordan Willis,EDGE,CIN,00-0033912,2017,73,Round 3,FALSE,0.2661764705882353,0.4370713802762484,0.005,0.091,0.15035255481502943,0.005,0.15535255481502944,0.44599695484870755,-2.5109073453087567,-0.29680159176202814
Marquise Goodwin,WR,BUF,00-0030068,2013,78,Round 3,FALSE,0.23720588235294116,0.37063419117647056,0.006,0.079,0.1082251838235294,0.038,0.1462251838235294,0.445107996498313,-1.4782442291920619,-0.03988217399875301
Anthony Chickillo,EDGE,PIT,00-0031956,2015,212,Rounds 4-7,FALSE,0.20720588235294116,0.34023954409349944,0,0.091,0.12384719405003379,0.021,0.1448471940500338,0.4434170115030888,-3.8204197934098256,-0.6044285050354133
Jaylon Moore,OT,SFO,00-0036557,2021,155,Rounds 4-7,FALSE,0.1958333333333333,0.26826484018264835,0.005,0.08149999999999999,0.08208904109589038,0.054000000000000006,0.13608904109589037,0.4425290617809667,-3.1707480263226144,-0.4449332397639939
Josh Oliver,TE,JAX,00-0035249,2019,69,Round 3,FALSE,0.17957142857142855,0.33627608346709464,0.006,0.048,0.0564943820224719,0.031,0.0874943820224719,0.44234464935741996,-0.9835958778133722,-0.5376092011535986
Hakeem Adeniji,OT,CIN,00-0036310,2020,180,Rounds 4-7,FALSE,0.2953521126760563,0.4045919351726799,0,0.08149999999999999,0.13189697086629362,0.004,0.13589697086629363,0.4409720339088302,-3.1707480263226144,-0.4449332397639939
Andrew Gachkar,LB,LAC,00-0028172,2011,234,Rounds 4-7,FALSE,0.24852941176470592,0.3591465487929276,0.004,0.061,0.08188541312478749,0.012,0.09388541312478749,0.433990921878147,-3.875277998195149,-0.8050209414767096
Oday Aboushi,OT,NYJ,00-0030083,2013,141,Rounds 4-7,FALSE,0.3020588235294118,0.4137792103142628,0,0.08149999999999999,0.13489202256244964,0,0.13489202256244964,0.4328253652531698,-3.1707480263226144,-0.4449332397639939
Kaden Smith,TE,SFO,00-0034988,2019,176,Rounds 4-7,FALSE,0.24028571428571435,0.4499732477260568,0.004,0.048,0.07919529159978599,0.004,0.08319529159978599,0.43031171866092083,-2.3689887502760683,-0.586867207426399
Billy Turner,OT,MIA,00-0031433,2014,67,Round 3,FALSE,0.2277941176470588,0.3120467365028203,0,0.08149999999999999,0.10172723609991939,0.037000000000000005,0.13872723609991938,0.42917121579068807,-1.9161133628566525,-0.13046393182271215
Bjoern Werner,EDGE,IND,00-0030563,2013,24,Late 1st,FALSE,0.28852941176470603,0.47377571718342537,0.016,0.091,0.1421327151550276,0,0.1421327151550276,0.4285588264740683,-0.8808858659652598,0.5944072297042816
Tyquan Thornton,WR,NWE,00-0038104,2022,50,Round 2,FALSE,0.27097222222222217,0.42339409722222215,0.008,0.079,0.12024392361111111,0.018000000000000002,0.1382439236111111,0.4276103888180191,-1.0961314210494868,0.22664173323619316
Jaiquawn Jarrett,CB,PHI,00-0027992,2011,54,Round 2,FALSE,0.29411764705882354,0.42502550153009183,0,0.08199999999999999,0.1394083645018701,0,0.1394083645018701,0.4276050091378979,-1.8987142572552127,-0.038091475434602076
Terrance Mitchell,CB,DAL,00-0031097,2014,254,Rounds 4-7,FALSE,0.24411764705882355,0.35277116626997623,0.004,0.08199999999999999,0.11006460387623257,0.019,0.12906460387623256,0.42604423829555604,-4.672744495348817,-0.6021907924538343
Cedric Ogbuehi,OT,CIN,00-0032233,2015,21,Late 1st,FALSE,0.34500000000000003,0.47260273972602745,0.016,0.08149999999999999,0.12382191780821918,0.013000000000000001,0.13682191780821917,0.4258744893565612,-0.6590268496124263,0.5624288068243084
Jonathan Bostic,LB,CHI,00-0030064,2013,50,Round 2,FALSE,0.29897058823529415,0.4320384223053384,0,0.061,0.10541737504250256,0,0.10541737504250256,0.42466416257006784,-0.9272530653358044,-0.35150887120124186
Kaiir Elam,CB,BUF,00-0037242,2022,23,Late 1st,FALSE,0.3456944444444444,0.49955844572896596,0.016,0.08199999999999999,0.13188342967244698,0.004,0.135883429672447,0.41576595616848977,-1.1362659091557372,0.08046471267687343
Nate Irving,LB,DEN,00-0028005,2011,67,Round 3,FALSE,0.296764705882353,0.42885073104386273,0.006,0.061,0.0943471608296498,0.017,0.11134716082964981,0.4151613119572193,-1.5009104241941897,-0.26024197516630576
Pierre Desir,CB,CLE,00-0031331,2014,127,Rounds 4-7,FALSE,0.19720588235294115,0.28497959877592655,0.005,0.08199999999999999,0.08777371642298536,0.04,0.12777371642298535,0.4143587014706784,-4.672744495348817,-0.6021907924538343
Charlie Heck,OT,HOU,00-0036195,2020,126,Rounds 4-7,FALSE,0.2966197183098591,0.4063283812463824,0.005,0.08149999999999999,0.12433648466139298,0.008,0.13233648466139297,0.41210875680947523,-3.1707480263226144,-0.4449332397639939
John Ridgeway,DL,DAL,00-0037283,2022,178,Rounds 4-7,FALSE,0.20263888888888892,0.3766522098306485,0.005,0.075,0.10546261875258157,0.009000000000000001,0.11446261875258157,0.4117102898588181,-3.7779540498924526,-0.695540700768399
Gino Gradkowski,IOL,BAL,00-0029268,2012,98,Round 3,FALSE,0.33627450980392154,0.4501666797910596,0.005,0.051,0.08283066908155497,0.006999999999999999,0.08983066908155496,0.4115469342924547,-1.1210940108268708,-0.4767011195371987
Freddie Swain,WR,SEA,00-0036247,2020,214,Rounds 4-7,FALSE,0.24746478873239436,0.3866637323943662,0.004,0.079,0.11599911971830985,0.005,0.12099911971830986,0.41028368652853975,-3.823139033302942,-0.6228278656929864
Adam Shaheen,TE,CHI,00-0033896,2017,45,Round 2,FALSE,0.22529411764705884,0.4218990967173386,0.009000000000000001,0.048,0.06581625908790482,0.012,0.07781625908790482,0.4072767014033552,-0.36078026178736594,-0.6556584315197126
Chris Moore,WR,BAL,00-0032398,2016,107,Rounds 4-7,FALSE,0.2435294117647059,0.380514705882353,0.005,0.079,0.11263235294117648,0.008,0.12063235294117647,0.406700791781513,-3.823139033302942,-0.6228278656929864
Ben Bartch,IOL,JAX,00-0036272,2020,116,Rounds 4-7,FALSE,0.3130985915492958,0.4191413541489904,0.005,0.051,0.07712200916341423,0.004,0.08112200916341424,0.4031152837626704,-2.4541091296547317,-0.6606857915206148
Jacoby Ford,WR,LV,00-0027709,2010,108,Rounds 4-7,FALSE,0.24352941176470586,0.38051470588235287,0,0.079,0.12024264705882351,0,0.12024264705882351,0.4028938080364722,-3.823139033302942,-0.6228278656929864
Sione Takitaki,LB,CLE,00-0035646,2019,80,Round 3,FALSE,0.2991428571428571,0.43228736581337734,0.005,0.061,0.09683236994219653,0.013000000000000001,0.10983236994219653,0.40267038770622177,-1.5009104241941897,-0.26024197516630576
Seth Devalve,TE,CLE,00-0033080,2016,138,Rounds 4-7,FALSE,0.23029411764705882,0.4312623925974884,0.004,0.048,0.07590218109715795,0.005,0.08090218109715795,0.40227523205680704,-2.3689887502760683,-0.586867207426399
Percy Butler,S,WAS,00-0038100,2022,113,Rounds 4-7,FALSE,0.30138888888888893,0.4221132897603487,0.005,0.053,0.08104575163398695,0.008,0.08904575163398695,0.4006701253791526,-2.184659545441944,-0.5511731411824057
Cedrick Wilson Jr.,WR,DAL,00-0034418,2018,208,Rounds 4-7,FALSE,0.1811594202898551,0.2830615942028986,0.004,0.079,0.08491847826086958,0.035,0.11991847826086958,0.3997270471525749,-3.823139033302942,-0.6228278656929864
Michael Deiter,IOL,MIA,00-0035686,2019,78,Round 3,FALSE,0.3312857142857143,0.4434882386689616,0.005,0.051,0.08160183591508893,0.006999999999999999,0.08860183591508894,0.3985231431918217,-1.1210940108268708,-0.4767011195371987
Jack Crawford,EDGE,LV,00-0029627,2012,158,Rounds 4-7,FALSE,0.22137254901960787,0.36350172252809176,0,0.091,0.1323146270002254,0.006999999999999999,0.1393146270002254,0.3978578251713554,-3.8204197934098256,-0.6044285050354133
Kaden Elliss,LB,NOR,00-0035316,2019,244,Rounds 4-7,FALSE,0.17614285714285716,0.254541701073493,0.003,0.061,0.05905367464905037,0.032,0.09105367464905037,0.3966202862428401,-3.875277998195149,-0.8050209414767096
Samaje Perine,RB,WAS,00-0033526,2017,114,Rounds 4-7,FALSE,0.14088235294117646,0.3330552078987623,0.005,0.06,0.07327214573772771,0.017,0.09027214573772771,0.3965526792858971,-5.507493653254559,-0.7649141963140151
Jay Prosch,RB,HOU,00-0031085,2014,211,Rounds 4-7,FALSE,0.14941176470588236,0.35321930190515927,0.004,0.06,0.07912112362675566,0.011000000000000001,0.09012112362675566,0.394574351642517,-5.507493653254559,-0.7649141963140151
Ashtyn Davis,S,NYJ,00-0036329,2020,68,Round 3,FALSE,0.27802816901408456,0.3893951946975974,0.006,0.053,0.07320629660314831,0.011000000000000001,0.08420629660314831,0.3945596368283615,-0.9517824670434979,-0.6701102991437132
Kingsley Keke,DL,GNB,00-0034984,2019,150,Rounds 4-7,FALSE,0.20414285714285713,0.37944768985661176,0.004,0.075,0.10776314391927773,0.005,0.11276314391927773,0.3939798072313438,-3.7779540498924526,-0.695540700768399
Daimion Stafford,CB,TEN,00-0030491,2013,248,Rounds 4-7,FALSE,0.2647058823529412,0.38252295137708264,0,0.08199999999999999,0.1254675280516831,0,0.1254675280516831,0.39348232756978774,-4.672744495348817,-0.6021907924538343
Phil Taylor,DL,CLE,00-0027959,2011,21,Late 1st,FALSE,0.2794117647058824,0.5193527225016401,0.023,0.075,0.10802536628034114,0.005,0.11302536628034114,0.3919241365839408,-0.5579535424283915,0.23099991956812158
Phillip Gaines,CB,KAN,00-0031015,2014,87,Round 3,FALSE,0.29205882352941176,0.42205032301938117,0.005,0.08199999999999999,0.12999149948996938,0.005,0.13499149948996939,0.3910730618379329,-2.986769766952211,-0.2996236181936407
Malcolm Rodriguez,LB,DET,00-0037289,2022,188,Rounds 4-7,FALSE,0.2520833333333333,0.36428227360308285,0.005,0.061,0.081599229287090555,0.009000000000000001,0.09059922928709055,0.3906229414373546,-3.875277998195149,-0.8050209414767096
Kalen Ballage,RB,MIA,00-0034799,2018,131,Rounds 4-7,FALSE,0.16014492753623188,0.37859320930551277,0.004,0.06,0.084804878884434845,0.005,0.08980487888443485,0.390431675369619,-5.507493653254559,-0.7649141963140151
Kerryon Johnson,RB,DET,00-0034349,2018,43,Round 2,FALSE,0.20086956521739135,0.4748689485044713,0.009000000000000001,0.06,0.09687326549491214,0.005,0.10187326549491214,0.39037522371873534,-1.5069658434565287,-0.4735968759125675
Crockett Gillmore,TE,BAL,00-0030992,2014,99,Round 3,FALSE,0.2555882352941176,0.47862965410883446,0.005,0.048,0.08232430050671953,0,0.08232430050671953,0.3844387453244488,-0.9835958778133722,-0.5376092011535986
Josh Chapman,DL,IND,00-0029574,2012,136,Rounds 4-7,FALSE,0.21490196078431376,0.39944602376266497,0.005,0.075,0.11184488665354618,0,0.11184488665354618,0.3843997039085107,-3.7779540498924526,-0.695540700768399
N'Keal Harry,WR,NWE,00-0035624,2019,32,Late 1st,FALSE,0.29942857142857143,0.46785714285714286,0.013000000000000001,0.079,0.12351428571428572,0.005,0.12851428571428572,0.38177450266543345,-0.7067555359941448,0.12050516789925937
Ty Montgomery,WR,GNB,00-0032200,2015,94,Round 3,FALSE,0.2766176470588236,0.43221507352941185,0,0.079,0.13657996323529414,0,0.13657996323529414,0.38124554841511377,-1.4782442291920619,-0.03988217399875301
Marcus Martin,IOL,SFO,00-0031337,2014,70,Round 3,FALSE,0.3397058823529412,0.45476021733994804,0.006,0.051,0.08185683912119064,0.005,0.08685683912119065,0.380028790715672,-1.1210940108268708,-0.4767011195371987
Gabe Carimi,OT,CHI,00-0027967,2011,29,Late 1st,FALSE,0.35911764705882354,0.491941982272361,0.015,0.08149999999999999,0.130856567284448,0,0.130856567284448,0.37995253457272865,-0.6590268496124263,0.5624288068243084
Zack Baun,LB,NOR,00-0036418,2020,74,Round 3,FALSE,0.14464788732394365,0.20902873890743304,0.006,0.061,0.04598632255963527,0.061,0.10698632255963528,0.3792019587865774,-1.5009104241941897,-0.26024197516630576
Genard Avery,LB,CLE,00-0034682,2018,150,Rounds 4-7,FALSE,0.2536231884057971,0.36650749769623864,0.004,0.061,0.0835637094747424,0.006,0.0895637094747424,0.3769571195643334,-3.875277998195149,-0.8050209414767096
John Metchie,WR,HOU,00-0037614,2022,44,Round 2,FALSE,0.2891666666666667,0.4518229166666667,0.01,0.079,0.12470312500000001,0.006,0.130703125,0.37318246390099286,-1.0961314210494868,0.22664173323619316
Dominique Easley,DL,NWE,00-0031425,2014,29,Late 1st,FALSE,0.2208823529411765,0.41056199431445445,0.013999999999999999,0.075,0.10017712661272689,0.011000000000000001,0.11117712661272688,0.37287449139211,-0.5579535424283915,0.23099991956812158
Greedy Williams,CB,CLE,00-0035638,2019,46,Round 2,FALSE,0.2987142857142857,0.4316680429397193,0.009000000000000001,0.08199999999999999,0.126047068538398,0.006,0.132047068538398,0.37277454923819603,-1.8987142572552127,-0.038091475434602076
Nathan Gerry,S,PHI,00-0033577,2017,184,Rounds 4-7,FALSE,0.29132352941176476,0.4080161476355249,0,0.053,0.08649942329873128,0,0.08649942329873128,0.37236616035983494,-2.184659545441944,-0.5511731411824057
LeShaun Sims,CB,TEN,00-0032783,2016,157,Rounds 4-7,FALSE,0.25308823529411767,0.36573444406664407,0.004,0.08199999999999999,0.11410914654879294,0.009000000000000001,0.12310914654879293,0.3721334843148554,-4.672744495348817,-0.6021907924538343
Ra'Shede Hageman,DL,ATL,00-0031281,2014,37,Round 2,FALSE,0.21485294117647066,0.39935490924994543,0,0.075,0.11980647277498363,0,0.11980647277498363,0.3700483287962418,-1.5305933950960025,-0.22864968299216984
Breshad Perriman,WR,BAL,00-0032054,2015,26,Late 1st,FALSE,0.23470588235294118,0.36672794117647056,0.015,0.079,0.09388235294117647,0.033,0.12688235294117647,0.36919166290819044,-0.7067555359941448,0.12050516789925937
Damarri Mathis,CB,DEN,00-0038105,2022,115,Rounds 4-7,FALSE,0.26638888888888895,0.3849550417469494,0.005,0.08199999999999999,0.1185661528580604,0.004,0.1225661528580604,0.3672181272457553,-4.672744495348817,-0.6021907924538343
John Cominsky,EDGE,ATL,00-0035265,2019,135,Rounds 4-7,FALSE,0.2268571428571429,0.3725076237391509,0,0.091,0.13559277504105094,0,0.13559277504105094,0.36720938559880123,-3.8204197934098256,-0.6044285050354133
B.W. Webb,CB,DAL,00-0030403,2013,114,Rounds 4-7,FALSE,0.23235294117647054,0.3357701462087725,0.005,0.08199999999999999,0.10341720503230191,0.019,0.12241720503230191,0.36586980265052593,-4.672744495348817,-0.6021907924538343
Jake Locker,QB,TEN,00-0027946,2011,8,Top 10,FALSE,0.31088235294117644,0.49981085681861165,0.026000000000000002,0.146,0.23990921127293358,0,0.23990921127293358,0.3658035765955336,-0.293477891960363,0.37407124048736107
Darqueze Dennard,CB,CIN,00-0031380,2014,24,Late 1st,FALSE,0.31970588235294123,0.4620027201632099,0.025,0.08199999999999999,0.10533662019721184,0.024,0.12933662019721184,0.3652506026011589,-1.1362659091557372,0.08046471267687343
T.J. Graham,WR,BUF,00-0029660,2012,69,Round 3,FALSE,0.28235294117647053,0.44117647058823517,0.006,0.079,0.12882352941176467,0.005,0.13382352941176467,0.36299478780890837,-1.4782442291920619,-0.03988217399875301
Luke Stocker,TE,TAM,00-0028042,2011,104,Rounds 4-7,FALSE,0.20588235294117643,0.3855474774179334,0.005,0.048,0.06631416611588455,0.011000000000000001,0.07731416611588454,0.35840672513464017,-2.3689887502760683,-0.586867207426399
Kamalei Correa,EDGE,BAL,00-0032386,2016,42,Round 2,FALSE,0.24058823529411763,0.39505457355355933,0.009000000000000001,0.091,0.12957790012556744,0.011000000000000001,0.14057790012556745,0.3572802406791959,-1.9473356770209531,-0.00936591860581865
Jack Driscoll,IOL,PHI,00-0036396,2020,145,Rounds 4-7,FALSE,0.2845070422535212,0.3808661877557178,0,0.051,0.07769670230216642,0,0.07769670230216642,0.35727526227355855,-2.4541091296547317,-0.6606857915206148
Adolphus Washington,DL,BUF,00-0033037,2016,80,Round 3,FALSE,0.21249999999999997,0.3949814126394051,0.005,0.075,0.11059479553903342,0.005,0.11559479553903343,0.3568406239300253,-1.6980155086877986,-0.2673590110726486
Oli Udoh,OT,MIN,00-0034994,2019,193,Rounds 4-7,FALSE,0.28100000000000014,0.38493150684931526,0,0.08149999999999999,0.12548767123287677,0,0.12548767123287677,0.3565884743500289,-3.1707480263226144,-0.4449332397639939
Da'Quan Bowers,EDGE,TAM,00-0027989,2011,51,Round 2,FALSE,0.2347058823529412,0.38539553752535505,0,0.091,0.14028397565922923,0,0.14028397565922923,0.3551620911849887,-1.9473356770209531,-0.00936591860581865
Travis Homer,RB,SEA,00-0035594,2019,204,Rounds 4-7,FALSE,0.14742857142857138,0.348530901722391,0.004,0.06,0.07807092198581557,0.009000000000000001,0.08707092198581556,0.35461796257262784,-5.507493653254559,-0.7649141963140151
Drew Lock,QB,DEN,00-0035704,2019,42,Round 2,FALSE,0.3048571428571428,0.49012402388608173,0.009000000000000001,0.146,0.2685879650895728,0.02,0.2885879650895728,0.35369446069382215,-0.8256118902818692,-0.01984298098231734
C.J. Spiller,RB,BUF,00-0027861,2010,9,Top 10,FALSE,0.31941176470588234,0.7551105548602419,0.038,0.06,0.06644972882770128,0.027999999999999997,0.09444972882770128,0.3533938478808198,-0.2700697770397672,-0.6154948556750087
Bryan Stork,IOL,NWE,00-0031174,2014,105,Rounds 4-7,FALSE,0.3141176470588235,0.4205055516182376,0.005,0.051,0.07737302149775571,0,0.07737302149775571,0.3529435233576487,-2.4541091296547317,-0.6606857915206148
Justin Bethel,CB,ARI,00-0029530,2012,177,Rounds 4-7,FALSE,0.19313725490196076,0.2791000793380936,0.005,0.08199999999999999,0.08596282443613282,0.035,0.12096282443613282,0.3527042722464847,-4.672744495348817,-0.6021907924538343
Scott Miller,WR,TAM,00-0035298,2019,208,Rounds 4-7,FALSE,0.23485714285714276,0.3669642857142856,0.004,0.079,0.11008928571428567,0.005,0.11508928571428567,0.35255132217887236,-3.823139033302942,-0.6228278656929864
Caleb Benenoch,OT,TAM,00-0032779,2016,148,Rounds 4-7,FALSE,0.2798529411764705,0.3833601933924254,0,0.08149999999999999,0.12497542304593066,0,0.12497542304593066,0.3524359062701084,-3.1707480263226144,-0.4449332397639939
Peter Konz,IOL,ATL,00-0029411,2012,55,Round 2,FALSE,0.31666666666666665,0.42391789379741185,0.006999999999999999,0.051,0.07460954930834449,0,0.07460954930834449,0.3505822024358348,-0.22501695252083553,-0.7573076508456783
Miles Boykin,WR,BAL,00-0035703,2019,93,Round 3,FALSE,0.2744285714285713,0.42879464285714264,0.005,0.079,0.1269232142857142,0.005,0.1319232142857142,0.35041251714242483,-1.4782442291920619,-0.03988217399875301
Ugo Amadi,S,SEA,00-0035142,2019,132,Rounds 4-7,FALSE,0.28414285714285714,0.3979591836734694,0,0.053,0.08436734693877551,0,0.08436734693877551,0.34866685423533905,-2.184659545441944,-0.5511731411824057
Saahdiq Charles,OT,WAS,00-0036334,2020,108,Rounds 4-7,FALSE,0.26535211267605635,0.36349604476172104,0,0.08149999999999999,0.11849971059232105,0.006,0.12449971059232105,0.3485795171204329,-3.1707480263226144,-0.4449332397639939
Malliciah Goodman,EDGE,ATL,00-0030424,2013,127,Rounds 4-7,FALSE,0.22676470588235295,0.3723558388872791,0.005,0.091,0.12809040857722398,0.005,0.13309040857722398,0.3466030777186787,-3.8204197934098256,-0.6044285050354133
Justin Evans,S,TAM,00-0033898,2017,50,Round 2,FALSE,0.29352941176470587,0.4111056187180755,0.008,0.053,0.07399901136925359,0.006999999999999999,0.08099901136925358,0.3452238095570895,-0.6092327658489395,-0.6534824271194798
Duke Riley,LB,ATL,00-0033549,2017,75,Round 3,FALSE,0.27367647058823535,0.39548622917375054,0.005,0.061,0.08858891533492012,0.013999999999999999,0.10258891533492012,0.3429410590150898,-1.5009104241941897,-0.26024197516630576
Jeff Okudah,CB,DET,00-0036274,2020,3,Top 10,FALSE,0.398169014084507,0.5753887486770333,0.042,0.08199999999999999,0.09206219978832529,0.023,0.1150621997883253,0.33534080676822237,-0.39522957331232367,-0.6077512429479659
Blessuan Austin,CB,NYJ,00-0035294,2019,196,Rounds 4-7,FALSE,0.2527142857142857,0.3651940545004129,0.004,0.08199999999999999,0.11394054500412881,0.005,0.11894054500412882,0.33439793522738126,-4.672744495348817,-0.6021907924538343
Marcell Harris,S,SFO,00-0034730,2018,184,Rounds 4-7,FALSE,0.3026086956521738,0.423821702594081,0.004,0.053,0.08306905370843988,0,0.08306905370843988,0.33423554713819403,-2.184659545441944,-0.5511731411824057
Andrew Ogletree,TE,IND,00-0037292,2022,192,Rounds 4-7,FALSE,0.21166666666666673,0.3963795255930088,0.005,0.048,0.06817727840199753,0.006999999999999999,0.07517727840199753,0.33228028085895994,-2.3689887502760683,-0.586867207426399
Terrence Cody,DL,BAL,00-0027665,2010,57,Round 2,FALSE,0.20647058823529416,0.38377432757489616,0,0.075,0.11513229827246885,0,0.11513229827246885,0.3314451905433394,-1.5305933950960025,-0.22864968299216984
Laquon Treadwell,WR,MIN,00-0032951,2016,23,Late 1st,FALSE,0.29441176470588243,0.4600183823529413,0.016,0.079,0.1159246323529412,0.006,0.12192463235294121,0.33096569873192416,-0.7067555359941448,0.12050516789925937
Trent Williams,OT,WAS,00-0027857,2010,4,Top 10,TRUE,0.9394117647058824,1.2868654311039485,0.078,0.08149999999999999,0.018016116035455224,0.092,0.11001611603545522,0.32939712572653457,-0.3572700310319593,0.18380523620703798
Braxton Berrios,WR,NWE,00-0034419,2018,210,Rounds 4-7,FALSE,0.17855072463768112,0.2789855072463768,0.004,0.079,0.08369565217391303,0.028999999999999998,0.11269565217391303,0.32916824177792037,-3.823139033302942,-0.6228278656929864
Sam Bradford,QB,LA,00-0027854,2010,1,Top 10,FALSE,0.40588235294117647,0.6525439757896728,0.10099999999999999,0.146,0.1174579156421411,0.113,0.2304579156421411,0.3289880427587364,-0.293477891960363,0.37407124048736107
Sam Williams,EDGE,DAL,00-0037665,2022,56,Round 2,FALSE,0.23305555555555557,0.382685641306331,0.006999999999999999,0.091,0.1285823754789272,0.008,0.1365823754789272,0.328486725750654,-1.9473356770209531,-0.00936591860581865
Ameer Abdullah,RB,DET,00-0032104,2015,54,Round 2,FALSE,0.18,0.425531914893617,0.006999999999999999,0.06,0.0902127659574468,0.005,0.09521276595744681,0.32828085476314267,-1.5069658434565287,-0.4735968759125675
De'Anthony Thomas,RB,KAN,00-0031060,2014,124,Rounds 4-7,FALSE,0.14985294117647052,0.3542622722848003,0,0.06,0.08502294534835206,0,0.08502294534835206,0.3277903095302163,-5.507493653254559,-0.7649141963140151
Isaiah Rodgers,CB,IND,00-0036222,2020,211,Rounds 4-7,FALSE,0.21774647887323947,0.3146625417243345,0.004,0.08199999999999999,0.09817471301799234,0.02,0.11817471301799234,0.32746537278504323,-4.672744495348817,-0.6021907924538343
Matt Hennessy,IOL,ATL,00-0036295,2020,78,Round 3,FALSE,0.3054929577464789,0.40895978279314443,0.006,0.051,0.073612760902766,0.008,0.08161276090276601,0.3244494158290399,-1.1210940108268708,-0.4767011195371987
K'Von Wallace,S,PHI,00-0036395,2020,127,Rounds 4-7,FALSE,0.28323943661971823,0.3966938888231348,0.005,0.053,0.07616522665404188,0.006,0.08216522665404188,0.32418896792176116,-2.184659545441944,-0.5511731411824057
Duke Shelley,CB,CHI,00-0035696,2019,205,Rounds 4-7,FALSE,0.24728571428571428,0.3573492981007432,0.004,0.08199999999999999,0.11149298100743185,0.006,0.11749298100743186,0.32129411091859383,-4.672744495348817,-0.6021907924538343
Jonathan Martin,OT,MIA,00-0029593,2012,42,Round 2,FALSE,0.3341176470588236,0.4576954069298953,0.01,0.08149999999999999,0.13090088638195005,0,0.13090088638195005,0.3201355314710643,-1.2393656537891447,0.4683486650469865
Da'Shawn Hand,EDGE,DET,00-0034371,2018,114,Rounds 4-7,FALSE,0.21840579710144925,0.3586302087051712,0.004,0.091,0.12480331262939957,0.005,0.12980331262939956,0.3195347357665635,-3.8204197934098256,-0.6044285050354133
Darrick Forrest,S,WAS,00-0036638,2021,163,Rounds 4-7,FALSE,0.28513888888888883,0.39935418611889195,0.005,0.053,0.07667600373482726,0.005,0.08167600373482727,0.31875096206824316,-2.184659545441944,-0.5511731411824057
Isaiah Hodgins,WR,BUF,00-0036165,2020,207,Rounds 4-7,FALSE,0.22957746478873237,0.3587147887323943,0.004,0.079,0.1076144366197183,0.004,0.1116144366197183,0.3186059941288674,-3.823139033302942,-0.6228278656929864
Desmond Ridder,QB,ATL,00-0038122,2022,74,Round 3,FALSE,0.25958333333333333,0.41733654876741694,0.006,0.146,0.23370846730975345,0.004,0.23770846730975345,0.31844038791475043,-2.222491526527487,-0.2043169834643365
Thayer Munford,IOL,LV,00-0037322,2022,238,Rounds 4-7,FALSE,0.2731944444444444,0.36572214785066187,0,0.051,0.07460731816153501,0,0.07460731816153501,0.31593081019049024,-2.4541091296547317,-0.6606857915206148
Rashaad Penny,RB,SEA,00-0034750,2018,27,Late 1st,FALSE,0.1427536231884058,0.3374790146298009,0.015,0.06,0.06074622263336416,0.027999999999999997,0.08874622263336415,0.31573613596929223,-1.9934443824983996,-0.6590141737847004
Boogie Basham,DL,BUF,00-0036553,2021,61,Round 2,FALSE,0.20305555555555563,0.3774266831887651,0,0.075,0.11322800495662952,0,0.11322800495662952,0.3157179860699349,-1.5305933950960025,-0.22864968299216984
Kareem Martin,EDGE,ARI,00-0031050,2014,84,Round 3,FALSE,0.19176470588235295,0.314884574519463,0.005,0.091,0.10832029363469527,0.027999999999999997,0.13632029363469528,0.3140934033158651,-2.5109073453087567,-0.29680159176202814
Quinten Rollins,CB,GNB,00-0031937,2015,62,Round 2,FALSE,0.27632352941176475,0.3993114586875213,0.006999999999999999,0.08199999999999999,0.11979343760625637,0.004,0.12379343760625637,0.31129755088120065,-1.8987142572552127,-0.038091475434602076
Derek Watt,RB,LAC,00-0032897,2016,198,Rounds 4-7,FALSE,0.12794117647058825,0.30246141009595334,0.004,0.06,0.06775135586149354,0.016,0.08375135586149354,0.3111330093726962,-5.507493653254559,-0.7649141963140151
Mack Hollins,WR,PHI,00-0033555,2017,118,Rounds 4-7,FALSE,0.2158823529411765,0.33731617647058826,0.005,0.079,0.09984558823529412,0.011000000000000001,0.11084558823529411,0.3110952188636052,-3.823139033302942,-0.6228278656929864
Treylon Burks,WR,TEN,00-0037742,2022,18,Late 1st,FALSE,0.2865277777777778,0.44769965277777785,0.017,0.079,0.1110295138888889,0.008,0.11902951388888891,0.30864320339898255,-0.7067555359941448,0.12050516789925937
Auden Tate,WR,CIN,00-0034686,2018,253,Rounds 4-7,FALSE,0.22478260869565214,0.3512228260869565,0.004,0.079,0.10536684782608695,0.005,0.11036684782608695,0.30641846893891417,-3.823139033302942,-0.6228278656929864
Evan Neal,OT,NYG,00-0037612,2022,7,Top 10,FALSE,0.37472222222222223,0.5133181126331812,0.028999999999999998,0.08149999999999999,0.10779680365296802,0,0.10779680365296802,0.3037612670783349,-0.3572700310319593,0.18380523620703798
Damien Wilson,LB,DAL,00-0032215,2015,127,Rounds 4-7,FALSE,0.21000000000000002,0.3034682080924856,0.005,0.061,0.06797687861271677,0.016,0.08397687861271677,0.3032273516886119,-3.875277998195149,-0.8050209414767096
Ito Smith,RB,ATL,00-0034378,2018,126,Rounds 4-7,FALSE,0.14724637681159417,0.34810018158769307,0.004,0.06,0.07797444067564324,0.005,0.08297444067564325,0.30095573944290493,-5.507493653254559,-0.7649141963140151
L.J. Collier,EDGE,SEA,00-0035636,2019,29,Late 1st,FALSE,0.22885714285714284,0.3757916959887403,0.013999999999999999,0.091,0.11574384236453202,0.011000000000000001,0.126743842364532,0.2995800064787242,-0.8808858659652598,0.5944072297042816
Tedric Thompson,S,SEA,00-0033554,2017,111,Rounds 4-7,FALSE,0.2786764705882353,0.3903031800955677,0.005,0.053,0.074938210578349,0.005,0.079938210578349,0.29943434997594137,-2.184659545441944,-0.5511731411824057
Greg Dulcich,TE,DEN,00-0037252,2022,80,Round 3,FALSE,0.20249999999999996,0.37921348314606734,0.006,0.048,0.06370786516853932,0.011000000000000001,0.07470786516853932,0.2991332095370092,-0.9835958778133722,-0.5376092011535986
Kalia Davis,DL,SFO,00-0037832,2022,220,Rounds 4-7,FALSE,0.18541666666666665,0.3446406443618339,0.005,0.075,0.09649938042131348,0.006999999999999999,0.10349938042131349,0.29733171657007984,-3.7779540498924526,-0.695540700768399
David Long,CB,LA,00-0035665,2019,79,Round 3,FALSE,0.25900000000000006,0.374277456647399,0.005,0.08199999999999999,0.11527745664739886,0.006999999999999999,0.12227745664739886,0.29724443440451087,-2.986769766952211,-0.2996236181936407
Andre Williams,RB,NYG,00-0031055,2014,113,Rounds 4-7,FALSE,0.15117647058823525,0.357391183423724,0.005,0.06,0.07862606035321928,0.004,0.08262606035321929,0.2963921002656685,-5.507493653254559,-0.7649141963140151
DeeJay Dallas,RB,SEA,00-0036425,2020,144,Rounds 4-7,FALSE,0.13760563380281696,0.3253088269570141,0.005,0.06,0.0715679419305431,0.011000000000000001,0.08256794193054309,0.29563077279229444,-5.507493653254559,-0.7649141963140151
Jeremiah Attaochu,LB,LAC,00-0031258,2014,50,Round 2,FALSE,0.24632352941176466,0.35595885753145184,0,0.061,0.08685396123767425,0.005,0.09185396123767425,0.29498752680518703,-0.9272530653358044,-0.35150887120124186
Anfernee Jennings,LB,NWE,00-0036193,2020,87,Round 3,FALSE,0.27408450704225357,0.39607587722869014,0,0.061,0.09664251404380039,0,0.09664251404380039,0.2939071965139193,-1.5009104241941897,-0.26024197516630576
Ryan Anderson,EDGE,WAS,00-0033525,2017,49,Round 2,FALSE,0.23058823529411765,0.3786342123056119,0.008,0.091,0.12570655848546314,0.006,0.13170655848546314,0.29334943545557385,-1.9473356770209531,-0.00936591860581865
Ryan Smith,CB,TAM,00-0032772,2016,108,Rounds 4-7,FALSE,0.23661764705882352,0.3419330159809589,0.005,0.08199999999999999,0.10531536892213532,0.009000000000000001,0.11431536892213531,0.29252932360541334,-4.672744495348817,-0.6021907924538343
Jimmy Garoppolo,QB,NWE,00-0031345,2014,62,Round 2,FALSE,0.1211764705882353,0.19481747682996028,0.006999999999999999,0.146,0.10831851711745791,0.155,0.2633185171174579,0.29101270654358097,-0.8256118902818692,-0.01984298098231734
Tommy Bohanon,RB,NYJ,00-0030112,2013,215,Rounds 4-7,FALSE,0.15014705882352936,0.3549575858712278,0.005,0.06,0.07809066889167011,0.004,0.08209066889167012,0.2893786919535013,-5.507493653254559,-0.7649141963140151
Ja'Sir Taylor,CB,LAC,00-0037307,2022,214,Rounds 4-7,FALSE,0.25597222222222216,0.3699020552344251,0.005,0.08199999999999999,0.11392983301220291,0,0.11392983301220291,0.28903932603707766,-4.672744495348817,-0.6021907924538343
Ben Koyack,TE,JAX,00-0032139,2015,229,Rounds 4-7,FALSE,0.20058823529411768,0.37563339942718665,0.003,0.048,0.06761401189689359,0.004,0.07161401189689359,0.2887143587096605,-2.3689887502760683,-0.586867207426399
Jeremy Langford,RB,CHI,00-0031569,2015,106,Rounds 4-7,FALSE,0.15000000000000002,0.35460992907801425,0.005,0.06,0.07801418439716314,0.004,0.08201418439716314,0.28837677648033516,-5.507493653254559,-0.7649141963140151
Thomas Booker,EDGE,HOU,00-0037262,2022,150,Rounds 4-7,FALSE,0.2108333333333333,0.34619594964422545,0,0.091,0.12601532567049806,0,0.12601532567049806,0.2883416924416305,-3.8204197934098256,-0.6044285050354133
Chykie Brown,CB,BAL,00-0028102,2011,164,Rounds 4-7,FALSE,0.24205882352941172,0.3497959877592655,0.005,0.08199999999999999,0.10773716422985376,0.006,0.11373716422985376,0.2872952249959823,-4.672744495348817,-0.6021907924538343
Tyler Johnson,WR,TAM,00-0036427,2020,161,Rounds 4-7,FALSE,0.22352112676056335,0.3492517605633802,0.005,0.079,0.10337852112676053,0.005,0.10837852112676054,0.2869947759259599,-3.823139033302942,-0.6228278656929864
Brevin Jordan,TE,HOU,00-0036556,2021,147,Rounds 4-7,FALSE,0.19694444444444445,0.36880982105701204,0.005,0.048,0.06343528922180608,0.008,0.07143528922180609,0.28652922376731926,-2.3689887502760683,-0.586867207426399
Christian Ponder,QB,MIN,00-0027950,2011,12,Late 1st,FALSE,0.2602941176470588,0.41847928882163793,0.021,0.146,0.20923964441081894,0.016,0.22523964441081895,0.2861393228260241,-0.8862273441397667,-0.014648650169409413
Brock Osweiler,QB,DEN,00-0029682,2012,57,Round 2,FALSE,0.16235294117647062,0.2610175903158692,0.006999999999999999,0.146,0.14512578021562325,0.11599999999999999,0.26112578021562327,0.28557354556354564,-0.8256118902818692,-0.01984298098231734
Brian Hill,RB,ATL,00-0033567,2017,156,Rounds 4-7,FALSE,0.1336764705882353,0.3160200250312892,0.004,0.06,0.07078848560700877,0.011000000000000001,0.08178848560700877,0.2854202150022449,-5.507493653254559,-0.7649141963140151
C.J. Beathard,QB,SFO,00-0033936,2017,104,Rounds 4-7,FALSE,0.20088235294117648,0.32296198222054096,0.005,0.146,0.18215055797238508,0.013999999999999999,0.19615055797238506,0.28423093635804575,-3.4396236727931813,-0.7312011414982981
Reggie Ragland,LB,BUF,00-0033058,2016,41,Round 2,FALSE,0.281764705882353,0.407174430465828,0.009000000000000001,0.061,0.08469228153689222,0.006,0.09069228153689222,0.28388097814410135,-0.9272530653358044,-0.35150887120124186
Daniel Kilgore,IOL,SFO,00-0028101,2011,163,Rounds 4-7,FALSE,0.23617647058823532,0.3161666272934877,0.005,0.051,0.058174659422001736,0.013999999999999999,0.07217465942200174,0.28337514921964874,-2.4541091296547317,-0.6606857915206148
Dan Herron,RB,CIN,00-0029588,2012,191,Rounds 4-7,FALSE,0.14705882352941174,0.3476567932137394,0.005,0.06,0.07648449450702266,0.005,0.08148449450702266,0.2814380564125312,-5.507493653254559,-0.7649141963140151
Stephone Anthony,LB,NOR,00-0032102,2015,31,Late 1st,FALSE,0.2823529411764707,0.4080244814688883,0.013000000000000001,0.061,0.07834070044202655,0.004,0.08234070044202656,0.2811470407388075,-0.9970994700204313,-0.8036273004092015
Nate Orchard,EDGE,CLE,00-0031556,2015,51,Round 2,FALSE,0.2291176470588235,0.37621945329856077,0.008,0.091,0.12490485849512216,0.005,0.12990485849512215,0.28036558973902703,-1.9473356770209531,-0.00936591860581865
Stanley Havili,RB,PHI,00-0028178,2011,240,Rounds 4-7,FALSE,0.15176470588235294,0.35878181059657904,0.004,0.06,0.0803671255736337,0.001,0.0813671255736337,0.2799005715773443,-5.507493653254559,-0.7649141963140151
Akeem Dent,LB,ATL,00-0028029,2011,91,Round 3,FALSE,0.24823529411764705,0.3587215232913975,0.006,0.061,0.07891873512410745,0.016,0.09491873512410745,0.2796929626617798,-1.5009104241941897,-0.26024197516630576
Kentavius Street,DL,SFO,00-0034320,2018,128,Rounds 4-7,FALSE,0.18246376811594203,0.33915198534561714,0,0.075,0.10174559560368514,0,0.10174559560368514,0.27903462229605813,-3.7779540498924526,-0.695540700768399
Trent Taylor,WR,SFO,00-0033292,2017,177,Rounds 4-7,FALSE,0.21852941176470592,0.341452205882353,0.004,0.079,0.1024356617647059,0.005,0.1074356617647059,0.2777841110944997,-3.823139033302942,-0.6228278656929864
Gerald McCoy,DL,TAM,00-0027856,2010,3,Top 10,TRUE,0.8547058823529411,1.5886726437787009,0.085,0.075,0,0.102,0.102,0.27702016842099997,0.47553610303479044,-0.2840537572894559
Rashad Weaver,DL,TEN,00-0036938,2021,135,Rounds 4-7,FALSE,0.18194444444444455,0.33818669971086346,0,0.075,0.10145600991325904,0,0.10145600991325904,0.276013398355199,-3.7779540498924526,-0.695540700768399
Tom Compton,OT,WAS,00-0029144,2012,193,Rounds 4-7,FALSE,0.26372549019607844,0.36126779478914856,0.005,0.08149999999999999,0.11054794520547943,0.005,0.11554794520547944,0.27601153903553155,-3.1707480263226144,-0.4449332397639939
Sean Spence,LB,PIT,00-0029594,2012,86,Round 3,FALSE,0.2466666666666666,0.35645472061657024,0.006,0.061,0.07842003853564546,0.016,0.09442003853564546,0.2755807242252373,-1.5009104241941897,-0.26024197516630576
Bryan Edwards,WR,LV,00-0036365,2020,81,Round 3,FALSE,0.2545070422535211,0.39766725352112675,0.006,0.079,0.11611883802816901,0.004,0.12011883802816901,0.2722539764428429,-1.4782442291920619,-0.03988217399875301
Justin Jackson,RB,LAC,00-0034440,2018,251,Rounds 4-7,FALSE,0.14304347826086955,0.3381642512077294,0.004,0.06,0.07574879227053138,0.005,0.08074879227053139,0.2718006591971219,-5.507493653254559,-0.7649141963140151
Spencer Drango,IOL,CLE,00-0032976,2016,168,Rounds 4-7,FALSE,0.27911764705882347,0.37365146861957627,0.004,0.051,0.07024647610048033,0.001,0.07124647610048034,0.2709535049326091,-2.4541091296547317,-0.6606857915206148
Ifeatu Melifonwu,CB,DET,00-0036993,2021,101,Rounds 4-7,FALSE,0.22972222222222222,0.3319685292228645,0.006,0.08199999999999999,0.1009184328837508,0.011000000000000001,0.11191843288375079,0.27083147204371344,-4.672744495348817,-0.6021907924538343
Ryan Izzo,TE,NWE,00-0034439,2018,250,Rounds 4-7,FALSE,0.1972463768115942,0.3693752374748955,0.004,0.048,0.0650100417955816,0.005,0.07001004179558161,0.2691035784148188,-2.3689887502760683,-0.586867207426399
Demetrius McCray,CB,JAX,00-0030451,2013,210,Rounds 4-7,FALSE,0.24161764705882346,0.34915844950697034,0.005,0.08199999999999999,0.10754080244814684,0.004,0.11154080244814685,0.2674130374231397,-4.672744495348817,-0.6021907924538343
Dorial Green-Beckham,WR,TEN,00-0032218,2015,40,Round 2,FALSE,0.26882352941176474,0.4200367647058824,0.01,0.079,0.11593014705882355,0,0.11593014705882355,0.2665541642142091,-1.0961314210494868,0.22664173323619316
Kenneth Acker,CB,SFO,00-0031186,2014,180,Rounds 4-7,FALSE,0.23808823529411766,0.34405814348860936,0.004,0.08199999999999999,0.1073461407684461,0.004,0.11134614076844611,0.26565089602125874,-4.672744495348817,-0.6021907924538343
Jimmy Moreland,CB,WAS,00-0035307,2019,227,Rounds 4-7,FALSE,0.23228571428571426,0.3356729975227085,0.003,0.08199999999999999,0.10607266721717587,0.005,0.11107266721717587,0.26317532369622015,-4.672744495348817,-0.6021907924538343
Rakeem Nunez-Roches,DL,KAN,00-0031957,2015,217,Rounds 4-7,FALSE,0.1627941176470588,0.302591296741745,0.004,0.075,0.08593592827465557,0.013999999999999999,0.09993592827465557,0.26015451032847475,-3.7779540498924526,-0.695540700768399
Bernard Pierce,RB,BAL,00-0029264,2012,84,Round 3,FALSE,0.16843137254901958,0.39818291382746945,0.006,0.06,0.0860075093867334,0.005,0.09100750938673341,0.2600520726628785,-2.0095141915817347,0.0018317536535283545
Eric Berry,S,KAN,00-0027858,2010,5,Top 10,TRUE,0.92,1.288515406162465,0.065,0.053,0,0.07,0.07,0.2583113778617322,0.04699362656194641,-0.8053237074512822
Jalyn Holmes,EDGE,MIN,00-0034264,2018,102,Rounds 4-7,FALSE,0.20434782608695654,0.3355465124580567,0,0.091,0.12213893053473264,0,0.12213893053473264,0.2564206318027218,-3.8204197934098256,-0.6044285050354133
Brandon Weeden,QB,CLE,00-0029677,2012,22,Late 1st,FALSE,0.24588235294117644,0.39530924910156984,0.017,0.146,0.20397957253641005,0.013000000000000001,0.21697957253641006,0.256311685533965,-0.8862273441397667,-0.014648650169409413
Connor Heyward,TE,PIT,00-0037304,2022,208,Rounds 4-7,FALSE,0.1922222222222222,0.359966708281315,0.005,0.048,0.06191427382438618,0.006999999999999999,0.06891427382438618,0.2557062807222615,-2.3689887502760683,-0.586867207426399
Kyle Pitts,TE,ATL,00-0036970,2021,4,Top 10,TRUE,0.5720833333333332,1.071317103620474,0.045,0.048,0.0128558052434457,0.05,0.06285580524344571,0.25430327703753525,0.29255786375393544,-0.8216691790024073
Blake Bell,TE,SFO,00-0032062,2015,117,Rounds 4-7,FALSE,0.18544117647058822,0.3472681207314386,0.005,0.048,0.059730116765807445,0.009000000000000001,0.06873011676580745,0.25345470283276234,-2.3689887502760683,-0.586867207426399
Rashard Robinson,CB,SFO,00-0032410,2016,133,Rounds 4-7,FALSE,0.23264705882352943,0.33619517171030266,0.004,0.08199999999999999,0.10489289357361441,0.005,0.10989289357361441,0.25249562553804344,-4.672744495348817,-0.6021907924538343
Keke Coutee,WR,HOU,00-0034366,2018,103,Rounds 4-7,FALSE,0.21275362318840588,0.3324275362318842,0.004,0.079,0.09972826086956525,0.005,0.10472826086956526,0.25133588009301255,-3.823139033302942,-0.6228278656929864
Tyrell Crosby,OT,DET,00-0034390,2018,153,Rounds 4-7,FALSE,0.26478260869565223,0.3627159023228113,0.004,0.08149999999999999,0.11244192972007148,0,0.11244192972007148,0.2508324538008174,-3.1707480263226144,-0.4449332397639939
Clifton Geathers,EDGE,CLE,00-0027784,2010,186,Rounds 4-7,FALSE,0.2029411764705882,0.3332367429730512,0,0.091,0.12129817444219064,0,0.12129817444219064,0.24949723383306,-3.8204197934098256,-0.6044285050354133
Jordan Hill,DL,SEA,00-0030072,2013,87,Round 3,FALSE,0.19176470588235298,0.35643997375902037,0.006,0.075,0.09837743275748961,0.005,0.10337743275748962,0.24944628187567025,-1.6980155086877986,-0.2673590110726486
Justice Hill,RB,BAL,00-0034975,2019,113,Rounds 4-7,FALSE,0.12628571428571433,0.29854778790949016,0.004,0.06,0.06687470449172579,0.012,0.07887470449172579,0.2472508788035864,-5.507493653254559,-0.7649141963140151
Jason Verrett,CB,LAC,00-0031334,2014,25,Late 1st,FALSE,0.2972058823529412,0.42948826929615785,0.025,0.08199999999999999,0.09792332539952397,0.016,0.11392332539952398,0.24632121580779434,-1.1362659091557372,0.08046471267687343
Joe Dahl,IOL,DET,00-0032418,2016,151,Rounds 4-7,FALSE,0.22794117647058826,0.3051421371761556,0.004,0.051,0.05736672178911726,0.012,0.06936672178911726,0.2457972250670021,-2.4541091296547317,-0.6606857915206148
Joe Looney,IOL,SFO,00-0029278,2012,117,Rounds 4-7,FALSE,0.2568627450980392,0.3438590965167861,0.005,0.051,0.06327007375908864,0.006,0.06927007375908864,0.2445038087534113,-2.4541091296547317,-0.6606857915206148
Josh Jackson,CB,GNB,00-0034751,2018,45,Round 2,FALSE,0.26014492753623186,0.37593197620842755,0.009000000000000001,0.08199999999999999,0.10977213705286082,0.005,0.11477213705286082,0.24410258131461834,-1.8987142572552127,-0.038091475434602076
Geron Christian,OT,WAS,00-0034817,2018,74,Round 3,FALSE,0.2610144927536232,0.35755409966249757,0.006,0.08149999999999999,0.10798133809807424,0.006,0.11398133809807424,0.2435912742268285,-1.9161133628566525,-0.13046393182271215
Marquis Haynes,EDGE,CAR,00-0034382,2018,136,Rounds 4-7,FALSE,0.18826086956521745,0.3091311487113587,0.004,0.091,0.10757763975155282,0.013000000000000001,0.12057763975155282,0.24356382644120866,-3.8204197934098256,-0.6044285050354133
Antonio Callaway,WR,CLE,00-0034772,2018,105,Rounds 4-7,FALSE,0.2107246376811594,0.32925724637681153,0.004,0.079,0.09877717391304346,0.005,0.10377717391304346,0.24204484101057072,-3.823139033302942,-0.6228278656929864
Malik Harrison,LB,BAL,00-0036280,2020,98,Round 3,FALSE,0.20507042253521118,0.29634454123585435,0,0.061,0.07230806806154846,0.018000000000000002,0.09030806806154847,0.24167352809690837,-1.5009104241941897,-0.26024197516630576
Will Rackley,IOL,JAX,00-0028014,2011,76,Round 3,FALSE,0.28911764705882353,0.38703834947633675,0.006,0.051,0.06966690290574061,0.004,0.07366690290574061,0.24023522183380125,-1.1210940108268708,-0.4767011195371987
Gavin Escobar,TE,DAL,00-0030544,2013,47,Round 2,FALSE,0.2073529411764706,0.38830138797091873,0.009000000000000001,0.048,0.060575016523463324,0.005,0.06557501652346333,0.24006682849389577,-0.36078026178736594,-0.6556584315197126
M.J. Stewart,CB,TAM,00-0034355,2018,53,Round 2,FALSE,0.2633333333333333,0.38053949903660883,0.006999999999999999,0.08199999999999999,0.11416184971098263,0,0.11416184971098263,0.23955686874006715,-1.8987142572552127,-0.038091475434602076
EJ Manuel,QB,BUF,00-0030526,2013,16,Late 1st,FALSE,0.24867647058823536,0.39980139965954237,0.018000000000000002,0.146,0.2046983166256857,0.006,0.2106983166256857,0.23362967672189322,-0.8862273441397667,-0.014648650169409413
Tre Brown,CB,SEA,00-0036885,2021,137,Rounds 4-7,FALSE,0.2316666666666666,0.3347784200385356,0.006,0.08199999999999999,0.1017726396917148,0.006,0.1077726396917148,0.23330239164867272,-4.672744495348817,-0.6021907924538343
Cameron Thomas,EDGE,ARI,00-0037815,2022,87,Round 3,FALSE,0.20416666666666672,0.335249042145594,0.006,0.091,0.11398467432950195,0.01,0.12398467432950194,0.2286010920610483,-2.5109073453087567,-0.29680159176202814
Maurkice Pouncey,IOL,PIT,00-0027870,2010,18,Late 1st,FALSE,0.008823529411764706,0.011811953697141508,0.022000000000000002,0.051,0.0013701866288684146,0.066,0.06737018662886841,0.22820717522564665,-0.09175270156213973,-0.7109611026659682
Forrest Lamp,IOL,LAC,00-0033542,2017,38,Round 2,FALSE,0.27485294117647063,0.367942357665958,0.01,0.051,0.060342546657217104,0.006,0.0663425466572171,0.22782407778367258,-0.22501695252083553,-0.7573076508456783
Akeem Davis-Gaither,LB,CIN,00-0036298,2020,107,Rounds 4-7,FALSE,0.186056338028169,0.26886754050313444,0.005,0.061,0.06022632907270212,0.018000000000000002,0.07822632907270212,0.22733697784088974,-3.875277998195149,-0.8050209414767096
Vlad Ducasse,OT,NYJ,00-0027667,2010,61,Round 2,FALSE,0.2605882352941176,0.3569701853344077,0,0.08149999999999999,0.1163722804190169,0,0.1163722804190169,0.22598493353408702,-1.2393656537891447,0.4683486650469865
Jaylon Ferguson,EDGE,BAL,00-0035651,2019,85,Round 3,FALSE,0.2182857142857142,0.35843302838376717,0.005,0.091,0.12330096176401589,0,0.12330096176401589,0.22386260540616637,-2.5109073453087567,-0.29680159176202814
Joshua Uche,LB,NWE,00-0036159,2020,60,Round 2,FALSE,0.2392957746478873,0.3458031425547504,0,0.061,0.0843759667833591,0,0.0843759667833591,0.2234921660458756,-0.9272530653358044,-0.35150887120124186
Elijah McGuire,RB,NYJ,00-0033295,2017,188,Rounds 4-7,FALSE,0.13573529411764707,0.3208872201362815,0.004,0.06,0.07187873731052705,0.005,0.07687873731052705,0.22110452828292815,-5.507493653254559,-0.7649141963140151
Akayleb Evans,CB,MIN,00-0038101,2022,118,Rounds 4-7,FALSE,0.22777777777777775,0.3291586384071933,0.005,0.08199999999999999,0.10138086062941551,0.005,0.10638086062941551,0.22070355087159257,-4.672744495348817,-0.6021907924538343
Benny Snell Jr.,RB,PIT,00-0035217,2019,122,Rounds 4-7,FALSE,0.13542857142857143,0.32016210739615,0,0.06,0.07683890577507599,0,0.07683890577507599,0.22058275152352572,-5.507493653254559,-0.7649141963140151
Ambry Thomas,CB,SFO,00-0037008,2021,102,Rounds 4-7,FALSE,0.23291666666666672,0.33658477842003864,0.006,0.08199999999999999,0.10232177263969172,0.004,0.10632177263969173,0.22016866699919266,-4.672744495348817,-0.6021907924538343
Elijah Hicks,S,CHI,00-0037096,2022,254,Rounds 4-7,FALSE,0.23236111111111102,0.3254357298474944,0.004,0.053,0.06378540305010891,0.009000000000000001,0.07278540305010892,0.2199266088625427,-2.184659545441944,-0.5511731411824057
Darius Phillips,CB,CIN,00-0034683,2018,170,Rounds 4-7,FALSE,0.21999999999999997,0.3179190751445087,0.004,0.08199999999999999,0.09919075144508668,0.006999999999999999,0.10619075144508669,0.2189826201516962,-4.672744495348817,-0.6021907924538343
John Penisini,DL,DET,00-0036238,2020,197,Rounds 4-7,FALSE,0.1742253521126761,0.3238389444473533,0.004,0.075,0.09197026022304833,0.004,0.09597026022304833,0.2187810182840761,-3.7779540498924526,-0.695540700768399
Caraun Reid,DL,DET,00-0031071,2014,158,Rounds 4-7,FALSE,0.17455882352941177,0.32445877979444565,0.005,0.075,0.09084845834244477,0.005,0.09584845834244478,0.21751026917634342,-3.7779540498924526,-0.695540700768399
Mike Mohamed,LB,DEN,00-0028127,2011,189,Rounds 4-7,FALSE,0.21970588235294117,0.3174940496429786,0.004,0.061,0.07238864331859912,0.005,0.07738864331859913,0.21628198481745337,-3.875277998195149,-0.8050209414767096
Arthur Moats,LB,BUF,00-0027777,2010,178,Rounds 4-7,FALSE,0.23470588235294113,0.3391703502210132,0.004,0.061,0.077330839850391,0,0.077330839850391,0.215519148712576,-3.875277998195149,-0.8050209414767096
Quincy Wilson,CB,IND,00-0033544,2017,46,Round 2,FALSE,0.25014705882352944,0.36148418905134316,0.009000000000000001,0.08199999999999999,0.10555338320299218,0.005,0.11055338320299218,0.2126792809963371,-1.8987142572552127,-0.038091475434602076
Skyy Moore,WR,KAN,00-0038090,2022,54,Round 2,FALSE,0.22541666666666657,0.3522135416666665,0.008,0.079,0.1000286458333333,0.008,0.1080286458333333,0.2095227624208906,-1.0961314210494868,0.22664173323619316
Equanimeous St. Brown,WR,GNB,00-0034279,2018,207,Rounds 4-7,FALSE,0.20130434782608697,0.31453804347826086,0.004,0.079,0.09436141304347825,0.006,0.10036141304347826,0.20867673779163168,-3.823139033302942,-0.6228278656929864
Damian Williams,WR,TEN,00-0027893,2010,77,Round 3,FALSE,0.21294117647058824,0.3327205882352941,0,0.079,0.10513970588235294,0.005,0.11013970588235295,0.20618064999607405,-1.4782442291920619,-0.03988217399875301
Luke Bowanko,IOL,JAX,00-0031191,2014,205,Rounds 4-7,FALSE,0.2439705882352941,0.32660051972596266,0.004,0.051,0.06140089770848098,0.005,0.06640089770848098,0.2061063462358524,-2.4541091296547317,-0.6606857915206148
Austin Bryant,EDGE,DET,00-0035531,2019,117,Rounds 4-7,FALSE,0.20299999999999996,0.33333333333333326,0.004,0.091,0.11599999999999996,0,0.11599999999999996,0.20586820693529245,-3.8204197934098256,-0.6044285050354133
Josiah Deguara,TE,GNB,00-0036332,2020,94,Round 3,FALSE,0.19492957746478873,0.36503666191908,0.006,0.048,0.061326159202405445,0.005,0.06632615920240545,0.20525649602122628,-0.9835958778133722,-0.5376092011535986
Kendrick Green,IOL,PIT,00-0036983,2021,87,Round 3,FALSE,0.28097222222222223,0.3761341662948089,0.006999999999999999,0.051,0.06619961326788636,0.004,0.07019961326788636,0.203487144746437,-1.1210940108268708,-0.4767011195371987
Denzel Mims,WR,NYJ,00-0036255,2020,59,Round 2,FALSE,0.2285915492957746,0.3571742957746478,0.006999999999999999,0.079,0.10286619718309858,0.004,0.10686619718309859,0.20113244846108697,-1.0961314210494868,0.22664173323619316
Keith Tandy,CB,TAM,00-0029422,2012,174,Rounds 4-7,FALSE,0.2341176470588235,0.3383202992179531,0.005,0.08199999999999999,0.10420265215912954,0,0.10420265215912954,0.20098569303064812,-4.672744495348817,-0.6021907924538343
Corey Coleman,WR,CLE,00-0032966,2016,15,Late 1st,FALSE,0.26382352941176473,0.4122242647058824,0.019,0.079,0.09893382352941178,0.006,0.10493382352941179,0.19995991939146018,-0.7067555359941448,0.12050516789925937
Cory James,EDGE,LV,00-0033056,2016,194,Rounds 4-7,FALSE,0.1926470588235294,0.31633342992369357,0,0.091,0.11514536849222445,0,0.11514536849222445,0.19883054869144645,-3.8204197934098256,-0.6044285050354133
Christine Michael,RB,SEA,00-0030432,2013,62,Round 2,FALSE,0.15161764705882352,0.3584341538033653,0.006999999999999999,0.06,0.07598804060631344,0.005,0.08098804060631344,0.19566687599521077,-1.5069658434565287,-0.4735968759125675
Zaire Franklin,LB,IND,00-0034431,2018,235,Rounds 4-7,FALSE,0.10565217391304345,0.15267655189746165,0.004,0.061,0.034810253832621256,0.040999999999999995,0.07581025383262124,0.19545187678435738,-3.875277998195149,-0.8050209414767096
Earl Watford,IOL,ARI,00-0030504,2013,116,Rounds 4-7,FALSE,0.2054411764705882,0.27502165524844474,0.005,0.051,0.050603984565713835,0.015,0.06560398456571384,0.19544145778375802,-2.4541091296547317,-0.6606857915206148
Isaiahh Loudermilk,EDGE,PIT,00-0036843,2021,156,Rounds 4-7,FALSE,0.18180555555555555,0.29853128991060024,0,0.091,0.10866538952745848,0.006,0.11466538952745849,0.19487805233772532,-3.8204197934098256,-0.6044285050354133
Armonty Bryant,EDGE,CLE,00-0030553,2013,217,Rounds 4-7,FALSE,0.19411764705882356,0.31874818893074475,0.005,0.091,0.10964937699217618,0.005,0.11464937699217619,0.19474619346064312,-3.8204197934098256,-0.6044285050354133
Jakeem Grant,WR,MIA,00-0032791,2016,186,Rounds 4-7,FALSE,0.15529411764705886,0.24264705882352947,0.004,0.079,0.07279411764705884,0.026000000000000002,0.09879411764705884,0.19336604229527266,-3.823139033302942,-0.6228278656929864
Shon Coleman,OT,CLE,00-0033097,2016,76,Round 3,FALSE,0.24352941176470586,0.3336019339242546,0.005,0.08149999999999999,0.10208219178082188,0.005,0.10708219178082189,0.19185166185548747,-1.9161133628566525,-0.13046393182271215
Cody Wichmann,IOL,LA,00-0032247,2015,215,Rounds 4-7,FALSE,0.2436764705882353,0.32620678793605795,0.004,0.051,0.061326876131978895,0.004,0.06532687613197889,0.19173298520837048,-2.4541091296547317,-0.6606857915206148
Markus Kuhn,DL,NYG,00-0029312,2012,239,Rounds 4-7,FALSE,0.1611764705882353,0.2995845178219987,0.004,0.075,0.08508200306144761,0.008,0.09308200306144762,0.18864806637216971,-3.7779540498924526,-0.695540700768399
Kelvin Sheppard,LB,BUF,00-0028006,2011,68,Round 3,FALSE,0.23529411764705882,0.34002040122407345,0.006,0.061,0.07480448826929616,0.009000000000000001,0.08380448826929615,0.1880451869059219,-1.5009104241941897,-0.26024197516630576
Deandre Baker,CB,NYG,00-0035684,2019,30,Late 1st,FALSE,0.25685714285714284,0.3711808422791082,0.013999999999999999,0.08199999999999999,0.10096118909991741,0.005,0.10596118909991742,0.18488516335394492,-1.1362659091557372,0.08046471267687343
Sidney Jones,CB,PHI,00-0033543,2017,43,Round 2,FALSE,0.2126470588235294,0.3072934376062564,0.009000000000000001,0.08199999999999999,0.08972968378102684,0.017,0.10672968378102685,0.18419853536881095,-1.8987142572552127,-0.038091475434602076
Knile Davis,RB,KAN,00-0030280,2013,96,Round 3,FALSE,0.1502941176470588,0.35530524266444163,0.006,0.06,0.07674593241551939,0.005,0.08174593241551939,0.18237758879989963,-2.0095141915817347,0.0018317536535283545
Samuel Womack,CB,SFO,00-0037830,2022,172,Rounds 4-7,FALSE,0.22027777777777774,0.3183204881181759,0.005,0.08199999999999999,0.09804271034039817,0.004,0.10204271034039818,0.1814331909136839,-4.672744495348817,-0.6021907924538343
Will Clarke,EDGE,CIN,00-0031304,2014,88,Round 3,FALSE,0.1977941176470588,0.3247850864483724,0.005,0.091,0.11172606973824009,0.005,0.1167260697382401,0.1782951554364846,-2.5109073453087567,-0.29680159176202814
Perrish Cox,CB,DEN,00-0027737,2010,137,Rounds 4-7,FALSE,0.14764705882352944,0.21336280176810613,0.004,0.08199999999999999,0.0665691941516491,0.035,0.1015691941516491,0.17714676699122328,-4.672744495348817,-0.6021907924538343
Ramik Wilson,LB,KAN,00-0031943,2015,118,Rounds 4-7,FALSE,0.21705882352941175,0.31366882012920777,0.005,0.061,0.07026181570894255,0.004,0.07426181570894255,0.17501703881481231,-3.875277998195149,-0.8050209414767096
Michael Burton,RB,DET,00-0031595,2015,168,Rounds 4-7,FALSE,0.12882352941176473,0.30454735085523577,0.004,0.06,0.0682186065915728,0.005,0.07321860659157281,0.17315831873065912,-5.507493653254559,-0.7649141963140151
Ty Sambrailo,OT,DEN,00-0032147,2015,59,Round 2,FALSE,0.20338235294117646,0.27860596293311846,0.006999999999999999,0.08149999999999999,0.08302457695406928,0.025,0.10802457695406928,0.17188880933396977,-1.2393656537891447,0.4683486650469865
Isaiah Frey,CB,CHI,00-0029299,2012,184,Rounds 4-7,FALSE,0.21784313725490198,0.3148022214666214,0.005,0.08199999999999999,0.09695908421171938,0.004,0.10095908421171938,0.17162385161053803,-4.672744495348817,-0.6021907924538343
Kenrick Ellis,DL,NYJ,00-0028032,2011,94,Round 3,FALSE,0.1623529411764706,0.30177126612726873,0.005,0.075,0.08449595451563524,0.01,0.09449595451563524,0.17137538152597181,-1.6980155086877986,-0.2673590110726486
Anthony Dixon,RB,SFO,00-0027772,2010,173,Rounds 4-7,FALSE,0.11294117647058823,0.2670004171881518,0,0.06,0.06408010012515643,0.009000000000000001,0.07308010012515642,0.17134394089197857,-5.507493653254559,-0.7649141963140151
Josh Rosen,QB,ARI,00-0034343,2018,10,Top 10,FALSE,0.23768115942028983,0.3821240505149354,0.025,0.146,0.18494804044922875,0.005,0.18994804044922875,0.17119034610960013,-0.293477891960363,0.37407124048736107
Max Mitchell,OT,NYJ,00-0038114,2022,111,Rounds 4-7,FALSE,0.22944444444444445,0.3143074581430746,0,0.08149999999999999,0.1024642313546423,0,0.1024642313546423,0.16994769364115847,-3.1707480263226144,-0.4449332397639939
Josh LeRibeus,IOL,WAS,00-0029666,2012,71,Round 3,FALSE,0.25313725490196076,0.33887182717799297,0.006,0.051,0.06099692889203873,0.006,0.06699692889203873,0.1695434871283269,-1.1210940108268708,-0.4767011195371987
Ross Blacklock,DL,HOU,00-0036289,2020,40,Round 2,FALSE,0.1890140845070423,0.3513272946227552,0.01,0.075,0.09134509660191635,0.004,0.09534509660191635,0.1680263705323543,-1.5305933950960025,-0.22864968299216984
Blidi Wreh-Wilson,CB,TEN,00-0030541,2013,70,Round 3,FALSE,0.22705882352941179,0.3281196871812309,0.006,0.08199999999999999,0.09974838490309418,0.005,0.10474838490309418,0.16788127570545167,-2.986769766952211,-0.2996236181936407
Treyvon Hester,DL,LV,00-0033976,2017,244,Rounds 4-7,FALSE,0.16308823529411767,0.30313798381806256,0.004,0.075,0.08609118740432976,0.005,0.09109118740432977,0.1678780486400382,-3.7779540498924526,-0.695540700768399
Noah Spence,EDGE,TAM,00-0032952,2016,39,Round 2,FALSE,0.20500000000000002,0.33661740558292286,0.01,0.091,0.10906403940886701,0.005,0.11406403940886702,0.16620965248959604,-1.9473356770209531,-0.00936591860581865
Aldrick Robinson,WR,WAS,00-0028116,2011,178,Rounds 4-7,FALSE,0.17911764705882355,0.2798713235294118,0.004,0.079,0.08396139705882354,0.012,0.09596139705882353,0.1656935802617459,-3.823139033302942,-0.6228278656929864
James Brewer,OT,NYG,00-0028055,2011,117,Rounds 4-7,FALSE,0.22882352941176473,0.31345688960515716,0.005,0.08149999999999999,0.09591780821917807,0.006,0.10191780821917808,0.1655180844628686,-3.1707480263226144,-0.4449332397639939
Mike Martin,DL,TEN,00-0029544,2012,82,Round 3,FALSE,0.17294117647058824,0.32145200087469933,0.006,0.075,0.088720752241417,0.005,0.093720752241417,0.16456111729503056,-1.6980155086877986,-0.2673590110726486
Margus Hunt,EDGE,CIN,00-0030449,2013,53,Round 2,FALSE,0.16249999999999998,0.2668308702791461,0.006999999999999999,0.091,0.08965517241379307,0.024,0.11365517241379308,0.1632631763775418,-1.9473356770209531,-0.00936591860581865
Dwayne Harris,WR,DAL,00-0028114,2011,176,Rounds 4-7,FALSE,0.1544117647058824,0.24126838235294124,0.005,0.079,0.0714154411764706,0.024,0.0954154411764706,0.16036021152459004,-3.823139033302942,-0.6228278656929864
Mike Adams,OT,PIT,00-0029202,2012,56,Round 2,FALSE,0.246078431372549,0.3370937416062315,0.006999999999999999,0.08149999999999999,0.10045393499865697,0.005,0.10545393499865698,0.1552301238550302,-1.2393656537891447,0.4683486650469865
D.J. Davidson,DL,NYG,00-0037260,2022,147,Rounds 4-7,FALSE,0.17250000000000004,0.3206319702602231,0.005,0.075,0.08977695167286247,0,0.08977695167286247,0.15416673421010516,-3.7779540498924526,-0.695540700768399
Dekoda Watson,LB,TAM,00-0027812,2010,217,Rounds 4-7,FALSE,0.22058823529411767,0.3187691261475689,0.004,0.061,0.0726793607616457,0,0.0726793607616457,0.1541332786260027,-3.875277998195149,-0.8050209414767096
Tarvarius Moore,S,SFO,00-0034263,2018,95,Round 3,FALSE,0.2233333333333333,0.3127917833800186,0.005,0.053,0.06005602240896358,0.005,0.06505602240896358,0.15243141099913007,-0.9517824670434979,-0.6701102991437132
John Urschel,IOL,BAL,00-0030996,2014,175,Rounds 4-7,FALSE,0.24676470588235297,0.3303409717300575,0.004,0.051,0.06210410268525081,0,0.06210410268525081,0.14860341754133324,-2.4541091296547317,-0.6606857915206148
Malik Willis,QB,TEN,00-0038128,2022,86,Round 3,FALSE,0.12569444444444444,0.2020811003929975,0.006,0.146,0.1131654162200786,0.075,0.1881654162200786,0.1464114698630529,-2.222491526527487,-0.2043169834643365
John Ross,WR,CIN,00-0033460,2017,9,Top 10,FALSE,0.24941176470588236,0.3897058823529412,0.026000000000000002,0.079,0.08261764705882353,0.012,0.09461764705882353,0.14581687505480628,-0.07536017301982953,0.035482296742909314
Joey Hunt,IOL,SEA,00-0032443,2016,215,Rounds 4-7,FALSE,0.2016176470588235,0.2699031419796834,0.004,0.051,0.05074179069218048,0.011000000000000001,0.061741790692180484,0.14375468712946693,-2.4541091296547317,-0.6606857915206148
Javon Wims,WR,CHI,00-0034426,2018,224,Rounds 4-7,FALSE,0.18884057971014492,0.29506340579710144,0.004,0.079,0.08851902173913043,0.005,0.09351902173913043,0.14183434804995393,-3.823139033302942,-0.6228278656929864
Jordan Richards,S,NWE,00-0031559,2015,64,Round 2,FALSE,0.22176470588235303,0.31059482616576056,0.006,0.053,0.05839182731916299,0.006,0.06439182731916299,0.14045960312929484,-0.6092327658489395,-0.6534824271194798
Malcolm Koonce,EDGE,LV,00-0036989,2021,79,Round 3,FALSE,0.12916666666666668,0.212096332785988,0.006999999999999999,0.091,0.07126436781609195,0.04,0.11126436781609195,0.14044269670239087,-2.5109073453087567,-0.29680159176202814
Ed Stinson,EDGE,ARI,00-0031265,2014,160,Rounds 4-7,FALSE,0.1804411764705882,0.29629093016516944,0,0.091,0.10784989858012167,0,0.10784989858012167,0.13875433630924736,-3.8204197934098256,-0.6044285050354133
Jordan Evans,LB,CIN,00-0033790,2017,193,Rounds 4-7,FALSE,0.19867647058823526,0.28710472628357697,0.004,0.061,0.06545987759265555,0.006,0.07145987759265555,0.13803968044870024,-3.875277998195149,-0.8050209414767096
Duke Williams,CB,BUF,00-0030073,2013,105,Rounds 4-7,FALSE,0.20514705882352938,0.296455287317239,0,0.08199999999999999,0.09723733424005439,0,0.09723733424005439,0.13793334959389922,-4.672744495348817,-0.6021907924538343
Johnny Patrick,CB,NOR,00-0028026,2011,88,Round 3,FALSE,0.22882352941176468,0.3306698401904114,0.006,0.08199999999999999,0.10052363141788505,0,0.10052363141788505,0.1367029301807331,-2.986769766952211,-0.2996236181936407
Chris Smith,EDGE,JAX,00-0031264,2014,159,Rounds 4-7,FALSE,0.14941176470588233,0.24533951511639135,0.005,0.091,0.08439679320003862,0.023,0.10739679320003861,0.13502313662323,-3.8204197934098256,-0.6044285050354133
Russ Yeast,CB,LA,00-0037844,2022,253,Rounds 4-7,FALSE,0.20444444444444446,0.2954399486191394,0,0.08199999999999999,0.09690430314707772,0,0.09690430314707772,0.13491864285783273,-4.672744495348817,-0.6021907924538343
Casey Matthews,LB,PHI,00-0028054,2011,116,Rounds 4-7,FALSE,0.20147058823529412,0.29114246854811293,0.005,0.061,0.0652159129547773,0.006,0.0712159129547773,0.13482006335899904,-3.875277998195149,-0.8050209414767096
Jordan Poyer,CB,PHI,00-0030114,2013,218,Rounds 4-7,FALSE,0.2169117647058824,0.31345630737844277,0.005,0.08199999999999999,0.09654454267256035,0,0.09654454267256035,0.13166197298895058,-4.672744495348817,-0.6021907924538343
Andre Dillard,OT,PHI,00-0035233,2019,22,Late 1st,FALSE,0.15471428571428572,0.21193737769080237,0.016,0.08149999999999999,0.05552759295499021,0.043,0.09852759295499021,0.1310803699867481,-0.6590268496124263,0.5624288068243084
Stone Forsythe,IOL,SEA,00-0036653,2021,208,Rounds 4-7,FALSE,0.2223611111111111,0.29767217016213,0,0.051,0.060725122713074516,0,0.060725122713074516,0.1301488748920979,-2.4541091296547317,-0.6606857915206148
Trevon Wesco,TE,NYJ,00-0035259,2019,121,Rounds 4-7,FALSE,0.16242857142857145,0.3041733547351525,0.004,0.048,0.053534510433386834,0.005,0.05853451043338683,0.12879913999262485,-2.3689887502760683,-0.586867207426399
Juston Burris,CB,NYJ,00-0032403,2016,118,Rounds 4-7,FALSE,0.2069117647058824,0.2990054403264197,0.005,0.08199999999999999,0.09209367562053725,0.004,0.09609367562053725,0.12758057648433133,-4.672744495348817,-0.6021907924538343
Ricardo Louis,WR,CLE,00-0033079,2016,114,Rounds 4-7,FALSE,0.19014705882352945,0.2971047794117648,0.005,0.079,0.08794301470588237,0.004,0.09194301470588237,0.12643854975863816,-3.823139033302942,-0.6228278656929864
Hau'oli Kikaha,EDGE,NOR,00-0032056,2015,44,Round 2,FALSE,0.1813235294117647,0.2977397855694002,0,0.091,0.10837728194726166,0,0.10837728194726166,0.12522836708983814,-1.9473356770209531,-0.00936591860581865
Randy Gregory,EDGE,DAL,00-0032197,2015,60,Round 2,FALSE,0.18720588235294122,0.3073988215976046,0.006999999999999999,0.091,0.10328600405679514,0.005,0.10828600405679514,0.12457057830507778,-1.9473356770209531,-0.00936591860581865
Aaron Ripkowski,RB,GNB,00-0031612,2015,206,Rounds 4-7,FALSE,0.12367647058823532,0.2923793630927549,0.004,0.06,0.06549297733277709,0.004,0.0694929773327771,0.12435410520045995,-5.507493653254559,-0.7649141963140151
DeShone Kizer,QB,CLE,00-0033899,2017,52,Round 2,FALSE,0.21323529411764705,0.3428220162663136,0.006999999999999999,0.146,0.19060904104407034,0.005,0.19560904104407034,0.12305697052761495,-0.8256118902818692,-0.01984298098231734
Victor Dimukeje,EDGE,ARI,00-0036896,2021,210,Rounds 4-7,FALSE,0.17861111111111116,0.2932858967341727,0.005,0.091,0.10089034847655541,0.005,0.10589034847655542,0.12261797366040525,-3.8204197934098256,-0.6044285050354133
Byron Cowart,DL,NWE,00-0035278,2019,159,Rounds 4-7,FALSE,0.15471428571428578,0.28757302177376537,0.004,0.075,0.08167073818374936,0.005,0.08667073818374936,0.12175986167120484,-3.7779540498924526,-0.695540700768399
Ray-Ray McCloud,WR,BUF,00-0034407,2018,187,Rounds 4-7,FALSE,0.17347826086956525,0.2710597826086957,0.004,0.079,0.0813179347826087,0.01,0.09131793478260869,0.12033222903058974,-3.823139033302942,-0.6228278656929864
Marshall Newhouse,IOL,GNB,00-0027768,2010,169,Rounds 4-7,FALSE,0.21941176470588236,0.29372391526891883,0,0.051,0.05991967871485944,0,0.05991967871485944,0.11936982014399132,-2.4541091296547317,-0.6606857915206148
Jon Feliciano,IOL,LV,00-0032151,2015,128,Rounds 4-7,FALSE,0.13764705882352934,0.18426647767540744,0.005,0.051,0.033905031892274964,0.026000000000000002,0.05990503189227497,0.11917380539576089,-2.4541091296547317,-0.6606857915206148
Jonathan Dwyer,RB,PIT,00-0027786,2010,188,Rounds 4-7,FALSE,0.12176470588235296,0.28785982478097627,0,0.06,0.0690863579474343,0,0.0690863579474343,0.11902755821220626,-5.507493653254559,-0.7649141963140151
Tre' McKitty,TE,LAC,00-0037011,2021,97,Round 3,FALSE,0.17347222222222225,0.32485434873075325,0.006,0.048,0.05457553058676655,0.004,0.05857553058676655,0.1184479698026461,-0.9835958778133722,-0.5376092011535986
Vincent Taylor,DL,MIA,00-0033469,2017,194,Rounds 4-7,FALSE,0.14808823529411771,0.27525694292586933,0.004,0.075,0.07817297179094689,0.008,0.08617297179094688,0.116566705404826,-3.7779540498924526,-0.695540700768399
Ogbonnia Okoronkwo,EDGE,LA,00-0034807,2018,160,Rounds 4-7,FALSE,0.13434782608695653,0.2206039837224245,0.004,0.091,0.07677018633540372,0.027999999999999997,0.10477018633540372,0.11339374280137735,-3.8204197934098256,-0.6044285050354133
Jayron Hosley,CB,NYG,00-0029267,2012,94,Round 3,FALSE,0.21823529411764708,0.3153689221353282,0.005,0.08199999999999999,0.09713362801768106,0,0.09713362801768106,0.11168497405345422,-2.986769766952211,-0.2996236181936407
Dante Pettis,WR,SFO,00-0034860,2018,44,Round 2,FALSE,0.20405797101449272,0.31884057971014484,0.009000000000000001,0.079,0.08927536231884056,0.005,0.09427536231884057,0.11025440623028697,-1.0961314210494868,0.22664173323619316
K.J. Britt,LB,TAM,00-0036643,2021,176,Rounds 4-7,FALSE,0.19833333333333336,0.28660886319845863,0.005,0.061,0.06420038535645474,0.005,0.06920038535645474,0.1082210154118856,-3.875277998195149,-0.8050209414767096
Jeff Gladney,CB,MIN,00-0036324,2020,31,Late 1st,FALSE,0.2035211267605634,0.29410567450948466,0.013999999999999999,0.08199999999999999,0.07999674346657981,0.016,0.09599674346657981,0.10799923958075976,-1.1362659091557372,0.08046471267687343
Stedman Bailey,WR,LA,00-0030532,2013,92,Round 3,FALSE,0.2076470588235294,0.3244485294117647,0.006,0.079,0.09473897058823529,0,0.09473897058823529,0.1042100782329625,-1.4782442291920619,-0.03988217399875301
Cody Latimer,WR,DEN,00-0031344,2014,56,Round 2,FALSE,0.17617647058823527,0.2752757352941176,0.006999999999999999,0.079,0.07927941176470588,0.013999999999999999,0.09327941176470587,0.10306584109586728,-1.0961314210494868,0.22664173323619316
Albert Okwuegbunam,TE,DEN,00-0036423,2020,118,Rounds 4-7,FALSE,0.15957746478873236,0.2988342037242179,0.005,0.048,0.05139948304056548,0.005,0.056399483040565475,0.10269544074670955,-2.3689887502760683,-0.586867207426399
Bobby Evans,OT,LA,00-0035666,2019,97,Round 3,FALSE,0.21257142857142858,0.29119373776908025,0,0.08149999999999999,0.09492915851272014,0,0.09492915851272014,0.10071093204443775,-1.9161133628566525,-0.13046393182271215
Blake Cashman,LB,NYJ,00-0035276,2019,157,Rounds 4-7,FALSE,0.11985714285714287,0.17320396366639143,0.004,0.061,0.03949050371593724,0.028999999999999998,0.06849050371593723,0.09885266153341943,-3.875277998195149,-0.8050209414767096
Kayvon Webster,CB,DEN,00-0030523,2013,90,Round 3,FALSE,0.16441176470588229,0.23758925535532124,0.006,0.08199999999999999,0.07222713362801764,0.023,0.09522713362801763,0.09761519672089074,-2.986769766952211,-0.2996236181936407
Olabisi Johnson,WR,MIN,00-0035006,2019,247,Rounds 4-7,FALSE,0.18728571428571428,0.29263392857142856,0.003,0.079,0.08896071428571428,0,0.08896071428571428,0.09730486269736524,-3.823139033302942,-0.6228278656929864
DeMarcus Walker,EDGE,DEN,00-0033782,2017,51,Round 2,FALSE,0.16102941176470584,0.26441611127209497,0,0.091,0.09624746450304257,0.008,0.10424746450304256,0.09546707896156542,-1.9473356770209531,-0.00936591860581865
Jaylen Samuels,TE,PIT,00-0034331,2018,165,Rounds 4-7,FALSE,0.16623188405797104,0.3112956630299083,0.004,0.048,0.054788036693263854,0.001,0.055788036693263855,0.0952196530314601,-2.3689887502760683,-0.586867207426399
Corey Lemonier,EDGE,SFO,00-0030518,2013,88,Round 3,FALSE,0.17852941176470588,0.2931517434560031,0.006,0.091,0.09967159277504103,0.005,0.10467159277504104,0.09475130805802658,-2.5109073453087567,-0.29680159176202814
Dwayne Haskins,QB,WAS,00-0035232,2019,15,Late 1st,FALSE,0.1942857142857143,0.31235645383555355,0.019,0.146,0.1586770785484612,0.012,0.1706770785484612,0.08911047743441432,-0.8862273441397667,-0.014648650169409413
Hjalte Froholdt,IOL,NWE,00-0035258,2019,118,Rounds 4-7,FALSE,0.13757142857142857,0.18416523235800344,0.004,0.051,0.034623063683304645,0.023,0.057623063683304644,0.0886347979508738,-2.4541091296547317,-0.6606857915206148
Matt Jones,RB,WAS,00-0031939,2015,95,Round 3,FALSE,0.12779411764705884,0.3021137533027396,0.005,0.06,0.0664650257266027,0.004,0.07046502572660271,0.08776750163100028,-2.0095141915817347,0.0018317536535283545
Cole Van Lanen,OT,GNB,00-0036655,2021,214,Rounds 4-7,FALSE,0.0701388888888889,0.09608066971080671,0,0.08149999999999999,0.03132229832572298,0.061,0.09232229832572297,0.08773155615580985,-3.1707480263226144,-0.4449332397639939
Richie James,WR,SFO,00-0034286,2018,240,Rounds 4-7,FALSE,0.17666666666666667,0.2760416666666667,0.004,0.079,0.0828125,0.005,0.0878125,0.08608811355530616,-3.823139033302942,-0.6228278656929864
Greg Salas,WR,LA,00-0028050,2011,112,Rounds 4-7,FALSE,0.1788235294117647,0.2794117647058823,0.005,0.079,0.08270588235294116,0.005,0.08770588235294116,0.08504658026656844,-3.823139033302942,-0.6228278656929864
Bruce Ellington,WR,SFO,00-0031326,2014,106,Rounds 4-7,FALSE,0.17426470588235296,0.2722886029411765,0.005,0.079,0.08059742647058825,0.006999999999999999,0.08759742647058824,0.08398708950733565,-3.823139033302942,-0.6228278656929864
Jordan Wilkins,RB,IND,00-0034400,2018,169,Rounds 4-7,FALSE,0.1159420289855072,0.27409463117141186,0.004,0.06,0.061397197382396254,0.005,0.06639719738239626,0.08380065899155466,-5.507493653254559,-0.7649141963140151
Cody Core,WR,CIN,00-0032795,2016,199,Rounds 4-7,FALSE,0.1651470588235294,0.25804227941176466,0.004,0.079,0.0774126838235294,0.01,0.08741268382352939,0.08218236372254015,-3.823139033302942,-0.6228278656929864
Willie Henry,DL,BAL,00-0032409,2016,132,Rounds 4-7,FALSE,0.1475,0.27416356877323417,0.004,0.075,0.0778624535315985,0.005,0.0828624535315985,0.08202833782499919,-3.7779540498924526,-0.695540700768399
Junior Hemingway,WR,KAN,00-0029311,2012,238,Rounds 4-7,FALSE,0.17784313725490195,0.27787990196078427,0.004,0.079,0.08336397058823528,0.004,0.08736397058823528,0.08170649075441014,-3.823139033302942,-0.6228278656929864
Tre Mason,RB,LA,00-0031391,2014,75,Round 3,FALSE,0.13647058823529412,0.3226255041023502,0.006,0.06,0.06968710888610764,0,0.06968710888610764,0.08124331149992663,-2.0095141915817347,0.0018317536535283545
Kemoko Turay,EDGE,IND,00-0034354,2018,52,Round 2,FALSE,0.18536231884057974,0.3043716237119536,0.006999999999999999,0.091,0.1022688655672164,0,0.1022688655672164,0.08120842132965382,-1.9473356770209531,-0.00936591860581865
Montravius Adams,DL,GNB,00-0033929,2017,93,Round 3,FALSE,0.13867647058823526,0.25776295648370867,0.005,0.075,0.07217362781543842,0.012,0.08417362781543841,0.0806389841332065,-1.6980155086877986,-0.2673590110726486
Colin Jones,CB,SFO,00-0028128,2011,190,Rounds 4-7,FALSE,0.19176470588235292,0.27711662699761985,0,0.08199999999999999,0.0908942536552193,0,0.0908942536552193,0.08051370269067497,-4.672744495348817,-0.6021907924538343
Damontre Moore,EDGE,NYG,00-0030069,2013,81,Round 3,FALSE,0.1742647058823529,0.2861489423355549,0.006,0.091,0.09729064039408865,0.005,0.10229064039408865,0.07825005935707306,-2.5109073453087567,-0.29680159176202814
Trysten Hill,DL,DAL,00-0035247,2019,58,Round 2,FALSE,0.15457142857142855,0.28730748805098244,0.006,0.075,0.07929686670207114,0.005,0.08429686670207115,0.07678109373660945,-1.5305933950960025,-0.22864968299216984
Bishop Sankey,RB,TEN,00-0031413,2014,54,Round 2,FALSE,0.1277941176470588,0.3021137533027395,0.006999999999999999,0.06,0.06404811570018076,0.004,0.06804811570018077,0.07503080855621543,-1.5069658434565287,-0.4735968759125675
Joe Webb,WR,MIN,00-0027796,2010,199,Rounds 4-7,FALSE,0.17529411764705885,0.27389705882352944,0,0.079,0.0865514705882353,0,0.0865514705882353,0.07376928879541048,-3.823139033302942,-0.6228278656929864
Jalen Mayfield,IOL,ATL,00-0036947,2021,68,Round 3,FALSE,0.2288888888888889,0.30641082849918194,0.006999999999999999,0.051,0.05392830581585602,0.004,0.05792830581585602,0.07342966489625964,-1.1210940108268708,-0.4767011195371987
Jayron Kearse,S,MIN,00-0032454,2016,244,Rounds 4-7,FALSE,0.12970588235294117,0.18166089965397925,0.004,0.053,0.035605536332179936,0.024,0.05960553633217994,0.07342449388447789,-2.184659545441944,-0.5511731411824057
Teagan Quitoriano,TE,HOU,00-0037277,2022,170,Rounds 4-7,FALSE,0.1551388888888888,0.2905222638368704,0.005,0.048,0.04996982937994172,0.004,0.053969829379941714,0.07298952285455133,-2.3689887502760683,-0.586867207426399
Josh Huff,WR,PHI,00-0030990,2014,86,Round 3,FALSE,0.18544117647058828,0.28975183823529416,0.005,0.079,0.08576654411764707,0.004,0.08976654411764708,0.07128689887998864,-1.4782442291920619,-0.03988217399875301
Kenyon Green,IOL,HOU,00-0037613,2022,15,Late 1st,FALSE,0.30277777777777776,0.405325003718578,0.019,0.051,0.051881600475977986,0.004,0.05588160047597798,0.06805153053286322,-0.09175270156213973,-0.7109611026659682
A.J. Derby,TE,NWE,00-0031609,2015,202,Rounds 4-7,FALSE,0.1501470588235294,0.2811742674597929,0.004,0.048,0.049486671072923545,0.004,0.05348667107292354,0.06708223605487172,-2.3689887502760683,-0.586867207426399
Chuma Edoga,OT,NYJ,00-0035698,2019,92,Round 3,FALSE,0.18442857142857144,0.25264187866927595,0.005,0.08149999999999999,0.07730841487279842,0.013000000000000001,0.09030841487279842,0.06605802372749933,-1.9161133628566525,-0.13046393182271215
Phil Haynes,IOL,SEA,00-0035141,2019,124,Rounds 4-7,FALSE,0.1507142857142857,0.20175941862688848,0.004,0.051,0.037930770701855035,0.018000000000000002,0.05593077070185504,0.06598726598427407,-2.4541091296547317,-0.6606857915206148
Jonathan Newsome,LB,IND,00-0030995,2014,166,Rounds 4-7,FALSE,0.1864705882352941,0.2694661679700782,0,0.061,0.06574974498469909,0,0.06574974498469909,0.06268269146486456,-3.875277998195149,-0.8050209414767096
Jason Fox,OT,DET,00-0027728,2010,128,Rounds 4-7,FALSE,0.17941176470588235,0.24576954069298954,0,0.08149999999999999,0.08012087026591458,0.009000000000000001,0.08912087026591459,0.061779003642977365,-3.1707480263226144,-0.4449332397639939
Trent Richardson,RB,CLE,00-0029675,2012,3,Top 10,FALSE,0.31078431372549026,0.7347146896583694,0.042,0.06,0.05289945765540258,0.013000000000000001,0.06589945765540259,0.06051809730288071,-0.2700697770397672,-0.6154948556750087
Taywan Taylor,WR,TEN,00-0033911,2017,72,Round 3,FALSE,0.18220588235294116,0.28469669117647056,0.006,0.079,0.0831314338235294,0.005,0.0881314338235294,0.06046058907057243,-1.4782442291920619,-0.03988217399875301
Shilique Calhoun,EDGE,LV,00-0033122,2016,75,Round 3,FALSE,0.1527941176470588,0.2508934608326089,0,0.091,0.09132521974306963,0.008,0.09932521974306963,0.05769813901760157,-2.5109073453087567,-0.29680159176202814
Mason Rudolph,QB,PIT,00-0034771,2018,76,Round 3,FALSE,0.15028985507246378,0.24162356120974884,0.006,0.146,0.13530919427745933,0.027000000000000003,0.16230919427745932,0.0566306067982758,-2.222491526527487,-0.2043169834643365
Landon Young,OT,NOR,00-0036930,2021,206,Rounds 4-7,FALSE,0.19194444444444445,0.262937595129376,0.005,0.08149999999999999,0.08045890410958903,0.008,0.08845890410958904,0.05641273861599282,-3.1707480263226144,-0.4449332397639939
Robert Nkemdiche,DL,ARI,00-0032761,2016,29,Late 1st,FALSE,0.16602941176470584,0.3086048545812376,0.013999999999999999,0.075,0.07529958451782197,0.005,0.08029958451782197,0.05462235580028617,-0.5579535424283915,0.23099991956812158
Troy Niklas,TE,ARI,00-0031044,2014,52,Round 2,FALSE,0.1564705882352941,0.2930160828376294,0.008,0.048,0.04688257325402071,0.005,0.05188257325402071,0.05303420604149174,-0.36078026178736594,-0.6556584315197126
Kamu Grugier-Hill,EDGE,NWE,00-0032437,2016,208,Rounds 4-7,FALSE,0.16294117647058826,0.2675552979812615,0,0.091,0.09739012846517918,0,0.09739012846517918,0.05262097156850449,-3.8204197934098256,-0.6044285050354133
Darren Hall,CB,ATL,00-0036956,2021,108,Rounds 4-7,FALSE,0.19069444444444442,0.27557000642260754,0.006,0.08199999999999999,0.08377328195247268,0.004,0.08777328195247268,0.052261642706586814,-4.672744495348817,-0.6021907924538343
Keith Taylor,CB,CAR,00-0036561,2021,166,Rounds 4-7,FALSE,0.18763888888888886,0.27115446371226715,0.005,0.08199999999999999,0.08351557482337826,0.004,0.08751557482337827,0.04992879320875414,-4.672744495348817,-0.6021907924538343
Michael Ojemudia,CB,DEN,00-0036390,2020,77,Round 3,FALSE,0.19225352112676058,0.2778230074086136,0.006,0.08199999999999999,0.08445819425221851,0.004,0.08845819425221851,0.04766096118184589,-2.986769766952211,-0.2996236181936407
Tommy Togiai,DL,CLE,00-0036883,2021,132,Rounds 4-7,FALSE,0.13541666666666663,0.2517038413878562,0.006,0.075,0.0694702602230483,0.01,0.07947026022304829,0.04663786110381126,-3.7779540498924526,-0.695540700768399
Mike Gillislee,RB,MIA,00-0030433,2013,164,Rounds 4-7,FALSE,0.08558823529411766,0.20233625365039637,0.005,0.06,0.0445139758030872,0.019,0.0635139758030872,0.04603164016627243,-5.507493653254559,-0.7649141963140151
Scott Quessenberry,IOL,LAC,00-0034392,2018,155,Rounds 4-7,FALSE,0.17999999999999997,0.2409638554216867,0.004,0.051,0.045301204819277095,0.009000000000000001,0.054301204819277096,0.044179195028527934,-2.4541091296547317,-0.6606857915206148
Le'Raven Clark,OT,IND,00-0033065,2016,82,Round 3,FALSE,0.1941176470588235,0.265914585012087,0.005,0.08149999999999999,0.0813698630136986,0.006,0.0873698630136986,0.04402058211784537,-1.9161133628566525,-0.13046393182271215
O'Brien Schofield,EDGE,ARI,00-0027730,2010,130,Rounds 4-7,FALSE,0.16117647058823528,0.26465758717280014,0,0.091,0.09633536173089925,0,0.09633536173089925,0.04393525411565637,-3.8204197934098256,-0.6044285050354133
Jalen Collins,CB,ATL,00-0031552,2015,42,Round 2,FALSE,0.1983823529411765,0.286679700782047,0.009000000000000001,0.08199999999999999,0.08371047262835771,0.004,0.08771047262835771,0.042534336618335035,-1.8987142572552127,-0.038091475434602076
Montee Ball,RB,DEN,00-0030522,2013,58,Round 2,FALSE,0.12029411764705882,0.2843832568488388,0.006999999999999999,0.06,0.060289250451953824,0.004,0.06428925045195383,0.03998773644655478,-1.5069658434565287,-0.4735968759125675
David Morgan,TE,MIN,00-0032430,2016,188,Rounds 4-7,FALSE,0.15544117647058825,0.2910883454505398,0.004,0.048,0.051231548799295,0,0.051231548799295,0.039510208739674764,-2.3689887502760683,-0.586867207426399
Matt Peart,OT,NYG,00-0036392,2020,99,Round 3,FALSE,0.17563380281690144,0.24059425043411156,0.005,0.08149999999999999,0.07362184063283812,0.013000000000000001,0.08662184063283812,0.038410846325747754,-1.9161133628566525,-0.13046393182271215
Larrell Murchison,DL,TEN,00-0036237,2020,174,Rounds 4-7,FALSE,0.14704225352112676,0.2733127388868527,0.005,0.075,0.07652756688831874,0.002,0.07852756688831874,0.03680281826180305,-3.7779540498924526,-0.695540700768399
MyCole Pruitt,TE,MIN,00-0031585,2015,143,Rounds 4-7,FALSE,0.115,0.2153558052434457,0.004,0.048,0.03790262172284644,0.013000000000000001,0.050902621722846444,0.035488614681293655,-2.3689887502760683,-0.586867207426399
Jermaine Eluemunor,IOL,BAL,00-0033290,2017,159,Rounds 4-7,FALSE,0.1686764705882353,0.22580518151035514,0.004,0.051,0.04245137412394677,0.011000000000000001,0.05345137412394677,0.03280612426024719,-2.4541091296547317,-0.6606857915206148
Ryan Glasgow,DL,CIN,00-0033786,2017,138,Rounds 4-7,FALSE,0.1383823529411765,0.2572162694073913,0.004,0.075,0.07304942051169912,0.005,0.07804942051169912,0.03181435602752392,-3.7779540498924526,-0.695540700768399
Denard Robinson,WR,JAX,00-0030547,2013,135,Rounds 4-7,FALSE,0.1777941176470588,0.2778033088235294,0.005,0.079,0.0822297794117647,0,0.0822297794117647,0.03155127566054909,-3.823139033302942,-0.6228278656929864
Kendall Hunter,RB,SFO,00-0028053,2011,115,Rounds 4-7,FALSE,0.10647058823529411,0.2517035182867473,0.005,0.06,0.05537477402308441,0.006999999999999999,0.06237477402308441,0.031108564609578292,-5.507493653254559,-0.7649141963140151
Jalen Reeves-Maybin,LB,DET,00-0033557,2017,124,Rounds 4-7,FALSE,0.13999999999999996,0.20231213872832365,0.005,0.061,0.0453179190751445,0.018000000000000002,0.0633179190751445,0.030589727805568064,-3.875277998195149,-0.8050209414767096
Jonathan Cooper,IOL,ARI,00-0030590,2013,7,Top 10,FALSE,0.2223529411764706,0.297661233167966,0.03,0.051,0.02500354358610914,0.027999999999999997,0.053003543586109134,0.02706422065515746,0.14416946758625349,-0.6889170083359715
Braxton Miller,WR,HOU,00-0033069,2016,85,Round 3,FALSE,0.1729411764705882,0.27022058823529405,0.005,0.079,0.07998529411764703,0.003,0.08298529411764703,0.026387228405636683,-1.4782442291920619,-0.03988217399875301
Troy Andersen,LB,ATL,00-0037810,2022,58,Round 2,FALSE,0.19111111111111112,0.2761721258831086,0.006999999999999999,0.061,0.05965317919075145,0.004,0.06365317919075145,0.025366427397176344,-0.9272530653358044,-0.35150887120124186
Senio Kelemete,IOL,ARI,00-0029546,2012,151,Rounds 4-7,FALSE,0.12117647058823529,0.16221749744074335,0.005,0.051,0.029848019529096777,0.023,0.052848019529096776,0.024731581244441976,-2.4541091296547317,-0.6606857915206148
Vince Biegel,LB,GNB,00-0033939,2017,108,Rounds 4-7,FALSE,0.15999999999999998,0.23121387283236994,0.005,0.061,0.05179190751445087,0.011000000000000001,0.06279190751445086,0.023647919251187324,-3.875277998195149,-0.8050209414767096
T.J. Green,S,IND,00-0033059,2016,57,Round 2,FALSE,0.19323529411764703,0.2706376668314384,0.006999999999999999,0.053,0.049797330696984665,0.005,0.05479733069698466,0.02216083068305443,-0.6092327658489395,-0.6534824271194798
Justin Herron,OT,NWE,00-0036163,2020,195,Rounds 4-7,FALSE,0.18859154929577462,0.2583445880764036,0.004,0.08149999999999999,0.08008682230368509,0.004,0.0840868223036851,0.02097021717294882,-3.1707480263226144,-0.4449332397639939
Leonard Hankerson,WR,WAS,00-0028017,2011,79,Round 3,FALSE,0.16441176470588237,0.2568933823529412,0.006,0.079,0.07501286764705882,0.006999999999999999,0.08201286764705881,0.019948647304814875,-1.4782442291920619,-0.03988217399875301
Terrell Lewis,LB,LA,00-0036419,2020,84,Round 3,FALSE,0.17943661971830988,0.2593014735813727,0,0.061,0.06326955955385494,0,0.06326955955385494,0.01871472604247764,-1.5009104241941897,-0.26024197516630576
Ty Chandler,RB,MIN,00-0037276,2022,169,Rounds 4-7,FALSE,0.11041666666666664,0.2610323089046493,0.005,0.06,0.057427107959022845,0.004,0.06142710795902284,0.018694528286293078,-5.507493653254559,-0.7649141963140151
Trent Robinson,CB,SFO,00-0029297,2012,180,Rounds 4-7,FALSE,0.17705882352941174,0.25586535192111526,0,0.08199999999999999,0.0839238354301258,0,0.0839238354301258,0.0174151896102087,-4.672744495348817,-0.6021907924538343
Julian Okwara,EDGE,DET,00-0036249,2020,67,Round 3,FALSE,0.15816901408450706,0.2597192349499295,0.006,0.091,0.08830453988297601,0.005,0.09330453988297602,0.01597167001510648,-2.5109073453087567,-0.29680159176202814
KJ Hamler,WR,DEN,00-0036412,2020,46,Round 2,FALSE,0.17633802816901406,0.27552816901408445,0.009000000000000001,0.079,0.07714788732394365,0.004,0.08114788732394365,0.015503006515196163,-1.0961314210494868,0.22664173323619316
Bryce Brown,RB,PHI,00-0029429,2012,229,Rounds 4-7,FALSE,0.10588235294117646,0.2503128911138923,0.004,0.06,0.056070087609511876,0.005,0.061070087609511874,0.01401770830185054,-5.507493653254559,-0.7649141963140151
Mike Harris,CB,JAX,00-0029610,2012,176,Rounds 4-7,FALSE,0.17627450980392156,0.2547319505837017,0.005,0.08199999999999999,0.0784574407797801,0.005,0.08345744077978011,0.013193232190271797,-4.672744495348817,-0.6021907924538343
Bailey Zappe,QB,NWE,00-0038108,2022,137,Rounds 4-7,FALSE,0.1590277777777778,0.255671668453019,0.005,0.146,0.1441988210075027,0.004,0.1481988210075027,0.012461934206003696,-3.4396236727931813,-0.7312011414982981
Corey Nelson,LB,DEN,00-0031350,2014,242,Rounds 4-7,FALSE,0.16058823529411764,0.23206392383543015,0.004,0.061,0.05291057463447807,0.009000000000000001,0.06191057463447807,0.012016912287415539,-3.875277998195149,-0.8050209414767096
Hroniss Grasu,IOL,CHI,00-0031561,2015,71,Round 3,FALSE,0.19514705882352942,0.26124104260177966,0.006,0.051,0.047023387668320336,0.005,0.052023387668320334,0.010846376522777972,-1.1210940108268708,-0.4767011195371987
Marvin Austin,DL,NYG,00-0027990,2011,52,Round 2,FALSE,0.1429411764705882,0.26568991909031264,0.008,0.075,0.07120489831620379,0.005,0.07620489831620379,0.009951031194081377,-1.5305933950960025,-0.22864968299216984
Brett Hundley,QB,GNB,00-0031589,2015,147,Rounds 4-7,FALSE,0.15073529411764705,0.2423397011537734,0.004,0.146,0.13764895025534327,0.01,0.14764895025534328,0.009345512672902583,-3.4396236727931813,-0.7312011414982981
Aaron Dobson,WR,NWE,00-0030540,2013,59,Round 2,FALSE,0.1691176470588236,0.26424632352941185,0.006999999999999999,0.079,0.07610294117647062,0.004,0.08010294117647063,0.007960801320484361,-1.0961314210494868,0.22664173323619316
Stephen Hill,WR,NYJ,00-0028995,2012,43,Round 2,FALSE,0.176078431372549,0.2751225490196078,0.01,0.079,0.07593382352941176,0.004,0.07993382352941177,0.006740145118009862,-1.0961314210494868,0.22664173323619316
Greg Little,OT,CAR,00-0035694,2019,37,Round 2,FALSE,0.19771428571428573,0.2708414872798435,0.01,0.08149999999999999,0.07746066536203523,0.005,0.08246066536203524,0.006225457451576533,-1.2393656537891447,0.4683486650469865
Marqui Christian,S,ARI,00-0032786,2016,167,Rounds 4-7,FALSE,0.1732352941176471,0.2426264623496458,0.004,0.053,0.04755478662053058,0.006,0.05355478662053058,0.006166785674600097,-2.184659545441944,-0.5511731411824057
Jamarco Jones,OT,SEA,00-0034729,2018,168,Rounds 4-7,FALSE,0.16536231884057973,0.2265237244391503,0.004,0.08149999999999999,0.07022235457613658,0.012,0.08222235457613658,0.005855807071045597,-3.1707480263226144,-0.4449332397639939
Rex Burkhead,RB,CIN,00-0030288,2013,190,Rounds 4-7,FALSE,0.07955882352941177,0.18808232512863302,0.005,0.06,0.04137811152829926,0.019,0.060378111528299264,0.00495310576643696,-5.507493653254559,-0.7649141963140151
Andrew Tiller,IOL,NOR,00-0029661,2012,179,Rounds 4-7,FALSE,0.19176470588235298,0.25671312701787546,0.005,0.051,0.04723521537128909,0.004,0.05123521537128908,0.003147828241739856,-2.4541091296547317,-0.6606857915206148
Sione Fua,DL,CAR,00-0028035,2011,97,Round 3,FALSE,0.135,0.25092936802973975,0.005,0.075,0.07026022304832712,0.005,0.07526022304832712,0.0022874398969872237,-1.6980155086877986,-0.2673590110726486
Shelby Harris,EDGE,LV,00-0031270,2014,235,Rounds 4-7,FALSE,0.1525,0.2504105090311987,0.004,0.091,0.08714285714285715,0.004,0.09114285714285715,0.001176389753916041,-3.8204197934098256,-0.6044285050354133
Clayton Fejedelem,S,CIN,00-0032807,2016,245,Rounds 4-7,FALSE,0.14220588235294115,0.19916790245509966,0.004,0.053,0.03903690888119953,0.013999999999999999,0.05303690888119953,4.102643276240401e-4,-2.184659545441944,-0.5511731411824057
Paul Perkins,RB,NYG,00-0032417,2016,149,Rounds 4-7,FALSE,0.10382352941176469,0.24544569600889998,0.004,0.06,0.05497983590599359,0.005,0.05997983590599359,-0.00026414135201685075,-5.507493653254559,-0.7649141963140151
Nate Palmer,LB,GNB,00-0030104,2013,193,Rounds 4-7,FALSE,0.16573529411764706,0.23950187011220675,0.005,0.061,0.05364841890513431,0.006999999999999999,0.06064841890513431,-0.004639838426134242,-3.875277998195149,-0.8050209414767096
Carl Davis,DL,BAL,00-0031938,2015,90,Round 3,FALSE,0.12191176470588237,0.22660179313361034,0.005,0.075,0.06344850207741089,0.011000000000000001,0.07444850207741088,-0.004847834806892541,-1.6980155086877986,-0.2673590110726486
Jake Fisher,OT,CIN,00-0032196,2015,53,Round 2,FALSE,0.19779411764705876,0.2709508460918613,0.006999999999999999,0.08149999999999999,0.08074335213537466,0,0.08074335213537466,-0.0049033506080324255,-1.2393656537891447,0.4683486650469865
Ryan Russell,EDGE,DAL,00-0031948,2015,163,Rounds 4-7,FALSE,0.15088235294117647,0.24775427412344248,0.004,0.091,0.08621848739495798,0.004,0.09021848739495798,-0.006435543947893166,-3.8204197934098256,-0.6044285050354133
Khaled Holmes,IOL,IND,00-0030075,2013,121,Rounds 4-7,FALSE,0.1885294117647059,0.25238207732892354,0.005,0.051,0.04643830222852193,0.004,0.05043830222852193,-0.007517060210354716,-2.4541091296547317,-0.6606857915206148
Leterrius Walton,DL,PIT,00-0031607,2015,199,Rounds 4-7,FALSE,0.13294117647058826,0.24710255849551718,0.004,0.075,0.07017712661272688,0.004,0.07417712661272688,-0.008584971081503814,-3.7779540498924526,-0.695540700768399
Solomon Kindley,IOL,MIA,00-0036131,2020,111,Rounds 4-7,FALSE,0.18816901408450706,0.2518996172483361,0.005,0.051,0.04634952957369384,0.004,0.050349529573693846,-0.008705082355466217,-2.4541091296547317,-0.6606857915206148
Jason Spriggs,OT,GNB,00-0032766,2016,48,Round 2,FALSE,0.1864705882352941,0.25543916196615635,0.008,0.08149999999999999,0.07509911361804995,0.005,0.08009911361804996,-0.009078248170462211,-1.2393656537891447,0.4683486650469865
Chris Gragg,TE,BUF,00-0030049,2013,222,Rounds 4-7,FALSE,0.13426470588235295,0.25143203348755233,0.005,0.048,0.043246309759859006,0.004,0.04724630975985901,-0.009214918468668247,-2.3689887502760683,-0.586867207426399
Frank Kearse,DL,MIA,00-0028169,2011,231,Rounds 4-7,FALSE,0.13088235294117648,0.24327574896129456,0.004,0.075,0.06909031270500765,0.005,0.07409031270500765,-0.00949069351556099,-3.7779540498924526,-0.695540700768399
Michael Dogbe,EDGE,ARI,00-0035541,2019,249,Rounds 4-7,FALSE,0.15028571428571424,0.24677457189772453,0,0.091,0.08982594417077172,0,0.08982594417077172,-0.00966803073620614,-3.8204197934098256,-0.6044285050354133
Eric Johnson,DL,IND,00-0037269,2022,159,Rounds 4-7,FALSE,0.14222222222222222,0.26435357290375877,0.005,0.075,0.07401900041305245,0,0.07401900041305245,-0.010234688853920317,-3.7779540498924526,-0.695540700768399
Taylor Mays,CB,SFO,00-0027887,2010,49,Round 2,FALSE,0.16999999999999998,0.24566473988439305,0,0.08199999999999999,0.08057803468208091,0,0.08057803468208091,-0.010591479099578836,-1.8987142572552127,-0.038091475434602076
Kendell Beckwith,LB,TAM,00-0033938,2017,107,Rounds 4-7,FALSE,0.1858823529411765,0.2686161169670181,0.005,0.061,0.06017001020061205,0,0.06017001020061205,-0.010953429011792642,-3.875277998195149,-0.8050209414767096
David Bell,WR,CLE,00-0037257,2022,99,Round 3,FALSE,0.15847222222222218,0.24761284722222215,0.006,0.079,0.07230295138888887,0.005,0.07730295138888887,-0.011236412669912736,-1.4782442291920619,-0.03988217399875301
Cody Kessler,QB,CLE,00-0033104,2016,93,Round 3,FALSE,0.15191176470588236,0.24423113296765653,0.005,0.146,0.13774635899375826,0.005,0.14274635899375826,-0.011297655871441704,-2.222491526527487,-0.2043169834643365
Jonathan Garvin,EDGE,GNB,00-0036239,2020,242,Rounds 4-7,FALSE,0.14929577464788732,0.2451490552510465,0.004,0.091,0.08531187122736418,0.004,0.08931187122736418,-0.013901281739936454,-3.8204197934098256,-0.6044285050354133
Lano Hill,S,SEA,00-0033931,2017,95,Round 3,FALSE,0.1742647058823529,0.24406821552150268,0,0.053,0.051742461690558565,0,0.051742461690558565,-0.015899799485367516,-0.9517824670434979,-0.6701102991437132
Justin Skule,OT,SFO,00-0034989,2019,183,Rounds 4-7,FALSE,0.1701428571428571,0.23307240704500973,0.004,0.08149999999999999,0.072252446183953,0.006999999999999999,0.079252446183953,-0.01821991853219023,-3.1707480263226144,-0.4449332397639939
Deon Bush,S,CHI,00-0032774,2016,124,Rounds 4-7,FALSE,0.16117647058823528,0.22573735376503543,0.005,0.053,0.043341571922886804,0.008,0.051341571922886804,-0.018434421685431596,-2.184659545441944,-0.5511731411824057
Ibraheim Campbell,S,CLE,00-0032198,2015,115,Rounds 4-7,FALSE,0.17220588235294118,0.24118470917778878,0.005,0.053,0.046307464162135444,0.005,0.05130746416213544,-0.018813549881048563,-2.184659545441944,-0.5511731411824057
Jacques McClendon,IOL,IND,00-0027729,2010,129,Rounds 4-7,FALSE,0.16294117647058823,0.21812741160721316,0,0.051,0.044497991967871485,0.005,0.04949799196787148,-0.020100996278186734,-2.4541091296547317,-0.6606857915206148
Jordan Thomas,TE,HOU,00-0034420,2018,211,Rounds 4-7,FALSE,0.1252173913043478,0.23448949682462136,0.004,0.048,0.04127015144113336,0.005,0.046270151441133354,-0.021149820687763533,-2.3689887502760683,-0.586867207426399
Amini Silatolu,IOL,CAR,00-0029254,2012,40,Round 2,FALSE,0.2256862745098039,0.3021235267868861,0.01,0.051,0.04954825839304931,0,0.04954825839304931,-0.021557157372446123,-0.22501695252083553,-0.7573076508456783
Ko Kieft,TE,TAM,00-0037311,2022,218,Rounds 4-7,FALSE,0.1276388888888889,0.23902413649604665,0.005,0.048,0.04111215147732002,0.005,0.04611215147732002,-0.0230815914697761,-2.3689887502760683,-0.586867207426399
Hunter Long,TE,MIA,00-0037004,2021,81,Round 3,FALSE,0.11999999999999998,0.22471910112359547,0.006999999999999999,0.048,0.03685393258426966,0.009000000000000001,0.04585393258426966,-0.024036366437344917,-0.9835958778133722,-0.5376092011535986
Byron Stingily,OT,TEN,00-0028113,2011,175,Rounds 4-7,FALSE,0.17294117647058824,0.23690572119258663,0.004,0.08149999999999999,0.07344077356970184,0.005,0.07844077356970185,-0.02479978718800559,-3.1707480263226144,-0.4449332397639939
Maurice Canady,CB,BAL,00-0032438,2016,209,Rounds 4-7,FALSE,0.1622058823529412,0.2344015640938457,0.004,0.08199999999999999,0.07313328799727985,0.006,0.07913328799727985,-0.025950417745434454,-4.672744495348817,-0.6021907924538343
Pharoh Cooper,WR,LA,00-0033111,2016,117,Rounds 4-7,FALSE,0.15205882352941175,0.23759191176470584,0.005,0.079,0.07032720588235293,0.006,0.07632720588235294,-0.026110162100420404,-3.823139033302942,-0.6228278656929864
Theo Jackson,CB,TEN,00-0037301,2022,204,Rounds 4-7,FALSE,0.1665277777777778,0.24064707771355176,0,0.08199999999999999,0.07893224149004496,0,0.07893224149004496,-0.02777035670130285,-4.672744495348817,-0.6021907924538343
JJ Arcega-Whiteside,WR,PHI,00-0035246,2019,57,Round 2,FALSE,0.15785714285714292,0.2466517857142858,0.006999999999999999,0.079,0.07103571428571433,0.004,0.07503571428571433,-0.028613394460482493,-1.0961314210494868,0.22664173323619316
Wes Martin,IOL,WAS,00-0035263,2019,131,Rounds 4-7,FALSE,0.17385714285714285,0.23274048575253395,0.004,0.051,0.04375521132147638,0.005,0.04875521132147638,-0.03004144312622303,-2.4541091296547317,-0.6606857915206148
Eyioma Uwazurike,EDGE,DEN,00-0038106,2022,116,Rounds 4-7,FALSE,0.1459722222222222,0.23969166210545517,0,0.091,0.08724776500638567,0,0.08724776500638567,-0.030898635605409605,-3.8204197934098256,-0.6044285050354133
Jerrell Powe,DL,KAN,00-0028137,2011,199,Rounds 4-7,FALSE,0.1285294117647059,0.23890225235075443,0.005,0.075,0.06689263065821123,0.005,0.07189263065821123,-0.03241893145579865,-3.7779540498924526,-0.695540700768399
Alex Armah,RB,CAR,00-0033296,2017,192,Rounds 4-7,FALSE,0.09720588235294113,0.22980114031428164,0.004,0.06,0.05147545543039908,0.006,0.05747545543039908,-0.03307049727248875,-5.507493653254559,-0.7649141963140151
James Lynch,DL,MIN,00-0036337,2020,130,Rounds 4-7,FALSE,0.13028169014084506,0.24215927535473059,0.005,0.075,0.06780459709932456,0.004,0.07180459709932456,-0.03333737841122694,-3.7779540498924526,-0.695540700768399
Dennis Kelly,OT,PHI,00-0029419,2012,153,Rounds 4-7,FALSE,0.16274509803921566,0.222938490464679,0.005,0.08149999999999999,0.06821917808219176,0.009000000000000001,0.07721917808219175,-0.03470271814468073,-3.1707480263226144,-0.4449332397639939
Sheldrick Redwine,S,CLE,00-0034977,2019,119,Rounds 4-7,FALSE,0.1597142857142857,0.22368947579031612,0.004,0.053,0.04384313725490196,0.006,0.049843137254901956,-0.03509042077209986,-2.184659545441944,-0.5511731411824057
Trevin Wade,CB,CLE,00-0029314,2012,245,Rounds 4-7,FALSE,0.16215686274509802,0.23433072651025727,0.004,0.08199999999999999,0.07311118667120026,0.005,0.07811118667120026,-0.03520281434640453,-4.672744495348817,-0.6021907924538343
Ed Reynolds,CB,PHI,00-0031312,2014,162,Rounds 4-7,FALSE,0.16411764705882353,0.23716422985379126,0,0.08199999999999999,0.07778986739204352,0,0.07778986739204352,-0.038111501900601544,-4.672744495348817,-0.6021907924538343
Marquel Lee,LB,LV,00-0033956,2017,168,Rounds 4-7,FALSE,0.15705882352941178,0.22696361781706906,0.004,0.061,0.051747704862291743,0.006,0.05774770486229174,-0.04292074907734468,-3.875277998195149,-0.8050209414767096
Connor McGovern,IOL,DAL,00-0035679,2019,90,Round 3,FALSE,0.4341428571428571,0.5811818703384968,0.045,0.051,0.01394836488812392,0.033,0.04694836488812392,-0.04294126391853286,-1.1210940108268708,-0.4767011195371987
T.J. Jones,WR,DET,00-0031189,2014,189,Rounds 4-7,FALSE,0.13558823529411768,0.21185661764705888,0.004,0.079,0.06355698529411766,0.011000000000000001,0.07455698529411765,-0.043403206187562514,-3.823139033302942,-0.6228278656929864
Lynn Bowden Jr.,WR,LV,00-0036364,2020,80,Round 3,FALSE,0.137887323943662,0.21544894366197184,0,0.079,0.06808186619718311,0.004,0.07208186619718311,-0.045805998605559686,-1.4782442291920619,-0.03988217399875301
Hayes Pullard,LB,CLE,00-0032171,2015,219,Rounds 4-7,FALSE,0.1623529411764706,0.2346140768446107,0.004,0.061,0.05349200952057123,0.004,0.057492009520571236,-0.04629517702362421,-3.875277998195149,-0.8050209414767096
Tank Carradine,EDGE,SFO,00-0030457,2013,40,Round 2,FALSE,0.12470588235294118,0.204771563797933,0.01,0.091,0.0663459866705303,0.017,0.0833459866705303,-0.05515819987511843,-1.9473356770209531,-0.00936591860581865
Joshua Ezeudu,IOL,NYG,00-0037807,2022,67,Round 3,FALSE,0.15277777777777773,0.20452179086717234,0,0.051,0.041722445336903155,0.004,0.04572244533690316,-0.05593417506138364,-1.1210940108268708,-0.4767011195371987
Chad Muma,LB,JAX,00-0037811,2022,70,Round 3,FALSE,0.16083333333333333,0.23241811175337188,0.006999999999999999,0.061,0.050202312138728326,0.004,0.05420231213872832,-0.05605354828865019,-1.5009104241941897,-0.26024197516630576
Cordrea Tankersley,CB,MIA,00-0033462,2017,97,Round 3,FALSE,0.15573529411764708,0.22505100306018366,0.005,0.08199999999999999,0.06931570894253655,0.005,0.07431570894253656,-0.05670945832481871,-2.986769766952211,-0.2996236181936407
Quinton Bohanna,DL,DAL,00-0036649,2021,192,Rounds 4-7,FALSE,0.12597222222222226,0.23414911193721608,0.005,0.075,0.0655617513424205,0.004,0.0695617513424205,-0.05673680566345874,-3.7779540498924526,-0.695540700768399
DeAngelo Tyson,DL,BAL,00-0029309,2012,236,Rounds 4-7,FALSE,0.12411764705882353,0.23070194620599166,0.004,0.075,0.06551935272250163,0.004,0.06951935272250163,-0.057179147014544775,-3.7779540498924526,-0.695540700768399
Khyri Thornton,DL,GNB,00-0031172,2014,85,Round 3,FALSE,0.11235294117647059,0.20883446315329104,0.005,0.075,0.058473649682921486,0.01,0.06847364968292148,-0.05736860817276251,-1.6980155086877986,-0.2673590110726486
Eddie Vanderdoes,DL,LV,00-0033924,2017,88,Round 3,FALSE,0.12161764705882352,0.2260551060572928,0.005,0.075,0.06329542969604197,0.005,0.06829542969604198,-0.05893521616943864,-1.6980155086877986,-0.2673590110726486
Phidarian Mathis,DL,WAS,00-0038099,2022,47,Round 2,FALSE,0.12958333333333333,0.2408612143742255,0.009000000000000001,0.075,0.06358736059479554,0.004,0.06758736059479555,-0.06121961078347964,-1.5305933950960025,-0.22864968299216984
Zamir White,RB,LV,00-0038040,2022,122,Rounds 4-7,FALSE,0.10625,0.2511820330969267,0.005,0.06,0.05526004728132388,0,0.05526004728132388,-0.062091434368886464,-5.507493653254559,-0.7649141963140151
Terrence Fede,EDGE,MIA,00-0031317,2014,234,Rounds 4-7,FALSE,0.1372058823529412,0.22529701535786734,0.004,0.091,0.07840336134453783,0.005,0.08340336134453784,-0.06255625514941311,-3.8204197934098256,-0.6044285050354133
Trey Sermon,RB,SFO,00-0036984,2021,88,Round 3,FALSE,0.09638888888888887,0.2278697136853165,0.006999999999999999,0.06,0.0483083793012871,0.004,0.052308379301287095,-0.06450766102784072,-2.0095141915817347,0.0018317536535283545
Jacob Phillips,LB,CLE,00-0036276,2020,97,Round 3,FALSE,0.14774647887323944,0.21350647236017262,0.005,0.061,0.047825449808678665,0.005,0.05282544980867866,-0.06740711742558671,-1.5009104241941897,-0.26024197516630576
Jalston Fowler,RB,TEN,00-0032130,2015,108,Rounds 4-7,FALSE,0.09764705882352943,0.23084411069392302,0.005,0.06,0.050785704352663066,0.004,0.05478570435266307,-0.06830513196701658,-5.507493653254559,-0.7649141963140151
Chad Hansen,WR,NYJ,00-0033840,2017,141,Rounds 4-7,FALSE,0.14279411764705882,0.2231158088235294,0.004,0.079,0.06693474264705881,0.005,0.07193474264705882,-0.06901953784935741,-3.823139033302942,-0.6228278656929864
Jaelen Strong,WR,HOU,00-0031560,2015,70,Round 3,FALSE,0.13911764705882354,0.21737132352941177,0.006,0.079,0.06347242647058823,0.005,0.06847242647058824,-0.06970463887411545,-1.4782442291920619,-0.03988217399875301
Kurt Coleman,S,PHI,00-0027835,2010,244,Rounds 4-7,FALSE,0.052941176470588235,0.07414730598121602,0.004,0.053,0.014532871972318341,0.032,0.04653287197231834,-0.07188600265588735,-2.184659545441944,-0.5511731411824057
C.J. Wilson,EDGE,GNB,00-0027822,2010,230,Rounds 4-7,FALSE,0.11058823529411765,0.18158987733024246,0,0.091,0.06609871534820826,0.016,0.08209871534820826,-0.07329966042740028,-3.8204197934098256,-0.6044285050354133
Jeff Driskel,QB,SFO,00-0032436,2016,207,Rounds 4-7,FALSE,0.1313235294117647,0.2111310762247021,0.004,0.146,0.11992245129563078,0.013000000000000001,0.1329224512956308,-0.07411769806345045,-3.4396236727931813,-0.7312011414982981
Alex Leatherwood,IOL,LV,00-0036892,2021,17,Late 1st,FALSE,0.2506944444444444,0.335601665922951,0.02,0.051,0.04161460657444592,0.004,0.04561460657444592,-0.07507461270827412,-0.09175270156213973,-0.7109611026659682
Henry Ruggs III,WR,LV,00-0036357,2020,12,Late 1st,FALSE,0.19098591549295774,0.29841549295774644,0.021,0.079,0.06923239436619717,0,0.06923239436619717,-0.07531205851569567,-0.7067555359941448,0.12050516789925937
Zach Mettenberger,QB,TEN,00-0031266,2014,178,Rounds 4-7,FALSE,0.14529411764705882,0.23359182901456402,0.004,0.146,0.13268015888027235,0,0.13268015888027235,-0.07549090312584886,-3.4396236727931813,-0.7312011414982981
Jackson Carman,OT,CIN,00-0036865,2021,46,Round 2,FALSE,0.16791666666666666,0.2300228310502283,0.01,0.08149999999999999,0.06578652968036529,0.004,0.06978652968036529,-0.07590750532599588,-1.2393656537891447,0.4683486650469865
Bill Bentley,CB,DET,00-0029265,2012,85,Round 3,FALSE,0.15058823529411766,0.21761305678340703,0,0.08199999999999999,0.0713770826249575,0,0.0713770826249575,-0.07839628739503034,-2.986769766952211,-0.2996236181936407
Chad Williams,WR,ARI,00-0033933,2017,98,Round 3,FALSE,0.13367647058823526,0.20886948529411759,0.005,0.079,0.0618253676470588,0.005,0.0668253676470588,-0.08061006168382528,-1.4782442291920619,-0.03988217399875301
Jerrel Jernigan,WR,NYG,00-0028021,2011,83,Round 3,FALSE,0.14558823529411766,0.22748161764705885,0.006,0.079,0.06642463235294117,0,0.06642463235294117,-0.08326339000136616,-1.4782442291920619,-0.03988217399875301
Miles Killebrew,S,DET,00-0032399,2016,111,Rounds 4-7,FALSE,0.13176470588235295,0.18454440599769323,0.005,0.053,0.0354325259515571,0.01,0.045432525951557105,-0.08411700792318107,-2.184659545441944,-0.5511731411824057
Martinas Rankin,OT,HOU,00-0034824,2018,80,Round 3,FALSE,0.16724637681159418,0.2291046257693071,0.005,0.08149999999999999,0.07010601548540796,0,0.07010601548540796,-0.08544830259301345,-1.9161133628566525,-0.13046393182271215
Isaiah Prince,OT,MIA,00-0035295,2019,202,Rounds 4-7,FALSE,0.15628571428571428,0.21409001956947163,0.004,0.08149999999999999,0.0663679060665362,0.004,0.0703679060665362,-0.09024293127589275,-3.1707480263226144,-0.4449332397639939
Tanzel Smart,DL,LA,00-0033963,2017,189,Rounds 4-7,FALSE,0.11617647058823528,0.21594139514541874,0.004,0.075,0.061327356221298916,0.005,0.06632735622129891,-0.09048098673729592,-3.7779540498924526,-0.695540700768399
Reuben Foster,LB,SFO,00-0033887,2017,31,Late 1st,FALSE,0.1988235294117647,0.2873172390343421,0.013999999999999999,0.061,0.05401564093845631,0,0.05401564093845631,-0.09201346914289998,-0.9970994700204313,-0.8036273004092015
Lorenzo Mauldin,EDGE,NYJ,00-0031564,2015,82,Round 3,FALSE,0.1375,0.22577996715927753,0.005,0.091,0.07766830870279147,0,0.07766830870279147,-0.09239561255382149,-2.5109073453087567,-0.29680159176202814
Roderick Johnson,OT,CLE,00-0033569,2017,160,Rounds 4-7,FALSE,0.1426470588235294,0.19540692989524577,0.004,0.08149999999999999,0.06057614826752618,0.009000000000000001,0.06957614826752617,-0.09666135938746566,-3.1707480263226144,-0.4449332397639939
Oren Burks,LB,GNB,00-0034754,2018,88,Round 3,FALSE,0.11507246376811593,0.1662896875261791,0.005,0.061,0.037248890005864115,0.012,0.04924889000586412,-0.0968993317940184,-1.5009104241941897,-0.26024197516630576
C.J. Prosise,RB,SEA,00-0032393,2016,90,Round 3,FALSE,0.08352941176470592,0.19746905854540409,0.005,0.06,0.0434431928799889,0.005,0.0484431928799889,-0.09692399371520788,-2.0095141915817347,0.0018317536535283545
Nazeeh Johnson,S,KAN,00-0037198,2022,259,Rounds 4-7,FALSE,0.11750000000000001,0.16456582633053224,0.004,0.053,0.03225490196078432,0.012,0.044254901960784326,-0.09720700412643789,-2.184659545441944,-0.5511731411824057
James-Michael Johnson,LB,CLE,00-0029279,2012,120,Rounds 4-7,FALSE,0.15,0.21676300578034682,0.005,0.061,0.04855491329479769,0.005,0.05355491329479769,-0.09825329030815896,-3.875277998195149,-0.8050209414767096
Troy Apke,S,WAS,00-0034334,2018,109,Rounds 4-7,FALSE,0.1426086956521739,0.19973206673973937,0.004,0.053,0.03914748508098892,0.005,0.04414748508098892,-0.09840100710167016,-2.184659545441944,-0.5511731411824057
Cyrus Kouandjio,OT,BUF,00-0031335,2014,44,Round 2,FALSE,0.15426470588235291,0.21132151490733275,0.009000000000000001,0.08149999999999999,0.06128323932312648,0.005,0.06628323932312648,-0.09861008826632715,-1.2393656537891447,0.4683486650469865
Will Richardson,OT,JAX,00-0034380,2018,129,Rounds 4-7,FALSE,0.1397101449275362,0.19138376017470712,0.004,0.08149999999999999,0.059328965654159196,0.01,0.06932896565415919,-0.09866515882753481,-3.1707480263226144,-0.4449332397639939
E.J. Speed,LB,IND,00-0034987,2019,164,Rounds 4-7,FALSE,0.10757142857142855,0.15545004128819156,0.004,0.061,0.03544260941370767,0.018000000000000002,0.053442609413707674,-0.09973537188334868,-3.875277998195149,-0.8050209414767096
Kenneth Dixon,RB,BAL,00-0032411,2016,134,Rounds 4-7,FALSE,0.09279411764705883,0.21937143651786958,0.004,0.06,0.049139201780002785,0.003,0.05213920178000279,-0.10297322900308187,-5.507493653254559,-0.7649141963140151
Khalil Davis,DL,TAM,00-0036430,2020,194,Rounds 4-7,FALSE,0.11197183098591551,0.20812607989947118,0.004,0.075,0.05910780669144981,0.006,0.06510780669144982,-0.10320444773159473,-3.7779540498924526,-0.695540700768399
Winston Guy,CB,SEA,00-0029142,2012,181,Rounds 4-7,FALSE,0.1488235294117647,0.21506290377422643,0,0.08199999999999999,0.07054063243794625,0,0.07054063243794625,-0.10373395550428666,-4.672744495348817,-0.6021907924538343
Alton Robinson,EDGE,SEA,00-0036426,2020,148,Rounds 4-7,FALSE,0.1385915492957747,0.2275723305349338,0.005,0.091,0.07828488170401722,0,0.07828488170401722,-0.10470554418256435,-3.8204197934098256,-0.6044285050354133
Ace Sanders,WR,JAX,00-0030550,2013,101,Rounds 4-7,FALSE,0.1467647058823529,0.2293198529411764,0.005,0.079,0.0678786764705882,0,0.0678786764705882,-0.10864269649762277,-3.823139033302942,-0.6228278656929864
Tyrod Taylor,QB,BAL,00-0028118,2011,180,Rounds 4-7,FALSE,0.011764705882352941,0.018914318138831095,0.004,0.146,0.010743332702856061,0.11599999999999999,0.12674333270285607,-0.10913817908100681,-3.4396236727931813,-0.7312011414982981
Chris Watt,IOL,LAC,00-0030991,2014,89,Round 3,FALSE,0.1489705882352941,0.1994251515867391,0.005,0.051,0.036694227891959995,0.004,0.04069422789195999,-0.10922574905090228,-1.1210940108268708,-0.4767011195371987
Micah Kiser,LB,LA,00-0034806,2018,147,Rounds 4-7,FALSE,0.14478260869565218,0.20922342297059565,0.004,0.061,0.0477029404372958,0.005,0.0527029404372958,-0.10949683115830278,-3.875277998195149,-0.8050209414767096
Craig Mager,CB,LAC,00-0032106,2015,83,Round 3,FALSE,0.1413235294117647,0.20422475348520913,0.005,0.08199999999999999,0.0629012240734444,0.004,0.0669012240734444,-0.11142776838614757,-2.986769766952211,-0.2996236181936407
Jay Tufele,DL,JAX,00-0036881,2021,106,Rounds 4-7,FALSE,0.1173611111111111,0.2181433292028087,0.006,0.075,0.060207558859975197,0.004,0.0642075588599752,-0.1125966600924873,-3.7779540498924526,-0.695540700768399
Matt Barkley,QB,PHI,00-0030533,2013,98,Round 3,FALSE,0.11279411764705882,0.1813410251560431,0.006,0.146,0.10155097408738413,0.012,0.11355097408738413,-0.11267313370496414,-2.222491526527487,-0.2043169834643365
Kevin Pierre-Louis,LB,SEA,00-0031308,2014,132,Rounds 4-7,FALSE,0.11529411764705884,0.16660999659979603,0.005,0.061,0.03732063923835431,0.015,0.05232063923835431,-0.11454208478288562,-3.875277998195149,-0.8050209414767096
Rashard Lawrence,DL,ARI,00-0036373,2020,131,Rounds 4-7,FALSE,0.1152112676056338,0.21414733755694013,0.005,0.075,0.05996125451594323,0.004,0.06396125451594323,-0.11516633326878292,-3.7779540498924526,-0.695540700768399
Cliff Matthews,EDGE,ATL,00-0028168,2011,230,Rounds 4-7,FALSE,0.1285294117647059,0.21104993721626583,0,0.091,0.07682217714672077,0,0.07682217714672077,-0.11675051876203245,-3.8204197934098256,-0.6044285050354133
Randall Telfer,TE,CLE,00-0031533,2015,198,Rounds 4-7,FALSE,0.1161764705882353,0.21755893368583387,0.004,0.048,0.03829037232870676,0,0.03829037232870676,-0.11871379326254071,-2.3689887502760683,-0.586867207426399
Darrell Stuckey,CB,LAC,00-0027710,2010,110,Rounds 4-7,FALSE,0.1452941176470588,0.20996259775586532,0,0.08199999999999999,0.06886773206392381,0,0.06886773206392381,-0.11887759864359858,-4.672744495348817,-0.6021907924538343
Tommy Sweeney,TE,BUF,00-0035308,2019,228,Rounds 4-7,FALSE,0.09871428571428571,0.18485821294810056,0.003,0.048,0.0332744783306581,0.005,0.0382744783306581,-0.11890811964274192,-2.3689887502760683,-0.586867207426399
David Sharpe,OT,LV,00-0033946,2017,129,Rounds 4-7,FALSE,0.13147058823529412,0.18009669621273167,0.004,0.08149999999999999,0.05582997582594681,0.011000000000000001,0.06682997582594681,-0.11892335721091432,-3.1707480263226144,-0.4449332397639939
Chris Rumph,EDGE,LAC,00-0036867,2021,118,Rounds 4-7,FALSE,0.12458333333333332,0.2045703338806787,0.006,0.091,0.06955391351943074,0.006999999999999999,0.07655391351943075,-0.11895959683947857,-3.8204197934098256,-0.6044285050354133
Joshua Garnett,IOL,SFO,00-0033151,2016,28,Late 1st,FALSE,0.1785294117647059,0.2389951964721632,0.015,0.051,0.0344153082919915,0.008,0.0424153082919915,-0.11967415456417874,-0.09175270156213973,-0.7109611026659682
Stepfan Taylor,RB,ARI,00-0030282,2013,140,Rounds 4-7,FALSE,0.09779411764705881,0.23119176748713668,0.005,0.06,0.05086218884717007,0,0.05086218884717007,-0.11970157407597283,-5.507493653254559,-0.7649141963140151
Danny Vitale,RB,TAM,00-0032794,2016,197,Rounds 4-7,FALSE,0.08897058823529413,0.21033235989431237,0,0.06,0.050479766374634964,0,0.050479766374634964,-0.12471115144180636,-5.507493653254559,-0.7649141963140151
Isaiah Ford,WR,MIA,00-0033471,2017,237,Rounds 4-7,FALSE,0.13058823529411767,0.20404411764705885,0.004,0.079,0.06121323529411765,0.005,0.06621323529411766,-0.12491216476652256,-3.823139033302942,-0.6228278656929864
Drake Nevis,DL,IND,00-0028025,2011,87,Round 3,FALSE,0.10705882352941176,0.19899409577957575,0.005,0.075,0.0557183468182812,0.005,0.0607183468182812,-0.12554008375818784,-1.6980155086877986,-0.2673590110726486
Josh Thomas,CB,DAL,00-0028081,2011,143,Rounds 4-7,FALSE,0.1417647058823529,0.2048622917375042,0.005,0.08199999999999999,0.06309758585515128,0.005,0.06809758585515129,-0.12584921484492814,-4.672744495348817,-0.6021907924538343
Deionte Thompson,S,ARI,00-0035532,2019,139,Rounds 4-7,FALSE,0.13357142857142856,0.18707482993197277,0.004,0.053,0.03666666666666667,0.005,0.041666666666666664,-0.1259767901010789,-2.184659545441944,-0.5511731411824057
Trey Quinn,WR,WAS,00-0034339,2018,256,Rounds 4-7,FALSE,0.13028985507246377,0.20357789855072464,0.004,0.079,0.06107336956521739,0.005,0.0660733695652174,-0.12627849404335223,-3.823139033302942,-0.6228278656929864
Shi Smith,WR,CAR,00-0036572,2021,204,Rounds 4-7,FALSE,0.13375,0.208984375,0.005,0.079,0.061859374999999994,0.004,0.065859375,-0.12836897783690157,-3.823139033302942,-0.6228278656929864
Jalyn Armour-Davis,CB,BAL,00-0038119,2022,119,Rounds 4-7,FALSE,0.15236111111111111,0.22017501605651896,0.005,0.08199999999999999,0.06781390494540783,0,0.06781390494540783,-0.12841718752835862,-4.672744495348817,-0.6021907924538343
Tom Savage,QB,HOU,00-0031064,2014,135,Rounds 4-7,FALSE,0.12705882352941175,0.2042746358993758,0.005,0.146,0.11521089464724794,0.008,0.12321089464724794,-0.12915845835138207,-3.4396236727931813,-0.7312011414982981
Payton Turner,EDGE,NOR,00-0036926,2021,28,Late 1st,FALSE,0.13666666666666666,0.22441160372194854,0.017,0.091,0.06642583470169676,0.009000000000000001,0.07542583470169675,-0.13053181281920906,-0.8808858659652598,0.5944072297042816
Travis Fulgham,WR,DET,00-0035592,2019,184,Rounds 4-7,FALSE,0.13114285714285714,0.20491071428571428,0.004,0.079,0.061473214285714284,0.004,0.06547321428571429,-0.1321413293174152,-3.823139033302942,-0.6228278656929864
Ben Gedeon,LB,MIN,00-0033944,2017,120,Rounds 4-7,FALSE,0.15750000000000003,0.2276011560693642,0.005,0.061,0.05098265895953758,0,0.05098265895953758,-0.13219949697518585,-3.875277998195149,-0.8050209414767096
Quintez Cephus,WR,DET,00-0036277,2020,166,Rounds 4-7,FALSE,0.1323943661971831,0.20686619718309857,0.005,0.079,0.06123239436619717,0.004,0.06523239436619717,-0.13449386634751667,-3.823139033302942,-0.6228278656929864
Steve Williams,CB,LAC,00-0030283,2013,145,Rounds 4-7,FALSE,0.14161764705882351,0.2046497789867392,0.005,0.08199999999999999,0.06303213192791567,0.004,0.06703213192791567,-0.13549405341749582,-4.672744495348817,-0.6021907924538343
Avery Moss,EDGE,NYG,00-0033574,2017,167,Rounds 4-7,FALSE,0.12499999999999997,0.20525451559934316,0.004,0.091,0.07142857142857141,0.003,0.07442857142857141,-0.13646121145425127,-3.8204197934098256,-0.6044285050354133
Drake Jackson,EDGE,SFO,00-0037826,2022,61,Round 2,FALSE,0.12152777777777778,0.1995530012771392,0.006999999999999999,0.091,0.06704980842911877,0.005,0.07204980842911878,-0.1365634483956236,-1.9473356770209531,-0.00936591860581865
Kavell Conner,LB,IND,00-0027831,2010,240,Rounds 4-7,FALSE,0.12941176470588237,0.1870112206732404,0,0.061,0.04563073784427066,0.005,0.050630737844270655,-0.13684382267252543,-3.875277998195149,-0.8050209414767096
A.J. Jenkins,WR,SFO,00-0029654,2012,30,Late 1st,FALSE,0.1384313725490196,0.21629901960784312,0.013999999999999999,0.079,0.056237745098039214,0.005,0.06123774509803921,-0.13695393023626415,-0.7067555359941448,0.12050516789925937
Kadarius Toney,WR,NYG,00-0036913,2021,20,Late 1st,FALSE,0.15249999999999997,0.23828124999999994,0.019,0.079,0.05718749999999998,0.004,0.06118749999999998,-0.13734133958769845,-0.7067555359941448,0.12050516789925937
Darryl Johnson,EDGE,BUF,00-0035306,2019,225,Rounds 4-7,FALSE,0.11957142857142859,0.19634060520760033,0.003,0.091,0.06911189303307531,0.005,0.07411189303307532,-0.13906897199248833,-3.8204197934098256,-0.6044285050354133
Will Clapp,IOL,NOR,00-0034436,2018,245,Rounds 4-7,FALSE,0.13739130434782612,0.1839241022059252,0.004,0.051,0.034577731214713935,0.006,0.04057773121471393,-0.13947860569454792,-2.4541091296547317,-0.6606857915206148
Ben Cleveland,IOL,BAL,00-0036977,2021,94,Round 3,FALSE,0.1434722222222221,0.19206455451435356,0.006999999999999999,0.051,0.033803361594526224,0.004,0.03780336159452623,-0.13986460205803164,-1.1210940108268708,-0.4767011195371987
Martrell Spaight,EDGE,WAS,00-0031945,2015,141,Rounds 4-7,FALSE,0.11705882352941177,0.19221481696126727,0,0.091,0.06996619337390128,0.004,0.07396619337390128,-0.140268769095898,-3.8204197934098256,-0.6044285050354133
Keion Crossen,CB,NWE,00-0034435,2018,243,Rounds 4-7,FALSE,0.11420289855072463,0.16503309039122058,0.004,0.08199999999999999,0.05149032420206081,0.015,0.0664903242020608,-0.14039867474335502,-4.672744495348817,-0.6021907924538343
Noah Brown,WR,DAL,00-0033591,2017,239,Rounds 4-7,FALSE,0.11220588235294116,0.17532169117647056,0.004,0.079,0.05259650735294117,0.012,0.06459650735294117,-0.14070576006729274,-3.823139033302942,-0.6228278656929864
Kris Boyd,CB,MIN,00-0035150,2019,217,Rounds 4-7,FALSE,0.13000000000000003,0.18786127167630065,0.003,0.08199999999999999,0.059364161849710995,0.006999999999999999,0.066364161849711,-0.14154073775635298,-4.672744495348817,-0.6021907924538343
Andy Isabella,WR,ARI,00-0035527,2019,62,Round 2,FALSE,0.11871428571428572,0.18549107142857144,0.006,0.079,0.054163392857142854,0.005,0.05916339285714285,-0.14317652809201503,-1.0961314210494868,0.22664173323619316
Josh Boyd,EDGE,GNB,00-0030093,2013,167,Rounds 4-7,FALSE,0.12294117647058825,0.20187385298947166,0,0.091,0.07348208248816768,0,0.07348208248816768,-0.14425529069605136,-3.8204197934098256,-0.6044285050354133
Monty Rice,LB,TEN,00-0037000,2021,92,Round 3,FALSE,0.1265277777777778,0.18284360950545925,0.006999999999999999,0.061,0.039494219653179195,0.004,0.04349421965317919,-0.14435218621783766,-1.5009104241941897,-0.26024197516630576
Kevon Seymour,CB,BUF,00-0032942,2016,218,Rounds 4-7,FALSE,0.13514705882352937,0.19529921795307714,0.004,0.08199999999999999,0.06093335600136006,0.005,0.06593335600136006,-0.1454405336623509,-4.672744495348817,-0.6021907924538343
Alex Carrington,EDGE,BUF,00-0027677,2010,72,Round 3,FALSE,0.11705882352941177,0.19221481696126727,0,0.091,0.06996619337390128,0,0.06996619337390128,-0.14577531119130757,-2.5109073453087567,-0.29680159176202814
Siran Neal,CB,BUF,00-0034391,2018,154,Rounds 4-7,FALSE,0.11478260869565218,0.16587082181452628,0.004,0.08199999999999999,0.05175169640613219,0.013999999999999999,0.06575169640613218,-0.14708497592901634,-4.672744495348817,-0.6021907924538343
Marcus Smith,LB,PHI,00-0031371,2014,26,Late 1st,FALSE,0.1413235294117647,0.20422475348520913,0,0.061,0.04983083985039103,0,0.04983083985039103,-0.14714495112898832,-0.9970994700204313,-0.8036273004092015
Keith Mumphery,WR,HOU,00-0031600,2015,175,Rounds 4-7,FALSE,0.13617647058823532,0.21277573529411767,0.004,0.079,0.0638327205882353,0,0.0638327205882353,-0.14816708905816242,-3.823139033302942,-0.6228278656929864
Johnny Manziel,QB,CLE,00-0031409,2014,22,Late 1st,FALSE,0.12544117647058822,0.20167391715528654,0.016,0.146,0.104870436920749,0,0.104870436920749,-0.1485214303412532,-0.8862273441397667,-0.014648650169409413
David Ojabo,LB,BAL,00-0038142,2022,45,Round 2,FALSE,0.12875,0.1860549132947977,0,0.061,0.04539739884393064,0,0.04539739884393064,-0.14917283039613977,-0.9272530653358044,-0.35150887120124186
Sammie Coates,WR,PIT,00-0032166,2015,87,Round 3,FALSE,0.11294117647058821,0.17647058823529407,0.005,0.079,0.052235294117647046,0.004,0.05623529411764705,-0.15072852240563056,-1.4782442291920619,-0.03988217399875301
Brandon Harris,CB,HOU,00-0027998,2011,60,Round 2,FALSE,0.13088235294117645,0.18913634818089084,0.006999999999999999,0.08199999999999999,0.05674090445426724,0.005,0.061740904454267234,-0.15089945186779188,-1.8987142572552127,-0.038091475434602076
Jaylen Watkins,CB,PHI,00-0031173,2014,101,Rounds 4-7,FALSE,0.1467647058823529,0.21208772526351577,0.005,0.08199999999999999,0.06532301938116285,0,0.06532301938116285,-0.15096550102720152,-4.672744495348817,-0.6021907924538343
Shaun Dion Hamilton,LB,WAS,00-0034336,2018,197,Rounds 4-7,FALSE,0.13521739130434782,0.19540085448605177,0.004,0.061,0.0445513948228198,0.005,0.0495513948228198,-0.15108798226768422,-3.875277998195149,-0.8050209414767096
Chris Jackson,S,TEN,00-0036240,2020,243,Rounds 4-7,FALSE,0.13267605633802815,0.18582080719611785,0,0.053,0.039394011125576986,0,0.039394011125576986,-0.15123871804860023,-2.184659545441944,-0.5511731411824057
John FitzPatrick,TE,ATL,00-0037306,2022,213,Rounds 4-7,FALSE,0.09500000000000003,0.1779026217228465,0.005,0.048,0.0305992509363296,0.005,0.035599250936329596,-0.15161652027066214,-2.3689887502760683,-0.586867207426399
Tandon Doss,WR,BAL,00-0028061,2011,123,Rounds 4-7,FALSE,0.12411764705882353,0.19393382352941177,0.005,0.079,0.057404411764705884,0.006,0.06340441176470589,-0.15235117968360806,-3.823139033302942,-0.6228278656929864
Devon Still,DL,CIN,00-0029258,2012,53,Round 2,FALSE,0.10294117647058822,0.1913404767111305,0.008,0.075,0.051279247758582974,0.005,0.05627924775858297,-0.15461121243653614,-1.5305933950960025,-0.22864968299216984
Nate Byham,TE,SFO,00-0027780,2010,182,Rounds 4-7,FALSE,0.09823529411764706,0.18396122493941397,0,0.048,0.035320555188367485,0,0.035320555188367485,-0.15502396600666496,-2.3689887502760683,-0.586867207426399
Tylan Wallace,WR,BAL,00-0036630,2021,131,Rounds 4-7,FALSE,0.12069444444444444,0.18858506944444442,0.006,0.079,0.055066840277777765,0.008,0.06306684027777776,-0.1556488696126523,-3.823139033302942,-0.6228278656929864
Michael Williams,TE,DET,00-0030110,2013,211,Rounds 4-7,FALSE,0.10014705882352942,0.1875413086582948,0.005,0.048,0.03225710508922671,0.003,0.03525710508922671,-0.1557997323086165,-2.3689887502760683,-0.586867207426399
Michael Bowie,OT,SEA,00-0030490,2013,242,Rounds 4-7,FALSE,0.1388235294117647,0.19016921837228043,0.004,0.08149999999999999,0.05895245769540692,0.003,0.06195245769540692,-0.1584632259976911,-3.1707480263226144,-0.4449332397639939
Damion Ratley,WR,CLE,00-0034273,2018,175,Rounds 4-7,FALSE,0.1231884057971014,0.19248188405797093,0.004,0.079,0.057744565217391276,0.005,0.06274456521739127,-0.15879713083189712,-3.823139033302942,-0.6228278656929864
Ke'Shawn Vaughn,RB,TAM,00-0036450,2020,76,Round 3,FALSE,0.07239436619718308,0.17114507375220586,0.006,0.06,0.036967335930476464,0.004,0.04096733593047647,-0.15962209920973308,-2.0095141915817347,0.0018317536535283545
Marlon Tuipulotu,DL,PHI,00-0036920,2021,189,Rounds 4-7,FALSE,0.10472222222222222,0.19465097067327547,0.005,0.075,0.054502271788517125,0.005,0.05950227178851712,-0.1616865371785645,-3.7779540498924526,-0.695540700768399
Shane Lemieux,IOL,NYG,00-0036397,2020,150,Rounds 4-7,FALSE,0.1411267605633803,0.18892471293625207,0.005,0.051,0.03476214718027038,0.004,0.03876214718027038,-0.16377611085992813,-2.4541091296547317,-0.6606857915206148
Joe Walker,LB,PHI,00-0032809,2016,251,Rounds 4-7,FALSE,0.13176470588235295,0.19041142468548117,0.004,0.061,0.0434138048282897,0.005,0.0484138048282897,-0.16610083093016134,-3.875277998195149,-0.8050209414767096
Davontae Harris,CB,CIN,00-0034388,2018,151,Rounds 4-7,FALSE,0.12999999999999998,0.18786127167630057,0.004,0.08199999999999999,0.058612716763005765,0.005,0.06361271676300577,-0.16644772155377438,-4.672744495348817,-0.6021907924538343
Eno Benjamin,RB,ARI,00-0036383,2020,222,Rounds 4-7,FALSE,0.08915492957746476,0.21076815502946752,0.004,0.06,0.04721206672660072,0,0.04721206672660072,-0.16751667509897505,-5.507493653254559,-0.7649141963140151
James Houston,LB,DET,00-0037310,2022,217,Rounds 4-7,FALSE,0.13694444444444442,0.1978965960179833,0,0.061,0.04828676942838792,0,0.04828676942838792,-0.1677773253109777,-3.875277998195149,-0.8050209414767096
Marlon Davidson,EDGE,ATL,00-0036291,2020,47,Round 2,FALSE,0.1132394366197183,0.18594324568098244,0,0.091,0.0676833414278776,0,0.0676833414278776,-0.1680301377303881,-1.9473356770209531,-0.00936591860581865
Joejuan Williams,CB,NWE,00-0035241,2019,45,Round 2,FALSE,0.129,0.1864161849710983,0.009000000000000001,0.08199999999999999,0.054433526011560686,0.005,0.05943352601156068,-0.16808591221445413,-1.8987142572552127,-0.038091475434602076
Korey Cunningham,OT,ARI,00-0034687,2018,254,Rounds 4-7,FALSE,0.1310144927536232,0.17947190788167564,0.004,0.08149999999999999,0.055636291443319434,0.005,0.06063629144331943,-0.16913280005488948,-3.1707480263226144,-0.4449332397639939
Nick Toon,WR,NOR,00-0029667,2012,122,Rounds 4-7,FALSE,0.12470588235294117,0.19485294117647056,0.005,0.079,0.05767647058823528,0.004,0.06167647058823528,-0.1692312019493546,-3.823139033302942,-0.6228278656929864
KeeSean Johnson,WR,ARI,00-0035287,2019,174,Rounds 4-7,FALSE,0.123,0.19218749999999998,0.004,0.079,0.05765624999999999,0.004,0.061656249999999996,-0.1694287341248047,-3.823139033302942,-0.6228278656929864
Noah Igbinoghene,CB,MIA,00-0036287,2020,30,Late 1st,FALSE,0.13732394366197184,0.19844500529186684,0.013999999999999999,0.08199999999999999,0.05397704143938777,0.006,0.05997704143938777,-0.16992972569253587,-1.1362659091557372,0.08046471267687343
Ben Banogu,LB,IND,00-0034969,2019,49,Round 2,FALSE,0.1225714285714286,0.1771263418662263,0,0.061,0.04321882741535922,0,0.04321882741535922,-0.17000164367986217,-0.9272530653358044,-0.35150887120124186
Pierre Strong,RB,NWE,00-0038098,2022,127,Rounds 4-7,FALSE,0.08263888888888887,0.19536380351983185,0.005,0.06,0.042980036774363004,0.004,0.04698003677436301,-0.1705561722007537,-5.507493653254559,-0.7649141963140151
Corey Fuller,WR,DET,00-0030095,2013,171,Rounds 4-7,FALSE,0.12441176470588236,0.19439338235294118,0.005,0.079,0.057540441176470586,0.004,0.06154044117647059,-0.17056005476601954,-3.823139033302942,-0.6228278656929864
Dwayne Washington,RB,DET,00-0032450,2016,236,Rounds 4-7,FALSE,0.07735294117647058,0.1828674732304269,0.004,0.06,0.04096231400361562,0.006,0.04696231400361562,-0.1707883332204956,-5.507493653254559,-0.7649141963140151
Arie Kouandjio,IOL,WAS,00-0031942,2015,112,Rounds 4-7,FALSE,0.13764705882352943,0.18426647767540755,0.005,0.051,0.033905031892274985,0.004,0.03790503189227498,-0.1752466695023857,-2.4541091296547317,-0.6606857915206148
Tourek Williams,EDGE,LAC,00-0030286,2013,179,Rounds 4-7,FALSE,0.11411764705882353,0.18738529894716507,0.005,0.091,0.06446054283782478,0.005,0.06946054283782478,-0.1773715769734624,-3.8204197934098256,-0.6044285050354133
Bo Melton,WR,SEA,00-0037091,2022,229,Rounds 4-7,FALSE,0.12208333333333332,0.19075520833333331,0.005,0.079,0.05646354166666666,0.004,0.06046354166666666,-0.18108013956461858,-3.823139033302942,-0.6228278656929864
James Mitchell,TE,DET,00-0037282,2022,177,Rounds 4-7,FALSE,0.08736111111111113,0.16359758635039537,0.005,0.048,0.028138784852268006,0.005,0.033138784852268004,-0.18169916318150783,-2.3689887502760683,-0.586867207426399
Rees Odhiambo,IOL,SEA,00-0032397,2016,97,Round 3,FALSE,0.1211764705882353,0.16221749744074337,0.005,0.051,0.02984801952909678,0.004,0.03384801952909678,-0.18178530390549744,-1.1210940108268708,-0.4767011195371987
Corey Robinson,OT,DET,00-0031627,2015,240,Rounds 4-7,FALSE,0.12955882352941178,0.177477840451249,0.004,0.08149999999999999,0.05501813053988718,0.004,0.05901813053988718,-0.18225051035041664,-3.1707480263226144,-0.4449332397639939
Jamell Fleming,CB,ARI,00-0029639,2012,80,Round 3,FALSE,0.11901960784313724,0.17199365295251048,0.006,0.08199999999999999,0.052286070497563175,0.005,0.05728607049756317,-0.18238683890034546,-2.986769766952211,-0.2996236181936407
Kyshoen Jarrett,S,WAS,00-0031952,2015,181,Rounds 4-7,FALSE,0.13308823529411765,0.1863980886472236,0.004,0.053,0.036534025374855825,0,0.036534025374855825,-0.18302917316130696,-2.184659545441944,-0.5511731411824057
Jordan Lucas,S,MIA,00-0032797,2016,204,Rounds 4-7,FALSE,0.08573529411764705,0.1200774427418026,0,0.053,0.02545641786126215,0.011000000000000001,0.03645641786126215,-0.18389182717162375,-2.184659545441944,-0.5511731411824057
Danny Pinter,IOL,IND,00-0036215,2020,149,Rounds 4-7,FALSE,0.12690140845070422,0.16988140354846615,0.005,0.051,0.03125817825291777,0.006,0.037258178252917766,-0.1839033493064378,-2.4541091296547317,-0.6606857915206148
Colin McCarthy,LB,TEN,00-0028047,2011,109,Rounds 4-7,FALSE,0.1452941176470588,0.20996259775586532,0.005,0.061,0.04703162189731383,0,0.04703162189731383,-0.18434158837913237,-3.875277998195149,-0.8050209414767096
Ryan Taylor,TE,GNB,00-0028156,2011,218,Rounds 4-7,FALSE,0.08470588235294116,0.15862524785194973,0.004,0.048,0.02791804362194315,0.005,0.03291804362194315,-0.18439803379410397,-2.3689887502760683,-0.586867207426399
Tre Norwood,CB,PIT,00-0036846,2021,245,Rounds 4-7,FALSE,0.13,0.1878612716763006,0,0.08199999999999999,0.06161849710982659,0,0.06161849710982659,-0.1845000522472833,-4.672744495348817,-0.6021907924538343
Eric Saubert,TE,ATL,00-0033576,2017,174,Rounds 4-7,FALSE,0.07764705882352943,0.14540647719762065,0.004,0.048,0.025591539986781233,0.006999999999999999,0.03259153998678123,-0.18838999788956323,-2.3689887502760683,-0.586867207426399
Daniel McCullers,DL,PIT,00-0031193,2014,215,Rounds 4-7,FALSE,0.09455882352941178,0.17575989503608136,0.004,0.075,0.0499158101902471,0.006999999999999999,0.0569158101902471,-0.18867088053927444,-3.7779540498924526,-0.695540700768399
Deadrin Senat,DL,ATL,00-0034363,2018,90,Round 3,FALSE,0.0930434782608696,0.1729432681428803,0.005,0.075,0.04842411508000648,0.005,0.053424115080006475,-0.18965860363282003,-1.6980155086877986,-0.2673590110726486
Audie Cole,LB,MIN,00-0029578,2012,210,Rounds 4-7,FALSE,0.11921568627450979,0.17227700328686388,0.005,0.061,0.03859004873625751,0.008,0.04659004873625751,-0.19016905791756525,-3.875277998195149,-0.8050209414767096
Josiah Scott,CB,JAX,00-0036303,2020,137,Rounds 4-7,FALSE,0.12774647887323945,0.1846047382561264,0.005,0.08199999999999999,0.05685825938288692,0.004,0.060858259382886915,-0.19138197361964449,-4.672744495348817,-0.6021907924538343
Leon Jacobs,EDGE,JAX,00-0034428,2018,230,Rounds 4-7,FALSE,0.11304347826086958,0.18562147497679735,0,0.091,0.06756621689155423,0,0.06756621689155423,-0.1929708364098512,-3.8204197934098256,-0.6044285050354133
Ego Ferguson,DL,CHI,00-0031043,2014,51,Round 2,FALSE,0.095294117647058807,0.1771266127268751,0.008,0.075,0.04746993221080253,0.004,0.051469932210802524,-0.19433045545857486,-1.5305933950960025,-0.22864968299216984
Malcolm Mitchell,WR,NWE,00-0032400,2016,112,Rounds 4-7,FALSE,0.12764705882352942,0.19944852941176472,0.005,0.079,0.05903676470588235,0,0.05903676470588235,-0.19501812958085624,-3.823139033302942,-0.6228278656929864
Nick Harris,IOL,CLE,00-0036236,2020,160,Rounds 4-7,FALSE,0.1071830985915493,0.14348473707034712,0.005,0.051,0.02640119162094387,0.01,0.03640119162094387,-0.1953721861776704,-2.4541091296547317,-0.6606857915206148
Devin Asiasi,TE,NWE,00-0036194,2020,91,Round 3,FALSE,0.09352112676056334,0.17513319618083023,0.006,0.048,0.02942237695837948,0.001,0.03042237695837948,-0.19687274753301445,-0.9835958778133722,-0.5376092011535986
DeMarvin Leal,DL,PIT,00-0037759,2022,84,Round 3,FALSE,0.09458333333333334,0.17580545229244113,0.006,0.075,0.04852230483271375,0.004,0.05252230483271375,-0.1975857905304853,-1.6980155086877986,-0.2673590110726486
Michael Roberts,TE,DET,00-0033559,2017,127,Rounds 4-7,FALSE,0.08426470588235294,0.15779907468605417,0.004,0.048,0.02777263714474553,0.004,0.03177263714474553,-0.19840223172412644,-2.3689887502760683,-0.586867207426399
Blake Brandel,OT,MIN,00-0036347,2020,203,Rounds 4-7,FALSE,0.10577464788732394,0.144896777927841,0.004,0.08149999999999999,0.0449180011576307,0.012,0.056918001157630696,-0.199275324607844,-3.1707480263226144,-0.4449332397639939
Jelani Woods,TE,IND,00-0037755,2022,73,Round 3,FALSE,0.08305555555555555,0.15553474823137742,0.006,0.048,0.026129837702871406,0.004,0.030129837702871407,-0.20014924327175956,-0.9835958778133722,-0.5376092011535986
Jerell Adams,TE,NYG,00-0032429,2016,184,Rounds 4-7,FALSE,0.0801470588235294,0.1500881251376955,0.004,0.048,0.02641551002423441,0.005,0.03141551002423441,-0.2027686108055971,-2.3689887502760683,-0.586867207426399
Kelvin Harmon,WR,WAS,00-0035297,2019,206,Rounds 4-7,FALSE,0.11514285714285714,0.17991071428571428,0.004,0.079,0.053973214285714284,0.004,0.05797321428571428,-0.2054078089389524,-3.823139033302942,-0.6228278656929864
Khalid Kareem,EDGE,CIN,00-0036341,2020,147,Rounds 4-7,FALSE,0.1095774647887324,0.17993015564652282,0.005,0.091,0.061895973542403844,0.004,0.06589597354240384,-0.20672483654725876,-3.8204197934098256,-0.6044285050354133
Jeff Janis,WR,GNB,00-0031001,2014,236,Rounds 4-7,FALSE,0.10838235294117643,0.16934742647058817,0.004,0.079,0.05080422794117645,0.006999999999999999,0.05780422794117645,-0.20705861354807228,-3.823139033302942,-0.6228278656929864
Lucas Niang,OT,KAN,00-0036367,2020,96,Round 3,FALSE,0.12028169014084503,0.16476943854910278,0.006,0.08149999999999999,0.04976037044182903,0.004,0.053760370441829033,-0.20803119903042644,-1.9161133628566525,-0.13046393182271215
Marcell Ateman,WR,LV,00-0034747,2018,228,Rounds 4-7,FALSE,0.11231884057971012,0.17549818840579706,0.004,0.079,0.052649456521739114,0.005,0.05764945652173911,-0.20857055448783254,-3.823139033302942,-0.6228278656929864
Josh Bush,CB,NYJ,00-0029143,2012,187,Rounds 4-7,FALSE,0.12411764705882355,0.17936076164569878,0,0.08199999999999999,0.058830329819789196,0,0.058830329819789196,-0.20973945747946973,-4.672744495348817,-0.6021907924538343
Zach Banner,OT,IND,00-0033785,2017,137,Rounds 4-7,FALSE,0.06970588235294117,0.09548751007252215,0.004,0.08149999999999999,0.029601128122481862,0.026000000000000002,0.055601128122481865,-0.20995062824077296,-3.1707480263226144,-0.4449332397639939
Austin Deculus,OT,HOU,00-0037302,2022,205,Rounds 4-7,FALSE,0.12277777777777778,0.16818873668188736,0.005,0.08149999999999999,0.05146575342465752,0.004,0.055465753424657524,-0.21104805066868948,-3.1707480263226144,-0.4449332397639939
Justin Rogers,CB,BUF,00-0028144,2011,206,Rounds 4-7,FALSE,0.11823529411764705,0.1708602516150969,0.004,0.08199999999999999,0.053308398503910226,0.005,0.05830839850391022,-0.2144641510198853,-4.672744495348817,-0.6021907924538343
Kavon Frazier,S,DAL,00-0033048,2016,212,Rounds 4-7,FALSE,0.10235294117647059,0.14335145823035098,0.003,0.053,0.028670291646070194,0.005,0.033670291646070195,-0.21486128929571346,-2.184659545441944,-0.5511731411824057
Jordan Leggett,TE,NYJ,00-0033953,2017,150,Rounds 4-7,FALSE,0.07705882352941174,0.14430491297642647,0.004,0.048,0.02539766468385106,0.005,0.03039766468385106,-0.2152131952327377,-2.3689887502760683,-0.586867207426399
Cole Turner,TE,WAS,00-0037078,2022,149,Rounds 4-7,FALSE,0.08194444444444444,0.15345401581356638,0.005,0.048,0.02639409071993342,0.004,0.03039409071993342,-0.21525689194573325,-2.3689887502760683,-0.586867207426399
Montori Hughes,DL,IND,00-0030082,2013,139,Rounds 4-7,FALSE,0.09485294117647058,0.17630658211239886,0.005,0.075,0.049365842991471676,0.005,0.05436584299147167,-0.21527448080008155,-3.7779540498924526,-0.695540700768399
Dane Cruikshank,CB,TEN,00-0034389,2018,152,Rounds 4-7,FALSE,0.11391304347826088,0.16461422467956777,0,0.08199999999999999,0.05399346569489822,0.004,0.057993465694898216,-0.21731502615064482,-4.672744495348817,-0.6021907924538343
Stephen Schilling,IOL,LAC,00-0028139,2011,201,Rounds 4-7,FALSE,0.11794117647058823,0.15788644775179148,0.004,0.051,0.0296826521773368,0.005,0.0346826521773368,-0.21837096795576091,-2.4541091296547317,-0.6606857915206148
Taylor Thompson,TE,TEN,00-0029590,2012,145,Rounds 4-7,FALSE,0.09352941176470589,0.1751487111698612,0.005,0.048,0.030125578321216127,0,0.030125578321216127,-0.2185398319789537,-2.3689887502760683,-0.586867207426399
Chris Borland,LB,SFO,00-0031303,2014,77,Round 3,FALSE,0.10838235294117646,0.15662189731383883,0.006,0.061,0.03445681740904454,0,0.03445681740904454,-0.21887435808478614,-1.5009104241941897,-0.26024197516630576
Nazair Jones,DL,SEA,00-0033934,2017,102,Rounds 4-7,FALSE,0.0939705882352941,0.17466652088344628,0.005,0.075,0.04890662584736495,0.005,0.05390662584736495,-0.2200654558920716,-3.7779540498924526,-0.695540700768399
Breeland Speaks,EDGE,KAN,00-0034774,2018,46,Round 2,FALSE,0.10478260869565219,0.17205682872849293,0.009000000000000001,0.091,0.05643463982294567,0.004,0.06043463982294567,-0.22026748234285545,-1.9473356770209531,-0.00936591860581865
D'Onta Foreman,RB,HOU,00-0033925,2017,89,Round 3,FALSE,0.04529411764705882,0.10707829230983172,0.005,0.06,0.02355722430816298,0.01,0.03355722430816298,-0.22176881541359506,-2.0095141915817347,0.0018317536535283545
Tharold Simon,CB,SEA,00-0030487,2013,138,Rounds 4-7,FALSE,0.11794117647058823,0.17043522611356682,0.005,0.08199999999999999,0.05249404964297857,0.005,0.057494049642978565,-0.2218359041334325,-4.672744495348817,-0.6021907924538343
Chad Thomas,EDGE,CLE,00-0034770,2018,67,Round 3,FALSE,0.10507246376811592,0.17253278122843338,0.006,0.091,0.058661145617667346,0,0.058661145617667346,-0.2241252211240519,-2.5109073453087567,-0.29680159176202814
Will Holden,OT,ARI,00-0033788,2017,157,Rounds 4-7,FALSE,0.11500000000000002,0.15753424657534248,0.004,0.08149999999999999,0.04883561643835616,0.005,0.05383561643835616,-0.2242628457381838,-3.1707480263226144,-0.4449332397639939
Chris Claybrooks,CB,JAX,00-0036316,2020,223,Rounds 4-7,FALSE,0.12661971830985919,0.1829764715460393,0.004,0.08199999999999999,0.05708865912236425,0,0.05708865912236425,-0.2255056321528493,-4.672744495348817,-0.6021907924538343
Caden Sterns,CB,DEN,00-0036633,2021,152,Rounds 4-7,FALSE,0.12027777777777776,0.17381181759794476,0,0.08199999999999999,0.057010276172125875,0,0.057010276172125875,-0.22621518033936938,-4.672744495348817,-0.6021907924538343
DeVier Posey,WR,HOU,00-0029673,2012,68,Round 3,FALSE,0.0868627450980392,0.13572303921568626,0.006,0.079,0.03963112745098039,0.005,0.044631127450980385,-0.22756144546005105,-1.4782442291920619,-0.03988217399875301
Hassan Haskins,RB,TEN,00-0037617,2022,131,Rounds 4-7,FALSE,0.08194444444444443,0.19372209088521142,0.005,0.06,0.04261885999474651,0,0.04261885999474651,-0.22768579729505262,-5.507493653254559,-0.7649141963140151
Dexter McDonald,CB,LV,00-0032212,2015,242,Rounds 4-7,FALSE,0.12558823529411767,0.18148588915334923,0.004,0.08199999999999999,0.05662359741584495,0,0.05662359741584495,-0.22971552332787104,-4.672744495348817,-0.6021907924538343
Tyler Davis,TE,JAX,00-0036250,2020,206,Rounds 4-7,FALSE,0.07507042253521126,0.14058131560900985,0.005,0.048,0.024179986284749697,0.005,0.029179986284749698,-0.2301010185999057,-2.3689887502760683,-0.586867207426399
Teez Tabor,CB,DET,00-0033545,2017,53,Round 2,FALSE,0.1063235294117647,0.1536467188031282,0.006999999999999999,0.08199999999999999,0.04609401564093845,0.005,0.05109401564093845,-0.2302025817830385,-1.8987142572552127,-0.038091475434602076
Daniel Thomas,S,JAX,00-0036306,2020,157,Rounds 4-7,FALSE,0.0895774647887324,0.12545863415788852,0.005,0.053,0.024088057758314598,0.008,0.032088057758314595,-0.23244876691647243,-2.184659545441944,-0.5511731411824057
Matt McCants,OT,NYG,00-0029302,2012,201,Rounds 4-7,FALSE,0.11156862745098038,0.1528337362342197,0.005,0.08149999999999999,0.04676712328767122,0.006,0.05276712328767122,-0.23292464418709616,-3.1707480263226144,-0.4449332397639939
D'Marco Jackson,LB,NOR,00-0037271,2022,161,Rounds 4-7,FALSE,0.09680555555555556,0.13989242132305718,0.005,0.061,0.031335902376364806,0.012,0.04333590237636481,-0.23311423769369358,-3.875277998195149,-0.8050209414767096
Joseph Randle,RB,DAL,00-0030388,2013,151,Rounds 4-7,FALSE,0.08102941176470589,0.19155889306077042,0.005,0.06,0.04214295647336949,0,0.04214295647336949,-0.2339199380169787,-5.507493653254559,-0.7649141963140151
Ryan Mallett,QB,NWE,00-0028012,2011,74,Round 3,FALSE,0.06029411764705882,0.09693588046150935,0.006,0.146,0.054284093058445226,0.024,0.07828409305844522,-0.23513073881864457,-2.222491526527487,-0.2043169834643365
Sam Barrington,LB,GNB,00-0030119,2013,232,Rounds 4-7,FALSE,0.11073529411764706,0.16002210132607958,0,0.061,0.039045392723563416,0.004,0.04304539272356342,-0.23694811235281238,-3.875277998195149,-0.8050209414767096
Justin Strnad,LB,DEN,00-0036428,2020,178,Rounds 4-7,FALSE,0.06971830985915492,0.10074900268664007,0.004,0.061,0.022970772612553935,0.02,0.042970772612553935,-0.23793287877933617,-3.875277998195149,-0.8050209414767096
Khaleke Hudson,LB,WAS,00-0036343,2020,162,Rounds 4-7,FALSE,0.11084507042253522,0.16018073760481968,0.005,0.061,0.035880485223479607,0.006999999999999999,0.042880485223479606,-0.23912440728681306,-3.875277998195149,-0.8050209414767096
Earl Wolff,CB,PHI,00-0030080,2013,136,Rounds 4-7,FALSE,0.11720588235294117,0.1693726623597416,0,0.08199999999999999,0.055554233253995236,0,0.055554233253995236,-0.23939575862728898,-4.672744495348817,-0.6021907924538343
D'Wayne Eskridge,WR,SEA,00-0036620,2021,56,Round 2,FALSE,0.09194444444444444,0.14366319444444445,0.008,0.079,0.04080034722222223,0.005,0.045800347222222225,-0.23962822797013822,-1.0961314210494868,0.22664173323619316
Josh Malone,WR,CIN,00-0033859,2017,128,Rounds 4-7,FALSE,0.10544117647058825,0.16475183823529413,0.004,0.079,0.04942555147058824,0.005,0.05442555147058824,-0.2400644443187547,-3.823139033302942,-0.6228278656929864
Dee Milliner,CB,NYJ,00-0030592,2013,9,Top 10,FALSE,0.17970588235294122,0.25969058143488616,0.026000000000000002,0.08199999999999999,0.05817069024141449,0,0.05817069024141449,-0.24169414044844167,-0.39522957331232367,-0.6077512429479659
Jace Amaro,TE,NYJ,00-0031042,2014,49,Round 2,FALSE,0.08779411764705883,0.16440846001321877,0.008,0.048,0.026305353602115004,0.004,0.030305353602115004,-0.24170091882360853,-0.36078026178736594,-0.6556584315197126
Anthony Schwartz,WR,CLE,00-0036999,2021,91,Round 3,FALSE,0.08527777777777779,0.1332465277777778,0.006999999999999999,0.079,0.038375000000000006,0.004,0.04237500000000001,-0.2424996027462679,-1.4782442291920619,-0.03988217399875301
Jeremiah Poutasi,IOL,TEN,00-0032263,2015,66,Round 3,FALSE,0.09176470588235294,0.12284431845027168,0.004,0.051,0.023094731868651075,0.005,0.028094731868651076,-0.24276153621779997,-1.1210940108268708,-0.4767011195371987
Jamil Douglas,IOL,MIA,00-0031575,2015,114,Rounds 4-7,FALSE,0.11264705882352942,0.15079927553350658,0.005,0.051,0.02774706669816521,0.005,0.03274706669816521,-0.24427442231865437,-2.4541091296547317,-0.6606857915206148
Austin Reiter,IOL,WAS,00-0031958,2015,222,Rounds 4-7,FALSE,0.07661764705882351,0.10256713127017873,0.003,0.051,0.019692889203874315,0.013000000000000001,0.032692889203874316,-0.2449994661185597,-2.4541091296547317,-0.6606857915206148
Danny Isidora,IOL,MIN,00-0033960,2017,180,Rounds 4-7,FALSE,0.10999999999999999,0.1472556894243641,0.004,0.051,0.02768406961178045,0.005,0.03268406961178045,-0.2451174965045908,-2.4541091296547317,-0.6606857915206148
Justin Watson,WR,TAM,00-0034386,2018,144,Rounds 4-7,FALSE,0.09782608695652174,0.15285326086956522,0.004,0.079,0.04585597826086956,0.008,0.05385597826086956,-0.2456285275137983,-3.823139033302942,-0.6228278656929864
Devin Street,WR,DAL,00-0031310,2014,146,Rounds 4-7,FALSE,0.10779411764705882,0.1684283088235294,0.005,0.079,0.0498547794117647,0.004,0.0538547794117647,-0.24564023890759973,-3.823139033302942,-0.6228278656929864
Marquis Flowers,LB,CIN,00-0031290,2014,212,Rounds 4-7,FALSE,0.09823529411764707,0.1419585175110507,0.004,0.061,0.03236654199251956,0.01,0.04236654199251956,-0.24590694931391205,-3.875277998195149,-0.8050209414767096
Jace Sternberger,TE,GNB,00-0035671,2019,75,Round 3,FALSE,0.06528571428571428,0.12225789192081325,0.005,0.048,0.02102835741037988,0.005,0.02602835741037988,-0.2460866087632928,-0.9835958778133722,-0.5376092011535986
Cobi Hamilton,WR,CIN,00-0030290,2013,197,Rounds 4-7,FALSE,0.10750000000000004,0.16796875000000006,0.005,0.079,0.04971875000000001,0.004,0.05371875000000001,-0.2469690917242647,-3.823139033302942,-0.6228278656929864
Chaz Green,OT,DAL,00-0032204,2015,91,Round 3,FALSE,0.10382352941176472,0.14222401289282838,0.005,0.08149999999999999,0.043520547945205476,0.005,0.048520547945205474,-0.24732684118719486,-1.9161133628566525,-0.13046393182271215
Vincent Valentine,DL,NWE,00-0032396,2016,96,Round 3,FALSE,0.08426470588235295,0.1566258473649683,0.005,0.075,0.043855237262191114,0.003,0.04685523726219112,-0.2474010414971874,-1.6980155086877986,-0.2673590110726486
Collin Johnson,WR,JAX,00-0036254,2020,165,Rounds 4-7,FALSE,0.10718309859154936,0.16747359154929586,0.005,0.079,0.04957218309859157,0.004,0.053572183098591575,-0.2484008838436291,-3.823139033302942,-0.6228278656929864
Tony Fields,LB,CLE,00-0036634,2021,153,Rounds 4-7,FALSE,0.11777777777777776,0.17019910083493897,0.005,0.061,0.03812459858702633,0.004,0.04212459858702633,-0.2490998920692275,-3.875277998195149,-0.8050209414767096
Amari Rodgers,WR,GNB,00-0036991,2021,85,Round 3,FALSE,0.08291666666666665,0.12955729166666663,0.006999999999999999,0.079,0.03731249999999999,0.004,0.04131249999999999,-0.24953457415699593,-1.4782442291920619,-0.03988217399875301
A.J. McCarron,QB,CIN,00-0031288,2014,164,Rounds 4-7,FALSE,0.0814705882352941,0.1309816531114053,0.005,0.146,0.07387365235483259,0.027999999999999997,0.10187365235483259,-0.25008840611808847,-3.4396236727931813,-0.7312011414982981
Tre' Jackson,IOL,NWE,00-0031573,2015,111,Rounds 4-7,FALSE,0.13117647058823528,0.17560437829750372,0.005,0.051,0.03231120560674068,0,0.03231120560674068,-0.2501074418426014,-2.4541091296547317,-0.6606857915206148
Brycen Hopkins,TE,LA,00-0036424,2020,136,Rounds 4-7,FALSE,0.08535211267605634,0.1598354169963602,0.005,0.048,0.027491691723373957,0,0.027491691723373957,-0.25074278348631734,-2.3689887502760683,-0.586867207426399
Elijah Lee,LB,MIN,00-0033973,2017,232,Rounds 4-7,FALSE,0.11220588235294117,0.16214722883373003,0.004,0.061,0.036969568174090445,0.005,0.04196956817409044,-0.2511458384459352,-3.875277998195149,-0.8050209414767096
Stephen Sullivan,TE,SEA,00-0036438,2020,251,Rounds 4-7,FALSE,0.0708450704225352,0.13266867120324943,0.004,0.048,0.0233496861317719,0.004,0.0273496861317719,-0.25247900067345136,-2.3689887502760683,-0.586867207426399
Vadal Alexander,IOL,LV,00-0032899,2016,234,Rounds 4-7,FALSE,0.1176470588235294,0.15749271596188674,0,0.051,0.0321285140562249,0,0.0321285140562249,-0.25255235698181666,-2.4541091296547317,-0.6606857915206148
Ryan Switzer,WR,DAL,00-0033562,2017,133,Rounds 4-7,FALSE,0.1026470588235294,0.1603860294117647,0.004,0.079,0.04811580882352941,0.005,0.053115808823529405,-0.2528591420467806,-3.823139033302942,-0.6228278656929864
Michael Egnew,TE,MIA,00-0029694,2012,78,Round 3,FALSE,0.06745098039215687,0.12631269736358963,0.006,0.048,0.021220533157083058,0.004,0.025220533157083058,-0.2551343952526138,-0.9835958778133722,-0.5376092011535986
Netane Muti,IOL,DEN,00-0036399,2020,181,Rounds 4-7,FALSE,0.10281690140845069,0.13763976092162075,0.004,0.051,0.025876275053264702,0.006,0.0318762750532647,-0.25592800821087924,-2.4541091296547317,-0.6606857915206148
Troy Fumagalli,TE,DEN,00-0034393,2018,156,Rounds 4-7,FALSE,0.06666666666666667,0.12484394506866416,0.004,0.048,0.02197253433208489,0.005,0.02697253433208489,-0.25709020949549627,-2.3689887502760683,-0.586867207426399
J'Marcus Webb,OT,CHI,00-0027609,2010,218,Rounds 4-7,FALSE,0.10529411764705883,0.14423851732473814,0.004,0.08149999999999999,0.044713940370668816,0.005,0.04971394037066881,-0.25767543930242687,-3.1707480263226144,-0.4449332397639939
Troy Pride Jr.,CB,CAR,00-0036299,2020,113,Rounds 4-7,FALSE,0.11112676056338028,0.16058780428234146,0.005,0.08199999999999999,0.04946104371896116,0.004,0.053461043718961154,-0.2583439971678066,-4.672744495348817,-0.6021907924538343
James Proche,WR,BAL,00-0036133,2020,201,Rounds 4-7,FALSE,0.10338028169014084,0.16153169014084506,0.004,0.079,0.04845950704225352,0.004,0.05245950704225352,-0.25927046485790434,-3.823139033302942,-0.6228278656929864
Charone Peake,WR,NYJ,00-0032959,2016,241,Rounds 4-7,FALSE,0.10294117647058823,0.1608455882352941,0.004,0.079,0.04825367647058823,0.004,0.052253676470588234,-0.2612811957091582,-3.823139033302942,-0.6228278656929864
Da'Rel Scott,RB,NYG,00-0028159,2011,221,Rounds 4-7,FALSE,0.06588235294117646,0.15575024335975524,0.004,0.06,0.03488805451258517,0.005,0.03988805451258517,-0.2634582278304303,-5.507493653254559,-0.7649141963140151
Bryan Bulaga,OT,GNB,00-0027875,2010,23,Late 1st,FALSE,0,0,0.018000000000000002,0.08149999999999999,0,0.047,0.047,-0.2655849700246376,-0.6590268496124263,0.5624288068243084
Brent Urban,DL,BAL,00-0031177,2014,134,Rounds 4-7,FALSE,0.0813235294117647,0.15115897660179312,0.005,0.075,0.04232451344850207,0.006999999999999999,0.04932451344850207,-0.26787026164328925,-3.7779540498924526,-0.695540700768399
Brock Vereen,CB,CHI,00-0031063,2014,131,Rounds 4-7,FALSE,0.1102941176470588,0.1593845630737844,0,0.08199999999999999,0.05227813668820128,0,0.05227813668820128,-0.2690520597751082,-4.672744495348817,-0.6021907924538343
Devante Bond,EDGE,TAM,00-0032789,2016,183,Rounds 4-7,FALSE,0.0925,0.15188834154351397,0,0.091,0.05528735632183908,0.003,0.05828735632183908,-0.26937973192544507,-3.8204197934098256,-0.6044285050354133
Myjai Sanders,EDGE,ARI,00-0037751,2022,100,Round 3,FALSE,0.09333333333333332,0.1532567049808429,0.006,0.091,0.05210727969348658,0,0.05210727969348658,-0.2695469491824486,-2.5109073453087567,-0.29680159176202814
Cameron Artis-Payne,RB,CAR,00-0031599,2015,174,Rounds 4-7,FALSE,0.06499999999999999,0.15366430260047279,0.004,0.06,0.0344208037825059,0.005,0.0394208037825059,-0.2695790205392307,-5.507493653254559,-0.7649141963140151
Corn Elder,CB,CAR,00-0033289,2017,152,Rounds 4-7,FALSE,0.10426470588235294,0.15067154029241756,0.004,0.08199999999999999,0.04700952057123427,0.005,0.052009520571234265,-0.271483661010892,-4.672744495348817,-0.6021907924538343
Jaquan Johnson,CB,BUF,00-0035290,2019,181,Rounds 4-7,FALSE,0.10971428571428571,0.15854665565648224,0,0.08199999999999999,0.05200330305532617,0,0.05200330305532617,-0.271539944005138,-4.672744495348817,-0.6021907924538343
Leonte Carroo,WR,MIA,00-0033060,2016,86,Round 3,FALSE,0.07294117647058819,0.11397058823529405,0.005,0.079,0.03373529411764704,0.004,0.037735294117647034,-0.27321978932183427,-1.4782442291920619,-0.03988217399875301
David Molk,IOL,LAC,00-0029203,2012,226,Rounds 4-7,FALSE,0.10490196078431371,0.1404310050660157,0.004,0.051,0.02640102895241095,0.004,0.03040102895241095,-0.2756708562838338,-2.4541091296547317,-0.6606857915206148
Blaine Gabbert,QB,JAX,00-0027948,2011,10,Top 10,FALSE,0.07852941176470588,0.12625307357669754,0.025,0.146,0.06110648761112161,0.013999999999999999,0.07510648761112161,-0.2761507634634548,-0.293477891960363,0.37407124048736107
David Mayo,LB,CAR,00-0031596,2015,169,Rounds 4-7,FALSE,0.07911764705882351,0.11433185991159468,0.004,0.061,0.026067664059843586,0.013999999999999999,0.040067664059843584,-0.2762453899319915,-3.875277998195149,-0.8050209414767096
Su'a Cravens,EDGE,WAS,00-0032767,2016,53,Round 2,FALSE,0.08779411764705881,0.14416111272095045,0,0.091,0.05247464503042596,0,0.05247464503042596,-0.27763071975455766,-1.9473356770209531,-0.00936591860581865
Javier Arenas,CB,KAN,00-0027660,2010,50,Round 2,FALSE,0.08294117647058824,0.1198571914314859,0,0.08199999999999999,0.039313158789527375,0.005,0.04431315878952737,-0.28070965302726386,-1.8987142572552127,-0.038091475434602076
Esezi Otomewo,DL,MIN,00-0037274,2022,165,Rounds 4-7,FALSE,0.07888888888888888,0.14663362247005368,0,0.075,0.0439900867410161,0.004,0.0479900867410161,-0.28179222688282257,-3.7779540498924526,-0.695540700768399
Jordan Jackson,DL,NOR,00-0037294,2022,194,Rounds 4-7,FALSE,0.08444444444444443,0.15695993391160673,0.005,0.075,0.04394878149524988,0.004,0.04794878149524988,-0.2822231611503561,-3.7779540498924526,-0.695540700768399
Chimdi Chekwa,CB,LV,00-0028051,2011,113,Rounds 4-7,FALSE,0.10058823529411764,0.1453587215232914,0.005,0.08199999999999999,0.04477048622917375,0.006,0.050770486229173746,-0.2826998064579758,-4.672744495348817,-0.6021907924538343
Eric Kush,IOL,KAN,00-0030094,2013,170,Rounds 4-7,FALSE,0.0801470588235294,0.10729191274903535,0.005,0.051,0.019741711945822506,0.01,0.029741711945822508,-0.28449433020147896,-2.4541091296547317,-0.6606857915206148
Andy Gallik,IOL,TEN,00-0032118,2015,208,Rounds 4-7,FALSE,0.11764705882352941,0.15749271596188677,0.004,0.051,0.029608630600834712,0,0.029608630600834712,-0.28627532441926945,-2.4541091296547317,-0.6606857915206148
Terrell Burgess,S,LA,00-0036421,2020,104,Rounds 4-7,FALSE,0.0823943661971831,0.11539827198485028,0.005,0.053,0.022156468221091255,0.005,0.027156468221091256,-0.2872663392690131,-2.184659545441944,-0.5511731411824057
La'Mical Perine,RB,NYJ,00-0036269,2020,120,Rounds 4-7,FALSE,0.06549295774647887,0.1548296873439217,0.005,0.06,0.03406253121566277,0.004,0.038062531215662776,-0.2873718334520891,-5.507493653254559,-0.7649141963140151
Matthew Butler,DL,LV,00-0037280,2022,175,Rounds 4-7,FALSE,0.08305555555555555,0.1543783560512185,0.005,0.075,0.04322593969434117,0.004,0.047225939694341176,-0.289764510832192,-3.7779540498924526,-0.695540700768399
David Paulson,TE,PIT,00-0029218,2012,240,Rounds 4-7,FALSE,0.061568627450980386,0.11529705515164866,0.004,0.048,0.020292281706690164,0.004,0.024292281706690164,-0.28986005060930203,-2.3689887502760683,-0.586867207426399
Trevor Davis,WR,GNB,00-0032423,2016,163,Rounds 4-7,FALSE,0.09455882352941174,0.14774816176470584,0.004,0.079,0.04432444852941175,0.005,0.04932444852941175,-0.28989642494369744,-3.823139033302942,-0.6228278656929864
Patrick Johnson,EDGE,PHI,00-0036922,2021,234,Rounds 4-7,FALSE,0.08986111111111111,0.14755519065863895,0.005,0.091,0.0507589855865718,0.005,0.055758985586571795,-0.2902001779149308,-3.8204197934098256,-0.6044285050354133
Troy Dye,LB,MIN,00-0036338,2020,132,Rounds 4-7,FALSE,0.0895774647887324,0.12944720345192542,0.005,0.061,0.028996173573231296,0.01,0.0389961735732313,-0.29038591911749906,-3.875277998195149,-0.8050209414767096
Matt Henningsen,EDGE,DEN,00-0037303,2022,206,Rounds 4-7,FALSE,0.09319444444444447,0.1530286444079548,0,0.091,0.05570242656449555,0,0.05570242656449555,-0.29066592609336483,-3.8204197934098256,-0.6044285050354133
Perrion Winfrey,DL,CLE,00-0038126,2022,108,Rounds 4-7,FALSE,0.08277777777777778,0.15386204047914084,0.005,0.075,0.04308137133415943,0.004,0.04708137133415943,-0.2912727807685592,-3.7779540498924526,-0.695540700768399
Jeremy McNichols,RB,TAM,00-0033955,2017,162,Rounds 4-7,FALSE,0.061617647058823534,0.1456681963565568,0.004,0.06,0.03262967598386872,0.005,0.03762967598386872,-0.29304205925629856,-5.507493653254559,-0.7649141963140151
Asa Jackson,CB,BAL,00-0029294,2012,169,Rounds 4-7,FALSE,0.09980392156862747,0.14422532018587786,0.005,0.08199999999999999,0.04442139861725037,0.005,0.04942139861725037,-0.29491219021727316,-4.672744495348817,-0.6021907924538343
Israel Mukuamu,CB,DAL,00-0036661,2021,227,Rounds 4-7,FALSE,0.10416666666666664,0.15052986512524083,0,0.08199999999999999,0.04937379576107898,0,0.04937379576107898,-0.2953431068919692,-4.672744495348817,-0.6021907924538343
Jeremiah Ledbetter,EDGE,DET,00-0033582,2017,205,Rounds 4-7,FALSE,0.09220588235294117,0.1514053897421037,0,0.091,0.05511156186612575,0,0.05511156186612575,-0.29553153633315493,-3.8204197934098256,-0.6044285050354133
Keith Reaser,CB,SFO,00-0031020,2014,170,Rounds 4-7,FALSE,0.10029411764705883,0.14493369602176132,0.004,0.08199999999999999,0.04521931315878952,0.004,0.049219313158789524,-0.2967415341005654,-4.672744495348817,-0.6021907924538343
J.D. Walton,IOL,DEN,00-0027683,2010,80,Round 3,FALSE,0,0,0.005,0.051,0,0.023,0.023,-0.29675806347777933,-1.1210940108268708,-0.4767011195371987
Darrynton Evans,RB,TEN,00-0036297,2020,93,Round 3,FALSE,0.04014084507042253,0.09489561482369392,0.006,0.06,0.020497452801917886,0.004,0.024497452801917886,-0.2977508083130037,-2.0095141915817347,0.0018317536535283545
Tavon Wilson,CB,NWE,00-0029410,2012,48,Round 2,FALSE,0.08862745098039213,0.1280743511277343,0,0.08199999999999999,0.04200838716989685,0,0.04200838716989685,-0.2978766965064553,-1.8987142572552127,-0.038091475434602076
Lavar Edwards,EDGE,TEN,00-0030488,2013,142,Rounds 4-7,FALSE,0.08808823529411766,0.1446440645223607,0.005,0.091,0.049757558195692074,0.005,0.05475755819569207,-0.2984466603683827,-3.8204197934098256,-0.6044285050354133
Omar Bolden,CB,DEN,00-0029563,2012,101,Rounds 4-7,FALSE,0.09274509803921567,0.1340247081491556,0,0.08199999999999999,0.04396010427292303,0.005,0.04896010427292303,-0.29908797799349274,-4.672744495348817,-0.6021907924538343
Michael Campanaro,WR,BAL,00-0031025,2014,218,Rounds 4-7,FALSE,0.08823529411764706,0.13786764705882354,0.004,0.079,0.04136029411764706,0.006999999999999999,0.04836029411764706,-0.2993151182185738,-3.823139033302942,-0.6228278656929864
Bryce Petty,QB,NYJ,00-0031568,2015,103,Rounds 4-7,FALSE,0.10264705882352941,0.1650274257613013,0.005,0.146,0.09307546812937392,0,0.09307546812937392,-0.29995257995299773,-3.4396236727931813,-0.7312011414982981
Walt Aikens,CB,MIA,00-0031307,2014,125,Rounds 4-7,FALSE,0.10970588235294117,0.15853451207072425,0.005,0.08199999999999999,0.04882862971778306,0,0.04882862971778306,-0.30027812880931937,-4.672744495348817,-0.6021907924538343
Nathan Stupar,LB,LV,00-0029629,2012,230,Rounds 4-7,FALSE,0.08254901960784314,0.11929049076277912,0.004,0.061,0.027198231893913637,0.011000000000000001,0.03819823189391364,-0.30091640701795497,-3.875277998195149,-0.8050209414767096
Velus Jones Jr.,WR,CHI,00-0037745,2022,71,Round 3,FALSE,0.06416666666666665,0.10026041666666664,0.006,0.079,0.02927604166666666,0.004,0.03327604166666666,-0.3027451667391193,-1.4782442291920619,-0.03988217399875301
Dakota Dozier,IOL,NYJ,00-0031017,2014,137,Rounds 4-7,FALSE,0.09426470588235293,0.12619103866446177,0.005,0.051,0.023219151114260966,0.005,0.028219151114260967,-0.30487037943282747,-2.4541091296547317,-0.6606857915206148
Quinton Carter,CB,DEN,00-0028046,2011,108,Rounds 4-7,FALSE,0.10088235294117646,0.1457837470248215,0,0.08199999999999999,0.04781706902414144,0,0.04781706902414144,-0.3094351081466066,-4.672744495348817,-0.6021907924538343
Corey Ballentine,CB,NYG,00-0035633,2019,180,Rounds 4-7,FALSE,0.08814285714285715,0.12737407101568954,0.004,0.08199999999999999,0.03974071015689513,0.008,0.04774071015689513,-0.31012633366969006,-4.672744495348817,-0.6021907924538343
Quincy Roche,DL,PIT,00-0036845,2021,216,Rounds 4-7,FALSE,0.08097222222222222,0.1505059892606361,0,0.075,0.04515179677819083,0,0.04515179677819083,-0.311403875076386,-3.7779540498924526,-0.695540700768399
Dontay Moch,LB,CIN,00-0028004,2011,66,Round 3,FALSE,0.057352941176470586,0.08287997279836791,0.006,0.061,0.01823359401564094,0.005,0.02323359401564094,-0.31142075139899283,-1.5009104241941897,-0.26024197516630576
Tim Williams,EDGE,BAL,00-0033915,2017,78,Round 3,FALSE,0.07397058823529411,0.12146237805467013,0.005,0.091,0.04178305805080652,0.004,0.04578305805080651,-0.3133771219320914,-2.5109073453087567,-0.29680159176202814
Devin Smith,WR,NYJ,00-0031934,2015,37,Round 2,FALSE,0.07088235294117648,0.11075367647058824,0.01,0.079,0.030568014705882357,0.005,0.035568014705882355,-0.3134830879984626,-1.0961314210494868,0.22664173323619316
Leon McFadden,CB,CLE,00-0030556,2013,68,Round 3,FALSE,0.07852941176470588,0.11348180890853451,0.006,0.08199999999999999,0.03449846990819449,0.005,0.039498469908194486,-0.31365791996404246,-2.986769766952211,-0.2996236181936407
Trenton Cannon,RB,NYJ,00-0034164,2018,204,Rounds 4-7,FALSE,0.05666666666666665,0.13396375098502755,0.004,0.06,0.03000788022064617,0.006,0.03600788022064617,-0.31428691783792523,-5.507493653254559,-0.7649141963140151
Darius Kilgo,DL,DEN,00-0032138,2015,203,Rounds 4-7,FALSE,0.07088235294117648,0.13175158539252133,0,0.075,0.0395254756177564,0.005,0.044525475617756397,-0.3179382327712945,-3.7779540498924526,-0.695540700768399
Terrence Brooks,CB,BAL,00-0031338,2014,79,Round 3,FALSE,0.08191176470588235,0.11836960217613057,0,0.08199999999999999,0.03882522951377082,0,0.03882522951377082,-0.3186263806593296,-2.986769766952211,-0.2996236181936407
Ryan Carrethers,DL,LAC,00-0030994,2014,165,Rounds 4-7,FALSE,0.07764705882352942,0.1443253881478242,0.005,0.075,0.04041110868139077,0.004,0.04441110868139077,-0.3191314137108711,-3.7779540498924526,-0.695540700768399
Ben Ijalana,OT,IND,00-0027987,2011,49,Round 2,FALSE,0.0026470588235294116,0.00362610797743755,0.008,0.08149999999999999,0.0010660757453666394,0.031,0.032066075745366636,-0.320349628781958,-1.2393656537891447,0.4683486650469865
Michael Woods II,WR,CLE,00-0037300,2022,202,Rounds 4-7,FALSE,0.09097222222222223,0.14214409722222224,0.005,0.079,0.04207465277777778,0.004,0.04607465277777778,-0.3216432375051972,-3.823139033302942,-0.6228278656929864
Zaviar Gooden,LB,TEN,00-0030502,2013,97,Round 3,FALSE,0.05558823529411764,0.08032981978918735,0.005,0.061,0.017993879632777966,0.004,0.021993879632777966,-0.3216434023123792,-1.5009104241941897,-0.26024197516630576
Paxton Lynch,QB,DEN,00-0033108,2016,26,Late 1st,FALSE,0.06279411764705882,0.10095517306601097,0.015,0.146,0.05290051068658975,0.004,0.056900510686589745,-0.3217438407989984,-0.8862273441397667,-0.014648650169409413
Armani Watts,S,KAN,00-0034680,2018,124,Rounds 4-7,FALSE,0.06565217391304347,0.0919498234076239,0.004,0.053,0.018022165387894286,0.006,0.024022165387894284,-0.32210599310409005,-2.184659545441944,-0.5511731411824057
Kyle Trask,QB,TAM,00-0036928,2021,64,Round 2,FALSE,0.006805555555555556,0.01094140764558771,0.008,0.146,0.006039657020364415,0.01,0.016039657020364417,-0.32237120007211456,-0.8256118902818692,-0.01984298098231734
Brandon Dixon,CB,NYJ,00-0031328,2014,195,Rounds 4-7,FALSE,0.09397058823529411,0.13579564773886432,0.004,0.08199999999999999,0.04236824209452566,0.004,0.046368242094525655,-0.3225503649386002,-4.672744495348817,-0.6021907924538343
Neal Sterling,WR,JAX,00-0032120,2015,220,Rounds 4-7,FALSE,0.08911764705882354,0.13924632352941177,0.004,0.079,0.04177389705882353,0.004,0.04577389705882352,-0.3245812792057069,-3.823139033302942,-0.6228278656929864
Darian Kinnard,OT,KAN,00-0037194,2022,145,Rounds 4-7,FALSE,0.07680555555555556,0.1052130898021309,0.005,0.08149999999999999,0.03219520547945205,0.009000000000000001,0.04119520547945205,-0.3267330318757966,-3.1707480263226144,-0.4449332397639939
Malcolm Johnson,TE,CLE,00-0032068,2015,195,Rounds 4-7,FALSE,0.052058823529411755,0.09748843357567744,0.004,0.048,0.017157964309319228,0.004,0.021157964309319228,-0.3281814693214491,-2.3689887502760683,-0.586867207426399
LaVon Brazill,WR,IND,00-0029548,2012,206,Rounds 4-7,FALSE,0.09784313725490197,0.15287990196078433,0.005,0.079,0.045252450980392156,0,0.045252450980392156,-0.3296752150029232,-3.823139033302942,-0.6228278656929864
Daryl Richardson,RB,LA,00-0029612,2012,252,Rounds 4-7,FALSE,0.05803921568627451,0.13720854772168914,0.004,0.06,0.030734714689658365,0.004,0.034734714689658365,-0.33096486352640825,-5.507493653254559,-0.7649141963140151
Michael Bennett,DL,JAX,00-0032154,2015,180,Rounds 4-7,FALSE,0.07220588235294118,0.13421167723595012,0,0.075,0.04026350317078504,0.003,0.04326350317078504,-0.331104288607425,-3.7779540498924526,-0.695540700768399
Colby Gossett,IOL,MIN,00-0034165,2018,213,Rounds 4-7,FALSE,0.08434782608695653,0.11291542983528317,0.004,0.051,0.021228100809033236,0.005,0.026228100809033237,-0.3315161056333387,-2.4541091296547317,-0.6606857915206148
Patrick Robinson,CB,NOR,00-0027882,2010,32,Late 1st,FALSE,0.022941176470588236,0.033151989119347164,0.013999999999999999,0.08199999999999999,0.009017341040462427,0.03,0.03901734104046242,-0.33165532353101757,-1.1362659091557372,0.08046471267687343
Alameda Ta'amu,DL,PIT,00-0029138,2012,109,Rounds 4-7,FALSE,0.07137254901960785,0.1326627305197172,0.005,0.075,0.03714556454552081,0.006,0.043145564545520806,-0.33233473268660596,-3.7779540498924526,-0.695540700768399
Mark Walton,RB,CIN,00-0034679,2018,112,Rounds 4-7,FALSE,0.0653623188405797,0.15452084832288346,0.004,0.06,0.034612670024325894,0,0.034612670024325894,-0.3325635985301786,-5.507493653254559,-0.7649141963140151
Duke Dawson,CB,NWE,00-0034744,2018,56,Round 2,FALSE,0.08608695652173912,0.12440311636089468,0.006999999999999999,0.08199999999999999,0.0373209349082684,0,0.0373209349082684,-0.33279108719775957,-1.8987142572552127,-0.038091475434602076
Stevie Brown,S,LV,00-0027842,2010,251,Rounds 4-7,FALSE,0,0,0.004,0.053,0,0.023,0.023,-0.3334679737969735,-2.184659545441944,-0.5511731411824057
Nahshon Wright,CB,DAL,00-0036986,2021,99,Round 3,FALSE,0.056388888888888884,0.08148683365446371,0.006,0.08199999999999999,0.024771997430956965,0.012,0.036771997430956965,-0.3337790705250293,-2.986769766952211,-0.2996236181936407
Cornelius Washington,LB,CHI,00-0030048,2013,188,Rounds 4-7,FALSE,0.10102941176470588,0.14599625977558656,0,0.061,0.03562308738524312,0,0.03562308738524312,-0.33490075549022574,-3.875277998195149,-0.8050209414767096
Conor McDermott,OT,NWE,00-0033300,2017,211,Rounds 4-7,FALSE,0.0938235294117647,0.12852538275584205,0.004,0.08149999999999999,0.039842868654311026,0,0.039842868654311026,-0.33769582467133746,-3.1707480263226144,-0.4449332397639939
Dorian O'Daniel,EDGE,KAN,00-0034781,2018,100,Round 3,FALSE,0.07043478260869565,0.11565645748554294,0,0.091,0.04209895052473763,0,0.04209895052473763,-0.3389099192341526,-2.5109073453087567,-0.29680159176202814
Jake Butt,TE,DEN,00-0033564,2017,145,Rounds 4-7,FALSE,0.0461764705882353,0.0864727913637365,0.004,0.048,0.015219211280017624,0.005,0.020219211280017624,-0.33965903950414295,-2.3689887502760683,-0.586867207426399
Yodny Cajuste,OT,NWE,00-0035252,2019,101,Rounds 4-7,FALSE,0.06557142857142857,0.0898238747553816,0.005,0.08149999999999999,0.027486105675146765,0.012,0.039486105675146765,-0.3405879433691255,-3.1707480263226144,-0.4449332397639939
Mike Catapano,EDGE,KAN,00-0030109,2013,207,Rounds 4-7,FALSE,0.0763235294117647,0.1253259924659519,0,0.091,0.045618661257606496,0.004,0.0496186612576065,-0.3407640802991404,-3.8204197934098256,-0.6044285050354133
Andrew Booth,CB,MIN,00-0038130,2022,42,Round 2,FALSE,0.07722222222222222,0.11159280667951188,0.01,0.08199999999999999,0.03213872832369942,0.004,0.03613872832369942,-0.34159672835796073,-1.8987142572552127,-0.038091475434602076
Jimmy Clausen,QB,CAR,00-0027659,2010,48,Round 2,FALSE,0,0,0,0.146,0,0.008,0.008,-0.3423138519796214,-0.8256118902818692,-0.01984298098231734
Will Redmond,CB,SFO,00-0033124,2016,68,Round 3,FALSE,0.06955882352941177,0.10051853111186673,0.006,0.08199999999999999,0.03055763345800748,0.005,0.03555763345800748,-0.3427409802965565,-2.986769766952211,-0.2996236181936407
Ben Heeney,LB,LV,00-0032201,2015,140,Rounds 4-7,FALSE,0.09411764705882353,0.13600816048962938,0.004,0.061,0.031009860591635498,0.004,0.035009860591635494,-0.3429935491087299,-3.875277998195149,-0.8050209414767096
Andrew Donnal,OT,LA,00-0032246,2015,119,Rounds 4-7,FALSE,0.09338235294117647,0.12792103142626915,0.005,0.08149999999999999,0.039143835616438354,0,0.039143835616438354,-0.3433625744107276,-3.1707480263226144,-0.4449332397639939
Marquise Blair,S,SEA,00-0035139,2019,47,Round 2,FALSE,0.08385714285714285,0.11744697879151661,0.008,0.053,0.02114045618247299,0.004,0.02514045618247299,-0.3435041945720575,-0.6092327658489395,-0.6534824271194798
Nick Niemann,LB,LAC,00-0036648,2021,185,Rounds 4-7,FALSE,0.07347222222222223,0.10617373153500323,0.005,0.061,0.023782915863840723,0.011000000000000001,0.034782915863840726,-0.3459885533453286,-3.875277998195149,-0.8050209414767096
Markus Bailey,LB,CIN,00-0036314,2020,215,Rounds 4-7,FALSE,0.09295774647887323,0.13433200358218675,0.004,0.061,0.030627696816738575,0.004,0.03462769681673858,-0.3480369891393169,-3.875277998195149,-0.8050209414767096
Keith Ismael,IOL,WAS,00-0036342,2020,156,Rounds 4-7,FALSE,0.0852112676056338,0.11407130870901445,0.005,0.051,0.02098912080245866,0.004,0.02498912080245866,-0.34809706390265677,-2.4541091296547317,-0.6606857915206148
Ron Brooks,CB,BUF,00-0029280,2012,124,Rounds 4-7,FALSE,0.07019607843137257,0.10143941969851529,0.005,0.08199999999999999,0.031243341267142705,0.012,0.0432433412671427,-0.3508379926482184,-4.672744495348817,-0.6021907924538343
Christian Hackenberg,QB,NYJ,00-0032953,2016,51,Round 2,FALSE,0,0,0.008,0.146,0,0.004,0.004,-0.3522359926167119,-0.8256118902818692,-0.01984298098231734
Jon Halapio,IOL,NWE,00-0031185,2014,179,Rounds 4-7,FALSE,0.08191176470588235,0.10965430348846365,0.004,0.051,0.020615009055831166,0.004,0.024615009055831166,-0.3531037074529768,-2.4541091296547317,-0.6606857915206148
Richard Gordon,TE,LV,00-0028119,2011,181,Rounds 4-7,FALSE,0.042352941176470586,0.07931262392597488,0.004,0.048,0.013959021810971578,0.005,0.018959021810971578,-0.35506662022345986,-2.3689887502760683,-0.586867207426399
Christian Ringo,EDGE,GNB,00-0031615,2015,210,Rounds 4-7,FALSE,0.08,0.13136288998357964,0,0.091,0.04781609195402299,0,0.04781609195402299,-0.3556077487153539,-3.8204197934098256,-0.6044285050354133
Brandon Williams,CB,ARI,00-0032769,2016,92,Round 3,FALSE,0.06470588235294117,0.09350561033662019,0.005,0.08199999999999999,0.028799727983679014,0.005,0.033799727983679015,-0.3557141832231395,-2.986769766952211,-0.2996236181936407
Parker Ehinger,IOL,KAN,00-0032771,2016,105,Rounds 4-7,FALSE,0.0788235294117647,0.10552011969446412,0.005,0.051,0.019415702023781397,0.005,0.024415702023781398,-0.35577098340873287,-2.4541091296547317,-0.6606857915206148
Trey Lance,QB,SFO,00-0037012,2021,3,Top 10,FALSE,0.07263888888888889,0.11678277956413005,0.047,0.146,0.046245980707395495,0.008,0.054245980707395496,-0.35740847962934685,-0.293477891960363,0.37407124048736107
Kelvin Joseph,CB,DAL,00-0036935,2021,44,Round 2,FALSE,0.07277777777777777,0.10517019910083494,0.011000000000000001,0.08199999999999999,0.029868336544637122,0.004,0.033868336544637126,-0.3585076943096369,-1.8987142572552127,-0.038091475434602076
Ka'Deem Carey,RB,CHI,00-0031057,2014,117,Rounds 4-7,FALSE,0.06264705882352942,0.148101793909053,0.005,0.06,0.03258239465999166,0,0.03258239465999166,-0.35915937216281846,-5.507493653254559,-0.7649141963140151
Scott Solomon,EDGE,TEN,00-0029589,2012,211,Rounds 4-7,FALSE,0.07588235294117647,0.12460156476383658,0.004,0.091,0.04336134453781512,0.004,0.047361344537815125,-0.3593524701226807,-3.8204197934098256,-0.6044285050354133
Owamagbe Odighizuwa,EDGE,NYG,00-0031562,2015,74,Round 3,FALSE,0.06235294117647059,0.1023857818989665,0.006,0.091,0.034811165845648605,0.004,0.0388111658456486,-0.36169599135338226,-2.5109073453087567,-0.29680159176202814
ArDarius Stewart,WR,NYJ,00-0033916,2017,79,Round 3,FALSE,0.0525,0.08203125,0.005,0.079,0.024281249999999997,0,0.024281249999999997,-0.36230102765248734,-1.4782442291920619,-0.03988217399875301
DeAngelo Malone,EDGE,ATL,00-0037808,2022,82,Round 3,FALSE,0.06930555555555551,0.11380222587119132,0.006,0.091,0.03869275679620505,0,0.03869275679620505,-0.36251662816617314,-2.5109073453087567,-0.29680159176202814
Mike James,RB,TAM,00-0030391,2013,189,Rounds 4-7,FALSE,0.0525,0.12411347517730496,0.005,0.06,0.027304964539007093,0.005,0.032304964539007094,-0.3627935928336687,-5.507493653254559,-0.7649141963140151
Greg Stroman,CB,WAS,00-0034337,2018,241,Rounds 4-7,FALSE,0.08405797101449276,0.12147105637932482,0.004,0.08199999999999999,0.037898969590349336,0.004,0.04189896959034933,-0.36300768621520907,-4.672744495348817,-0.6021907924538343
James Wright,WR,CIN,00-0031291,2014,239,Rounds 4-7,FALSE,0.08058823529411767,0.12591911764705885,0.004,0.079,0.03777573529411765,0.004,0.041775735294117655,-0.36363877753336443,-3.823139033302942,-0.6228278656929864
Damon Arnette,CB,LV,00-0036359,2020,19,Late 1st,FALSE,0.08197183098591548,0.11845640315883742,0.017,0.08199999999999999,0.030798664821297724,0.004,0.034798664821297724,-0.3642067398511849,-1.1362659091557372,0.08046471267687343
Frank Alexander,EDGE,CAR,00-0029270,2012,103,Rounds 4-7,FALSE,0.08235294117647059,0.1352265043948614,0.005,0.091,0.04651791751183231,0,0.04651791751183231,-0.3662978625034746,-3.8204197934098256,-0.6044285050354133
Colt McCoy,QB,CLE,00-0027688,2010,85,Round 3,FALSE,0.02235294117647059,0.035937204463779085,0.005,0.146,0.020268583317571403,0.019,0.0392685833175714,-0.37060475142657573,-2.222491526527487,-0.2043169834643365
Brandon Ghee,CB,CIN,00-0027697,2010,96,Round 3,FALSE,0.06647058823529413,0.09605576334580077,0,0.08199999999999999,0.03150629037742265,0,0.03150629037742265,-0.37263957079370086,-2.986769766952211,-0.2996236181936407
Brian Asamoah,LB,MIN,00-0037822,2022,66,Round 3,FALSE,0.03763888888888888,0.05439145793192035,0.006999999999999999,0.061,0.011748554913294795,0.004,0.015748554913294795,-0.3731421792327364,-1.5009104241941897,-0.26024197516630576
D'Anthony Smith,DL,JAX,00-0027679,2010,74,Round 3,FALSE,0.051176470588235295,0.09512355127924775,0,0.075,0.028537065383774325,0.004,0.03253706538377432,-0.3732621357283137,-1.6980155086877986,-0.2673590110726486
Tony Bergstrom,OT,LV,00-0029699,2012,95,Round 3,FALSE,0.07098039215686275,0.09723341391351062,0,0.08149999999999999,0.03169809293580446,0,0.03169809293580446,-0.37348553695861186,-1.9161133628566525,-0.13046393182271215
Sean Mannion,QB,LA,00-0032245,2015,89,Round 3,FALSE,0.03588235294117647,0.05768867032343484,0.006,0.146,0.0323056553811235,0.006,0.0383056553811235,-0.37394833740736344,-2.222491526527487,-0.2043169834643365
Tyler Badie,RB,BAL,00-0037085,2022,196,Rounds 4-7,FALSE,0.05277777777777778,0.12477016023115314,0.005,0.06,0.027449435250853693,0.004,0.0314494352508537,-0.37400067522432884,-5.507493653254559,-0.7649141963140151
Will Davis,CB,MIA,00-0030519,2013,93,Round 3,FALSE,0.05911764705882354,0.08543012580754847,0.005,0.08199999999999999,0.026312478748724923,0.005,0.03131247874872492,-0.3740698852362836,-2.986769766952211,-0.2996236181936407
Dion Jordan,EDGE,MIA,00-0030555,2013,3,Top 10,FALSE,0.11941176470588237,0.19607843137254904,0.042,0.091,0.038431372549019606,0.011000000000000001,0.04943137254901961,-0.3744161893817078,-0.35588035012977776,0.265142802793857
Ryan Broyles,WR,DET,00-0029209,2012,54,Round 2,FALSE,0.06098039215686273,0.09528186274509802,0.008,0.079,0.02706004901960784,0,0.02706004901960784,-0.3748918248511968,-1.0961314210494868,0.22664173323619316
Blake Countess,CB,PHI,00-0032793,2016,196,Rounds 4-7,FALSE,0.08529411764705883,0.12325739544372663,0,0.08199999999999999,0.04042842570554233,0,0.04042842570554233,-0.37631953201190077,-4.672744495348817,-0.6021907924538343
Deane Leonard,CB,LAC,00-0037320,2022,236,Rounds 4-7,FALSE,0.0748611111111111,0.10818079640333975,0.005,0.08199999999999999,0.03331968529222864,0.006999999999999999,0.04031968529222864,-0.37730388591582414,-4.672744495348817,-0.6021907924538343
Martez Wilson,LB,NOR,00-0028010,2011,72,Round 3,FALSE,0.034999999999999996,0.05057803468208092,0.006,0.061,0.011127167630057803,0.004,0.015127167630057803,-0.3782661217846326,-1.5009104241941897,-0.26024197516630576
Karlos Williams,RB,BUF,00-0032152,2015,155,Rounds 4-7,FALSE,0.053088235294117644,0.1255041023501599,0.004,0.06,0.028112918926435818,0.003,0.031112918926435817,-0.37840890089909623,-5.507493653254559,-0.7649141963140151
Josh Harvey-Clemons,S,WAS,00-0033532,2017,230,Rounds 4-7,FALSE,0.06367647058823529,0.08918273191629593,0,0.053,0.018906739166254738,0,0.018906739166254738,-0.3789670203453583,-2.184659545441944,-0.5511731411824057
Marcus Allen,S,PIT,00-0034335,2018,148,Rounds 4-7,FALSE,0.06768115942028985,0.09479153980432753,0.004,0.053,0.018579141801648196,0,0.018579141801648196,-0.38260846132524406,-2.184659545441944,-0.5511731411824057
Aaron Robinson,CB,NYG,00-0036899,2021,71,Round 3,FALSE,0.06916666666666667,0.09995183044315993,0.006999999999999999,0.08199999999999999,0.029985549132947972,0,0.029985549132947972,-0.3838625205208078,-2.986769766952211,-0.2996236181936407
Shaun Wade,CB,BAL,00-0036559,2021,160,Rounds 4-7,FALSE,0.0798611111111111,0.11540622992935132,0.005,0.08199999999999999,0.0355451188182402,0.004,0.0395451188182402,-0.3843155158083754,-4.672744495348817,-0.6021907924538343
Tyler Ervin,RB,HOU,00-0032404,2016,119,Rounds 4-7,FALSE,0.04926470588235293,0.11646502572660268,0.005,0.06,0.02562230565985259,0.005,0.03062230565985259,-0.38483573324333653,-5.507493653254559,-0.7649141963140151
Rashad Greene,WR,JAX,00-0032170,2015,139,Rounds 4-7,FALSE,0.07558823529411765,0.11810661764705882,0.004,0.079,0.035431985294117646,0.004,0.03943198529411765,-0.3865345524150948,-3.823139033302942,-0.6228278656929864
Arthur Brown,LB,BAL,00-0030458,2013,56,Round 2,FALSE,0.04970588235294117,0.07182930975858551,0.006999999999999999,0.061,0.015515130907854469,0.005,0.020515130907854468,-0.3870663904231957,-0.9272530653358044,-0.35150887120124186
Kevin White,WR,CHI,00-0031545,2015,7,Top 10,FALSE,0.09411764705882354,0.14705882352941177,0.028999999999999998,0.079,0.029411764705882356,0.008,0.03741176470588235,-0.3882957840442488,-0.07536017301982953,0.035482296742909314
Jah Reid,OT,BAL,00-0028023,2011,85,Round 3,FALSE,0.01323529411764706,0.018130539887187755,0.005,0.08149999999999999,0.0055479452054794515,0.024,0.029547945205479452,-0.3896104029916662,-1.9161133628566525,-0.13046393182271215
Derek Rivers,EDGE,NWE,00-0033920,2017,83,Round 3,FALSE,0.05058823529411764,0.08306770984255771,0.005,0.091,0.02857529218583985,0.006,0.03457529218583985,-0.3910528173384376,-2.5109073453087567,-0.29680159176202814
Matthew Adams,LB,IND,00-0034424,2018,221,Rounds 4-7,FALSE,0.07681159420289854,0.11099941358800368,0.004,0.061,0.025307866298064835,0.006,0.03130786629806483,-0.3918490070030194,-3.875277998195149,-0.8050209414767096
Chazz Surratt,LB,MIN,00-0037003,2021,78,Round 3,FALSE,0.030000000000000002,0.04335260115606937,0.006999999999999999,0.061,0.009364161849710983,0.004,0.013364161849710983,-0.3928038192574543,-1.5009104241941897,-0.26024197516630576
Marqueston Huff,CB,TEN,00-0031059,2014,122,Rounds 4-7,FALSE,0.08088235294117649,0.11688201292077528,0,0.08199999999999999,0.03833730023801429,0,0.03833730023801429,-0.3952490859360406,-4.672744495348817,-0.6021907924538343
Mistral Raymond,CB,MIN,00-0028108,2011,170,Rounds 4-7,FALSE,0.08088235294117647,0.11688201292077526,0,0.08199999999999999,0.03833730023801428,0,0.03833730023801428,-0.39524908593604063,-4.672744495348817,-0.6021907924538343
McTelvin Agim,DL,DEN,00-0036420,2020,95,Round 3,FALSE,0.05070422535211267,0.0942457720299492,0.006,0.075,0.026011833080265976,0.004,0.030011833080265976,-0.39545969723310626,-1.6980155086877986,-0.2673590110726486
Roc Carmichael,CB,HOU,00-0028065,2011,127,Rounds 4-7,FALSE,0.08058823529411764,0.11645698741924515,0,0.08199999999999999,0.038197891873512406,0,0.038197891873512406,-0.39651105619765,-4.672744495348817,-0.6021907924538343
Derek Sherrod,OT,GNB,00-0027970,2011,32,Late 1st,FALSE,0.06705882352941177,0.09186140209508462,0.013999999999999999,0.08149999999999999,0.024802578565672844,0.005,0.029802578565672845,-0.39797269918802425,-0.6590268496124263,0.5624288068243084
Tyrion Davis-Price,RB,SFO,00-0037827,2022,93,Round 3,FALSE,0.01666666666666667,0.03940110323089047,0.006,0.06,0.008510638297872342,0.004,0.012510638297872342,-0.39828116428336074,-2.0095141915817347,0.0018317536535283545
Dalton Keene,TE,NWE,00-0036225,2020,101,Rounds 4-7,FALSE,0.03507042253521127,0.06567494856781136,0.005,0.048,0.011296091153663555,0.004,0.015296091153663555,-0.39985107617868704,-2.3689887502760683,-0.586867207426399
Keith McGill,CB,LV,00-0031347,2014,116,Rounds 4-7,FALSE,0.07970588235294114,0.11518191091465484,0,0.08199999999999999,0.037779666780006785,0,0.037779666780006785,-0.4002969669824781,-4.672744495348817,-0.6021907924538343
Tarron Jackson,EDGE,PHI,00-0036921,2021,191,Rounds 4-7,FALSE,0.06791666666666665,0.11152162014230978,0.005,0.091,0.03836343732895456,0.004,0.04236343732895456,-0.4005088779433646,-3.8204197934098256,-0.6044285050354133
Simi Fehoko,WR,DAL,00-0036646,2021,179,Rounds 4-7,FALSE,0.06916666666666665,0.10807291666666664,0.005,0.079,0.03198958333333333,0.006,0.03798958333333333,-0.40062518093054417,-3.823139033302942,-0.6228278656929864
Isaiah Pead,RB,LA,00-0029626,2012,50,Round 2,FALSE,0.026470588235294124,0.06257822277847311,0.008,0.06,0.013016270337922405,0.004,0.017016270337922405,-0.4007278363598852,-1.5069658434565287,-0.4735968759125675
Rico Gathers,TE,DAL,00-0033054,2016,217,Rounds 4-7,FALSE,0.03617647058823531,0.0677461996034369,0.003,0.048,0.012194315928618643,0.003,0.015194315928618644,-0.4010954208059225,-2.3689887502760683,-0.586867207426399
Dezmen Southward,CB,ATL,00-0031383,2014,68,Round 3,FALSE,0.05794117647058823,0.08373002380142809,0,0.08199999999999999,0.02746344780686841,0,0.02746344780686841,-0.4024754282012584,-2.986769766952211,-0.2996236181936407
Derrek Tuszka,LB,DEN,00-0036440,2020,254,Rounds 4-7,FALSE,0.08633802816901409,0.124765936660425,0,0.061,0.0304428885451437,0,0.0304428885451437,-0.4032641742983142,-3.875277998195149,-0.8050209414767096
Marvell Tell III,S,IND,00-0035534,2019,144,Rounds 4-7,FALSE,0.05628571428571429,0.07883153261304524,0,0.053,0.016712284913965588,0,0.016712284913965588,-0.4033596941153922,-2.184659545441944,-0.5511731411824057
Armanti Edwards,WR,CAR,00-0027692,2010,89,Round 3,FALSE,0.03647058823529412,0.056985294117647065,0,0.079,0.01800735294117647,0,0.01800735294117647,-0.4038414384220623,-1.4782442291920619,-0.03988217399875301
Jimmy Morrissey,IOL,LV,00-0036859,2021,230,Rounds 4-7,FALSE,0.06805555555555555,0.09110516138628588,0.005,0.051,0.0167633496950766,0.004,0.0207633496950766,-0.40464949736839734,-2.4541091296547317,-0.6606857915206148
Travin Howard,EDGE,LA,00-0034812,2018,231,Rounds 4-7,FALSE,0.06985507246376811,0.11470455248566193,0,0.091,0.04175245710478094,0,0.04175245710478094,-0.40554013407230644,-3.8204197934098256,-0.6044285050354133
Dru Samia,IOL,MIN,00-0034976,2019,114,Rounds 4-7,FALSE,0.06614285714285714,0.08854465480971505,0.004,0.051,0.016646395104226427,0.004,0.020646395104226428,-0.4062146712856531,-2.4541091296547317,-0.6606857915206148
Jonathan Williams,RB,BUF,00-0032975,2016,156,Rounds 4-7,FALSE,0.04529411764705883,0.10707829230983176,0.004,0.06,0.023985537477402313,0.005,0.028985537477402314,-0.4062767243691042,-5.507493653254559,-0.7649141963140151
Khaseem Greene,LB,CHI,00-0030027,2013,117,Rounds 4-7,FALSE,0.08088235294117647,0.11688201292077526,0.005,0.061,0.02618157089425366,0.004,0.03018157089425366,-0.406712800221986,-3.875277998195149,-0.8050209414767096
Nico Johnson,LB,KAN,00-0030508,2013,99,Round 3,FALSE,0.023382352941176476,0.03378952737164231,0.005,0.061,0.007568854131247877,0.004,0.011568854131247877,-0.4076078776290065,-1.5009104241941897,-0.26024197516630576
Nick Williams,DL,PIT,00-0030500,2013,223,Rounds 4-7,FALSE,0.06426470588235293,0.11945112617537719,0,0.075,0.035835337852613156,0,0.035835337852613156,-0.4086017328454281,-3.7779540498924526,-0.695540700768399
Cyril Richardson,IOL,BUF,00-0031311,2014,153,Rounds 4-7,FALSE,0.06676470588235295,0.08937711630837075,0.005,0.051,0.016445389400740217,0.004,0.020445389400740217,-0.408904680134637,-2.4541091296547317,-0.6606857915206148
Gabe Wright,DL,DET,00-0031574,2015,113,Rounds 4-7,FALSE,0.059117647058823525,0.10988410233982067,0.005,0.075,0.030767548655149784,0.005,0.035767548655149785,-0.40930897202567423,-3.7779540498924526,-0.695540700768399
Jake Hanson,IOL,GNB,00-0036273,2020,208,Rounds 4-7,FALSE,0.0652112676056338,0.0872975469954937,0.004,0.051,0.016411938835152816,0.004,0.020411938835152816,-0.4093523406530849,-2.4541091296547317,-0.6606857915206148
Darwin Thompson,RB,KAN,00-0035148,2019,214,Rounds 4-7,FALSE,0.04671428571428571,0.11043566362715297,0.004,0.06,0.024737588652482264,0.004,0.028737588652482264,-0.4095247521666612,-5.507493653254559,-0.7649141963140151
Garrett Gilkey,OT,CLE,00-0030476,2013,227,Rounds 4-7,FALSE,0.06926470588235292,0.09488315874294921,0,0.08149999999999999,0.03093190975020144,0,0.03093190975020144,-0.4099330027613046,-3.1707480263226144,-0.4449332397639939
Shalom Luani,S,LV,00-0033970,2017,221,Rounds 4-7,FALSE,0.04367647058823529,0.06117152743450321,0.004,0.053,0.01198961937716263,0.004,0.01598961937716263,-0.4113925545250783,-2.184659545441944,-0.5511731411824057
Kerwynn Williams,RB,IND,00-0030117,2013,230,Rounds 4-7,FALSE,0.0463235294117647,0.1095118898623279,0.004,0.06,0.02453066332916145,0.004,0.02853066332916145,-0.41223538893770134,-5.507493653254559,-0.7649141963140151
Jason Pinkston,OT,CLE,00-0028088,2011,150,Rounds 4-7,FALSE,0.06852941176470588,0.09387590652699436,0,0.08149999999999999,0.030603545527800157,0,0.030603545527800157,-0.4125949053766376,-3.1707480263226144,-0.4449332397639939
Keaontay Ingram,RB,ARI,00-0037299,2022,201,Rounds 4-7,FALSE,0.04708333333333334,0.11130811662726557,0.005,0.06,0.024487785657998425,0.004,0.028487785657998425,-0.41279706882417355,-5.507493653254559,-0.7649141963140151
Joe Jackson,EDGE,DAL,00-0035281,2019,165,Rounds 4-7,FALSE,0.06271428571428572,0.10297912268355619,0.004,0.091,0.035836734693877555,0.005,0.04083673469387755,-0.4130808593036322,-3.8204197934098256,-0.6044285050354133
Neil Farrell,DL,LV,00-0038093,2022,126,Rounds 4-7,FALSE,0.06027777777777778,0.11204047914085088,0.005,0.075,0.03137133415943824,0.004,0.035371334159438245,-0.4134426456143028,-3.7779540498924526,-0.695540700768399
Taylor Hart,EDGE,PHI,00-0031179,2014,141,Rounds 4-7,FALSE,0.06823529411764706,0.11204481792717087,0,0.091,0.0407843137254902,0,0.0407843137254902,-0.4135125317343409,-3.8204197934098256,-0.6044285050354133
Jarrett Stidham,QB,NWE,00-0035264,2019,133,Rounds 4-7,FALSE,0.055428571428571424,0.0891134588883785,0.004,0.146,0.050616444648598984,0.022000000000000002,0.07261644464859898,-0.4159051762155145,-3.4396236727931813,-0.7312011414982981
Tre McBride,WR,TEN,00-0032123,2015,245,Rounds 4-7,FALSE,0.06911764705882353,0.10799632352941177,0.004,0.079,0.03239889705882353,0.004,0.03639889705882353,-0.4161643787326283,-3.823139033302942,-0.6228278656929864
Kenny Robinson Jr.,S,CAR,00-0036283,2020,152,Rounds 4-7,FALSE,0.04295774647887324,0.06016491103483647,0.005,0.053,0.011551662918688602,0.004,0.015551662918688602,-0.4162607029523661,-2.184659545441944,-0.5511731411824057
Jared Abbrederis,WR,GNB,00-0031021,2014,176,Rounds 4-7,FALSE,0.06897058823529412,0.10776654411764705,0.004,0.079,0.032329963235294114,0.004,0.03632996323529411,-0.4168377838762086,-3.823139033302942,-0.6228278656929864
Nick Nelson,CB,LV,00-0034767,2018,110,Rounds 4-7,FALSE,0.0707246376811594,0.10220323364329394,0.004,0.08199999999999999,0.0318874088967077,0.004,0.035887408896707704,-0.4174263062768015,-4.672744495348817,-0.6021907924538343
Jonathan Baldwin,WR,KAN,00-0027964,2011,26,Late 1st,FALSE,0.05029411764705883,0.07858455882352942,0.016,0.079,0.019803308823529413,0.005,0.024803308823529414,-0.4178776795731794,-0.7067555359941448,0.12050516789925937
John Hightower,WR,PHI,00-0036398,2020,168,Rounds 4-7,FALSE,0.06957746478873239,0.10871478873239436,0.005,0.079,0.03217957746478873,0.004,0.036179577464788726,-0.41830688200822225,-3.823139033302942,-0.6228278656929864
Baylon Spector,LB,BUF,00-0037318,2022,231,Rounds 4-7,FALSE,0.07791666666666668,0.11259633911368018,0.005,0.061,0.02522157996146436,0.004,0.02922157996146436,-0.41938186259121785,-3.875277998195149,-0.8050209414767096
Connor Cook,QB,LV,00-0032893,2016,100,Round 3,FALSE,0.02338235294117647,0.0375922073009268,0.005,0.146,0.021202004917722714,0.004,0.025202004917722714,-0.4194482967793904,-2.222491526527487,-0.2043169834643365
Kyle Fuller,IOL,HOU,00-0033592,2017,243,Rounds 4-7,FALSE,0.05426470588235294,0.07264351523742027,0.004,0.051,0.01365698086463501,0.006,0.01965698086463501,-0.41945575357163006,-2.4541091296547317,-0.6606857915206148
Quanterus Smith,EDGE,DEN,00-0030086,2013,146,Rounds 4-7,FALSE,0.06529411764705884,0.1072152999130687,0.005,0.091,0.03688206317009563,0.003,0.039882063170095634,-0.4209423198961589,-3.8204197934098256,-0.6044285050354133
Caleb Farley,CB,TEN,00-0036615,2021,22,Late 1st,FALSE,0.06333333333333334,0.09152215799614645,0.018000000000000002,0.08199999999999999,0.023429672447013487,0.004,0.027429672447013487,-0.42106607822509773,-1.1362659091557372,0.08046471267687343
Marcus Murphy,RB,NOR,00-0031959,2015,230,Rounds 4-7,FALSE,0.04485294117647059,0.10603532193019052,0.004,0.06,0.023751912112362675,0.004,0.027751912112362675,-0.4224367101190351,-5.507493653254559,-0.7649141963140151
Rudy Ford,S,ARI,00-0033792,2017,208,Rounds 4-7,FALSE,0.028823529411764706,0.04036908881199539,0.004,0.053,0.007912341407151097,0.006999999999999999,0.014912341407151097,-0.4233671445876071,-2.184659545441944,-0.5511731411824057
Kaelin Clay,WR,TAM,00-0032115,2015,184,Rounds 4-7,FALSE,0.06720588235294117,0.10500919117647058,0.004,0.079,0.03150275735294117,0.004,0.03550275735294117,-0.42491864559917225,-3.823139033302942,-0.6228278656929864
Geneo Grissom,EDGE,NWE,00-0031940,2015,97,Round 3,FALSE,0.0436764705882353,0.07171834250941758,0.005,0.091,0.024671109823239647,0.005,0.029671109823239648,-0.4250413731312777,-2.5109073453087567,-0.29680159176202814
Ihmir Smith-Marsette,WR,MIN,00-0036635,2021,157,Rounds 4-7,FALSE,0.06374999999999997,0.09960937499999996,0.005,0.079,0.029484374999999986,0.006,0.035484374999999985,-0.42509822030412714,-3.823139033302942,-0.6228278656929864
Marcus McKethan,IOL,NYG,00-0037279,2022,173,Rounds 4-7,FALSE,0.07777777777777778,0.10412018444146959,0.005,0.051,0.019158113937230405,0,0.019158113937230405,-0.4261319643751503,-2.4541091296547317,-0.6606857915206148
Caleb Brantley,DL,CLE,00-0033962,2017,185,Rounds 4-7,FALSE,0.05705882352941176,0.10605729280559806,0.004,0.075,0.030120271156789846,0.004,0.034120271156789846,-0.42649488410565534,-3.7779540498924526,-0.695540700768399
Kevin Dodd,EDGE,TEN,00-0033074,2016,33,Round 2,FALSE,0.06044117647058824,0.09924659518980007,0.011000000000000001,0.091,0.03175891046073602,0,0.03175891046073602,-0.4269174506197134,-1.9473356770209531,-0.00936591860581865
Marcus Easley,WR,BUF,00-0027708,2010,107,Rounds 4-7,FALSE,0.047058823529411764,0.07352941176470588,0,0.079,0.02323529411764706,0.012,0.03523529411764706,-0.4275314575562638,-3.823139033302942,-0.6228278656929864
Alex Green,RB,GNB,00-0028034,2011,96,Round 3,FALSE,0.017058823529411765,0.040328188012793774,0.005,0.06,0.00887220136281463,0,0.00887220136281463,-0.42879580686280494,-2.0095141915817347,0.0018317536535283545
Kenjon Barner,RB,CAR,00-0030465,2013,182,Rounds 4-7,FALSE,0.04279411764705883,0.10116812682519818,0.005,0.06,0.0222569879015436,0.005,0.0272569879015436,-0.42892001406267205,-5.507493653254559,-0.7649141963140151
Stevenson Sylvester,LB,PIT,00-0027765,2010,166,Rounds 4-7,FALSE,0.08058823529411765,0.11645698741924518,0,0.061,0.028415504930295824,0,0.028415504930295824,-0.43001968686158126,-3.875277998195149,-0.8050209414767096
Garret Wallow,LB,HOU,00-0036844,2021,170,Rounds 4-7,FALSE,0.07513888888888888,0.10858220937700706,0.005,0.061,0.024322414900449583,0.004,0.028322414900449584,-0.43124820200041597,-3.875277998195149,-0.8050209414767096
Emmanuel Acho,LB,CLE,00-0029428,2012,204,Rounds 4-7,FALSE,0.07509803921568628,0.10852317805735012,0.005,0.061,0.02430919188484643,0.004,0.02830919188484643,-0.4314227069917276,-3.875277998195149,-0.8050209414767096
Tanner Vallejo,LB,BUF,00-0033580,2017,195,Rounds 4-7,FALSE,0.05852941176470588,0.08458007480448827,0.004,0.061,0.019284257055423325,0.009000000000000001,0.028284257055423326,-0.43175177354677263,-3.875277998195149,-0.8050209414767096
Will Grier,QB,CAR,00-0035251,2019,100,Round 3,FALSE,0.017714285714285714,0.028479559026182818,0.005,0.146,0.016062471290767107,0.005,0.021062471290767108,-0.4338220480002191,-2.222491526527487,-0.2043169834643365
Andrew Brown,EDGE,CIN,00-0034394,2018,158,Rounds 4-7,FALSE,0.06391304347826088,0.10494752623688157,0,0.091,0.03820089955022489,0,0.03820089955022489,-0.43478624549566436,-3.8204197934098256,-0.6044285050354133
Kahale Warring,TE,HOU,00-0035660,2019,86,Round 3,FALSE,0.016,0.0299625468164794,0.005,0.048,0.005153558052434458,0.004,0.009153558052434459,-0.4350875963143823,-0.9835958778133722,-0.5376092011535986
Demetric Felton,RB,CLE,00-0036654,2021,211,Rounds 4-7,FALSE,0.043750000000000004,0.10342789598108748,0.005,0.06,0.022754137115839245,0.004,0.026754137115839245,-0.4355071528826191,-5.507493653254559,-0.7649141963140151
Landry Jones,QB,PIT,00-0030524,2013,115,Rounds 4-7,FALSE,0.06191176470588234,0.09953659920559861,0.005,0.146,0.05613864195195761,0.013000000000000001,0.06913864195195761,-0.4356158067030002,-3.4396236727931813,-0.7312011414982981
Nick Bawden,RB,DET,00-0034433,2018,237,Rounds 4-7,FALSE,0.04101449275362319,0.09696097577688698,0.004,0.06,0.021719258574022682,0.005,0.026719258574022683,-0.43596404745913087,-5.507493653254559,-0.7649141963140151
Lecitus Smith,IOL,ARI,00-0037308,2022,215,Rounds 4-7,FALSE,0.058472222222222224,0.07827606723189053,0.005,0.051,0.014402796370667856,0.004,0.018402796370667857,-0.43624018967725287,-2.4541091296547317,-0.6606857915206148
Deon Cain,WR,IND,00-0034406,2018,185,Rounds 4-7,FALSE,0.06420289855072463,0.10031702898550723,0.004,0.079,0.03009510869565217,0.004,0.034095108695652174,-0.4386697738209787,-3.823139033302942,-0.6228278656929864
KeiVarae Russell,CB,KAN,00-0033091,2016,74,Round 3,FALSE,0.03941176470588235,0.056953417205032296,0.005,0.08199999999999999,0.017541652499149945,0.005,0.022541652499149946,-0.43879788707210743,-2.986769766952211,-0.2996236181936407
Isaac Nauta,TE,DET,00-0035539,2019,224,Rounds 4-7,FALSE,0.021571428571428575,0.04039593365436062,0.004,0.048,0.007109684323167469,0.005,0.01210968432316747,-0.4388093611440545,-2.3689887502760683,-0.586867207426399
DeAndre Houston-Carson,S,CHI,00-0032790,2016,185,Rounds 4-7,FALSE,0.016029411764705886,0.02245015653320152,0.004,0.053,0.004400230680507498,0.009000000000000001,0.0134002306805075,-0.44017516125995737,-2.184659545441944,-0.5511731411824057
Zech McPhearson,CB,PHI,00-0036917,2021,123,Rounds 4-7,FALSE,0.06666666666666667,0.09633911368015415,0.006,0.08199999999999999,0.029287090558766854,0.004,0.03328709055876686,-0.4409652411529417,-4.672744495348817,-0.6021907924538343
Charles Gaines,CB,CLE,00-0031955,2015,189,Rounds 4-7,FALSE,0.06455882352941178,0.09329309758585518,0.004,0.08199999999999999,0.02910744644678681,0.004,0.033107446446786815,-0.44259143860387723,-4.672744495348817,-0.6021907924538343
Jesse Luketa,LB,ARI,00-0037330,2022,256,Rounds 4-7,FALSE,0.07749999999999999,0.11199421965317918,0,0.061,0.02732658959537572,0,0.02732658959537572,-0.4443901728961027,-3.875277998195149,-0.8050209414767096
Cyrus Jones,CB,NWE,00-0032390,2016,60,Round 2,FALSE,0.03941176470588235,0.056953417205032296,0.006,0.08199999999999999,0.017313838830329813,0.005,0.022313838830329814,-0.4445711302493465,-1.8987142572552127,-0.038091475434602076
Ryan Lindley,QB,ARI,00-0029531,2012,185,Rounds 4-7,FALSE,0.0688235294117647,0.1106487611121619,0.005,0.146,0.062405901267259305,0.005,0.0674059012672593,-0.44543620606024503,-3.4396236727931813,-0.7312011414982981
LaMichael James,RB,SFO,00-0029260,2012,61,Round 2,FALSE,0.014313725490196083,0.03383859453947065,0.006999999999999999,0.06,0.007173782042367777,0.005,0.012173782042367777,-0.44587328726727116,-1.5069658434565287,-0.4735968759125675
Darren Waller,WR,BAL,00-0031610,2015,204,Rounds 4-7,FALSE,0.0675,0.10546875,0,0.079,0.033328125,0,0.033328125,-0.4461623331953189,-3.823139033302942,-0.6228278656929864
Ryquell Armstead,RB,JAX,00-0035268,2019,140,Rounds 4-7,FALSE,0.03942857142857143,0.09321175278622088,0.004,0.06,0.020879432624113473,0.005,0.025879432624113474,-0.44696542256665306,-5.507493653254559,-0.7649141963140151
John Reid,CB,HOU,00-0036304,2020,141,Rounds 4-7,FALSE,0.0619718309859155,0.08955466905479119,0.005,0.08199999999999999,0.02758283806887568,0.005,0.03258283806887568,-0.4473403657882721,-4.672744495348817,-0.6021907924538343
Skylar Thompson,QB,MIA,00-0037327,2022,247,Rounds 4-7,FALSE,0.0688888888888889,0.11075384065737766,0.004,0.146,0.0629081814933905,0.004,0.0669081814933905,-0.4482570591691684,-3.4396236727931813,-0.7312011414982981
Rolando McClain,LB,LV,00-0027904,2010,8,Top 10,FALSE,0,0,0.047,0.061,0,0.026000000000000002,0.026000000000000002,-0.44829231631028266,-0.45451654497340005,-0.7813094655693499
Paul Dawson,LB,CIN,00-0032167,2015,99,Round 3,FALSE,0.007205882352941177,0.010413124787487252,0.005,0.061,0.0023325399523971444,0.004,0.0063325399523971445,-0.45078638121270065,-1.5009104241941897,-0.26024197516630576
Delarrin Turner-Yell,S,DEN,00-0037264,2022,152,Rounds 4-7,FALSE,0.042499999999999996,0.05952380952380952,0.005,0.053,0.011428571428571429,0.001,0.012428571428571428,-0.45097573599209756,-2.184659545441944,-0.5511731411824057
Bo Scarbrough,RB,DAL,00-0034432,2018,236,Rounds 4-7,FALSE,0.03884057971014493,0.091821701442423,0.004,0.06,0.020568061123102752,0.005,0.025568061123102753,-0.4510442613793636,-5.507493653254559,-0.7649141963140151
Demetri Goodson,CB,GNB,00-0031080,2014,197,Rounds 4-7,FALSE,0.06235294117647059,0.09010540632437947,0.004,0.08199999999999999,0.028112886773206388,0.004,0.03211288677320639,-0.45159451912877313,-4.672744495348817,-0.6021907924538343
D.J. Williams,TE,GNB,00-0028079,2011,141,Rounds 4-7,FALSE,0.018823529411764708,0.03525005507821106,0.005,0.048,0.006063009473452303,0.005,0.011063009473452304,-0.45160642668855,-2.3689887502760683,-0.586867207426399
Adrien Robinson,TE,NYG,00-0029281,2012,127,Rounds 4-7,FALSE,0.021568627450980395,0.04039068811045018,0.005,0.048,0.0069471983549974315,0.004,0.010947198354997432,-0.4530223797651446,-2.3689887502760683,-0.586867207426399
Kylie Fitts,EDGE,CHI,00-0034404,2018,181,Rounds 4-7,FALSE,0.05420289855072463,0.0890031174888746,0.004,0.091,0.03097308488612836,0.005,0.03597308488612836,-0.4531316939069325,-3.8204197934098256,-0.6044285050354133
Derrius Guice,RB,WAS,00-0034358,2018,59,Round 2,FALSE,0.022028985507246378,0.05207797992256827,0.006,0.06,0.011248843663274746,0,0.011248843663274746,-0.45449628388329477,-1.5069658434565287,-0.4735968759125675
Brenden Jaimes,IOL,LAC,00-0036636,2021,159,Rounds 4-7,FALSE,0.0525,0.07028112449799197,0.005,0.051,0.012931726907630522,0.004,0.01693172690763052,-0.45592714285523533,-2.4541091296547317,-0.6606857915206148
Derron Smith,S,CIN,00-0032069,2015,197,Rounds 4-7,FALSE,0.028970588235294116,0.040575053550832095,0.004,0.053,0.007952710495963092,0.004,0.011952710495963092,-0.4562652153589656,-2.184659545441944,-0.5511731411824057
Orson Charles,TE,CIN,00-0029414,2012,116,Rounds 4-7,FALSE,0.020588235294117647,0.03855474774179334,0.005,0.048,0.0066314166115884554,0.004,0.010631416611588455,-0.4568832537216168,-2.3689887502760683,-0.586867207426399
Jabari Zuniga,EDGE,NYJ,00-0036296,2020,79,Round 3,FALSE,0.03760563380281691,0.06174980920002777,0.006,0.091,0.02099493512800944,0.004,0.02499493512800944,-0.45744971620961933,-2.5109073453087567,-0.29680159176202814
Mike Thomas,WR,LA,00-0033114,2016,206,Rounds 4-7,FALSE,0.05558823529411765,0.08685661764705882,0.004,0.079,0.026056985294117645,0.006,0.03205698529411764,-0.45857992404293973,-3.823139033302942,-0.6228278656929864
Ja'Tyre Carter,IOL,CHI,00-0037089,2022,226,Rounds 4-7,FALSE,0.05138888888888889,0.06879369329168526,0.005,0.051,0.012658039565670088,0.004,0.016658039565670087,-0.45958983181858093,-2.4541091296547317,-0.6606857915206148
T.J. Johnson,IOL,CIN,00-0030126,2013,251,Rounds 4-7,FALSE,0.026176470588235294,0.03504212930151981,0.004,0.051,0.006587920308685723,0.01,0.016587920308685722,-0.4605282202249828,-2.4541091296547317,-0.6606857915206148
Grant Stuard,LB,TAM,00-0036672,2021,259,Rounds 4-7,FALSE,0.05888888888888889,0.0850995504174695,0.005,0.061,0.01906229929351317,0.006999999999999999,0.02606229929351317,-0.461075093701107,-3.875277998195149,-0.8050209414767096
Ulrick John,IOL,IND,00-0031028,2014,232,Rounds 4-7,FALSE,0.06058823529411765,0.08110874872037169,0,0.051,0.016546184738955822,0,0.016546184738955822,-0.4610867568731656,-2.4541091296547317,-0.6606857915206148
Kyle Murphy,OT,GNB,00-0032433,2016,200,Rounds 4-7,FALSE,0.04588235294117647,0.06285253827558421,0.004,0.08149999999999999,0.019484286865431102,0.005,0.024484286865431103,-0.46220101202900554,-3.1707480263226144,-0.4449332397639939
Amare Barno,EDGE,CAR,00-0037043,2022,189,Rounds 4-7,FALSE,0.061666666666666675,0.10125889436234266,0.005,0.091,0.03483305966064587,0,0.03483305966064587,-0.4625194918681758,-3.8204197934098256,-0.6044285050354133
Walt Powell,WR,ARI,00-0031268,2014,196,Rounds 4-7,FALSE,0.0651470588235294,0.10179227941176469,0.004,0.079,0.030537683823529407,0.001,0.03153768382352941,-0.4636529094579114,-3.823139033302942,-0.6228278656929864
Tim Tebow,QB,DEN,00-0027876,2010,25,Late 1st,FALSE,0,0,0.017,0.146,0,0.017,0.017,-0.4658270859115232,-0.8862273441397667,-0.014648650169409413
Dri Archer,WR,PIT,00-0031392,2014,97,Round 3,FALSE,0.017352941176470592,0.0271139705882353,0,0.079,0.008568014705882355,0,0.008568014705882355,-0.4663407086540482,-1.4782442291920619,-0.03988217399875301
Logan Stenberg,IOL,DET,00-0036234,2020,121,Rounds 4-7,FALSE,0.04887323943661971,0.06542602334219506,0.005,0.051,0.01203838829496389,0.004,0.01603838829496389,-0.46788246915460624,-2.4541091296547317,-0.6606857915206148
Rashaan Gaulden,CB,CAR,00-0034362,2018,85,Round 3,FALSE,0.03855072463768116,0.05570913964982827,0,0.08199999999999999,0.018272597805143672,0,0.018272597805143672,-0.4703031720028471,-2.986769766952211,-0.2996236181936407
Jonathan Ford,DL,GNB,00-0037094,2022,234,Rounds 4-7,FALSE,0.04777777777777778,0.08880627839735647,0.005,0.075,0.02486575795125981,0.005,0.02986575795125981,-0.4708818741338412,-3.7779540498924526,-0.695540700768399
Kyle Hinton,IOL,MIN,00-0036354,2020,253,Rounds 4-7,FALSE,0.023098591549295777,0.03092180930293946,0.004,0.051,0.005813300148952618,0.01,0.015813300148952616,-0.4708947672838146,-2.4541091296547317,-0.6606857915206148
Parry Nickerson,CB,NYJ,00-0034274,2018,179,Rounds 4-7,FALSE,0.05536231884057971,0.08000335092569323,0.004,0.08199999999999999,0.024961045488816284,0.005,0.029961045488816285,-0.4710736925507316,-4.672744495348817,-0.6021907924538343
Harrison Hand,CB,MIN,00-0036344,2020,169,Rounds 4-7,FALSE,0.056056338028169006,0.08100626882683383,0.005,0.08199999999999999,0.024949930798664813,0.005,0.029949930798664814,-0.47117430637321117,-4.672744495348817,-0.6021907924538343
Jack Anderson,IOL,BUF,00-0036577,2021,236,Rounds 4-7,FALSE,0.04750000000000001,0.0635876840696118,0.005,0.051,0.01170013386880857,0.004,0.015700133868808572,-0.4724092431902903,-2.4541091296547317,-0.6606857915206148
Samori Toure,WR,GNB,00-0037098,2022,258,Rounds 4-7,FALSE,0.05652777777777777,0.08832465277777776,0.004,0.079,0.02649739583333333,0.004,0.03049739583333333,-0.4738153413024755,-3.823139033302942,-0.6228278656929864
Ahmad Black,CB,TAM,00-0028089,2011,151,Rounds 4-7,FALSE,0.06235294117647059,0.09010540632437947,0,0.08199999999999999,0.02955457327439646,0,0.02955457327439646,-0.4747532124174281,-4.672744495348817,-0.6021907924538343
Jachai Polite,LB,NYJ,00-0035528,2019,68,Round 3,FALSE,0.009571428571428573,0.01383154417836499,0,0.061,0.0033748967795210576,0,0.0033748967795210576,-0.4751750259688004,-1.5009104241941897,-0.26024197516630576
Mason Schreck,TE,CIN,00-0033798,2017,251,Rounds 4-7,FALSE,0.0125,0.023408239700374533,0.004,0.048,0.004119850187265918,0.005,0.009119850187265917,-0.47536426968581835,-2.3689887502760683,-0.586867207426399
Ronnie Perkins,EDGE,NWE,00-0036978,2021,96,Round 3,FALSE,0.032916666666666664,0.0540503557744937,0.006,0.091,0.018377120963327855,0.004,0.022377120963327855,-0.4755925412950209,-2.5109073453087567,-0.29680159176202814
Ken Webster,CB,NWE,00-0035318,2019,252,Rounds 4-7,FALSE,0.05314285714285714,0.07679603633360858,0.003,0.08199999999999999,0.024267547481420307,0.005,0.029267547481420308,-0.4773514640814872,-4.672744495348817,-0.6021907924538343
Terrence Frederick,CB,PIT,00-0029220,2012,246,Rounds 4-7,FALSE,0.05823529411764705,0.08415504930295817,0.004,0.08199999999999999,0.026256375382522942,0.003,0.02925637538252294,-0.477452597586773,-4.672744495348817,-0.6021907924538343
Matt Farniok,IOL,DAL,00-0036663,2021,238,Rounds 4-7,FALSE,0.04583333333333334,0.06135653726015172,0.005,0.051,0.011289602855867917,0.004,0.015289602855867918,-0.47790327663530874,-2.4541091296547317,-0.6606857915206148
Tye Smith,CB,SEA,00-0031597,2015,170,Rounds 4-7,FALSE,0.05147058823529412,0.07437946276776608,0.004,0.08199999999999999,0.023206392383543013,0.006,0.029206392383543014,-0.4779050600952036,-4.672744495348817,-0.6021907924538343
Tank Carder,LB,BUF,00-0029287,2012,147,Rounds 4-7,FALSE,0.05176470588235294,0.07480448826929617,0.005,0.061,0.016756205372322343,0.008,0.024756205372322343,-0.4783116995715012,-3.875277998195149,-0.8050209414767096
John Moffitt,IOL,SEA,00-0028013,2011,75,Round 3,FALSE,0.003529411764705882,0.004724781478856603,0.006,0.051,8.504606661941885e-4,0.005,0.005850460666194188,-0.47851749498621565,-1.1210940108268708,-0.4767011195371987
Natrell Jamerson,S,NOR,00-0034398,2018,164,Rounds 4-7,FALSE,0.017826086956521738,0.02496650834246742,0.004,0.053,0.004893435635123615,0.005,0.009893435635123616,-0.47915528920347167,-2.184659545441944,-0.5511731411824057
Shaquem Griffin,EDGE,SEA,00-0034755,2018,141,Rounds 4-7,FALSE,0.05478260869565217,0.08995502248875561,0,0.091,0.032743628185907044,0,0.032743628185907044,-0.4797253923169217,-3.8204197934098256,-0.6044285050354133
Trey Hill,IOL,CIN,00-0036856,2021,190,Rounds 4-7,FALSE,0.04513888888888889,0.06042689275621002,0.005,0.051,0.011118548267142644,0.004,0.015118548267142644,-0.48019245723739973,-2.4541091296547317,-0.6606857915206148
Ryan Seymour,IOL,SEA,00-0030115,2013,220,Rounds 4-7,FALSE,0.04411764705882353,0.05905976848570754,0.004,0.051,0.011103236475313019,0.004,0.015103236475313019,-0.480397371102037,-2.4541091296547317,-0.6606857915206148
James Sample,S,JAX,00-0032108,2015,104,Rounds 4-7,FALSE,0.02514705882352941,0.03521997034107761,0.005,0.053,0.0067622343054869,0.003,0.009762234305486901,-0.48061367058858584,-2.184659545441944,-0.5511731411824057
Sam Roberts,EDGE,NWE,00-0037298,2022,200,Rounds 4-7,FALSE,0.05458333333333333,0.08962780514504652,0,0.091,0.03262452107279693,0,0.03262452107279693,-0.4807062070292904,-3.8204197934098256,-0.6044285050354133
Tony Moeaki,TE,KAN,00-0027695,2010,93,Round 3,FALSE,0,0,0,0.048,0,0.005,0.005,-0.4816082427000987,-0.9835958778133722,-0.5376092011535986
Justin Brown,WR,PIT,00-0030466,2013,186,Rounds 4-7,FALSE,0.05544117647058824,0.08662683823529412,0.005,0.079,0.025641544117647058,0.004,0.029641544117647058,-0.4821760402739936,-3.823139033302942,-0.6228278656929864
Wyatt Davis,IOL,MIN,00-0037006,2021,86,Round 3,FALSE,0.0062499999999999995,0.008366800535475234,0.006999999999999999,0.051,0.0014725568942436412,0.004,0.005472556894243641,-0.48252270896996546,-1.1210940108268708,-0.4767011195371987
Vernon Scott,S,GNB,00-0036243,2020,236,Rounds 4-7,FALSE,0.020140845070422533,0.028208466485185622,0.004,0.053,0.005528859431096382,0.004,0.009528859431096381,-0.4832077721385235,-2.184659545441944,-0.5511731411824057
Phillip Thomas,CB,WAS,00-0030423,2013,119,Rounds 4-7,FALSE,0.06014705882352941,0.08691771506290377,0,0.08199999999999999,0.028509010540632432,0,0.028509010540632432,-0.48421798937949817,-4.672744495348817,-0.6021907924538343
Lamont Gaillard,IOL,ARI,00-0035536,2019,179,Rounds 4-7,FALSE,0.04271428571428571,0.057181105373876454,0.004,0.051,0.010750047810288774,0.004,0.014750047810288774,-0.4851240063059043,-2.4541091296547317,-0.6606857915206148
Nick Kasa,TE,LV,00-0030512,2013,172,Rounds 4-7,FALSE,0.01647058823529412,0.030843798193434677,0.005,0.048,0.0053051332892707645,0.003,0.008305133289270765,-0.4853253244935165,-2.3689887502760683,-0.586867207426399
Nathan Peterman,QB,BUF,00-0033958,2017,171,Rounds 4-7,FALSE,0.05397058823529412,0.08676943446188765,0.004,0.146,0.049285038774352176,0.011000000000000001,0.06028503877435218,-0.4857940703765376,-3.4396236727931813,-0.7312011414982981
Prince Shembo,LB,ATL,00-0031178,2014,139,Rounds 4-7,FALSE,0.07470588235294116,0.10795647738864331,0.005,0.061,0.0241822509350561,0,0.0241822509350561,-0.48588621336580945,-3.875277998195149,-0.8050209414767096
Chris Neild,DL,WAS,00-0028191,2011,253,Rounds 4-7,FALSE,0.04588235294117647,0.08528318390553247,0.004,0.075,0.024220424229171218,0.004,0.028220424229171218,-0.4880475069541737,-3.7779540498924526,-0.695540700768399
Bronson Kaufusi,EDGE,BAL,00-0033117,2016,70,Round 3,FALSE,0.029411764705882353,0.04829518014102192,0,0.091,0.01757944557133198,0.003,0.02057944557133198,-0.4880513745603222,-2.5109073453087567,-0.29680159176202814
Tycen Anderson,S,CIN,00-0037752,2022,166,Rounds 4-7,FALSE,0.01513888888888889,0.02120292561469032,0.005,0.053,0.004070961718020542,0.005,0.009070961718020541,-0.4882975795580458,-2.184659545441944,-0.5511731411824057
Stansly Maponga,EDGE,ATL,00-0030425,2013,153,Rounds 4-7,FALSE,0.047058823529411764,0.07727228822563509,0.005,0.091,0.026581667149618467,0.005,0.031581667149618464,-0.4892938257196979,-3.8204197934098256,-0.6044285050354133
Davis Webb,QB,NYG,00-0033550,2017,87,Round 3,FALSE,0,0,0.005,0.146,0,0.005,0.005,-0.48959595567468994,-2.222491526527487,-0.2043169834643365
Deon Simon,DL,NYJ,00-0031620,2015,223,Rounds 4-7,FALSE,0.04558823529411765,0.08473649682921496,0.004,0.075,0.024065165099497045,0.004,0.028065165099497046,-0.48966731281860837,-3.7779540498924526,-0.695540700768399
Kellen Mond,QB,MIN,00-0036946,2021,66,Round 3,FALSE,8.333333333333333e-4,0.0013397642015005359,0.006999999999999999,0.146,7.449088960342978e-4,0.004,0.004744908896034298,-0.4904817115103652,-2.222491526527487,-0.2043169834643365
Michael Tyson,S,SEA,00-0033861,2017,187,Rounds 4-7,FALSE,0.031911764705882355,0.04469434832756632,0.004,0.053,0.008760092272203,0,0.008760092272203,-0.4917530796984512,-2.184659545441944,-0.5511731411824057
Robert Rochell,CB,LA,00-0036904,2021,130,Rounds 4-7,FALSE,0.053888888888888875,0.07787411689145791,0.006,0.08199999999999999,0.0236737315350032,0.004,0.0276737315350032,-0.49177920903096717,-4.672744495348817,-0.6021907924538343
Nick Zakelj,IOL,SFO,00-0037831,2022,187,Rounds 4-7,FALSE,0.04152777777777778,0.05559274133571323,0.005,0.051,0.010229064405771234,0.004,0.014229064405771234,-0.4920961963682728,-2.4541091296547317,-0.6606857915206148
Clyde Gates,WR,MIA,00-0028049,2011,111,Rounds 4-7,FALSE,0.061764705882352944,0.09650735294117647,0.005,0.079,0.028566176470588234,0,0.028566176470588234,-0.49268116051384636,-3.823139033302942,-0.6228278656929864
Garrett Grayson,QB,NOR,00-0032148,2015,75,Round 3,FALSE,0,0,0.006,0.146,0,0.004,0.004,-0.49306826741706367,-2.222491526527487,-0.2043169834643365
David Wilson,RB,NYG,00-0029251,2012,32,Late 1st,FALSE,0.03470588235294118,0.0820470031984425,0.013999999999999999,0.06,0.015096648588513421,0,0.015096648588513421,-0.4931990838434148,-1.9934443824983996,-0.6590141737847004
Ryan Finley,QB,CIN,00-0035652,2019,104,Rounds 4-7,FALSE,0.06457142857142857,0.10381258612769867,0.004,0.146,0.05896554892053284,0,0.05896554892053284,-0.493272348821067,-3.4396236727931813,-0.7312011414982981
Dexter McDougle,CB,NYJ,00-0031414,2014,80,Round 3,FALSE,0.024852941176470588,0.03591465487929276,0.005,0.08199999999999999,0.011061713702822168,0.004,0.015061713702822168,-0.4939992419232558,-2.986769766952211,-0.2996236181936407
Dareke Young,WR,SEA,00-0037093,2022,233,Rounds 4-7,FALSE,0.04847222222222222,0.07573784722222222,0.005,0.079,0.022418402777777777,0.006,0.028418402777777775,-0.4941247416142326,-3.823139033302942,-0.6228278656929864
Mike Strachan,WR,IND,00-0036482,2021,229,Rounds 4-7,FALSE,0.0525,0.08203125,0.005,0.079,0.024281249999999997,0.004,0.028281249999999997,-0.495464568440645,-3.823139033302942,-0.6228278656929864
Justin Layne,CB,PIT,00-0035650,2019,83,Round 3,FALSE,0.03328571428571428,0.048100743187448385,0.005,0.08199999999999999,0.0148150289017341,0,0.0148150289017341,-0.49581975618306934,-2.986769766952211,-0.2996236181936407
Matt Corral,QB,CAR,00-0038132,2022,94,Round 3,FALSE,0,0,0.006,0.146,0,0.003,0.003,-0.49654057915943733,-2.222491526527487,-0.2043169834643365
Jalen Hurd,WR,SFO,00-0034971,2019,67,Round 3,FALSE,0,0,0.006,0.079,0,0.004,0.004,-0.4965862172278524,-1.4782442291920619,-0.03988217399875301
Isaiah Thomas,EDGE,CLE,00-0037314,2022,223,Rounds 4-7,FALSE,0.044583333333333336,0.07320744389709907,0,0.091,0.026647509578544063,0.004,0.030647509578544063,-0.49698635948578246,-3.8204197934098256,-0.6044285050354133
Davion Taylor,LB,PHI,00-0036393,2020,103,Rounds 4-7,FALSE,0.05971830985915493,0.08629813563461695,0.005,0.061,0.0193307823821542,0.004,0.0233307823821542,-0.497123098875562,-3.875277998195149,-0.8050209414767096
Shaun Prater,CB,CIN,00-0029214,2012,156,Rounds 4-7,FALSE,0.04960784313725491,0.07168763459140882,0.005,0.08199999999999999,0.022079791454153914,0.005,0.027079791454153915,-0.4971557495412002,-4.672744495348817,-0.6021907924538343
Lorenzo Taliaferro,RB,BAL,00-0031066,2014,138,Rounds 4-7,FALSE,0.042205882352941176,0.09977749965234321,0.005,0.06,0.021951049923515507,0,0.021951049923515507,-0.49842562293299236,-5.507493653254559,-0.7649141963140151
Chandler Cox,RB,MIA,00-0035310,2019,233,Rounds 4-7,FALSE,0.04071428571428571,0.09625126646403241,0.003,0.06,0.021945288753799388,0,0.021945288753799388,-0.49850109189071146,-5.507493653254559,-0.7649141963140151
Najee Goode,LB,TAM,00-0029418,2012,140,Rounds 4-7,FALSE,0.05627450980392157,0.08132154595942424,0.005,0.061,0.01821602629491103,0.005,0.02321602629491103,-0.49863754237380264,-3.875277998195149,-0.8050209414767096
Isaiah Spiller,RB,LAC,00-0038045,2022,123,Rounds 4-7,FALSE,0.034444444444444444,0.08142894667717362,0.005,0.06,0.017914368268978197,0.004,0.021914368268978197,-0.49890613754577984,-5.507493653254559,-0.7649141963140151
Trayveon Williams,RB,CIN,00-0035291,2019,182,Rounds 4-7,FALSE,0.03185714285714285,0.07531239446133062,0.004,0.06,0.016869976359338058,0.005,0.02186997635933806,-0.49948765333454914,-5.507493653254559,-0.7649141963140151
Stephen Burton,WR,MIN,00-0028174,2011,236,Rounds 4-7,FALSE,0.05941176470588235,0.09283088235294117,0.004,0.079,0.027849264705882348,0,0.027849264705882348,-0.49968457400708155,-3.823139033302942,-0.6228278656929864
Zach Davidson,TE,MIN,00-0036640,2021,168,Rounds 4-7,FALSE,0.009444444444444445,0.01768622555139409,0.005,0.048,0.0030420307948397837,0.004,0.007042030794839784,-0.5007685210268505,-2.3689887502760683,-0.586867207426399
Jeoffrey Pagan,EDGE,HOU,00-0031074,2014,177,Rounds 4-7,FALSE,0.05029411764705881,0.08258475804114747,0,0.091,0.030060851926977678,0,0.030060851926977678,-0.5018173258382962,-3.8204197934098256,-0.6044285050354133
Rennie Curran,LB,TEN,00-0027698,2010,97,Round 3,FALSE,0,0,0,0.061,0,0,0,-0.5030043325596305,-1.5009104241941897,-0.26024197516630576
Christian Matthew,CB,ARI,00-0037747,2022,244,Rounds 4-7,FALSE,0.04958333333333333,0.07165221579961464,0.004,0.08199999999999999,0.022355491329479765,0.004,0.026355491329479765,-0.5037123519451143,-4.672744495348817,-0.6021907924538343
Aaron Burbridge,WR,SFO,00-0032441,2016,213,Rounds 4-7,FALSE,0.05191176470588235,0.08111213235294118,0.004,0.079,0.024333639705882353,0.003,0.027333639705882352,-0.5047216444810622,-3.823139033302942,-0.6228278656929864
Earnest Brown IV,EDGE,LA,00-0036855,2021,174,Rounds 4-7,FALSE,0.04513888888888889,0.07411968618865171,0.005,0.091,0.025497172048896188,0.004,0.029497172048896188,-0.5064590764697418,-3.8204197934098256,-0.6044285050354133
Phil Hoskins,DL,CAR,00-0036576,2021,232,Rounds 4-7,FALSE,0.04305555555555556,0.08002891367203635,0.005,0.075,0.022408095828170174,0.004,0.026408095828170174,-0.5069553816690694,-3.7779540498924526,-0.695540700768399
Qadree Ollison,RB,ATL,00-0035273,2019,152,Rounds 4-7,FALSE,0.03071428571428571,0.07261060452549814,0.004,0.06,0.01626477541371158,0.005,0.021264775413711582,-0.5074155372240429,-5.507493653254559,-0.7649141963140151
Jerron McMillian,CB,GNB,00-0029211,2012,133,Rounds 4-7,FALSE,0.05470588235294118,0.07905474328459709,0,0.08199999999999999,0.02592995579734784,0,0.02592995579734784,-0.5075644392192705,-4.672744495348817,-0.6021907924538343
Scott Crichton,EDGE,MIN,00-0031283,2014,72,Round 3,FALSE,0.031764705882352945,0.05215879455230369,0.006,0.091,0.017733990147783252,0,0.017733990147783252,-0.5077718729571331,-2.5109073453087567,-0.29680159176202814
Renell Wren,DL,CIN,00-0035260,2019,125,Rounds 4-7,FALSE,0.04228571428571429,0.07859798194370685,0.004,0.075,0.022321826872012743,0.004,0.026321826872012743,-0.5078554186678322,-3.7779540498924526,-0.695540700768399
Zachary Thomas,IOL,CHI,00-0037618,2022,186,Rounds 4-7,FALSE,0.032499999999999994,0.04350736278447121,0.005,0.051,0.008005354752342703,0.005,0.013005354752342702,-0.508472795336449,-2.4541091296547317,-0.6606857915206148
Corey Levin,IOL,TEN,00-0033793,2017,217,Rounds 4-7,FALSE,0.031764705882352945,0.042523033309709433,0.004,0.051,0.007994330262225374,0.005,0.012994330262225375,-0.5086203333189878,-2.4541091296547317,-0.6606857915206148
Brandon Thomas,IOL,SFO,00-0031305,2014,100,Round 3,FALSE,0,0,0.005,0.051,0,0.003,0.003,-0.5087281088190503,-1.1210940108268708,-0.4767011195371987
Dax Milne,WR,WAS,00-0036671,2021,258,Rounds 4-7,FALSE,0.04944444444444444,0.07725694444444443,0.005,0.079,0.02286805555555555,0.004,0.02686805555555555,-0.5092698727026661,-3.823139033302942,-0.6228278656929864
Bryce Hager,LB,LA,00-0032248,2015,224,Rounds 4-7,FALSE,0.0526470588235294,0.07607956477388643,0.004,0.061,0.017346140768446105,0.005,0.022346140768446106,-0.5101174778736675,-3.875277998195149,-0.8050209414767096
Ty Summers,LB,GNB,00-0034999,2019,226,Rounds 4-7,FALSE,0.05157142857142857,0.0745251857968621,0.003,0.061,0.017289843104872006,0.005,0.022289843104872007,-0.5108604417774931,-3.875277998195149,-0.8050209414767096
Michael Mauti,LB,MIN,00-0030392,2013,213,Rounds 4-7,FALSE,0.05323529411764706,0.07692961577694662,0.005,0.061,0.017232233934036046,0.005,0.022232233934036047,-0.5116207137273956,-3.875277998195149,-0.8050209414767096
Brad Smelley,TE,CLE,00-0029315,2012,247,Rounds 4-7,FALSE,0.006470588235294118,0.01211720643313505,0.004,0.048,0.0021326283322317687,0.004,0.006132628332231769,-0.5118872394363808,-2.3689887502760683,-0.586867207426399
Justice Cunningham,TE,IND,00-0030129,2013,254,Rounds 4-7,FALSE,0.006470588235294118,0.01211720643313505,0.004,0.048,0.0021326283322317687,0.004,0.006132628332231769,-0.5118872394363808,-2.3689887502760683,-0.586867207426399
Ryan Williams,RB,ARI,00-0027976,2011,38,Round 2,FALSE,0,0,0.01,0.06,0,0.005,0.005,-0.5127528758687152,-1.5069658434565287,-0.4735968759125675
Damarion Williams,CB,BAL,00-0037984,2022,141,Rounds 4-7,FALSE,0.04791666666666666,0.0692437379576108,0.005,0.08199999999999999,0.021327071290944122,0.004,0.025327071290944123,-0.5130219476046897,-4.672744495348817,-0.6021907924538343
Devante Downs,LB,MIN,00-0034167,2018,225,Rounds 4-7,FALSE,0.04869565217391304,0.07036943955767781,0.004,0.061,0.01604423221915054,0.006,0.022044232219150542,-0.5141017845063525,-3.875277998195149,-0.8050209414767096
Cameron Goode,EDGE,MIA,00-0037315,2022,224,Rounds 4-7,FALSE,0.04319444444444445,0.07092683816821749,0.005,0.091,0.024398832329866813,0.004,0.028398832329866813,-0.5155036056122374,-3.8204197934098256,-0.6044285050354133
Sam Ehlinger,QB,IND,00-0036879,2021,218,Rounds 4-7,FALSE,0.05291666666666666,0.08507502679528402,0.005,0.146,0.04798231511254018,0.006999999999999999,0.05498231511254018,-0.515847536829986,-3.4396236727931813,-0.7312011414982981
Mike White,QB,DAL,00-0034401,2018,171,Rounds 4-7,FALSE,0.039999999999999994,0.06430868167202572,0.004,0.146,0.036527331189710605,0.018000000000000002,0.05452733118971061,-0.5184261822457541,-3.4396236727931813,-0.7312011414982981
Daeshon Hall,EDGE,CAR,00-0033285,2017,77,Round 3,FALSE,0.019264705882352937,0.031633342992369355,0.005,0.091,0.010881869989375056,0.005,0.015881869989375057,-0.5206080370074692,-2.5109073453087567,-0.29680159176202814
Nick Muse,TE,MIN,00-0037317,2022,227,Rounds 4-7,FALSE,0.0043055555555555555,0.008062838119017894,0.005,0.048,0.0013868081564710779,0.004,0.005386808156471078,-0.5210059353486921,-2.3689887502760683,-0.586867207426399
Edwin Baker,RB,LAC,00-0029317,2012,250,Rounds 4-7,FALSE,0.03058823529411765,0.0723126129884578,0.004,0.06,0.016198025309414544,0.004,0.020198025309414544,-0.5213895255779736,-5.507493653254559,-0.7649141963140151
R.J. McIntosh,DL,NYG,00-0034848,2018,139,Rounds 4-7,FALSE,0.03782608695652174,0.07030871181509617,0.004,0.075,0.01996767415548731,0.005,0.02496767415548731,-0.5219831837543122,-3.7779540498924526,-0.695540700768399
Gary Brightwell,RB,NYG,00-0036569,2021,196,Rounds 4-7,FALSE,0.03097222222222222,0.07322038350407145,0.005,0.06,0.01610848437089572,0.004,0.02010848437089572,-0.5225624751066607,-5.507493653254559,-0.7649141963140151
Jordan Shipley,WR,CIN,00-0027687,2010,84,Round 3,FALSE,0,0,0,0.079,0,0,0,-0.5230708154800046,-1.4782442291920619,-0.03988217399875301
Taylor Price,WR,NWE,00-0027693,2010,90,Round 3,FALSE,0,0,0,0.079,0,0,0,-0.5230708154800046,-1.4782442291920619,-0.03988217399875301
Mardy Gilyard,WR,LA,00-0027700,2010,99,Round 3,FALSE,0,0,0,0.079,0,0,0,-0.5230708154800046,-1.4782442291920619,-0.03988217399875301
Carlos Henderson,WR,DEN,00-0033919,2017,82,Round 3,FALSE,0,0,0.005,0.079,0,0,0,-0.5230708154800046,-1.4782442291920619,-0.03988217399875301
Temarrick Hemingway,TE,LA,00-0033112,2016,177,Rounds 4-7,FALSE,0.003676470588235294,0.006884776382463097,0.004,0.048,0.001211720643313505,0.004,0.005211720643313505,-0.5231466253466508,-2.3689887502760683,-0.586867207426399
Leon McQuay,S,KAN,00-0033470,2017,218,Rounds 4-7,FALSE,0.010441176470588235,0.014623496457406493,0.004,0.053,0.0028662053056516725,0.003,0.005866205305651673,-0.5239203671362294,-2.184659545441944,-0.5511731411824057
Jonte Green,CB,DET,00-0029216,2012,196,Rounds 4-7,FALSE,0.04490196078431372,0.06488722656692734,0.005,0.08199999999999999,0.01998526578261362,0.004,0.02398526578261362,-0.5251684113726794,-4.672744495348817,-0.6021907924538343
Cam Johnson,EDGE,SFO,00-0029310,2012,237,Rounds 4-7,FALSE,0.040588235294117654,0.06664734859461027,0.004,0.091,0.023193277310924375,0.004,0.027193277310924375,-0.5254310236166984,-3.8204197934098256,-0.6044285050354133
Mark Robinson,LB,PIT,00-0037316,2022,225,Rounds 4-7,FALSE,0.05305555555555555,0.076669877970456,0.005,0.061,0.017174052665382144,0.004,0.021174052665382144,-0.5255856003035396,-3.875277998195149,-0.8050209414767096
Anthony McCoy,TE,SEA,00-0027783,2010,185,Rounds 4-7,FALSE,0,0,0,0.048,0,0.005,0.005,-0.5257352066528158,-2.3689887502760683,-0.586867207426399
Antoine Brooks Jr.,S,PIT,00-0036346,2020,198,Rounds 4-7,FALSE,0.006197183098591549,0.008679528149287885,0.005,0.053,0.0016664694046632739,0.004,0.005666469404663274,-0.5261405513427997,-2.184659545441944,-0.5511731411824057
Tanner Muse,S,LV,00-0036368,2020,100,Round 3,FALSE,0.02732394366197183,0.038268828658223855,0.005,0.053,0.00734761510237898,0.004,0.01134761510237898,-0.5266357000715831,-0.9517824670434979,-0.6701102991437132
Nat Berhe,CB,NYG,00-0031070,2014,152,Rounds 4-7,FALSE,0.050147058823529406,0.07246684801088064,0,0.08199999999999999,0.023769126147568848,0,0.023769126147568848,-0.5271249782742152,-4.672744495348817,-0.6021907924538343
Carter Coughlin,LB,NYG,00-0036402,2020,218,Rounds 4-7,FALSE,0.04873239436619718,0.07042253521126761,0.004,0.061,0.016056338028169012,0.005,0.021056338028169013,-0.5271390879768987,-3.875277998195149,-0.8050209414767096
Kyle Philips,WR,TEN,00-0037273,2022,163,Rounds 4-7,FALSE,0.04541666666666666,0.07096354166666666,0.005,0.079,0.02100520833333333,0.004,0.02500520833333333,-0.5274677737753303,-3.823139033302942,-0.6228278656929864
Chris Hairston,OT,BUF,00-0028060,2011,122,Rounds 4-7,FALSE,0.01764705882352941,0.024174053182917002,0.005,0.08149999999999999,0.007397260273972601,0.009000000000000001,0.016397260273972602,-0.5277589375443024,-3.1707480263226144,-0.4449332397639939
Kennard Backman,TE,GNB,00-0031617,2015,213,Rounds 4-7,FALSE,0.0022058823529411764,0.004130865829477858,0,0.048,7.931262392597487e-4,0.004,0.004793126239259749,-0.5282645280331372,-2.3689887502760683,-0.586867207426399
Ras-I Dowling,CB,NWE,00-0027971,2011,33,Round 2,FALSE,0.014705882352941176,0.02125127507650459,0.011000000000000001,0.08199999999999999,0.006035362121727303,0.005,0.011035362121727304,-0.5285786294681484,-1.8987142572552127,-0.038091475434602076
Joshuah Bledsoe,S,NWE,00-0036872,2021,188,Rounds 4-7,FALSE,0.005138888888888889,0.007197323373793962,0.005,0.053,0.0013818860877684409,0.004,0.005381886087768441,-0.5293038654115112,-2.184659545441944,-0.5511731411824057
Jerel Worthy,DL,GNB,00-0029257,2012,51,Round 2,FALSE,0.011568627450980393,0.02150302500182229,0.008,0.075,0.005762810700488374,0.005,0.010762810700488373,-0.5305230042594171,-1.5305933950960025,-0.22864968299216984
Juwann Winfree,WR,DEN,00-0035593,2019,187,Rounds 4-7,FALSE,0.042,0.065625,0.004,0.079,0.0196875,0.005,0.0246875,-0.5305714232592982,-3.823139033302942,-0.6228278656929864
Shemar Jean-Charles,CB,GNB,00-0036645,2021,178,Rounds 4-7,FALSE,0.04125,0.059609826589595384,0.005,0.08199999999999999,0.018359826589595375,0.005,0.023359826589595376,-0.5308300921825376,-4.672744495348817,-0.6021907924538343
Jullian Taylor,DL,SFO,00-0034283,2018,223,Rounds 4-7,FALSE,0.043188405797101447,0.08027584720650827,0,0.075,0.02408275416195248,0,0.02408275416195248,-0.5312154820294047,-3.7779540498924526,-0.695540700768399
Logan Bruss,IOL,LA,00-0037836,2022,104,Rounds 4-7,FALSE,0.041249999999999995,0.05522088353413654,0,0.051,0.011265060240963853,0,0.011265060240963853,-0.5317627197229399,-2.4541091296547317,-0.6606857915206148
Damian Swann,CB,NOR,00-0031949,2015,167,Rounds 4-7,FALSE,0.051470588235294115,0.07437946276776607,0.004,0.08199999999999999,0.02320639238354301,0,0.02320639238354301,-0.5322190289643699,-4.672744495348817,-0.6021907924538343
D.J. White,CB,KAN,00-0032788,2016,178,Rounds 4-7,FALSE,0.042499999999999996,0.06141618497109826,0.004,0.08199999999999999,0.019161849710982656,0.004,0.023161849710982656,-0.5326222438528353,-4.672744495348817,-0.6021907924538343
Cyrus Gray,RB,KAN,00-0029298,2012,182,Rounds 4-7,FALSE,0.029411764705882356,0.06953135864274788,0.005,0.06,0.015296898901404534,0.004,0.019296898901404534,-0.5331939115163742,-5.507493653254559,-0.7649141963140151
David Reed,WR,BAL,00-0027755,2010,156,Rounds 4-7,FALSE,0.049411764705882356,0.07720588235294118,0,0.079,0.024397058823529414,0,0.024397058823529414,-0.5334087035975832,-3.823139033302942,-0.6228278656929864
Brady Breeze,S,TEN,00-0036656,2021,215,Rounds 4-7,FALSE,0.0037500000000000003,0.005252100840336135,0.005,0.053,0.001008403361344538,0.004,0.005008403361344538,-0.5334553496791361,-2.184659545441944,-0.5511731411824057
Janarius Robinson,EDGE,MIN,00-0036878,2021,134,Rounds 4-7,FALSE,0.03972222222222222,0.0652253238460135,0.006,0.091,0.022176610107644587,0.004,0.026176610107644587,-0.5338030017842634,-3.8204197934098256,-0.6044285050354133
Arrelious Benn,WR,TAM,00-0027654,2010,39,Round 2,FALSE,0,0,0.009000000000000001,0.079,0,0.005,0.005,-0.5341166965956791,-1.0961314210494868,0.22664173323619316
Gerald Christian,TE,ARI,00-0032190,2015,256,Rounds 4-7,FALSE,0.003970588235294118,0.007435558493060146,0.004,0.048,0.0013086582947785855,0.003,0.004308658294778585,-0.534187826984497,-2.3689887502760683,-0.586867207426399
Jamil Demby,OT,LA,00-0034809,2018,192,Rounds 4-7,FALSE,0.03492753623188406,0.0478459400436768,0,0.08149999999999999,0.015597776454238635,0,0.015597776454238635,-0.534239997067485,-3.1707480263226144,-0.4449332397639939
Mark Nzeocha,EDGE,DAL,00-0031961,2015,236,Rounds 4-7,FALSE,0.043676470588235296,0.07171834250941757,0,0.091,0.026105476673427993,0,0.026105476673427993,-0.5343887662864762,-3.8204197934098256,-0.6044285050354133
Tyree Gillespie,S,LV,00-0036853,2021,143,Rounds 4-7,FALSE,0.003194444444444445,0.004474011826953004,0.005,0.053,8.590102707749769e-4,0.004,0.004859010270774977,-0.5351159433861861,-2.184659545441944,-0.5511731411824057
Shamarko Thomas,CB,PIT,00-0030412,2013,111,Rounds 4-7,FALSE,0.04823529411764704,0.06970418225093504,0,0.08199999999999999,0.02286297177830669,0,0.02286297177830669,-0.5353277849746758,-4.672744495348817,-0.6021907924538343
Rachad Wildgoose,CB,BUF,00-0036573,2021,213,Rounds 4-7,FALSE,0.042361111111111106,0.06121547848426461,0.005,0.08199999999999999,0.018854367373153498,0.004,0.022854367373153498,-0.5354056748736139,-4.672744495348817,-0.6021907924538343
Amara Darboh,WR,SEA,00-0033937,2017,106,Rounds 4-7,FALSE,0.04147058823529413,0.06479779411764708,0.005,0.079,0.019180147058823534,0.005,0.024180147058823535,-0.5355276851160491,-3.823139033302942,-0.6228278656929864
AJ Arcuri,OT,LA,00-0037845,2022,261,Rounds 4-7,FALSE,0.02652777777777778,0.03633942161339422,0.004,0.08149999999999999,0.011265220700152206,0.004,0.015265220700152207,-0.5369358785647845,-3.1707480263226144,-0.4449332397639939
Harlan Miller,CB,ARI,00-0032798,2016,205,Rounds 4-7,FALSE,0.04308823529411764,0.062266235974158445,0.003,0.08199999999999999,0.019676130567834064,0.003,0.022676130567834064,-0.5370191329228571,-4.672744495348817,-0.6021907924538343
Prince Tega Wanogho,OT,PHI,00-0036230,2020,210,Rounds 4-7,FALSE,0.016901408450704224,0.023152614316033184,0.004,0.08149999999999999,0.007177310437970286,0.008,0.015177310437970286,-0.537648527936587,-3.1707480263226144,-0.4449332397639939
Mickey Shuler,TE,MIN,00-0027809,2010,214,Rounds 4-7,FALSE,0,0,0,0.048,0,0.004,0.004,-0.5379616068075324,-2.3689887502760683,-0.586867207426399
Malcolm Perry,RB,MIA,00-0036245,2020,246,Rounds 4-7,FALSE,0.033239436619718316,0.07858022841540974,0,0.06,0.018859254819698336,0,0.018859254819698336,-0.5389268692881094,-5.507493653254559,-0.7649141963140151
Demetrius Rhaney,IOL,LA,00-0031399,2014,250,Rounds 4-7,FALSE,0.02661764705882353,0.03563272698637688,0.004,0.051,0.0066989526734388535,0.004,0.010698952673438854,-0.5393387951263101,-2.4541091296547317,-0.6606857915206148
Max Tuerk,IOL,LAC,00-0033130,2016,66,Round 3,FALSE,1.4705882352941178e-4,1.9686589495235848e-4,0.006,0.051,3.5435861091424526e-5,0,3.5435861091424526e-5,-0.5401480485661281,-1.1210940108268708,-0.4767011195371987
Justin Gilbert,CB,CLE,00-0031438,2014,8,Top 10,FALSE,0.08573529411764706,0.12389493369602178,0.024,0.08199999999999999,0.028743624617477048,0,0.028743624617477048,-0.5401647803432849,-0.39522957331232367,-0.6077512429479659
Xavier Crawford,CB,HOU,00-0035293,2019,195,Rounds 4-7,FALSE,0.03842857142857143,0.055532617671346,0.004,0.08199999999999999,0.01732617671345995,0.005,0.02232617671345995,-0.5401870300482106,-4.672744495348817,-0.6021907924538343
IK Enemkpali,DL,NYJ,00-0031024,2014,210,Rounds 4-7,FALSE,0.04161764705882353,0.0773562212989285,0,0.075,0.02320686638967855,0,0.02320686638967855,-0.5403535478751516,-3.7779540498924526,-0.695540700768399
Mike Johnson,IOL,ATL,00-0027699,2010,98,Round 3,FALSE,0,0,0,0.051,0,0,0,-0.5405236156202409,-1.1210940108268708,-0.4767011195371987
Brennan Williams,IOL,HOU,00-0030567,2013,89,Round 3,FALSE,0,0,0,0.051,0,0,0,-0.5405236156202409,-1.1210940108268708,-0.4767011195371987
Ryan Connelly,LB,NYG,00-0035533,2019,143,Rounds 4-7,FALSE,0.04471428571428571,0.06461601981833195,0.004,0.061,0.014732452518579684,0.005,0.019732452518579684,-0.5446104905889803,-3.875277998195149,-0.8050209414767096
James Wiggins,S,ARI,00-0036889,2021,243,Rounds 4-7,FALSE,0,0,0.005,0.053,0,0.004,0.004,-0.5446643572017235,-2.184659545441944,-0.5511731411824057
Treston Decoud,S,HOU,00-0033575,2017,169,Rounds 4-7,FALSE,0.012647058823529414,0.017712967539957162,0,0.053,0.003755149118470918,0,0.003755149118470918,-0.547386021446587,-2.184659545441944,-0.5511731411824057
Anthony McFarland Jr.,RB,PIT,00-0036336,2020,124,Rounds 4-7,FALSE,0.027323943661971835,0.06459561149402325,0.005,0.06,0.014211034528685116,0.004,0.018211034528685117,-0.547418288938234,-5.507493653254559,-0.7649141963140151
Kenny Willekes,EDGE,MIN,00-0036350,2020,225,Rounds 4-7,FALSE,0.03591549295774648,0.058974536876431005,0.004,0.091,0.02052313883299799,0.004,0.02452313883299799,-0.5474188884454837,-3.8204197934098256,-0.6044285050354133
Trevor Reilly,LB,NYJ,00-0031000,2014,233,Rounds 4-7,FALSE,0.04397058823529412,0.06354131247874874,0,0.061,0.015504080244814691,0.004,0.01950408024481469,-0.547624334241988,-3.875277998195149,-0.8050209414767096
Thomas Duarte,TE,MIA,00-0033061,2016,231,Rounds 4-7,FALSE,4.4117647058823526e-4,8.261731658955716e-4,0.003,0.048,1.487111698612029e-4,0.003,0.003148711169861203,-0.54836980469205,-2.3689887502760683,-0.586867207426399
Deji Karim,RB,JAX,00-0027779,2010,180,Rounds 4-7,FALSE,0.031764705882352945,0.07509386733416772,0,0.06,0.018022528160200252,0,0.018022528160200252,-0.5498876449638284,-5.507493653254559,-0.7649141963140151
Arthur Lynch,TE,MIA,00-0031286,2014,155,Rounds 4-7,FALSE,0,0,0.005,0.048,0,0.003,0.003,-0.550188006962249,-2.3689887502760683,-0.586867207426399
Rory Anderson,TE,SFO,00-0032072,2015,254,Rounds 4-7,FALSE,0,0,0.004,0.048,0,0.003,0.003,-0.550188006962249,-2.3689887502760683,-0.586867207426399
Beau Sandland,TE,CAR,00-0032900,2016,252,Rounds 4-7,FALSE,0,0,0.003,0.048,0,0.003,0.003,-0.550188006962249,-2.3689887502760683,-0.586867207426399
Bucky Hodges,TE,MIN,00-0033966,2017,201,Rounds 4-7,FALSE,0,0,0.004,0.048,0,0.003,0.003,-0.550188006962249,-2.3689887502760683,-0.586867207426399
Isaiah Johnson,CB,LV,00-0034980,2019,129,Rounds 4-7,FALSE,0.038,0.05491329479768786,0.004,0.08199999999999999,0.01713294797687861,0.004,0.02113294797687861,-0.5509885281236228,-4.672744495348817,-0.6021907924538343
Obi Melifonwu,S,LV,00-0033900,2017,56,Round 2,FALSE,0.012794117647058826,0.017918932278793875,0.006999999999999999,0.053,0.003297083539298073,0.005,0.008297083539298073,-0.5511805726048837,-0.6092327658489395,-0.6534824271194798
Christian Westerman,IOL,CIN,00-0033039,2016,161,Rounds 4-7,FALSE,0.038970588235294125,0.052169462162375,0.004,0.051,0.0098078588865265,0,0.0098078588865265,-0.5512640794863792,-2.4541091296547317,-0.6606857915206148
Michael Person,IOL,SFO,00-0028177,2011,239,Rounds 4-7,FALSE,0.03588235294117647,0.04803527836837546,0,0.051,0.009799196787148594,0,0.009799196787148594,-0.5513800021869456,-2.4541091296547317,-0.6606857915206148
Antone Exum,CB,MIN,00-0031267,2014,182,Rounds 4-7,FALSE,0.04411764705882354,0.06375382522951378,0,0.08199999999999999,0.02091125467528052,0,0.02091125467528052,-0.5529953686372063,-4.672744495348817,-0.6021907924538343
Kevin Norwood,WR,SEA,00-0031327,2014,123,Rounds 4-7,FALSE,0.03970588235294118,0.0620404411764706,0.005,0.079,0.018363970588235294,0.004,0.022363970588235294,-0.5532696659655784,-3.823139033302942,-0.6228278656929864
Akeem King,CB,ATL,00-0031630,2015,249,Rounds 4-7,FALSE,0.03764705882352942,0.05440326419585177,0,0.08199999999999999,0.017844270656239378,0.003,0.020844270656239377,-0.5536017299580283,-4.672744495348817,-0.6021907924538343
Brandon Allen,QB,JAX,00-0032434,2016,201,Rounds 4-7,FALSE,0.04411764705882353,0.0709286930206166,0.004,0.146,0.040287497635710226,0.008,0.048287497635710226,-0.5537907685131386,-3.4396236727931813,-0.7312011414982981
Tyrone Holmes,EDGE,JAX,00-0032428,2016,181,Rounds 4-7,FALSE,0.03426470588235294,0.05626388486429054,0.004,0.091,0.019579831932773108,0.004,0.023579831932773108,-0.5551867644510432,-3.8204197934098256,-0.6044285050354133
Mikel Leshoure,RB,DET,00-0027995,2011,57,Round 2,FALSE,8.823529411764705e-4,0.002085940759282436,0.006999999999999999,0.06,4.4221944096787646e-4,0,4.4221944096787646e-4,-0.5552440593091197,-1.5069658434565287,-0.4735968759125675
Antwione Williams,LB,DET,00-0032425,2016,169,Rounds 4-7,FALSE,0.045294117647058825,0.06545392723563415,0.004,0.061,0.014923495409724584,0.004,0.018923495409724586,-0.5552863498247967,-3.875277998195149,-0.8050209414767096
Chris Prosinski,CB,JAX,00-0028059,2011,121,Rounds 4-7,FALSE,0.043529411764705886,0.0629037742264536,0,0.08199999999999999,0.02063243794627678,0,0.02063243794627678,-0.5555193091604249,-4.672744495348817,-0.6021907924538343
Jamal Agnew,CB,DET,00-0033572,2017,165,Rounds 4-7,FALSE,0.04573529411764706,0.06609146548792928,0.004,0.08199999999999999,0.02062053723223393,0,0.02062053723223393,-0.5556270383290989,-4.672744495348817,-0.6021907924538343
Mykkele Thompson,S,NYG,00-0031586,2015,144,Rounds 4-7,FALSE,0,0,0.004,0.053,0,0.003,0.003,-0.5557799563282892,-2.184659545441944,-0.5511731411824057
Cedric Thompson,S,MIA,00-0031591,2015,150,Rounds 4-7,FALSE,0,0,0.004,0.053,0,0.003,0.003,-0.5557799563282892,-2.184659545441944,-0.5511731411824057
Larry Rountree,RB,LAC,00-0036650,2021,198,Rounds 4-7,FALSE,0.025972222222222223,0.06140005253480431,0.005,0.06,0.013508011557656949,0.004,0.01750801155765695,-0.5566276011943291,-5.507493653254559,-0.7649141963140151
Crezdon Butler,CB,PIT,00-0027763,2010,164,Rounds 4-7,FALSE,0.03235294117647059,0.0467528051683101,0,0.08199999999999999,0.015334920095205712,0.005,0.02033492009520571,-0.5582125383772741,-4.672744495348817,-0.6021907924538343
Chris Evans,RB,CIN,00-0036857,2021,202,Rounds 4-7,FALSE,0.03333333333333334,0.07880220646178095,0.005,0.06,0.01733648542159181,0,0.01733648542159181,-0.5588745231473843,-5.507493653254559,-0.7649141963140151
Evan Rodriguez,TE,CHI,00-0029276,2012,111,Rounds 4-7,FALSE,0.006274509803921568,0.011750018359403685,0,0.048,0.0022560035250055077,0,0.0022560035250055077,-0.5592844055792303,-2.3689887502760683,-0.586867207426399
Montario Hardesty,RB,CLE,00-0027666,2010,59,Round 2,FALSE,0,0,0.006999999999999999,0.06,0,0,0,-0.5593667736749621,-1.5069658434565287,-0.4735968759125675
Shaka Toney,EDGE,WAS,00-0036666,2021,246,Rounds 4-7,FALSE,0.03375,0.05541871921182266,0.005,0.091,0.019064039408866994,0.004,0.023064039408866994,-0.5594341757329304,-3.8204197934098256,-0.6044285050354133
JaCoby Stevens,S,PHI,00-0036925,2021,224,Rounds 4-7,FALSE,0.00986111111111111,0.013811079987550575,0.005,0.053,0.0026517273576097105,0,0.0026517273576097105,-0.5596512154078495,-2.184659545441944,-0.5511731411824057
Cornell Armstrong,CB,MIA,00-0034792,2018,209,Rounds 4-7,FALSE,0.03115942028985507,0.045028064002680744,0.004,0.08199999999999999,0.01404875596883639,0.006,0.020048755968836388,-0.5608029899524567,-4.672744495348817,-0.6021907924538343
JT Woods,S,LAC,00-0038091,2022,79,Round 3,FALSE,0.0175,0.02450980392156863,0.006,0.053,0.004607843137254902,0.004,0.008607843137254902,-0.5612762549986559,-0.9517824670434979,-0.6701102991437132
David Cobb,RB,TEN,00-0032133,2015,138,Rounds 4-7,FALSE,0.02661764705882353,0.06292587957168684,0.004,0.06,0.01409539702405785,0.003,0.01709539702405785,-0.5620326821631056,-5.507493653254559,-0.7649141963140151
Justin Blackmon,WR,JAX,00-0029707,2012,5,Top 10,FALSE,0.07333333333333333,0.11458333333333333,0.038,0.079,0.01879166666666667,0,0.01879166666666667,-0.5621455643002694,-0.07536017301982953,0.035482296742909314
Robert Davis,WR,WAS,00-0033530,2017,209,Rounds 4-7,FALSE,0.039117647058823535,0.06112132352941177,0.004,0.079,0.01833639705882353,0.003,0.02133639705882353,-0.5633078919725487,-3.823139033302942,-0.6228278656929864
Dorin Dickerson,WR,HOU,00-0027819,2010,227,Rounds 4-7,FALSE,0.03294117647058824,0.05147058823529412,0,0.079,0.01626470588235294,0.005,0.021264705882352943,-0.5640082333218722,-3.823139033302942,-0.6228278656929864
Travis Lewis,LB,DET,00-0029217,2012,223,Rounds 4-7,FALSE,0.040196078431372545,0.05808681854244588,0.004,0.061,0.01324379462767766,0.005,0.01824379462767766,-0.5642564049639094,-3.875277998195149,-0.8050209414767096
Saquan Hampton,S,NOR,00-0035288,2019,177,Rounds 4-7,FALSE,0.008142857142857144,0.011404561824729894,0.004,0.053,0.0022352941176470593,0,0.0022352941176470593,-0.5642801203662513,-2.184659545441944,-0.5511731411824057
Jermaine Cunningham,LB,NWE,00-0027661,2010,53,Round 2,FALSE,0.005294117647058824,0.007650459027541654,0,0.061,0.0018667120027201635,0,0.0018667120027201635,-0.5653595738908536,-0.9272530653358044,-0.35150887120124186
Curtis Brown,CB,PIT,00-0028033,2011,95,Round 3,FALSE,5.882352941176471e-4,8.500510030601837e-4,0.005,0.08199999999999999,2.6181570894253655e-4,0.005,0.005261815708942537,-0.5663217115844769,-2.986769766952211,-0.2996236181936407
Doug Kramer,IOL,CHI,00-0037088,2022,207,Rounds 4-7,FALSE,0.01888888888888889,0.02528633050721404,0.005,0.051,0.0046526848133273836,0.004,0.008652684813327384,-0.5667234839964388,-2.4541091296547317,-0.6606857915206148
Caleb Wilson,TE,ARI,00-0035320,2019,254,Rounds 4-7,FALSE,0.0018571428571428571,0.003477795612627073,0.004,0.048,6.120920278223648e-4,0.001,0.001612092027822365,-0.5671571252080142,-2.3689887502760683,-0.586867207426399
DeMarcus Van Dyke,CB,LV,00-0028019,2011,81,Round 3,FALSE,0,0,0.005,0.08199999999999999,0,0.005,0.005,-0.5682538907437551,-2.986769766952211,-0.2996236181936407
Curtis Marsh,CB,PHI,00-0028028,2011,90,Round 3,FALSE,0,0,0.006,0.08199999999999999,0,0.005,0.005,-0.5682538907437551,-2.986769766952211,-0.2996236181936407
Tavarres King,WR,DEN,00-0030091,2013,161,Rounds 4-7,FALSE,0.03411764705882353,0.05330882352941176,0.005,0.079,0.015779411764705882,0.005,0.020779411764705883,-0.5687490055326776,-3.823139033302942,-0.6228278656929864
Jeremiah George,LB,NYJ,00-0031018,2014,154,Rounds 4-7,FALSE,0.042794117647058816,0.061841210472628354,0.005,0.061,0.013852431145868751,0.004,0.01785243114586875,-0.5694212541210474,-3.875277998195149,-0.8050209414767096
Duke Ejiofor,EDGE,HOU,00-0034402,2018,177,Rounds 4-7,FALSE,0.03652173913043479,0.05997001499250377,0,0.091,0.02182908545727137,0,0.02182908545727137,-0.5696036859594362,-3.8204197934098256,-0.6044285050354133
Josh Boyce,WR,NWE,00-0030474,2013,102,Rounds 4-7,FALSE,0.036029411764705886,0.05629595588235295,0.005,0.079,0.016663602941176473,0.004,0.020663602941176473,-0.5698803261738924,-3.823139033302942,-0.6228278656929864
Titus Young,WR,DET,00-0027982,2011,44,Round 2,FALSE,0,0,0.009000000000000001,0.079,0,0,0,-0.5702056625818737,-1.0961314210494868,0.22664173323619316
D.C. Jefferson,TE,ARI,00-0030291,2013,219,Rounds 4-7,FALSE,0.00411764705882353,0.007710949548358669,0.005,0.048,0.0013262833223176911,0,0.0013262833223176911,-0.5706515368092159,-2.3689887502760683,-0.586867207426399
Thomas Graham,CB,CHI,00-0036908,2021,228,Rounds 4-7,FALSE,0.03361111111111112,0.0485709698137444,0.005,0.08199999999999999,0.01495985870263327,0.004,0.01895985870263327,-0.5706600453221695,-4.672744495348817,-0.6021907924538343
Steven Means,EDGE,TAM,00-0030387,2013,147,Rounds 4-7,FALSE,0.02779411764705883,0.04563894523326573,0.005,0.091,0.01569979716024341,0.006,0.02169979716024341,-0.5706683399549107,-3.8204197934098256,-0.6044285050354133
Tyrie Cleveland,WR,DEN,00-0036439,2020,252,Rounds 4-7,FALSE,0.03577464788732395,0.05589788732394367,0.005,0.079,0.016545774647887326,0.004,0.020545774647887326,-0.5710313747404404,-3.823139033302942,-0.6228278656929864
Michael Buchanan,EDGE,NWE,00-0030475,2013,226,Rounds 4-7,FALSE,0.030294117647058826,0.049744035545252585,0.004,0.091,0.017310924369747897,0.004,0.021310924369747897,-0.5738706017191202,-3.8204197934098256,-0.6044285050354133
Aaron Wallace,EDGE,TEN,00-0032799,2016,222,Rounds 4-7,FALSE,0.03014705882352941,0.04950255964454747,0.004,0.091,0.01722689075630252,0.004,0.02122689075630252,-0.574562595692012,-3.8204197934098256,-0.6044285050354133
Geremy Davis,WR,NYG,00-0031953,2015,186,Rounds 4-7,FALSE,0.032352941176470584,0.05055147058823529,0.004,0.079,0.015165441176470586,0.005,0.020165441176470587,-0.5747468006781662,-3.823139033302942,-0.6228278656929864
Stanley Jean-Baptiste,CB,NOR,00-0031239,2014,58,Round 2,FALSE,0.0016176470588235294,0.0023376402584155053,0.006999999999999999,0.08199999999999999,7.012920775246515e-4,0.004,0.004701292077524652,-0.5757578184701819,-1.8987142572552127,-0.038091475434602076
Jaelon Darden,WR,TAM,00-0036877,2021,129,Rounds 4-7,FALSE,0.03513888888888889,0.054904513888888895,0.006,0.079,0.016032118055555555,0.004,0.020032118055555555,-0.576049216107713,-3.823139033302942,-0.6228278656929864
K.J. Dillon,S,HOU,00-0032421,2016,159,Rounds 4-7,FALSE,0.003970588235294118,0.0055610479485912025,0.004,0.053,0.0010899653979238757,0,0.0010899653979238757,-0.5770111352828371,-2.184659545441944,-0.5511731411824057
Racey McMath,WR,TEN,00-0036652,2021,205,Rounds 4-7,FALSE,0.034444444444444444,0.05381944444444444,0.005,0.079,0.015930555555555552,0.004,0.019930555555555552,-0.577041366352588,-3.823139033302942,-0.6228278656929864
Sam Young,OT,DAL,00-0027778,2010,179,Rounds 4-7,FALSE,0.007058823529411765,0.009669621273166801,0,0.08149999999999999,0.0031522965350523767,0.006999999999999999,0.010152296535052376,-0.578384079308307,-3.1707480263226144,-0.4449332397639939
Chris Carter,LB,PIT,00-0028100,2011,162,Rounds 4-7,FALSE,0.03441176470588235,0.04972798367902074,0,0.061,0.01213362801768106,0.005,0.01713362801768106,-0.5789073454487532,-3.875277998195149,-0.8050209414767096
Kevin Hogan,QB,KAN,00-0032784,2016,162,Rounds 4-7,FALSE,0.039999999999999994,0.06430868167202572,0.003,0.146,0.036784565916398705,0.006999999999999999,0.043784565916398704,-0.5793113718859068,-3.4396236727931813,-0.7312011414982981
Daviyon Nixon,DL,CAR,00-0036558,2021,158,Rounds 4-7,FALSE,0.029166666666666667,0.05421313506815365,0.005,0.075,0.015179677819083021,0.004,0.019179677819083023,-0.5823688784874297,-3.7779540498924526,-0.695540700768399
Nate Potter,OT,ARI,00-0029551,2012,221,Rounds 4-7,FALSE,0.022745098039215688,0.031157668546870805,0.004,0.08149999999999999,0.009658877249529949,0,0.009658877249529949,-0.5823840098640264,-3.1707480263226144,-0.4449332397639939
Jerald Hawkins,OT,PIT,00-0033085,2016,123,Rounds 4-7,FALSE,0.011029411764705883,0.015108783239323128,0.005,0.08149999999999999,0.004623287671232876,0.005,0.009623287671232876,-0.5826725187364449,-3.1707480263226144,-0.4449332397639939
Brandon Mosley,OT,NYG,00-0029283,2012,131,Rounds 4-7,FALSE,0.02294117647058824,0.03142626913779211,0.005,0.08149999999999999,0.009616438356164384,0,0.009616438356164384,-0.5827280430854764,-3.1707480263226144,-0.4449332397639939
Alex Carter,CB,DET,00-0031563,2015,80,Round 3,FALSE,0,0,0.005,0.08199999999999999,0,0.003,0.003,-0.5830137320617748,-2.986769766952211,-0.2996236181936407
Sergio Kindle,LB,BAL,00-0027884,2010,43,Round 2,FALSE,0,0,0,0.061,0,0,0,-0.5832067719442302,-0.9272530653358044,-0.35150887120124186
Jonas Mouton,LB,LAC,00-0027999,2011,61,Round 2,FALSE,0,0,0.006999999999999999,0.061,0,0,0,-0.5832067719442302,-0.9272530653358044,-0.35150887120124186
Christo Bilukidi,EDGE,LV,00-0029628,2012,189,Rounds 4-7,FALSE,0.035686274509803925,0.05859815190443995,0.005,0.091,0.02015776425512734,0,0.02015776425512734,-0.5833665619233693,-3.8204197934098256,-0.6044285050354133
Jonathan Woodard,EDGE,JAX,00-0032800,2016,226,Rounds 4-7,FALSE,0.028235294117647056,0.04636337293538104,0.004,0.091,0.0161344537815126,0.004,0.0201344537815126,-0.5835585173396045,-3.8204197934098256,-0.6044285050354133
Travian Robertson,DL,ATL,00-0029430,2012,249,Rounds 4-7,FALSE,0.02647058823529412,0.04920183686857643,0.004,0.075,0.013973321670675705,0.005,0.018973321670675704,-0.5845217753898778,-3.7779540498924526,-0.695540700768399
Christian Holmes,CB,WAS,00-0037095,2022,240,Rounds 4-7,FALSE,0.03013888888888889,0.04355330764290302,0.005,0.08199999999999999,0.013414418754014128,0.004,0.01741441875401413,-0.5846498748652471,-4.672744495348817,-0.6021907924538343
Tyler Matakevich,EDGE,PIT,00-0032366,2016,246,Rounds 4-7,FALSE,0.03338235294117647,0.05481502946005988,0,0.091,0.019952670723461796,0,0.019952670723461796,-0.5850554514280899,-3.8204197934098256,-0.6044285050354133
Obum Gwacham,EDGE,SEA,00-0031614,2015,209,Rounds 4-7,FALSE,0.02661764705882353,0.043707138027624846,0,0.091,0.015909398242055443,0.004,0.019909398242055443,-0.5854117885543606,-3.8204197934098256,-0.6044285050354133
Adam Bisnowaty,OT,NYG,00-0033965,2017,200,Rounds 4-7,FALSE,0.014705882352941176,0.020145044319097503,0.004,0.08149999999999999,0.0062449637389202246,0.003,0.009244963738920225,-0.5857394224858901,-3.1707480263226144,-0.4449332397639939
Jake Luton,QB,JAX,00-0036312,2020,189,Rounds 4-7,FALSE,0.04225352112676056,0.06793170599157647,0.004,0.146,0.03858520900321543,0.004,0.04258520900321543,-0.5861087905437269,-3.4396236727931813,-0.7312011414982981
Malik McDowell,DL,SEA,00-0034019,2017,35,Round 2,FALSE,0,0,0.01,0.075,0,0.004,0.004,-0.5863758005785752,-1.5305933950960025,-0.22864968299216984
Aaron Hernandez,TE,NWE,00-0027713,2010,113,Rounds 4-7,FALSE,0,0,0,0.048,0,0,0,-0.586867207426399,-2.3689887502760683,-0.586867207426399
Brody Eldridge,TE,IND,00-0027761,2010,162,Rounds 4-7,FALSE,0,0,0,0.048,0,0,0,-0.586867207426399,-2.3689887502760683,-0.586867207426399
Fendi Onobun,TE,LA,00-0027769,2010,170,Rounds 4-7,FALSE,0,0,0,0.048,0,0,0,-0.586867207426399,-2.3689887502760683,-0.586867207426399
Dedrick Epps,TE,LAC,00-0027827,2010,235,Rounds 4-7,FALSE,0,0,0,0.048,0,0,0,-0.586867207426399,-2.3689887502760683,-0.586867207426399
Jameson Konz,TE,SEA,00-0027836,2010,245,Rounds 4-7,FALSE,0,0,0,0.048,0,0,0,-0.586867207426399,-2.3689887502760683,-0.586867207426399
Daniel Hardy,TE,TAM,00-0028176,2011,238,Rounds 4-7,FALSE,0,0,0.004,0.048,0,0,0,-0.586867207426399,-2.3689887502760683,-0.586867207426399
Drake Dunsmore,TE,TAM,00-0029147,2012,233,Rounds 4-7,FALSE,0,0,0.004,0.048,0,0,0,-0.586867207426399,-2.3689887502760683,-0.586867207426399
Ted Bolser,TE,WAS,00-0031088,2014,217,Rounds 4-7,FALSE,0,0,0.004,0.048,0,0,0,-0.586867207426399,-2.3689887502760683,-0.586867207426399
Rob Blanchflower,TE,PIT,00-0031194,2014,230,Rounds 4-7,FALSE,0,0,0.004,0.048,0,0,0,-0.586867207426399,-2.3689887502760683,-0.586867207426399
Alizé Mack,TE,NOR,00-0035309,2019,231,Rounds 4-7,FALSE,0,0,0,0.048,0,0,0,-0.586867207426399,-2.3689887502760683,-0.586867207426399
Jake Bequette,EDGE,NWE,00-0029646,2012,90,Round 3,FALSE,0.00392156862745098,0.0064393573521362565,0.006,0.091,0.002189381499726327,0.004,0.006189381499726327,-0.5877820655089747,-2.5109073453087567,-0.29680159176202814
Rodarius Williams,CB,NYG,00-0036570,2021,201,Rounds 4-7,FALSE,0.03833333333333334,0.055394990366088644,0.005,0.08199999999999999,0.0170616570327553,0,0.0170616570327553,-0.587843189723028,-4.672744495348817,-0.6021907924538343
Zander Horvath,RB,LAC,00-0037331,2022,260,Rounds 4-7,FALSE,0.020972222222222225,0.04957972156553718,0.004,0.06,0.011105857630680328,0.004,0.015105857630680328,-0.5880948313025844,-5.507493653254559,-0.7649141963140151
Senquez Golson,CB,PIT,00-0032105,2015,56,Round 2,FALSE,0,0,0.006999999999999999,0.08199999999999999,0,0.003,0.003,-0.5884298571298525,-1.8987142572552127,-0.038091475434602076
Antonio Garcia,OT,NWE,00-0033922,2017,85,Round 3,FALSE,0,0,0.005,0.08149999999999999,0,0.003,0.003,-0.588704657704349,-1.9161133628566525,-0.13046393182271215
Cheta Ozougwu,EDGE,HOU,00-0028192,2011,254,Rounds 4-7,FALSE,0.027058823529411764,0.04443156572974017,0.004,0.091,0.015462184873949578,0.004,0.01946218487394958,-0.5890944691227384,-3.8204197934098256,-0.6044285050354133
Gerod Holliman,S,PIT,00-0032219,2015,239,Rounds 4-7,FALSE,0,0,0.003,0.053,0,0,0,-0.5891267537079866,-2.184659545441944,-0.5511731411824057
Brian Cole II,S,MIN,00-0036353,2020,249,Rounds 4-7,FALSE,0,0,0.004,0.053,0,0,0,-0.5891267537079866,-2.184659545441944,-0.5511731411824057
Marion Grice,RB,LAC,00-0030999,2014,201,Rounds 4-7,FALSE,0.022647058823529416,0.05353914615491588,0.004,0.06,0.011992768738701157,0.003,0.014992768738701156,-0.589576249352707,-5.507493653254559,-0.7649141963140151
D'Joun Smith,CB,IND,00-0032271,2015,65,Round 3,FALSE,0.003823529411764706,0.005525331519891194,0.006,0.08199999999999999,0.0016797007820469226,0,0.0016797007820469226,-0.5927574355364212,-2.986769766952211,-0.2996236181936407
Nick Moody,LB,SFO,00-0030100,2013,180,Rounds 4-7,FALSE,0.03426470588235294,0.0495154709282557,0,0.061,0.01208177490649439,0.004,0.01608177490649439,-0.5927887189219123,-3.875277998195149,-0.8050209414767096
Adam Gettis,IOL,WAS,00-0029139,2012,141,Rounds 4-7,FALSE,0.006862745098039216,0.009187075097776727,0.005,0.051,0.0016904218179909177,0.005,0.006690421817990918,-0.5929839568583489,-2.4541091296547317,-0.6606857915206148
Kevin Harris,RB,NWE,00-0037286,2022,183,Rounds 4-7,FALSE,0.020555555555555556,0.04859469398476491,0.005,0.06,0.01069083267664828,0.004,0.01469083267664828,-0.5935314877893032,-5.507493653254559,-0.7649141963140151
Antonio Gandy-Golden,WR,WAS,00-0036340,2020,142,Rounds 4-7,FALSE,0.030422535211267608,0.04753521126760564,0.005,0.079,0.014070422535211268,0.004,0.018070422535211267,-0.595212752756375,-3.823139033302942,-0.6228278656929864
Cortez Broughton,DL,LAC,00-0035315,2019,242,Rounds 4-7,FALSE,0.026,0.0483271375464684,0.003,0.075,0.013918215613382898,0.004,0.017918215613382898,-0.5955296110179024,-3.7779540498924526,-0.695540700768399
Shaquille Quarterman,LB,JAX,00-0036235,2020,140,Rounds 4-7,FALSE,0.03661971830985915,0.05291866807783114,0.005,0.061,0.011853781649434176,0.004,0.015853781649434177,-0.5957975606669771,-3.875277998195149,-0.8050209414767096
Kahlil McKenzie,DL,KAN,00-0034731,2018,198,Rounds 4-7,FALSE,0.030289855072463772,0.05630084585959808,0,0.075,0.016890253757879423,0.001,0.017890253757879424,-0.5958213347807501,-3.7779540498924526,-0.695540700768399
Kamal Martin,LB,GNB,00-0036270,2020,175,Rounds 4-7,FALSE,0.04887323943661971,0.0706260685500285,0.005,0.061,0.015820239355206385,0,0.015820239355206385,-0.5962402204912155,-3.875277998195149,-0.8050209414767096
D'Ante Smith,OT,CIN,00-0036852,2021,139,Rounds 4-7,FALSE,0.018750000000000003,0.02568493150684932,0.005,0.08149999999999999,0.00785958904109589,0,0.00785958904109589,-0.5969700386120533,-3.1707480263226144,-0.4449332397639939
John Theus,OT,SFO,00-0032414,2016,145,Rounds 4-7,FALSE,0.018235294117647058,0.0249798549556809,0.004,0.08149999999999999,0.007743755036261078,0,0.007743755036261078,-0.5979090533383211,-3.1707480263226144,-0.4449332397639939
Joey Ivie,DL,DAL,00-0033590,2017,228,Rounds 4-7,FALSE,0.025735294117647058,0.04783511917778263,0.004,0.075,0.013585173846490266,0.004,0.017585173846490266,-0.5990042086679503,-3.7779540498924526,-0.695540700768399
Dakota Allen,LB,LA,00-0035670,2019,251,Rounds 4-7,FALSE,0.03128571428571429,0.045210569777043776,0.003,0.061,0.010488852188274155,0.005,0.015488852188274154,-0.6006135583455939,-3.875277998195149,-0.8050209414767096
Arlington Hambright,OT,CHI,00-0036317,2020,226,Rounds 4-7,FALSE,0.01647887323943662,0.022573798958132357,0,0.08149999999999999,0.007359058460351148,0,0.007359058460351148,-0.6010276172733192,-3.1707480263226144,-0.4449332397639939
Rokevious Watkins,IOL,LA,00-0029616,2012,150,Rounds 4-7,FALSE,0.024705882352941178,0.033073470351996224,0.005,0.051,0.006085518544767305,0,0.006085518544767305,-0.6010792254478916,-2.4541091296547317,-0.6606857915206148
Ka'dar Hollman,CB,GNB,00-0034990,2019,185,Rounds 4-7,FALSE,0.025571428571428575,0.03695293146160199,0.004,0.08199999999999999,0.011529314616019817,0.004,0.015529314616019817,-0.6017144561096069,-4.672744495348817,-0.6021907924538343
Zeke Motta,CB,ATL,00-0030428,2013,244,Rounds 4-7,FALSE,0.03264705882352941,0.047177830669840194,0,0.08199999999999999,0.015474328459707582,0,0.015474328459707582,-0.60221220883997,-4.672744495348817,-0.6021907924538343
Joshua Miles,OT,ARI,00-0035317,2019,248,Rounds 4-7,FALSE,0.005,0.006849315068493151,0.003,0.08149999999999999,0.002150684931506849,0.005,0.007150684931506849,-0.6027168087368124,-3.1707480263226144,-0.4449332397639939
Sam Montgomery,EDGE,HOU,00-0030473,2013,95,Round 3,FALSE,0,0,0.005,0.091,0,0.004,0.004,-0.6029556275328399,-2.5109073453087567,-0.29680159176202814
Julian Vandervelde,IOL,PHI,00-0028099,2011,161,Rounds 4-7,FALSE,0.003823529411764706,0.00511851326876132,0.005,0.051,9.418064414520829e-4,0.005,0.005941806441452083,-0.6030024884345588,-2.4541091296547317,-0.6606857915206148
Carlos Davis,DL,PIT,00-0036352,2020,232,Rounds 4-7,FALSE,0.024929577464788733,0.04633750458139169,0.004,0.075,0.01315985130111524,0.004,0.01715985130111524,-0.6034415641698172,-3.7779540498924526,-0.695540700768399
Louis Nix,DL,HOU,00-0031049,2014,83,Round 3,FALSE,0.004411764705882353,0.008200306144762737,0.005,0.075,0.002296085720533566,0.004,0.006296085720533567,-0.6039283438278776,-1.6980155086877986,-0.2673590110726486
David Arkin,IOL,DAL,00-0028048,2011,110,Rounds 4-7,FALSE,0.003529411764705882,0.004724781478856603,0.005,0.051,8.693597921096149e-4,0.005,0.005869359792109615,-0.6039720237483858,-2.4541091296547317,-0.6606857915206148
Elijah Qualls,DL,PHI,00-0033584,2017,214,Rounds 4-7,FALSE,0.024705882352941175,0.045921714410671326,0.004,0.075,0.013041766892630655,0.004,0.017041766892630657,-0.6046735291934717,-3.7779540498924526,-0.695540700768399
Tommy Doyle,IOL,BUF,00-0036560,2021,161,Rounds 4-7,FALSE,0.021250000000000005,0.028447121820615803,0,0.051,0.005803212851405623,0,0.005803212851405623,-0.6048572516436188,-2.4541091296547317,-0.6606857915206148
Jerome Murphy,CB,LA,00-0027670,2010,65,Round 3,FALSE,0,0,0,0.08199999999999999,0,0,0,-0.6051534940388043,-2.986769766952211,-0.2996236181936407
Amari Spievey,CB,DET,00-0027671,2010,66,Round 3,FALSE,0,0,0,0.08199999999999999,0,0,0,-0.6051534940388043,-2.986769766952211,-0.2996236181936407
Myron Lewis,CB,TAM,00-0027672,2010,67,Round 3,FALSE,0,0,0,0.08199999999999999,0,0,0,-0.6051534940388043,-2.986769766952211,-0.2996236181936407
Chad Jones,CB,NYG,NA,2010,76,Round 3,FALSE,0,0,0,0.08199999999999999,0,0,0,-0.6051534940388043,-2.986769766952211,-0.2996236181936407
Kevin Thomas,CB,IND,00-0027895,2010,94,Round 3,FALSE,0,0,0,0.08199999999999999,0,0,0,-0.6051534940388043,-2.986769766952211,-0.2996236181936407
Brandon Hogan,CB,CAR,00-0028036,2011,98,Round 3,FALSE,0,0,0.005,0.08199999999999999,0,0,0,-0.6051534940388043,-2.986769766952211,-0.2996236181936407
Brandon Taylor,CB,LAC,00-0029525,2012,73,Round 3,FALSE,0,0,0,0.08199999999999999,0,0,0,-0.6051534940388043,-2.986769766952211,-0.2996236181936407
Brandon Hardin,CB,CHI,00-0029526,2012,79,Round 3,FALSE,0,0,0,0.08199999999999999,0,0,0,-0.6051534940388043,-2.986769766952211,-0.2996236181936407
Zach Moore,EDGE,NWE,00-0031081,2014,198,Rounds 4-7,FALSE,0.023529411764705882,0.038636144112817544,0.004,0.091,0.013445378151260505,0.004,0.017445378151260505,-0.6057023244721402,-3.8204197934098256,-0.6044285050354133
Taiwan Jones,RB,LV,00-0028063,2011,125,Rounds 4-7,FALSE,0.005294117647058823,0.012515644555694618,0.005,0.06,0.002753441802252816,0.011000000000000001,0.013753441802252818,-0.6058109233470013,-5.507493653254559,-0.7649141963140151
Brandon McGee,CB,LA,00-0030535,2013,149,Rounds 4-7,FALSE,0.022205882352941176,0.03208942536552193,0.005,0.08199999999999999,0.009883543012580752,0.005,0.014883543012580751,-0.6075601925705705,-4.672744495348817,-0.6021907924538343
Barrett Jones,IOL,LA,00-0030534,2013,113,Rounds 4-7,FALSE,0.006470588235294118,0.008662099377903772,0.005,0.051,0.001593826285534294,0.004,0.005593826285534294,-0.6076594194691247,-2.4541091296547317,-0.6606857915206148
Kene Nwangwu,RB,MIN,00-0036842,2021,119,Rounds 4-7,FALSE,0.01277777777777778,0.03020751247701603,0.006,0.06,0.006524822695035462,0.006999999999999999,0.013524822695035462,-0.6088057397795213,-5.507493653254559,-0.7649141963140151
Deonte Brown,IOL,CAR,00-0036566,2021,193,Rounds 4-7,FALSE,0.005833333333333334,0.007809013833110219,0.005,0.051,0.0014368585452922804,0.004,0.00543685854529228,-0.6097600793157494,-2.4541091296547317,-0.6606857915206148
Tremayne Anchrum,IOL,LA,00-0036437,2020,250,Rounds 4-7,FALSE,0.019859154929577467,0.026585214095819903,0,0.051,0.00542338367554726,0,0.00542338367554726,-0.6099404101134548,-2.4541091296547317,-0.6606857915206148
Ricky Sapp,EDGE,PHI,00-0027734,2010,134,Rounds 4-7,FALSE,0.02823529411764706,0.04636337293538105,0,0.091,0.016876267748478703,0,0.016876267748478703,-0.6103887939988967,-3.8204197934098256,-0.6044285050354133
Lachavious Simmons,IOL,CHI,00-0036318,2020,227,Rounds 4-7,FALSE,0.004929577464788733,0.006599166619529763,0.004,0.051,0.0012406433244715955,0.004,0.005240643324471595,-0.6123859783383071,-2.4541091296547317,-0.6606857915206148
Logan Thomas,QB,ARI,00-0031260,2014,120,Rounds 4-7,FALSE,0.04058823529411765,0.06525439757896728,0.005,0.146,0.03680348023453754,0.001,0.03780348023453754,-0.6132094909203788,-3.4396236727931813,-0.7312011414982981
Pat O'Connor,EDGE,DET,00-0033595,2017,250,Rounds 4-7,FALSE,0.020147058823529417,0.03308219839660003,0.004,0.091,0.01151260504201681,0.005,0.01651260504201681,-0.6133834575712385,-3.8204197934098256,-0.6044285050354133
Trace McSorley,QB,BAL,00-0035146,2019,197,Rounds 4-7,FALSE,0.03585714285714285,0.057648139641708764,0.004,0.146,0.03274414331649057,0.005,0.03774414331649057,-0.6135457860377009,-3.4396236727931813,-0.7312011414982981
Ian Silberman,IOL,SFO,00-0032067,2015,190,Rounds 4-7,FALSE,0.007794117647058824,0.010433892432474999,0,0.051,0.0021285140562248995,0.003,0.0051285140562248996,-0.6138865761749968,-2.4541091296547317,-0.6606857915206148
David Yankey,IOL,MIN,00-0031069,2014,145,Rounds 4-7,FALSE,0.004411764705882354,0.005905976848570755,0.005,0.051,0.001086699740137019,0.004,0.0050866997401370195,-0.614446166665912,-2.4541091296547317,-0.6606857915206148
Sean Harlow,IOL,ATL,00-0033511,2017,136,Rounds 4-7,FALSE,2.9411764705882356e-4,3.9373178990471697e-4,0.004,0.051,7.402157650208679e-5,0.005,0.005074021576502087,-0.6146158353458318,-2.4541091296547317,-0.6606857915206148
Jackson Barton,OT,IND,00-0035003,2019,240,Rounds 4-7,FALSE,0.0015714285714285715,0.002152641878669276,0.003,0.08149999999999999,6.759295499021526e-4,0.005,0.005675929549902153,-0.6146719942882782,-3.1707480263226144,-0.4449332397639939
Tyler Shelvin,DL,CIN,00-0036851,2021,122,Rounds 4-7,FALSE,0.023472222222222224,0.04362866584056175,0.006,0.075,0.012041511771995042,0.004,0.016041511771995042,-0.6151091094632863,-3.7779540498924526,-0.695540700768399
Ross Pierschbacher,IOL,WAS,00-0035274,2019,153,Rounds 4-7,FALSE,1.4285714285714287e-4,1.912411550965768e-4,0.004,0.051,3.595333715815644e-5,0.005,0.0050359533371581566,-0.6151252930324761,-2.4541091296547317,-0.6606857915206148
DeVonte Holloman,LB,DAL,00-0030102,2013,185,Rounds 4-7,FALSE,0.04441176470588235,0.06417885073104386,0.005,0.061,0.014376062563753825,0,0.014376062563753825,-0.6152991149225918,-3.875277998195149,-0.8050209414767096
Elerson Smith,DL,NYG,00-0036895,2021,116,Rounds 4-7,FALSE,0.02861111111111111,0.05318050392399835,0,0.075,0.015954151177199505,0,0.015954151177199505,-0.6160205354391196,-3.7779540498924526,-0.695540700768399
Riley Ridley,WR,CHI,00-0035590,2019,126,Rounds 4-7,FALSE,0.033999999999999996,0.05312499999999999,0.004,0.079,0.015937499999999997,0,0.015937499999999997,-0.6160489828177582,-3.823139033302942,-0.6228278656929864
Robert Herron,WR,TAM,00-0031187,2014,185,Rounds 4-7,FALSE,0.0275,0.04296875,0.004,0.079,0.012890625,0.003,0.015890625,-0.6165068983153927,-3.823139033302942,-0.6228278656929864
Gregory Junior,CB,JAX,00-0037296,2022,197,Rounds 4-7,FALSE,0.02208333333333333,0.03191233140655106,0.005,0.08199999999999999,0.009828998073217724,0.004,0.013828998073217724,-0.6171062794051873,-4.672744495348817,-0.6021907924538343
Greg Scruggs,EDGE,SEA,00-0029308,2012,232,Rounds 4-7,FALSE,0.026862745098039213,0.04410959786213336,0,0.091,0.01605589362181654,0,0.01605589362181654,-0.6171443520177785,-3.8204197934098256,-0.6044285050354133
Deiontrez Mount,EDGE,TEN,00-0032114,2015,177,Rounds 4-7,FALSE,0.02102941176470588,0.03453105380083067,0.004,0.091,0.012016806722689073,0.004,0.016016806722689073,-0.6174662220112999,-3.8204197934098256,-0.6044285050354133
Malik Jefferson,EDGE,CIN,00-0034835,2018,78,Round 3,FALSE,0.003188405797101449,0.005235477499345565,0,0.091,0.0019057138097617857,0,0.0019057138097617857,-0.6174701291887991,-2.5109073453087567,-0.29680159176202814
Shaun Bradley,LB,PHI,00-0036401,2020,196,Rounds 4-7,FALSE,0.03098591549295775,0.044777334527395594,0.004,0.061,0.010209232272246195,0.004,0.014209232272246195,-0.6175007850592525,-3.875277998195149,-0.8050209414767096
Jeris Pendleton,DL,JAX,00-0029622,2012,228,Rounds 4-7,FALSE,0.022352941176470586,0.041548217800131196,0.004,0.075,0.011799693855237258,0.004,0.01579969385523726,-0.6176319761089493,-3.7779540498924526,-0.695540700768399
Willie Beavers,OT,MIN,00-0032405,2016,121,Rounds 4-7,FALSE,0.0027941176470588237,0.0038275584206285255,0,0.08149999999999999,0.001247784045124899,0.004,0.005247784045124899,-0.6181427793530314,-3.1707480263226144,-0.4449332397639939
Greg Senat,OT,BAL,00-0034280,2018,212,Rounds 4-7,FALSE,5.797101449275362e-4,7.941234862021044e-4,0.004,0.08149999999999999,2.461782807226523e-4,0.005,0.005246178280722652,-0.6181557965704088,-3.1707480263226144,-0.4449332397639939
Sam Jones,IOL,DEN,00-0034405,2018,183,Rounds 4-7,FALSE,0.002898550724637681,0.0038802553208001087,0.004,0.051,7.294880003104205e-4,0.004,0.0047294880003104205,-0.6192266416695003,-2.4541091296547317,-0.6606857915206148
Brian Price,DL,TAM,00-0027650,2010,35,Round 2,FALSE,0,0,0.009000000000000001,0.075,0,0,0,-0.6194110569491992,-1.5305933950960025,-0.22864968299216984
Torell Troup,DL,BUF,00-0027655,2010,41,Round 2,FALSE,0,0,0.006999999999999999,0.075,0,0,0,-0.6194110569491992,-1.5305933950960025,-0.22864968299216984
Chase Lucas,CB,DET,00-0037321,2022,237,Rounds 4-7,FALSE,0.021388888888888888,0.030908798972382787,0.005,0.08199999999999999,0.009519910083493897,0.004,0.013519910083493897,-0.6199042453138027,-4.672744495348817,-0.6021907924538343
Cole Toner,OT,ARI,00-0032787,2016,170,Rounds 4-7,FALSE,0.0022058823529411764,0.0030217566478646252,0,0.08149999999999999,9.850926672038676e-4,0.004,0.004985092667203868,-0.6202723014452979,-3.1707480263226144,-0.4449332397639939
R.J. Stanford,CB,CAR,00-0027817,2010,223,Rounds 4-7,FALSE,0.017647058823529415,0.025501530091805516,0,0.08199999999999999,0.008364501870112208,0.005,0.013364501870112209,-0.6213110514577405,-4.672744495348817,-0.6021907924538343
Tanner Hawkinson,OT,CIN,00-0030389,2013,156,Rounds 4-7,FALSE,0.001911764705882353,0.0026188557614826753,0.005,0.08149999999999999,8.013698630136985e-4,0.004,0.0048013698630136985,-0.6217616604546131,-3.1707480263226144,-0.4449332397639939
Kentrell Brothers,EDGE,MIN,00-0032422,2016,160,Rounds 4-7,FALSE,0.025735294117647058,0.042258282623394185,0,0.091,0.015382014874915483,0,0.015382014874915483,-0.6226935603904313,-3.8204197934098256,-0.6044285050354133
Sherrick McManis,CB,HOU,00-0027743,2010,144,Rounds 4-7,FALSE,0.008823529411764707,0.012750765045902758,0,0.08199999999999999,0.004182250935056104,0.009000000000000001,0.013182250935056105,-0.6229608467265759,-4.672744495348817,-0.6021907924538343
Stantley Thomas-Oliver,CB,CAR,00-0036315,2020,221,Rounds 4-7,FALSE,0.020281690140845073,0.02930880078156803,0.004,0.08199999999999999,0.009144345843849223,0.004,0.013144345843849223,-0.6233039760505416,-4.672744495348817,-0.6021907924538343
Chris Greenwood,CB,DET,00-0029213,2012,148,Rounds 4-7,FALSE,0.020196078431372548,0.02918508443839964,0.005,0.08199999999999999,0.008989006007027088,0.004,0.012989006007027088,-0.6247101632274248,-4.672744495348817,-0.6021907924538343
Lewis Cine,CB,MIN,00-0037245,2022,32,Late 1st,FALSE,0.0019444444444444446,0.0028098908156711628,0,0.08199999999999999,9.216441875401413e-4,0,9.216441875401413e-4,-0.6256027193119379,-1.1362659091557372,0.08046471267687343
Isaiah Wilson,OT,TEN,00-0036445,2020,29,Late 1st,FALSE,5.633802816901409e-4,7.717538105344396e-4,0.015,0.08149999999999999,2.052865136021609e-4,0,2.052865136021609e-4,-0.6258160592593182,-0.6590268496124263,0.5624288068243084
Travis Bond,IOL,MIN,00-0030408,2013,214,Rounds 4-7,FALSE,8.823529411764705e-4,0.0011811953697141507,0.005,0.051,2.1733994802740372e-4,0.004,0.004217339948027404,-0.6260805904318333,-2.4541091296547317,-0.6606857915206148
David Carter,DL,ARI,00-0028122,2011,184,Rounds 4-7,FALSE,0.018823529411764708,0.03498797288432102,0.004,0.075,0.009936584299147169,0.005,0.014936584299147168,-0.6266367278651799,-3.7779540498924526,-0.695540700768399
Dezmon Patmon,WR,IND,00-0036228,2020,212,Rounds 4-7,FALSE,0.020845070422535215,0.03257042253521127,0.004,0.079,0.009771126760563381,0.005,0.014771126760563382,-0.6274431243081967,-3.823139033302942,-0.6228278656929864
Lee Ziemba,OT,CAR,00-0028182,2011,244,Rounds 4-7,FALSE,0,0,0.004,0.08149999999999999,0,0.004,0.004,-0.6282580092912973,-3.1707480263226144,-0.4449332397639939
Rick Leonard,OT,NOR,00-0034379,2018,127,Rounds 4-7,FALSE,0,0,0.004,0.08149999999999999,0,0.004,0.004,-0.6282580092912973,-3.1707480263226144,-0.4449332397639939
K.J. Hill,WR,LAC,00-0036382,2020,220,Rounds 4-7,FALSE,0.03126760563380281,0.04885563380281689,0.004,0.079,0.014656690140845067,0,0.014656690140845067,-0.6285610400770699,-3.823139033302942,-0.6228278656929864
Luke Falk,QB,TEN,00-0034412,2018,199,Rounds 4-7,FALSE,0.03840579710144927,0.061745654503937736,0.004,0.146,0.03507153175823663,0,0.03507153175823663,-0.6286929532166212,-3.4396236727931813,-0.7312011414982981
Nate Ebner,CB,NWE,00-0029570,2012,197,Rounds 4-7,FALSE,0.02647058823529412,0.03825229513770827,0,0.08199999999999999,0.01254675280516831,0,0.01254675280516831,-0.6287135843337658,-4.672744495348817,-0.6021907924538343
Mark Asper,IOL,BUF,00-0029296,2012,178,Rounds 4-7,FALSE,0,0,0.005,0.051,0,0.004,0.004,-0.6289891963733136,-2.4541091296547317,-0.6606857915206148
William Campbell,IOL,NYJ,00-0030099,2013,178,Rounds 4-7,FALSE,0,0,0.005,0.051,0,0.004,0.004,-0.6289891963733136,-2.4541091296547317,-0.6606857915206148
Eric Herman,IOL,NYG,00-0030452,2013,225,Rounds 4-7,FALSE,0,0,0.005,0.051,0,0.004,0.004,-0.6289891963733136,-2.4541091296547317,-0.6606857915206148
Kadeem Edwards,IOL,TAM,00-0031180,2014,143,Rounds 4-7,FALSE,0,0,0.005,0.051,0,0.004,0.004,-0.6289891963733136,-2.4541091296547317,-0.6606857915206148
Jarvis Harrison,IOL,NYJ,00-0031593,2015,152,Rounds 4-7,FALSE,0,0,0.004,0.051,0,0.004,0.004,-0.6289891963733136,-2.4541091296547317,-0.6606857915206148
Javon Patterson,IOL,IND,00-0035005,2019,246,Rounds 4-7,FALSE,0,0,0.003,0.051,0,0.004,0.004,-0.6289891963733136,-2.4541091296547317,-0.6606857915206148
Chasen Hines,IOL,NWE,00-0037619,2022,210,Rounds 4-7,FALSE,0,0,0.005,0.051,0,0.004,0.004,-0.6289891963733136,-2.4541091296547317,-0.6606857915206148
Marquis Hayes,IOL,ARI,00-0037748,2022,257,Rounds 4-7,FALSE,0,0,0.004,0.051,0,0.004,0.004,-0.6289891963733136,-2.4541091296547317,-0.6606857915206148
Andre Smith,LB,CAR,00-0034430,2018,234,Rounds 4-7,FALSE,0.018695652173913047,0.027016838401608453,0.004,0.061,0.0061598391555667265,0.006999999999999999,0.013159839155566726,-0.631349693825949,-3.875277998195149,-0.8050209414767096
William Bradley-King,EDGE,WAS,00-0036664,2021,240,Rounds 4-7,FALSE,0.018055555555555557,0.029647874475460686,0.005,0.091,0.010198868819558475,0.004,0.014198868819558475,-0.6324364466687878,-3.8204197934098256,-0.6044285050354133
Austin Shepherd,OT,MIN,00-0031623,2015,228,Rounds 4-7,FALSE,0.0075,0.010273972602739725,0,0.08149999999999999,0.0033493150684931502,0,0.0033493150684931502,-0.6335328224492889,-3.1707480263226144,-0.4449332397639939
Danny Watkins,IOL,PHI,00-0027961,2011,23,Late 1st,FALSE,0.0029411764705882353,0.003937317899047169,0.016,0.051,5.512245058666036e-4,0.005,0.005551224505866603,-0.6335747360809237,-0.09175270156213973,-0.7109611026659682
Jordan Tripp,LB,MIA,00-0031313,2014,171,Rounds 4-7,FALSE,0.027058823529411767,0.039102346140768456,0.004,0.061,0.008915334920095207,0.004,0.012915334920095207,-0.6345764320199543,-3.875277998195149,-0.8050209414767096
Thomas Welch,OT,NWE,00-0027803,2010,208,Rounds 4-7,FALSE,0.007058823529411764,0.0096696212731668,0,0.08149999999999999,0.0031522965350523763,0,0.0031522965350523763,-0.6351299640184886,-3.1707480263226144,-0.4449332397639939
Dez Fitzpatrick,WR,TEN,00-0036627,2021,109,Rounds 4-7,FALSE,0.021805555555555554,0.03407118055555555,0.006,0.079,0.00994878472222222,0.004,0.01394878472222222,-0.6354764718007375,-3.823139033302942,-0.6228278656929864
Demarcus Ayers,WR,PIT,00-0032365,2016,229,Rounds 4-7,FALSE,0.022941176470588232,0.035845588235294115,0.003,0.079,0.01089705882352941,0.003,0.013897058823529412,-0.6359817750677351,-3.823139033302942,-0.6228278656929864
Tyrus Thompson,OT,MIN,00-0031604,2015,185,Rounds 4-7,FALSE,0,0,0.004,0.08149999999999999,0,0.003,0.003,-0.6363645642498947,-3.1707480263226144,-0.4449332397639939
Jake Rodgers,OT,ATL,00-0031621,2015,225,Rounds 4-7,FALSE,0,0,0,0.08149999999999999,0,0.003,0.003,-0.6363645642498947,-3.1707480263226144,-0.4449332397639939
Laurence Gibson,OT,DAL,00-0032155,2015,243,Rounds 4-7,FALSE,0,0,0,0.08149999999999999,0,0.003,0.003,-0.6363645642498947,-3.1707480263226144,-0.4449332397639939
Justin Senior,OT,SEA,00-0033583,2017,210,Rounds 4-7,FALSE,0,0,0.004,0.08149999999999999,0,0.003,0.003,-0.6363645642498947,-3.1707480263226144,-0.4449332397639939
Jylan Ware,OT,LV,00-0033972,2017,231,Rounds 4-7,FALSE,0,0,0.004,0.08149999999999999,0,0.003,0.003,-0.6363645642498947,-3.1707480263226144,-0.4449332397639939
Brad Seaton,OT,TEN,00-0033795,2017,236,Rounds 4-7,FALSE,0,0,0.004,0.08149999999999999,0,0.003,0.003,-0.6363645642498947,-3.1707480263226144,-0.4449332397639939
Thakarius Keyes,CB,KAN,00-0036385,2020,237,Rounds 4-7,FALSE,0.01704225352112676,0.024627533990067573,0.004,0.08199999999999999,0.007683790604901082,0.004,0.011683790604901082,-0.636525401347196,-4.672744495348817,-0.6021907924538343
Ken Bishop,DL,DAL,00-0031245,2014,251,Rounds 4-7,FALSE,0.026470588235294117,0.049201836868576425,0.004,0.075,0.013973321670675703,0,0.013973321670675703,-0.6366863684748064,-3.7779540498924526,-0.695540700768399
Storm Johnson,RB,JAX,00-0031243,2014,222,Rounds 4-7,FALSE,0.013676470588235295,0.032332081768877766,0.004,0.06,0.007242386316228619,0.004,0.01124238631622862,-0.638704719163313,-5.507493653254559,-0.7649141963140151
Lorenzo Doss,CB,DEN,00-0032136,2015,164,Rounds 4-7,FALSE,0.01647058823529412,0.023801428085685146,0.004,0.08199999999999999,0.007426045562733764,0.004,0.011426045562733765,-0.6388585940466056,-4.672744495348817,-0.6021907924538343
Danny Gray,WR,SFO,00-0037828,2022,105,Rounds 4-7,FALSE,0.020833333333333336,0.032552083333333336,0.006,0.079,0.009505208333333334,0.004,0.013505208333333334,-0.6398097091950204,-3.823139033302942,-0.6228278656929864
Chris Oladokun,QB,PIT,00-0037324,2022,241,Rounds 4-7,FALSE,0.03319444444444444,0.05336727402643801,0.005,0.146,0.030099142550911034,0.003,0.03309914255091104,-0.6398715732345551,-3.4396236727931813,-0.7312011414982981
Avery Williams,CB,ATL,00-0036950,2021,183,Rounds 4-7,FALSE,0.023750000000000004,0.03432080924855492,0,0.08199999999999999,0.011257225433526013,0,0.011257225433526013,-0.6403868092536521,-4.672744495348817,-0.6021907924538343
Derwin Gray,OT,PIT,00-0035220,2019,219,Rounds 4-7,FALSE,0.0054285714285714284,0.007436399217221135,0,0.08149999999999999,0.0024242661448140895,0,0.0024242661448140895,-0.6410317823884845,-3.1707480263226144,-0.4449332397639939
Joshua Perry,LB,LAC,00-0032894,2016,102,Rounds 4-7,FALSE,0.026029411764705884,0.03761475688541313,0.005,0.061,0.008425705542332542,0.004,0.012425705542332542,-0.6410381025553832,-3.875277998195149,-0.8050209414767096
John Kelly,RB,LA,00-0034808,2018,176,Rounds 4-7,FALSE,0.011304347826086957,0.026724226539212664,0.004,0.06,0.0059862267447836365,0.005,0.010986226744783636,-0.6420603043689773,-5.507493653254559,-0.7649141963140151
Austen Lane,EDGE,JAX,00-0027752,2010,153,Rounds 4-7,FALSE,0.02176470588235294,0.03573843330435622,0,0.091,0.013008789722785664,0,0.013008789722785664,-0.6422364246593396,-3.8204197934098256,-0.6044285050354133
Andrew Jackson,IOL,ATL,00-0028148,2011,210,Rounds 4-7,FALSE,0,0,0.004,0.051,0,0.003,0.003,-0.6423719452323202,-2.4541091296547317,-0.6606857915206148
Philip Blake,IOL,DEN,00-0029609,2012,108,Rounds 4-7,FALSE,0,0,0.005,0.051,0,0.003,0.003,-0.6423719452323202,-2.4541091296547317,-0.6606857915206148
David Quessenberry,IOL,HOU,00-0030097,2013,176,Rounds 4-7,FALSE,0,0,0,0.051,0,0.003,0.003,-0.6423719452323202,-2.4541091296547317,-0.6606857915206148
Robert Myers,IOL,BAL,00-0031601,2015,176,Rounds 4-7,FALSE,0,0,0.004,0.051,0,0.003,0.003,-0.6423719452323202,-2.4541091296547317,-0.6606857915206148
Nico Siragusa,IOL,BAL,00-0033287,2017,122,Rounds 4-7,FALSE,0,0,0.005,0.051,0,0.003,0.003,-0.6423719452323202,-2.4541091296547317,-0.6606857915206148
Jordan Morgan,IOL,CHI,00-0033565,2017,147,Rounds 4-7,FALSE,0,0,0.004,0.051,0,0.003,0.003,-0.6423719452323202,-2.4541091296547317,-0.6606857915206148
Isaac Asiata,IOL,MIA,00-0033465,2017,164,Rounds 4-7,FALSE,0,0,0.004,0.051,0,0.003,0.003,-0.6423719452323202,-2.4541091296547317,-0.6606857915206148
Kofi Amichia,IOL,GNB,00-0033301,2017,212,Rounds 4-7,FALSE,0,0,0.004,0.051,0,0.003,0.003,-0.6423719452323202,-2.4541091296547317,-0.6606857915206148
William Sherman,IOL,NWE,00-0036535,2021,197,Rounds 4-7,FALSE,0,0,0.005,0.051,0,0.003,0.003,-0.6423719452323202,-2.4541091296547317,-0.6606857915206148
Michal Menet,IOL,ARI,00-0036890,2021,247,Rounds 4-7,FALSE,0,0,0.005,0.051,0,0.003,0.003,-0.6423719452323202,-2.4541091296547317,-0.6606857915206148
Justin Shaffer,IOL,ATL,00-0037290,2022,190,Rounds 4-7,FALSE,0,0,0.005,0.051,0,0.003,0.003,-0.6423719452323202,-2.4541091296547317,-0.6606857915206148
Zack Sanchez,CB,CAR,00-0032973,2016,141,Rounds 4-7,FALSE,0.01779411764705882,0.025714042842570554,0.004,0.08199999999999999,0.008022781366882012,0.003,0.011022781366882013,-0.6425090738765293,-4.672744495348817,-0.6021907924538343
David Ausberry,WR,LV,00-0028179,2011,241,Rounds 4-7,FALSE,0.017058823529411765,0.02665441176470588,0.004,0.079,0.007996323529411764,0.005,0.012996323529411765,-0.6447809356105177,-3.823139033302942,-0.6228278656929864
Drew Forbes,OT,CLE,00-0034991,2019,189,Rounds 4-7,FALSE,0.004142857142857143,0.005675146771037182,0,0.08149999999999999,0.001850097847358121,0,0.001850097847358121,-0.6456863092472955,-3.1707480263226144,-0.4449332397639939
Cam Brown,LB,NYG,00-0036400,2020,183,Rounds 4-7,FALSE,0.021408450704225354,0.03093706749165514,0.004,0.061,0.007053651388097371,0.005,0.012053651388097372,-0.6459481252688704,-3.875277998195149,-0.8050209414767096
Dazz Newsome,WR,CHI,00-0036907,2021,221,Rounds 4-7,FALSE,0.01916666666666667,0.029947916666666668,0.005,0.079,0.008864583333333334,0.004,0.012864583333333334,-0.6460678876626935,-3.823139033302942,-0.6228278656929864
Daurice Fountain,WR,IND,00-0034395,2018,159,Rounds 4-7,FALSE,0.016666666666666666,0.026041666666666664,0.004,0.079,0.007812499999999999,0.005,0.0128125,-0.6465766826600653,-3.823139033302942,-0.6228278656929864
Quinton Bell,EDGE,LV,00-0035000,2019,230,Rounds 4-7,FALSE,0.012857142857142857,0.0211118930330753,0.003,0.091,0.007431386347642505,0.005,0.012431386347642504,-0.6469911845601038,-3.8204197934098256,-0.6044285050354133
Jonathan Meeks,CB,BUF,00-0030084,2013,143,Rounds 4-7,FALSE,0.02220588235294118,0.03208942536552194,0,0.08199999999999999,0.010525331519891193,0,0.010525331519891193,-0.647012153127101,-4.672744495348817,-0.6021907924538343
J'Mon Moore,WR,GNB,00-0034268,2018,133,Rounds 4-7,FALSE,0.01652173913043478,0.025815217391304345,0.004,0.079,0.007744565217391303,0.005,0.012744565217391302,-0.6472403283088112,-3.823139033302942,-0.6228278656929864
Jalen Camp,WR,JAX,00-0036858,2021,209,Rounds 4-7,FALSE,0.01888888888888889,0.029513888888888888,0.005,0.079,0.008736111111111111,0.004,0.012736111111111111,-0.6473229153228772,-3.823139033302942,-0.6228278656929864
Brendan Langley,CB,DEN,00-0033552,2017,101,Rounds 4-7,FALSE,0.023529411764705882,0.034002040122407345,0.005,0.08199999999999999,0.01047262835770146,0,0.01047262835770146,-0.6474892394455143,-4.672744495348817,-0.6021907924538343
Jehu Chesson,WR,KAN,00-0033464,2017,139,Rounds 4-7,FALSE,0.020147058823529414,0.031479779411764705,0.004,0.079,0.009443933823529411,0.003,0.012443933823529412,-0.6501771554944079,-3.823139033302942,-0.6228278656929864
Darius Fleming,LB,SFO,00-0029292,2012,165,Rounds 4-7,FALSE,0.023725490196078437,0.034285390456760746,0.005,0.061,0.007679927462314408,0.004,0.011679927462314409,-0.650880184065365,-3.875277998195149,-0.8050209414767096
Kiero Small,RB,SEA,00-0031091,2014,227,Rounds 4-7,FALSE,0.01941176470588235,0.0458906967042136,0.004,0.06,0.010279516061743845,0,0.010279516061743845,-0.6513179241382335,-5.507493653254559,-0.7649141963140151
Vick Ballard,RB,IND,00-0029547,2012,170,Rounds 4-7,FALSE,0.01392156862745098,0.032911509757567334,0.005,0.06,0.007240532146664813,0.003,0.010240532146664812,-0.6518285974187992,-5.507493653254559,-0.7649141963140151
Jason Huntley,RB,DET,00-0036278,2020,172,Rounds 4-7,FALSE,0.011971830985915493,0.02830220091232977,0.005,0.06,0.00622648420071255,0.004,0.01022648420071255,-0.6520126197426244,-5.507493653254559,-0.7649141963140151
Montrell Washington,WR,DEN,00-0037272,2022,162,Rounds 4-7,FALSE,0.01763888888888889,0.02756076388888889,0.005,0.079,0.00815798611111111,0.004,0.01215798611111111,-0.652970539793704,-3.823139033302942,-0.6228278656929864
Josh Ball,IOL,DAL,00-0036886,2021,138,Rounds 4-7,FALSE,0.007916666666666667,0.010597947344935297,0,0.051,0.0021619812583668005,0,0.0021619812583668005,-0.6535869395907382,-2.4541091296547317,-0.6606857915206148
Luke Tenuta,IOL,BUF,00-0037305,2022,209,Rounds 4-7,FALSE,0.007916666666666667,0.010597947344935297,0,0.051,0.0021619812583668005,0,0.0021619812583668005,-0.6535869395907382,-2.4541091296547317,-0.6606857915206148
Dion Lewis,RB,PHI,00-0028087,2011,149,Rounds 4-7,FALSE,0,0,0.005,0.06,0,0.01,0.01,-0.6549794697765338,-5.507493653254559,-0.7649141963140151
Trestan Ebner,RB,CHI,00-0037087,2022,203,Rounds 4-7,FALSE,0.019166666666666672,0.04531126871552405,0.005,0.06,0.009968479117415292,0,0.009968479117415292,-0.6553923803957783,-5.507493653254559,-0.7649141963140151
Ukeme Eligwe,LB,KAN,00-0033468,2017,183,Rounds 4-7,FALSE,0.02205882352941177,0.03187691261475689,0.004,0.061,0.00726793607616457,0.004,0.01126793607616457,-0.6563172610089492,-3.875277998195149,-0.8050209414767096
Frank Darby,WR,ATL,00-0036951,2021,187,Rounds 4-7,FALSE,0.016666666666666666,0.026041666666666664,0.005,0.079,0.007708333333333333,0.004,0.011708333333333333,-0.6573631366043471,-3.823139033302942,-0.6228278656929864
David King,EDGE,PHI,00-0030121,2013,239,Rounds 4-7,FALSE,0.019411764705882354,0.031874818893074475,0.004,0.091,0.011092436974789916,0,0.011092436974789916,-0.6580170688227558,-3.8204197934098256,-0.6044285050354133
Jahvid Best,RB,DET,00-0027880,2010,30,Late 1st,FALSE,0,0,0,0.06,0,0,0,-0.6590141737847004,-1.9934443824983996,-0.6590141737847004
Korey Toomer,LB,SEA,00-0029289,2012,154,Rounds 4-7,FALSE,1.96078431372549e-4,2.8335033435339456e-4,0.005,0.061,6.347047489516039e-5,0.011000000000000001,0.011063470474895162,-0.659015606760318,-3.875277998195149,-0.8050209414767096
Tayo Fabuluje,OT,CHI,00-0031603,2015,183,Rounds 4-7,FALSE,4.4117647058823526e-4,6.04351329572925e-4,0.004,0.08149999999999999,1.8734891216760672e-4,0,1.8734891216760672e-4,-0.6591654748727668,-3.1707480263226144,-0.4449332397639939
Brandon Washington,IOL,PHI,00-0029426,2012,200,Rounds 4-7,FALSE,0.006274509803921568,0.008399611517967294,0,0.051,0.0017135207496653277,0,0.0017135207496653277,-0.6595885739518723,-2.4541091296547317,-0.6606857915206148
Larnel Coleman,OT,MIA,00-0036575,2021,231,Rounds 4-7,FALSE,2.777777777777778e-4,3.8051750380517507e-4,0.005,0.08149999999999999,1.1643835616438355e-4,0,1.1643835616438355e-4,-0.6597403151921516,-3.1707480263226144,-0.4449332397639939
Chapelle Russell,LB,TAM,00-0036434,2020,241,Rounds 4-7,FALSE,0.021267605633802814,0.030733534152894242,0.004,0.061,0.007007245786859887,0.004,0.011007245786859887,-0.6597576076012425,-3.875277998195149,-0.8050209414767096
Reid Fragel,IOL,CIN,00-0030122,2013,240,Rounds 4-7,FALSE,0.006176470588235294,0.008268367587999054,0,0.051,0.001686746987951807,0,0.001686746987951807,-0.6599468804808953,-2.4541091296547317,-0.6606857915206148
T.J. Yates,QB,HOU,00-0028090,2011,152,Rounds 4-7,FALSE,0.027058823529411767,0.04350293171931152,0.005,0.146,0.024535653489691694,0.005,0.029535653489691695,-0.6600678357194061,-3.4396236727931813,-0.7312011414982981
Justin Lawler,EDGE,LA,00-0034813,2018,244,Rounds 4-7,FALSE,0.011884057971014493,0.019514052497560743,0.004,0.091,0.006790890269151138,0.004,0.010790890269151138,-0.6605002240066397,-3.8204197934098256,-0.6044285050354133
Chris Williamson,CB,NYG,00-0036405,2020,247,Rounds 4-7,FALSE,0.011126760563380283,0.016079133762110235,0.004,0.08199999999999999,0.005016689733778393,0.004,0.009016689733778394,-0.6606688736280434,-4.672744495348817,-0.6021907924538343
Bruce Campbell,OT,LV,00-0027707,2010,106,Rounds 4-7,FALSE,0,0,0,0.08149999999999999,0,0,0,-0.6606842291256869,-3.1707480263226144,-0.4449332397639939
Ed Wang,OT,BUF,00-0027740,2010,140,Rounds 4-7,FALSE,0,0,0,0.08149999999999999,0,0,0,-0.6606842291256869,-3.1707480263226144,-0.4449332397639939
Otis Hudson,OT,CIN,00-0027751,2010,152,Rounds 4-7,FALSE,0,0,0,0.08149999999999999,0,0,0,-0.6606842291256869,-3.1707480263226144,-0.4449332397639939
Ramon Harewood,OT,BAL,00-0027792,2010,194,Rounds 4-7,FALSE,0,0,0,0.08149999999999999,0,0,0,-0.6606842291256869,-3.1707480263226144,-0.4449332397639939
Kyle Calloway,OT,BUF,NA,2010,216,Rounds 4-7,FALSE,0,0,0,0.08149999999999999,0,0,0,-0.6606842291256869,-3.1707480263226144,-0.4449332397639939
Selvish Capers,OT,WAS,00-0027823,2010,231,Rounds 4-7,FALSE,0,0,0,0.08149999999999999,0,0,0,-0.6606842291256869,-3.1707480263226144,-0.4449332397639939
Fahn Cooper,OT,SFO,00-0032427,2016,174,Rounds 4-7,FALSE,0,0,0.003,0.08149999999999999,0,0,0,-0.6606842291256869,-3.1707480263226144,-0.4449332397639939
George Asafo-Adjei,OT,NYG,00-0035001,2019,232,Rounds 4-7,FALSE,0,0,0.003,0.08149999999999999,0,0,0,-0.6606842291256869,-3.1707480263226144,-0.4449332397639939
Cameron Clark,OT,NYJ,00-0036263,2020,129,Rounds 4-7,FALSE,0,0,0,0.08149999999999999,0,0,0,-0.6606842291256869,-3.1707480263226144,-0.4449332397639939
Simon Stepaniak,OT,GNB,00-0036242,2020,209,Rounds 4-7,FALSE,0,0,0,0.08149999999999999,0,0,0,-0.6606842291256869,-3.1707480263226144,-0.4449332397639939
Jeremy Ebert,WR,NWE,00-0029552,2012,235,Rounds 4-7,FALSE,0.01568627450980392,0.024509803921568627,0.004,0.079,0.007352941176470588,0.004,0.011352941176470588,-0.6608349142334722,-3.823139033302942,-0.6228278656929864
Clay Johnston,LB,LA,00-0036432,2020,234,Rounds 4-7,FALSE,0.020845070422535215,0.030122934136611584,0.004,0.061,0.00686802898314744,0.004,0.01086802898314744,-0.661594860755242,-3.875277998195149,-0.8050209414767096
Jermar Jefferson,RB,DET,00-0036670,2021,257,Rounds 4-7,FALSE,0.010416666666666664,0.024625689519306534,0.005,0.06,0.005417651694247437,0.004,0.009417651694247436,-0.6626079934670753,-5.507493653254559,-0.7649141963140151
Jeremy Harris,CB,JAX,00-0030435,2013,208,Rounds 4-7,FALSE,0.010735294117647058,0.015513430805848352,0.005,0.08199999999999999,0.004778136688201292,0.004,0.008778136688201292,-0.6628283340765633,-4.672744495348817,-0.6021907924538343
Shelton Gibson,WR,PHI,00-0033573,2017,166,Rounds 4-7,FALSE,0.017352941176470592,0.0271139705882353,0.004,0.079,0.008134191176470589,0.003,0.01113419117647059,-0.6629718532224338,-3.823139033302942,-0.6228278656929864
Jonathan Marshall,DL,NYJ,00-0036505,2021,207,Rounds 4-7,FALSE,0.014305555555555556,0.026590251961999174,0.005,0.075,0.007445270549359768,0.004,0.011445270549359768,-0.6630613200830751,-3.7779540498924526,-0.695540700768399
D.J. Alexander,EDGE,KAN,00-0031950,2015,172,Rounds 4-7,FALSE,0.017499999999999998,0.028735632183908042,0,0.091,0.010459770114942528,0,0.010459770114942528,-0.6632269085037222,-3.8204197934098256,-0.6044285050354133
Bradlee Anae,EDGE,DAL,00-0036379,2020,179,Rounds 4-7,FALSE,0.011267605633802818,0.018501815490645022,0.004,0.091,0.0064386317907444675,0.004,0.010438631790744467,-0.6634009768597331,-3.8204197934098256,-0.6044285050354133
Deiondre' Hall,CB,CHI,00-0032776,2016,127,Rounds 4-7,FALSE,0.01823529411764706,0.026351581094865698,0,0.08199999999999999,0.008643318599115948,0,0.008643318599115948,-0.6640487516588269,-4.672744495348817,-0.6021907924538343
Peter Kalambayi,LB,HOU,00-0034421,2018,214,Rounds 4-7,FALSE,0.029130434782608693,0.042096004021110835,0.004,0.061,0.00959788891681327,0.001,0.010597888916813271,-0.6651599166655848,-3.875277998195149,-0.8050209414767096
Brandon Burton,CB,MIN,00-0028077,2011,139,Rounds 4-7,FALSE,0.007647058823529412,0.011050663039782388,0.005,0.08199999999999999,0.003403604216252975,0.005,0.008403604216252976,-0.6662187249135455,-4.672744495348817,-0.6021907924538343
Tay Gowan,CB,ARI,00-0036897,2021,223,Rounds 4-7,FALSE,0.00986111111111111,0.014250160565189468,0.005,0.08199999999999999,0.0043890494540783555,0.004,0.008389049454078356,-0.6663504793968205,-4.672744495348817,-0.6021907924538343
Kerrith Whyte Jr,RB,CHI,00-0035596,2019,222,Rounds 4-7,FALSE,0.009428571428571427,0.02228976697061803,0.003,0.06,0.0050820668693009104,0.004,0.00908206686930091,-0.6670040168812459,-5.507493653254559,-0.7649141963140151
Ulysees Gilbert,LB,PIT,00-0035223,2019,207,Rounds 4-7,FALSE,0.016428571428571428,0.023740710156895127,0.004,0.061,0.005412881915772089,0.005,0.010412881915772089,-0.6676014660124366,-3.875277998195149,-0.8050209414767096
Matt Waletzko,IOL,DAL,00-0037266,2022,155,Rounds 4-7,FALSE,0.0040277777777777786,0.005391938122861819,0,0.051,0.0010999553770638108,0,0.0010999553770638108,-0.6677997652419813,-2.4541091296547317,-0.6606857915206148
Nate Sudfeld,QB,WAS,00-0032792,2016,187,Rounds 4-7,FALSE,0.012941176470588237,0.020805749952714208,0.004,0.146,0.01181766597314167,0.016,0.02781766597314167,-0.6698046207168797,-3.4396236727931813,-0.7312011414982981
Cullen Gillaspia,RB,HOU,00-0035304,2019,220,Rounds 4-7,FALSE,0.007142857142857144,0.01688618709895306,0.003,0.06,0.0038500506585612978,0.005,0.008850050658561297,-0.6700433339750417,-5.507493653254559,-0.7649141963140151
Pita Taumoepenu,EDGE,SFO,00-0033298,2017,202,Rounds 4-7,FALSE,0.008088235294117648,0.013281174538781032,0.004,0.091,0.004621848739495798,0.005,0.009621848739495798,-0.6701269633483612,-3.8204197934098256,-0.6044285050354133
Kapron Lewis-Moore,EDGE,BAL,00-0029894,2013,200,Rounds 4-7,FALSE,0.01088235294117647,0.01786921665217811,0,0.091,0.006504394861392832,0.003,0.009504394861392831,-0.6710941641196674,-3.8204197934098256,-0.6044285050354133
Joshua Holsey,CB,WAS,00-0033533,2017,235,Rounds 4-7,FALSE,0.010294117647058825,0.014875892553553217,0.004,0.08199999999999999,0.004641278476708603,0.003,0.007641278476708603,-0.673119547661175,-4.672744495348817,-0.6021907924538343
Richard LeCounte,CB,CLE,00-0036641,2021,169,Rounds 4-7,FALSE,0.01611111111111111,0.02328195247270392,0,0.08199999999999999,0.007636480411046884,0,0.007636480411046884,-0.6731629813260055,-4.672744495348817,-0.6021907924538343
Jake Funk,RB,LA,00-0036860,2021,233,Rounds 4-7,FALSE,0.00875,0.020685579196217496,0.005,0.06,0.004550827423167849,0.004,0.008550827423167848,-0.6739630354962982,-5.507493653254559,-0.7649141963140151
Juron Criner,WR,LV,00-0029702,2012,168,Rounds 4-7,FALSE,0.012941176470588235,0.02022058823529412,0.005,0.079,0.005985294117647059,0.004,0.00998529411764706,-0.6741952722821054,-3.823139033302942,-0.6228278656929864
Vinston Painter,IOL,DEN,00-0030096,2013,173,Rounds 4-7,FALSE,0.0022058823529411764,0.002952988424285377,0,0.051,6.024096385542168e-4,0,6.024096385542168e-4,-0.6744582949063243,-2.4541091296547317,-0.6606857915206148
Joel Iyiegbuniwe,LB,CHI,00-0034372,2018,115,Rounds 4-7,FALSE,0.01173913043478261,0.01696406132194019,0.004,0.061,0.003867805981402363,0.006,0.009867805981402362,-0.6747948683380532,-3.875277998195149,-0.8050209414767096
Brian Allen,CB,PIT,00-0033467,2017,173,Rounds 4-7,FALSE,0.005294117647058823,0.007650459027541653,0.004,0.08199999999999999,0.002386943216592995,0.005,0.007386943216592995,-0.67542187389455,-4.672744495348817,-0.6021907924538343
Simeon Thomas,CB,CLE,00-0034276,2018,188,Rounds 4-7,FALSE,0.016376811594202897,0.02366591270838569,0.004,0.08199999999999999,0.007383764765016334,0,0.007383764765016334,-0.6754506462812145,-4.672744495348817,-0.6021907924538343
Snoop Conner,RB,JAX,00-0037265,2022,154,Rounds 4-7,FALSE,0.008333333333333335,0.019700551615445237,0.005,0.06,0.004334121355397952,0.004,0.008334121355397952,-0.6768017960036038,-5.507493653254559,-0.7649141963140151
Jalil Brown,CB,KAN,00-0028056,2011,118,Rounds 4-7,FALSE,0.005,0.007225433526011561,0.005,0.08199999999999999,0.0022254335260115604,0.005,0.0072254335260115606,-0.6768839126122682,-4.672744495348817,-0.6021907924538343
Jordan Miller,CB,ATL,00-0035285,2019,172,Rounds 4-7,FALSE,0.004857142857142857,0.007018992568125516,0.004,0.08199999999999999,0.0021899256812551605,0.005,0.007189925681255161,-0.6772053412747199,-4.672744495348817,-0.6021907924538343
Erik Ezukanma,WR,MIA,00-0038092,2022,125,Rounds 4-7,FALSE,0.012083333333333333,0.018880208333333332,0.005,0.079,0.005588541666666666,0.004,0.009588541666666665,-0.6780710929973789,-3.823139033302942,-0.6228278656929864
Daniel Hardy,LB,LA,00-0037843,2022,235,Rounds 4-7,FALSE,0.027222222222222224,0.03933847141939628,0,0.061,0.009598587026332692,0,0.009598587026332692,-0.6783477682835215,-3.875277998195149,-0.8050209414767096
Jordan Brailford,EDGE,WAS,00-0035319,2019,253,Rounds 4-7,FALSE,0.008,0.013136288998357965,0.004,0.091,0.004571428571428572,0.004,0.008571428571428572,-0.6787768880095079,-3.8204197934098256,-0.6044285050354133
Jake Fromm,QB,BUF,00-0036197,2020,167,Rounds 4-7,FALSE,0.024507042253521127,0.03940038947511435,0.005,0.146,0.02222181966396449,0.004,0.02622181966396449,-0.6788491639698326,-3.4396236727931813,-0.7312011414982981
Andrew Stueber,IOL,NWE,00-0037620,2022,245,Rounds 4-7,FALSE,9.722222222222221e-4,0.0013015023055183697,0,0.051,2.655064703257474e-4,0,2.655064703257474e-4,-0.6789669853965294,-2.4541091296547317,-0.6606857915206148
Caleb Schlauderaff,IOL,GNB,00-0028117,2011,179,Rounds 4-7,FALSE,8.823529411764705e-4,0.0011811953697141507,0.004,0.051,2.2206472950626034e-4,0,2.2206472950626034e-4,-0.6795483553039147,-2.4541091296547317,-0.6606857915206148
Jeff Baca,IOL,MIN,00-0030406,2013,196,Rounds 4-7,FALSE,8.823529411764705e-4,0.0011811953697141507,0.005,0.051,2.1733994802740372e-4,0,2.1733994802740372e-4,-0.67961158586786,-2.4541091296547317,-0.6606857915206148
Hamsah Nasirildeen,CB,NYJ,00-0036503,2021,186,Rounds 4-7,FALSE,0.014583333333333337,0.021074181117533727,0,0.08199999999999999,0.006912331406551062,0,0.006912331406551062,-0.6797182157404761,-4.672744495348817,-0.6021907924538343
Charles Tapper,EDGE,DAL,00-0033075,2016,101,Rounds 4-7,FALSE,0.007794117647058824,0.012798222737370812,0.005,0.091,0.0044025886216555584,0.004,0.00840258862165556,-0.6801672391182605,-3.8204197934098256,-0.6044285050354133
Sebastian Tretola,IOL,TEN,00-0032941,2016,193,Rounds 4-7,FALSE,5.882352941176471e-4,7.874635798094339e-4,0.004,0.051,1.4804315300417359e-4,0,1.4804315300417359e-4,-0.68053896747239,-2.4541091296547317,-0.6606857915206148
Neiron Ball,EDGE,LV,00-0032205,2015,161,Rounds 4-7,FALSE,0.013970588235294117,0.022940210566985413,0,0.091,0.00835023664638269,0,0.00835023664638269,-0.6805983434094184,-3.8204197934098256,-0.6044285050354133
Derrick Jones,CB,NYJ,00-0033299,2017,204,Rounds 4-7,FALSE,0.00823529411764706,0.011900714042842573,0.004,0.08199999999999999,0.003713022781366882,0.003,0.006713022781366882,-0.6815224228177443,-4.672744495348817,-0.6021907924538343
Terry Godwin,WR,CAR,00-0035313,2019,237,Rounds 4-7,FALSE,0.011142857142857144,0.017410714285714286,0.004,0.079,0.005223214285714286,0.004,0.009223214285714286,-0.6816399264789439,-3.823139033302942,-0.6228278656929864
Mitch Petrus,IOL,NYG,00-0027746,2010,147,Rounds 4-7,FALSE,0,0,0,0.051,0,0,0,-0.6825201918093403,-2.4541091296547317,-0.6606857915206148
Matt Tennant,IOL,NOR,00-0027757,2010,158,Rounds 4-7,FALSE,0,0,0,0.051,0,0,0,-0.6825201918093403,-2.4541091296547317,-0.6606857915206148
Chris DeGeare,IOL,MIN,00-0027760,2010,161,Rounds 4-7,FALSE,0,0,0,0.051,0,0,0,-0.6825201918093403,-2.4541091296547317,-0.6606857915206148
Eric Olsen,IOL,DEN,00-0027781,2010,183,Rounds 4-7,FALSE,0,0,0,0.051,0,0,0,-0.6825201918093403,-2.4541091296547317,-0.6606857915206148
Reggie Stephens,IOL,CIN,00-0027820,2010,228,Rounds 4-7,FALSE,0,0,0,0.051,0,0,0,-0.6825201918093403,-2.4541091296547317,-0.6606857915206148
Erik Cook,IOL,WAS,00-0027821,2010,229,Rounds 4-7,FALSE,0,0,0,0.051,0,0,0,-0.6825201918093403,-2.4541091296547317,-0.6606857915206148
Demarcus Love,IOL,MIN,00-0028106,2011,168,Rounds 4-7,FALSE,0,0,0,0.051,0,0,0,-0.6825201918093403,-2.4541091296547317,-0.6606857915206148
Keith Williams,IOL,PIT,00-0028134,2011,196,Rounds 4-7,FALSE,0,0,0.004,0.051,0,0,0,-0.6825201918093403,-2.4541091296547317,-0.6606857915206148
Zachary Williams,IOL,CAR,NA,2011,203,Rounds 4-7,FALSE,0,0,0,0.051,0,0,0,-0.6825201918093403,-2.4541091296547317,-0.6606857915206148
Johnny Culbreath,IOL,DET,00-0028147,2011,209,Rounds 4-7,FALSE,0,0,0,0.051,0,0,0,-0.6825201918093403,-2.4541091296547317,-0.6606857915206148
Maurice Hurt,IOL,WAS,00-0028155,2011,217,Rounds 4-7,FALSE,0,0,0.004,0.051,0,0,0,-0.6825201918093403,-2.4541091296547317,-0.6606857915206148
Bill Nagy,IOL,DAL,00-0028190,2011,252,Rounds 4-7,FALSE,0,0,0.004,0.051,0,0,0,-0.6825201918093403,-2.4541091296547317,-0.6606857915206148
Zebrie Sanders,IOL,BUF,00-0029286,2012,144,Rounds 4-7,FALSE,0,0,0,0.051,0,0,0,-0.6825201918093403,-2.4541091296547317,-0.6606857915206148
Ryan Miller,IOL,CLE,00-0029290,2012,160,Rounds 4-7,FALSE,0,0,0,0.051,0,0,0,-0.6825201918093403,-2.4541091296547317,-0.6606857915206148
Nick Mondek,IOL,HOU,00-0029425,2012,195,Rounds 4-7,FALSE,0,0,0,0.051,0,0,0,-0.6825201918093403,-2.4541091296547317,-0.6606857915206148
Jason Slowey,IOL,SFO,00-0029301,2012,199,Rounds 4-7,FALSE,0,0,0,0.051,0,0,0,-0.6825201918093403,-2.4541091296547317,-0.6606857915206148
Robert Griffin,IOL,NYJ,00-0029532,2012,203,Rounds 4-7,FALSE,0,0,0,0.051,0,0,0,-0.6825201918093403,-2.4541091296547317,-0.6606857915206148
Justin Anderson,IOL,IND,00-0029549,2012,208,Rounds 4-7,FALSE,0,0,0.004,0.051,0,0,0,-0.6825201918093403,-2.4541091296547317,-0.6606857915206148
Marcel Jones,IOL,NOR,00-0029659,2012,234,Rounds 4-7,FALSE,0,0,0,0.051,0,0,0,-0.6825201918093403,-2.4541091296547317,-0.6606857915206148
Andrew Datko,IOL,GNB,00-0029313,2012,241,Rounds 4-7,FALSE,0,0,0,0.051,0,0,0,-0.6825201918093403,-2.4541091296547317,-0.6606857915206148
Edmund Kugbila,IOL,CAR,00-0030461,2013,108,Rounds 4-7,FALSE,0,0,0.005,0.051,0,0,0,-0.6825201918093403,-2.4541091296547317,-0.6606857915206148
Carter Bykowski,IOL,SFO,00-0030125,2013,246,Rounds 4-7,FALSE,0,0,0,0.051,0,0,0,-0.6825201918093403,-2.4541091296547317,-0.6606857915206148
Garrett Scott,IOL,SEA,SCO310222,2014,199,Rounds 4-7,FALSE,0,0,0,0.051,0,0,0,-0.6825201918093403,-2.4541091296547317,-0.6606857915206148
Tavon Rooks,IOL,NOR,00-0031082,2014,202,Rounds 4-7,FALSE,0,0,0,0.051,0,0,0,-0.6825201918093403,-2.4541091296547317,-0.6606857915206148
Mitchell Van Dyk,IOL,LA,00-0031396,2014,226,Rounds 4-7,FALSE,0,0,0,0.051,0,0,0,-0.6825201918093403,-2.4541091296547317,-0.6606857915206148
Terry Poole,IOL,SEA,00-0031579,2015,130,Rounds 4-7,FALSE,0,0,0,0.051,0,0,0,-0.6825201918093403,-2.4541091296547317,-0.6606857915206148
Anthony Morris,IOL,LV,00-0032119,2015,218,Rounds 4-7,FALSE,0,0,0,0.051,0,0,0,-0.6825201918093403,-2.4541091296547317,-0.6606857915206148
Donavon Clark,IOL,LAC,00-0032898,2016,224,Rounds 4-7,FALSE,0,0,0.004,0.051,0,0,0,-0.6825201918093403,-2.4541091296547317,-0.6606857915206148
Dorian Johnson,IOL,ARI,00-0033942,2017,115,Rounds 4-7,FALSE,0,0,0.005,0.051,0,0,0,-0.6825201918093403,-2.4541091296547317,-0.6606857915206148
JJ Dielman,IOL,CIN,00-0033959,2017,176,Rounds 4-7,FALSE,0,0,0.004,0.051,0,0,0,-0.6825201918093403,-2.4541091296547317,-0.6606857915206148
Cole Madison,IOL,GNB,00-0034269,2018,138,Rounds 4-7,FALSE,0,0,0.004,0.051,0,0,0,-0.6825201918093403,-2.4541091296547317,-0.6606857915206148
Rod Taylor,IOL,CIN,00-0034441,2018,252,Rounds 4-7,FALSE,0,0,0.004,0.051,0,0,0,-0.6825201918093403,-2.4541091296547317,-0.6606857915206148
Dustin Woodard,IOL,NWE,NA,2020,230,Rounds 4-7,FALSE,0,0,0.004,0.051,0,0,0,-0.6825201918093403,-2.4541091296547317,-0.6606857915206148
Dawson Deaton,IOL,CLE,00-0037326,2022,246,Rounds 4-7,FALSE,0,0,0.004,0.051,0,0,0,-0.6825201918093403,-2.4541091296547317,-0.6606857915206148
DeJon Gomes,CB,WAS,00-0028084,2011,146,Rounds 4-7,FALSE,0.013529411764705882,0.019551173070384224,0,0.08199999999999999,0.006412784767086024,0,0.006412784767086024,-0.6842402758445761,-4.672744495348817,-0.6021907924538343
Tariq Castro-Fields,CB,SFO,00-0037833,2022,221,Rounds 4-7,FALSE,0.005416666666666667,0.007827552986512524,0.005,0.08199999999999999,0.002410886319845857,0.004,0.0064108863198458575,-0.6842574612119598,-4.672744495348817,-0.6021907924538343
Dadi Nicolas,EDGE,KAN,00-0032796,2016,203,Rounds 4-7,FALSE,0.006617647058823529,0.010866415531729933,0.004,0.091,0.0037815126050420164,0.004,0.0077815126050420165,-0.6852816313546903,-3.8204197934098256,-0.6044285050354133
Ty Powell,EDGE,SEA,00-0030118,2013,231,Rounds 4-7,FALSE,0.012941176470588234,0.021249879262049645,0,0.091,0.007734956051386071,0,0.007734956051386071,-0.6856650119235798,-3.8204197934098256,-0.6044285050354133
Jalen Myrick,CB,JAX,00-0033587,2017,222,Rounds 4-7,FALSE,0.0072058823529411765,0.01041312478748725,0.004,0.08199999999999999,0.0032488949336960215,0.003,0.006248894933696021,-0.6857238603960292,-4.672744495348817,-0.6021907924538343
Kalan Reed,CB,TEN,00-0032810,2016,253,Rounds 4-7,FALSE,0.0045588235294117645,0.0065878952737164235,0.003,0.08199999999999999,0.0020817749064943893,0.004,0.00608177490649439,-0.6872366857218364,-4.672744495348817,-0.6021907924538343
Jason Strowbridge,EDGE,MIA,00-0036160,2020,154,Rounds 4-7,FALSE,0.012253521126760564,0.02012072434607646,0,0.091,0.007323943661971831,0,0.007323943661971831,-0.6890495872690557,-3.8204197934098256,-0.6044285050354133
Jordan Pugh,CB,CAR,00-0027799,2010,202,Rounds 4-7,FALSE,0.012352941176470587,0.017851071064263854,0,0.08199999999999999,0.005855151309078543,0,0.005855151309078543,-0.6892881568910134,-4.672744495348817,-0.6021907924538343
Evan Royster,RB,WAS,00-0028115,2011,177,Rounds 4-7,FALSE,0.004411764705882353,0.010429703796412181,0.004,0.06,0.0023362536503963283,0.005,0.007336253650396328,-0.6898734532101856,-5.507493653254559,-0.7649141963140151
Seth Williams,WR,DEN,00-0036657,2021,219,Rounds 4-7,FALSE,0.011527777777777777,0.018012152777777776,0.005,0.079,0.005331597222222221,0.003,0.008331597222222221,-0.6903500122672845,-3.823139033302942,-0.6228278656929864
Matt Hazel,WR,MIA,00-0031315,2014,190,Rounds 4-7,FALSE,0.00911764705882353,0.014246323529411766,0.004,0.079,0.00427389705882353,0.004,0.00827389705882353,-0.6909136773133925,-3.823139033302942,-0.6228278656929864
Dominique Franks,CB,ATL,00-0027735,2010,135,Rounds 4-7,FALSE,0.011764705882352941,0.017001020061203673,0,0.08199999999999999,0.005576334580074804,0,0.005576334580074804,-0.6918120974142321,-4.672744495348817,-0.6021907924538343
DeAndre Smelter,WR,SFO,00-0032064,2015,132,Rounds 4-7,FALSE,0.011176470588235295,0.017463235294117647,0.005,0.079,0.005169117647058823,0.003,0.008169117647058823,-0.6919372531316346,-3.823139033302942,-0.6228278656929864
Edmond Robinson,EDGE,MIN,00-0031624,2015,232,Rounds 4-7,FALSE,0.010441176470588235,0.017144788950062783,0.004,0.091,0.005966386554621848,0.001,0.006966386554621848,-0.6919939728917401,-3.8204197934098256,-0.6044285050354133
Tyreke Smith,EDGE,SEA,00-0037080,2022,158,Rounds 4-7,FALSE,0.004722222222222222,0.007754059478197409,0.005,0.091,0.0026673964604999084,0.004,0.006667396460499908,-0.6944560750744722,-3.8204197934098256,-0.6044285050354133
Dexter Williams,RB,GNB,00-0034995,2019,194,Rounds 4-7,FALSE,0.0037142857142857142,0.008780817291455589,0.004,0.06,0.0019669030732860516,0.005,0.006966903073286052,-0.6947117941133325,-5.507493653254559,-0.7649141963140151
Cooper Taylor,CB,NYG,00-0030087,2013,152,Rounds 4-7,FALSE,0.01073529411764706,0.015513430805848353,0,0.08199999999999999,0.005088405304318259,0,0.005088405304318259,-0.6962289933298648,-4.672744495348817,-0.6021907924538343
Kyron Johnson,EDGE,PHI,00-0037084,2022,181,Rounds 4-7,FALSE,0.0043055555555555555,0.007069877759532932,0.005,0.091,0.0024320379492793285,0.004,0.006432037949279329,-0.6963941884621498,-3.8204197934098256,-0.6044285050354133
Stacy Coley,WR,MIN,00-0033968,2017,219,Rounds 4-7,FALSE,0.007794117647058824,0.012178308823529412,0.004,0.079,0.0036534926470588236,0.004,0.007653492647058824,-0.6969743236056153,-3.823139033302942,-0.6228278656929864
Darius Jackson,RB,DAL,00-0033049,2016,216,Rounds 4-7,FALSE,0.003382352941176471,0.007996106243916007,0.004,0.06,0.0017911277986371852,0.005,0.006791127798637185,-0.6970143780371193,-5.507493653254559,-0.7649141963140151
Korey Lindsey,CB,CIN,00-0028145,2011,207,Rounds 4-7,FALSE,0,0,0.004,0.08199999999999999,0,0.005,0.005,-0.6970292671542999,-4.672744495348817,-0.6021907924538343
Jordan Smith,EDGE,JAX,00-0036868,2021,121,Rounds 4-7,FALSE,0.0041666666666666675,0.006841817186644774,0.006,0.091,0.0023262178434592233,0.004,0.006326217843459223,-0.6972655882798653,-3.8204197934098256,-0.6044285050354133
Josh Robinson,RB,IND,00-0031611,2015,205,Rounds 4-7,FALSE,0.012352941176470587,0.029203170629954107,0.004,0.06,0.0065415102211097195,0,0.0065415102211097195,-0.7002842658086361,-5.507493653254559,-0.7649141963140151
Tommie Campbell,CB,TEN,00-0028189,2011,251,Rounds 4-7,FALSE,0.009705882352941177,0.014025841550493032,0,0.08199999999999999,0.004600476028561714,0,0.004600476028561714,-0.7006458892454974,-4.672744495348817,-0.6021907924538343
Joe Reed,WR,LAC,00-0036377,2020,151,Rounds 4-7,FALSE,0.004788732394366196,0.007482394366197182,0.005,0.079,0.0022147887323943657,0.005,0.007214788732394365,-0.7012599624621022,-3.823139033302942,-0.6228278656929864
Jabari Price,CB,MIN,00-0031090,2014,225,Rounds 4-7,FALSE,0.01,0.014450867052023123,0.004,0.08199999999999999,0.004508670520231213,0,0.004508670520231213,-0.7014769428324109,-4.672744495348817,-0.6021907924538343
Bradie Ewing,RB,ATL,00-0029420,2012,157,Rounds 4-7,FALSE,0.004705882352941176,0.01112501738283966,0.005,0.06,0.002447503824224725,0.004,0.006447503824224725,-0.701515711008383,-5.507493653254559,-0.7649141963140151
Brandon Smith,LB,CAR,00-0038113,2022,120,Rounds 4-7,FALSE,0.01152777777777778,0.016658638407193324,0.005,0.061,0.0037315350032113047,0.004,0.007731535003211305,-0.7029873744710489,-3.875277998195149,-0.8050209414767096
Michael Cox,RB,NYG,00-0030128,2013,253,Rounds 4-7,FALSE,0.011911764705882354,0.028160200250312895,0.004,0.06,0.006307884856070088,0,0.006307884856070088,-0.7033446621630363,-5.507493653254559,-0.7649141963140151
Ejuan Price,EDGE,LA,00-0033974,2017,234,Rounds 4-7,FALSE,0.004411764705882353,0.007244277021153289,0.004,0.091,0.0025210084033613443,0.003,0.005521008403361344,-0.7038962692254782,-3.8204197934098256,-0.6044285050354133
Jacob Harris,WR,LA,00-0036918,2021,141,Rounds 4-7,FALSE,0.0062499999999999995,0.009765624999999998,0.004,0.079,0.0029296874999999996,0.004,0.0069296875,-0.7040450776132084,-3.823139033302942,-0.6228278656929864
Rufus Johnson,EDGE,NOR,00-0030101,2013,183,Rounds 4-7,FALSE,0.0026470588235294116,0.004346566212691973,0.005,0.091,0.0014952187771660385,0.004,0.005495218777166039,-0.7041086397895725,-3.8204197934098256,-0.6044285050354133
Larry Webster,EDGE,DET,00-0031065,2014,136,Rounds 4-7,FALSE,0.004411764705882353,0.007244277021153289,0.005,0.091,0.002492031295276731,0.003,0.0054920312952767315,-0.7041348878368201,-3.8204197934098256,-0.6044285050354133
Tim Harris,CB,SFO,00-0034996,2019,198,Rounds 4-7,FALSE,4.2857142857142855e-4,6.193228736581337e-4,0.004,0.08199999999999999,1.9322873658133769e-4,0.004,0.004193228736581338,-0.7043324253686097,-4.672744495348817,-0.6021907924538343
Faion Hicks,CB,DEN,00-0037319,2022,232,Rounds 4-7,FALSE,0.002638888888888889,0.0038134232498394354,0.005,0.08199999999999999,0.0011745343609505458,0.003,0.004174534360950546,-0.7045016529912831,-4.672744495348817,-0.6021907924538343
Joshua Kaindoh,EDGE,KAN,00-0036632,2021,144,Rounds 4-7,FALSE,0.009583333333333334,0.015736179529282978,0.005,0.091,0.005413245758073344,0,0.005413245758073344,-0.70478366532788,-3.8204197934098256,-0.6044285050354133
Jaleel Scott,WR,BAL,00-0034267,2018,132,Rounds 4-7,FALSE,0.006086956521739131,0.009510869565217392,0.004,0.079,0.0028532608695652174,0.004,0.0068532608695652175,-0.7047916789680476,-3.823139033302942,-0.6228278656929864
Johnathan Franklin,RB,GNB,00-0030078,2013,125,Rounds 4-7,FALSE,0.011911764705882353,0.028160200250312892,0.005,0.06,0.006195244055068837,0,0.006195244055068837,-0.7048202104053364,-5.507493653254559,-0.7649141963140151
Doran Grant,CB,PIT,00-0031944,2015,121,Rounds 4-7,FALSE,1.4705882352941178e-4,2.1251275076504593e-4,0.005,0.08199999999999999,6.545392723563414e-5,0.004,0.004065453927235634,-0.7054890848714541,-4.672744495348817,-0.6021907924538343
JaCorey Shepherd,CB,PHI,00-0032137,2015,191,Rounds 4-7,FALSE,0.0023529411764705885,0.003400204012240735,0.004,0.08199999999999999,0.001060863651819109,0.003,0.004060863651819109,-0.7055306375507998,-4.672744495348817,-0.6021907924538343
Anthony Gaitor,CB,TAM,00-0028160,2011,222,Rounds 4-7,FALSE,0,0,0.004,0.08199999999999999,0,0.004,0.004,-0.7060815952991609,-4.672744495348817,-0.6021907924538343
Richard Crawford,CB,WAS,00-0028996,2012,213,Rounds 4-7,FALSE,0,0,0.004,0.08199999999999999,0,0.004,0.004,-0.7060815952991609,-4.672744495348817,-0.6021907924538343
Bennett Jackson,CB,NYG,00-0031188,2014,187,Rounds 4-7,FALSE,0,0,0.004,0.08199999999999999,0,0.004,0.004,-0.7060815952991609,-4.672744495348817,-0.6021907924538343
Donnie Lewis Jr.,CB,CLE,00-0034998,2019,221,Rounds 4-7,FALSE,0,0,0.003,0.08199999999999999,0,0.004,0.004,-0.7060815952991609,-4.672744495348817,-0.6021907924538343
Jordan Brown,CB,CIN,00-0035305,2019,223,Rounds 4-7,FALSE,0,0,0.003,0.08199999999999999,0,0.004,0.004,-0.7060815952991609,-4.672744495348817,-0.6021907924538343
Stephen Denmark,CB,CHI,00-0035598,2019,238,Rounds 4-7,FALSE,0,0,0.003,0.08199999999999999,0,0.004,0.004,-0.7060815952991609,-4.672744495348817,-0.6021907924538343
Kalon Barnes,CB,CAR,00-0037325,2022,242,Rounds 4-7,FALSE,0,0,0.004,0.08199999999999999,0,0.004,0.004,-0.7060815952991609,-4.672744495348817,-0.6021907924538343
Trindon Holliday,WR,HOU,00-0027606,2010,197,Rounds 4-7,FALSE,0.0035294117647058825,0.0055147058823529415,0.004,0.079,0.0016544117647058823,0.005,0.006654411764705883,-0.7067342088199059,-3.823139033302942,-0.6228278656929864
Vince Mayle,WR,CLE,00-0032188,2015,123,Rounds 4-7,FALSE,0.014264705882352943,0.022288602941176475,0.005,0.079,0.006597426470588236,0,0.006597426470588236,-0.7072908904052655,-3.823139033302942,-0.6228278656929864
Lamin Barrow,LB,DEN,00-0031354,2014,156,Rounds 4-7,FALSE,0.010441176470588235,0.015088405304318259,0.005,0.061,0.00337980278816729,0.004,0.00737980278816729,-0.707629207239941,-3.875277998195149,-0.8050209414767096
Shareef Miller,EDGE,PHI,00-0035267,2019,138,Rounds 4-7,FALSE,0,0,0.004,0.091,0,0.005,0.005,-0.7081866318574069,-3.8204197934098256,-0.6044285050354133
Brandon Jenkins,EDGE,WAS,00-0030284,2013,162,Rounds 4-7,FALSE,0.00823529411764706,0.01352265043948614,0,0.091,0.004922244759972955,0,0.004922244759972955,-0.7088269251311746,-3.8204197934098256,-0.6044285050354133
Jerome Long,DL,KAN,00-0029306,2012,218,Rounds 4-7,FALSE,0.013529411764705884,0.02514760551060573,0.005,0.075,0.007041329542969604,0,0.007041329542969604,-0.7090072781967499,-3.7779540498924526,-0.695540700768399
Emeke Egbule,LB,LAC,00-0035538,2019,200,Rounds 4-7,FALSE,0.020571428571428574,0.029727497935590427,0,0.061,0.007253509496284064,0,0.007253509496284064,-0.7092959079732858,-3.875277998195149,-0.8050209414767096
Jordan Scarlett,RB,CAR,00-0035275,2019,154,Rounds 4-7,FALSE,0.0015714285714285713,0.003714961161769672,0.004,0.06,8.321513002364064e-4,0.005,0.005832151300236407,-0.7095765764061333,-5.507493653254559,-0.7649141963140151
Jabril Cox,LB,DAL,00-0036882,2021,115,Rounds 4-7,FALSE,0.01013888888888889,0.014651573538856778,0.006,0.061,0.0032233461785484913,0.004,0.007223346178548491,-0.709693975226426,-3.875277998195149,-0.8050209414767096
Chris White,LB,BUF,00-0028107,2011,169,Rounds 4-7,FALSE,0.003529411764705882,0.0051003060183611015,0.004,0.061,0.0011628697721863311,0.006,0.007162869772186331,-0.7104920862688324,-3.875277998195149,-0.8050209414767096
Matthew Dayes,RB,CLE,00-0033596,2017,252,Rounds 4-7,FALSE,0.010147058823529412,0.023988318731748018,0,0.06,0.005757196495619524,0,0.005757196495619524,-0.7105584535698367,-5.507493653254559,-0.7649141963140151
De'Angelo Henderson,RB,DEN,00-0033581,2017,203,Rounds 4-7,FALSE,0.0051470588235294126,0.01216798776248088,0.004,0.06,0.002725629258795717,0.003,0.005725629258795717,-0.71097197141058,-5.507493653254559,-0.7649141963140151
Trevon Young,EDGE,LA,00-0034811,2018,205,Rounds 4-7,FALSE,0.002898550724637681,0.00475952499940506,0.004,0.091,0.0016563146997929607,0.003,0.0046563146997929605,-0.7110167869175527,-3.8204197934098256,-0.6044285050354133
Jeff Gunter,EDGE,CIN,00-0037760,2022,252,Rounds 4-7,FALSE,0.007777777777777777,0.012771392081736908,0,0.091,0.004648786717752235,0,0.004648786717752235,-0.7110787778041352,-3.8204197934098256,-0.6044285050354133
Lonnie Ballentine,CB,HOU,00-0031098,2014,256,Rounds 4-7,FALSE,0.0072058823529411765,0.01041312478748725,0,0.08199999999999999,0.0034155049302958176,0,0.0034155049302958176,-0.7113726364691767,-4.672744495348817,-0.6021907924538343
Taurean Nixon,CB,DEN,00-0032157,2015,251,Rounds 4-7,FALSE,8.823529411764705e-4,0.0012750765045902754,0.003,0.08199999999999999,4.0292417545052697e-4,0.003,0.0034029241754505272,-0.7114865215903462,-4.672744495348817,-0.6021907924538343
David Fales,QB,CHI,00-0031076,2014,183,Rounds 4-7,FALSE,0.016911764705882352,0.027189332324569698,0.004,0.146,0.015443540760355586,0.005,0.020443540760355587,-0.7115978648759134,-3.4396236727931813,-0.7312011414982981
Gerri Green,EDGE,IND,00-0034997,2019,199,Rounds 4-7,FALSE,8.571428571428571e-4,0.0014074595355383533,0.004,0.091,4.897959183673469e-4,0.004,0.004489795918367347,-0.7123880238356782,-3.8204197934098256,-0.6044285050354133
Isaiah Coulter,WR,HOU,00-0036308,2020,171,Rounds 4-7,FALSE,0.0043661971830985915,0.006822183098591549,0.005,0.079,0.0020193661971830983,0.004,0.006019366197183098,-0.7129378825707932,-3.823139033302942,-0.6228278656929864
Josh Forrest,LB,LA,00-0033113,2016,190,Rounds 4-7,FALSE,0.021176470588235297,0.030601836110166616,0.004,0.061,0.006977218633117988,0,0.006977218633117988,-0.7129421363468491,-3.875277998195149,-0.8050209414767096
Dylan Donahue,DL,NYJ,00-0033961,2017,181,Rounds 4-7,FALSE,0.011911764705882354,0.022140826590859395,0,0.075,0.0066422479772578185,0,0.0066422479772578185,-0.7131708636933601,-3.7779540498924526,-0.695540700768399
Chris Garrett,EDGE,LA,00-0036863,2021,252,Rounds 4-7,FALSE,6.944444444444445e-4,0.0011403028644407956,0.005,0.091,3.9226418536763365e-4,0.004,0.0043922641853676335,-0.7131911711553559,-3.8204197934098256,-0.6044285050354133
Brittain Brown,RB,LV,00-0037329,2022,250,Rounds 4-7,FALSE,0.0027777777777777775,0.0065668505384817435,0.004,0.06,0.0014709745206199104,0.004,0.00547097452061991,-0.7143078439183095,-5.507493653254559,-0.7649141963140151
Ben DiNucci,QB,DAL,00-0036384,2020,231,Rounds 4-7,FALSE,0.017464788732394366,0.028078438476518273,0.004,0.146,0.01594855305466238,0.004,0.01994855305466238,-0.7144032338441384,-3.4396236727931813,-0.7312011414982981
Shann Schillinger,CB,ATL,00-0027770,2010,171,Rounds 4-7,FALSE,0.006470588235294118,0.009350561033662021,0,0.08199999999999999,0.003066984019041143,0,0.003066984019041143,-0.7145275621232,-4.672744495348817,-0.6021907924538343
John Ursua,WR,SEA,00-0035597,2019,236,Rounds 4-7,FALSE,0.0038571428571428576,0.0060267857142857146,0.003,0.079,0.0018321428571428573,0.004,0.005832142857142857,-0.7147668419078245,-3.823139033302942,-0.6228278656929864
DeQuan Menzie,CB,KAN,00-0029541,2012,146,Rounds 4-7,FALSE,0,0,0.005,0.08199999999999999,0,0.003,0.003,-0.7151339234440219,-4.672744495348817,-0.6021907924538343
Marc Anthony,CB,BAL,00-0029897,2013,247,Rounds 4-7,FALSE,0,0,0.004,0.08199999999999999,0,0.003,0.003,-0.7151339234440219,-4.672744495348817,-0.6021907924538343
Shaquille Richardson,CB,PIT,00-0031340,2014,157,Rounds 4-7,FALSE,0,0,0.005,0.08199999999999999,0,0.003,0.003,-0.7151339234440219,-4.672744495348817,-0.6021907924538343
Kendall James,CB,MIN,00-0031077,2014,184,Rounds 4-7,FALSE,0,0,0.004,0.08199999999999999,0,0.003,0.003,-0.7151339234440219,-4.672744495348817,-0.6021907924538343
Tevin Mitchel,CB,WAS,00-0032066,2015,182,Rounds 4-7,FALSE,0,0,0.004,0.08199999999999999,0,0.003,0.003,-0.7151339234440219,-4.672744495348817,-0.6021907924538343
Randall Evans,CB,PHI,00-0031606,2015,196,Rounds 4-7,FALSE,0,0,0,0.08199999999999999,0,0.003,0.003,-0.7151339234440219,-4.672744495348817,-0.6021907924538343
Trey Caldwell,CB,CLE,00-0032978,2016,173,Rounds 4-7,FALSE,0,0,0.003,0.08199999999999999,0,0.003,0.003,-0.7151339234440219,-4.672744495348817,-0.6021907924538343
Jeremy Clark,CB,NYJ,00-0033520,2017,197,Rounds 4-7,FALSE,0,0,0.004,0.08199999999999999,0,0.003,0.003,-0.7151339234440219,-4.672744495348817,-0.6021907924538343
Jack Tocho,CB,MIN,00-0033977,2017,245,Rounds 4-7,FALSE,0,0,0.004,0.08199999999999999,0,0.003,0.003,-0.7151339234440219,-4.672744495348817,-0.6021907924538343
Jermaine Kelly,CB,HOU,00-0034425,2018,222,Rounds 4-7,FALSE,0,0,0.004,0.08199999999999999,0,0.003,0.003,-0.7151339234440219,-4.672744495348817,-0.6021907924538343
Chris Wilcox,CB,TAM,00-0036667,2021,251,Rounds 4-7,FALSE,0,0,0.005,0.08199999999999999,0,0.003,0.003,-0.7151339234440219,-4.672744495348817,-0.6021907924538343
Kary Vincent Jr.,CB,DEN,00-0036662,2021,237,Rounds 4-7,FALSE,0.006527777777777777,0.00943320488118176,0.005,0.08199999999999999,0.0029054271034039815,0,0.0029054271034039815,-0.7159900283376192,-4.672744495348817,-0.6021907924538343
Vinnie Sunseri,CB,NOR,00-0031072,2014,167,Rounds 4-7,FALSE,0.006029411764705883,0.008713022781366883,0,0.08199999999999999,0.0028578714722883375,0,0.0028578714722883375,-0.716420517515614,-4.672744495348817,-0.6021907924538343
Jammie Kirlew,EDGE,DEN,00-0027824,2010,232,Rounds 4-7,FALSE,0,0,0.004,0.091,0,0.004,0.004,-0.7164213601348186,-3.8204197934098256,-0.6044285050354133
D'Aundre Reed,EDGE,MIN,00-0028153,2011,215,Rounds 4-7,FALSE,0,0,0.004,0.091,0,0.004,0.004,-0.7164213601348186,-3.8204197934098256,-0.6044285050354133
Tim Fugger,EDGE,IND,00-0029550,2012,214,Rounds 4-7,FALSE,0,0,0.004,0.091,0,0.004,0.004,-0.7164213601348186,-3.8204197934098256,-0.6044285050354133
Max Valles,EDGE,LV,00-0032153,2015,179,Rounds 4-7,FALSE,0,0,0.004,0.091,0,0.004,0.004,-0.7164213601348186,-3.8204197934098256,-0.6044285050354133
Kendall Donnerson,EDGE,GNB,00-0034287,2018,248,Rounds 4-7,FALSE,0,0,0.004,0.091,0,0.004,0.004,-0.7164213601348186,-3.8204197934098256,-0.6044285050354133
Sutton Smith,EDGE,PIT,00-0035218,2019,175,Rounds 4-7,FALSE,0,0,0.004,0.091,0,0.004,0.004,-0.7164213601348186,-3.8204197934098256,-0.6044285050354133
Jalen Jelks,EDGE,DAL,00-0035314,2019,241,Rounds 4-7,FALSE,0,0,0.003,0.091,0,0.004,0.004,-0.7164213601348186,-3.8204197934098256,-0.6044285050354133
Brandon Watts,LB,MIN,00-0031244,2014,223,Rounds 4-7,FALSE,0.008088235294117648,0.011688201292077526,0.004,0.061,0.0026649098945936756,0.004,0.006664909894593675,-0.7170636949487876,-3.875277998195149,-0.8050209414767096
Curtis Weaver,EDGE,MIA,00-0036216,2020,164,Rounds 4-7,FALSE,0.0015492957746478873,0.00254399962996369,0.005,0.091,8.751358727075093e-4,0.003,0.0038751358727075096,-0.7174495822946685,-3.8204197934098256,-0.6044285050354133
Dontavius Russell,DL,JAX,00-0035312,2019,235,Rounds 4-7,FALSE,0.011571428571428571,0.021508231545406264,0.003,0.075,0.006194370685077004,0,0.006194370685077004,-0.7178435310330786,-3.7779540498924526,-0.695540700768399
Delone Carter,RB,IND,00-0028057,2011,119,Rounds 4-7,FALSE,2.9411764705882356e-4,6.953135864274789e-4,0.005,0.06,1.5296898901404535e-4,0.005,0.005152968989014045,-0.7184735858078537,-5.507493653254559,-0.7649141963140151
Christian Miller,LB,CAR,00-0035257,2019,115,Rounds 4-7,FALSE,0.018571428571428572,0.0268373245251858,0,0.061,0.006548307184145335,0,0.006548307184145335,-0.7186025084527853,-3.875277998195149,-0.8050209414767096
Kevin Dorsey,WR,GNB,00-0030116,2013,224,Rounds 4-7,FALSE,0.0029411764705882353,0.004595588235294118,0.005,0.079,0.0013602941176470587,0.004,0.005360294117647059,-0.7193762680487201,-3.823139033302942,-0.6228278656929864
T.J. Logan,RB,ARI,00-0033789,2017,179,Rounds 4-7,FALSE,0.009558823529411767,0.022597691558893067,0.004,0.06,0.0050618829091920465,0,0.0050618829091920465,-0.7196667760531705,-5.507493653254559,-0.7649141963140151
Daylon Mack,DL,BAL,00-0034985,2019,160,Rounds 4-7,FALSE,0.0018571428571428571,0.0034519383961763143,0.004,0.075,9.803505045140732e-4,0.005,0.0059803505045140735,-0.7200763861592842,-3.7779540498924526,-0.695540700768399
Carl Bradford,LB,GNB,00-0031058,2014,121,Rounds 4-7,FALSE,0.0075,0.01083815028901734,0.005,0.061,0.0024277456647398845,0.004,0.006427745664739885,-0.7201935666143859,-3.875277998195149,-0.8050209414767096
Owen Marecic,RB,CLE,00-0028062,2011,124,Rounds 4-7,FALSE,0,0,0.005,0.06,0,0.005,0.005,-0.7204774167541872,-5.507493653254559,-0.7649141963140151
Shaun Chapas,RB,DAL,00-0028158,2011,220,Rounds 4-7,FALSE,0,0,0.004,0.06,0,0.005,0.005,-0.7204774167541872,-5.507493653254559,-0.7649141963140151
Anthony Allen,RB,BAL,00-0028163,2011,225,Rounds 4-7,FALSE,0,0,0.004,0.06,0,0.005,0.005,-0.7204774167541872,-5.507493653254559,-0.7649141963140151
Daniel Braverman,WR,CHI,00-0032801,2016,230,Rounds 4-7,FALSE,0.004411764705882354,0.006893382352941178,0.003,0.079,0.002095588235294118,0.003,0.005095588235294118,-0.7219621438000685,-3.823139033302942,-0.6228278656929864
Hakeem Butler,WR,ARI,00-0035529,2019,103,Rounds 4-7,FALSE,1.4285714285714287e-4,2.2321428571428573e-4,0.004,0.079,6.696428571428572e-5,0.005,0.005066964285714286,-0.7222417672692123,-3.823139033302942,-0.6228278656929864
Marc Mariani,WR,TEN,00-0027816,2010,222,Rounds 4-7,FALSE,0,0,0,0.079,0,0.005,0.005,-0.7228959322658332,-3.823139033302942,-0.6228278656929864
Ryan Whalen,WR,CIN,00-0028105,2011,167,Rounds 4-7,FALSE,0,0,0.004,0.079,0,0.005,0.005,-0.7228959322658332,-3.823139033302942,-0.6228278656929864
Joe Kruger,EDGE,PHI,00-0030111,2013,212,Rounds 4-7,FALSE,0,0,0.005,0.091,0,0.003,0.003,-0.7246560884122303,-3.8204197934098256,-0.6044285050354133
Ben Gardner,EDGE,DAL,00-0031027,2014,231,Rounds 4-7,FALSE,0,0,0.004,0.091,0,0.003,0.003,-0.7246560884122303,-3.8204197934098256,-0.6044285050354133
Davis Tull,EDGE,NOR,00-0031946,2015,148,Rounds 4-7,FALSE,0,0,0.004,0.091,0,0.003,0.003,-0.7246560884122303,-3.8204197934098256,-0.6044285050354133
Martin Ifedi,EDGE,LA,00-0032249,2015,227,Rounds 4-7,FALSE,0,0,0,0.091,0,0.003,0.003,-0.7246560884122303,-3.8204197934098256,-0.6044285050354133
Josh Carraway,EDGE,TEN,00-0033794,2017,227,Rounds 4-7,FALSE,0,0,0.004,0.091,0,0.003,0.003,-0.7246560884122303,-3.8204197934098256,-0.6044285050354133
Keion Adams,EDGE,PIT,00-0033521,2017,248,Rounds 4-7,FALSE,0,0,0.004,0.091,0,0.003,0.003,-0.7246560884122303,-3.8204197934098256,-0.6044285050354133
Ade Aruna,EDGE,MIN,00-0034166,2018,218,Rounds 4-7,FALSE,0,0,0.004,0.091,0,0.003,0.003,-0.7246560884122303,-3.8204197934098256,-0.6044285050354133
Tommy Streeter,WR,BAL,00-0029300,2012,198,Rounds 4-7,FALSE,0.001568627450980392,0.0024509803921568627,0.005,0.079,7.254901960784313e-4,0.004,0.004725490196078432,-0.7255775811931574,-3.823139033302942,-0.6228278656929864
Tariq Carpenter,CB,GNB,00-0037090,2022,228,Rounds 4-7,FALSE,0.003888888888888889,0.0056197816313423255,0,0.08199999999999999,0.0018432883750802826,0,0.0018432883750802826,-0.7256048566417707,-4.672744495348817,-0.6021907924538343
Devante Mays,RB,GNB,00-0033304,2017,238,Rounds 4-7,FALSE,0.0029411764705882353,0.006953135864274788,0.004,0.06,0.0015575024335975523,0.003,0.0045575024335975526,-0.7262739531825808,-5.507493653254559,-0.7649141963140151
Marquez Stevenson,WR,BUF,00-0036571,2021,203,Rounds 4-7,FALSE,0.00125,0.001953125,0.005,0.079,5.78125e-4,0.004,0.004578125,-0.7270171717445446,-3.823139033302942,-0.6228278656929864
Joshua Dobbs,QB,PIT,00-0033949,2017,135,Rounds 4-7,FALSE,0.00926470588235294,0.014895025534329486,0.004,0.146,0.008460374503499147,0.009000000000000001,0.017460374503499146,-0.7285051172132636,-3.4396236727931813,-0.7312011414982981
Channing Tindall,LB,MIA,00-0037813,2022,102,Rounds 4-7,FALSE,0.005416666666666667,0.007827552986512524,0.006,0.061,0.0017220616570327552,0.004,0.005722061657032755,-0.7295065240614261,-3.875277998195149,-0.8050209414767096
Cornell Powell,WR,KAN,00-0036647,2021,181,Rounds 4-7,FALSE,6.944444444444445e-4,0.0010850694444444445,0.005,0.079,3.2118055555555556e-4,0.004,0.0043211805555555555,-0.7295272270649121,-3.823139033302942,-0.6228278656929864
James Looney,EDGE,GNB,00-0034284,2018,232,Rounds 4-7,FALSE,0.00391304347826087,0.00642535874919683,0,0.091,0.002338830584707646,0,0.002338830584707646,-0.7301006388924981,-3.8204197934098256,-0.6044285050354133
Chris Harper,WR,SEA,00-0030077,2013,123,Rounds 4-7,FALSE,2.9411764705882356e-4,4.595588235294118e-4,0.005,0.079,1.3602941176470588e-4,0.004,0.004136029411764706,-0.7313359433987063,-3.823139033302942,-0.6228278656929864
Gary Jennings Jr,WR,SEA,00-0035589,2019,120,Rounds 4-7,FALSE,1.4285714285714287e-4,2.2321428571428573e-4,0.004,0.079,6.696428571428572e-5,0.004,0.004066964285714286,-0.7320106312187505,-3.823139033302942,-0.6228278656929864
Jonathan Dowling,CB,LV,00-0031272,2014,247,Rounds 4-7,FALSE,0.0023529411764705885,0.003400204012240735,0,0.08199999999999999,0.0011152669160149609,0,0.0011152669160149609,-0.7321951457857305,-4.672744495348817,-0.6021907924538343
DeMarco Sampson,WR,ARI,00-0028187,2011,249,Rounds 4-7,FALSE,0,0,0.004,0.079,0,0.004,0.004,-0.7326647962153714,-3.823139033302942,-0.6228278656929864
Joe Adams,WR,CAR,00-0029271,2012,104,Rounds 4-7,FALSE,0,0,0.005,0.079,0,0.004,0.004,-0.7326647962153714,-3.823139033302942,-0.6228278656929864
Devon Wylie,WR,KAN,00-0029274,2012,107,Rounds 4-7,FALSE,0,0,0.005,0.079,0,0.004,0.004,-0.7326647962153714,-3.823139033302942,-0.6228278656929864
B.J. Cunningham,WR,MIA,00-0029564,2012,183,Rounds 4-7,FALSE,0,0,0.005,0.079,0,0.004,0.004,-0.7326647962153714,-3.823139033302942,-0.6228278656929864
Toney Clemons,WR,PIT,00-0029204,2012,231,Rounds 4-7,FALSE,0,0,0.004,0.079,0,0.004,0.004,-0.7326647962153714,-3.823139033302942,-0.6228278656929864
Tony Lippett,WR,MIA,00-0031594,2015,156,Rounds 4-7,FALSE,0,0,0,0.079,0,0.004,0.004,-0.7326647962153714,-3.823139033302942,-0.6228278656929864
Rodney Adams,WR,MIN,00-0033957,2017,170,Rounds 4-7,FALSE,0,0,0.004,0.079,0,0.004,0.004,-0.7326647962153714,-3.823139033302942,-0.6228278656929864
Austin Proehl,WR,BUF,00-0034442,2018,255,Rounds 4-7,FALSE,0,0,0.004,0.079,0,0.004,0.004,-0.7326647962153714,-3.823139033302942,-0.6228278656929864
Baron Batch,RB,PIT,00-0028170,2011,232,Rounds 4-7,FALSE,0,0,0.004,0.06,0,0.004,0.004,-0.7335770061497178,-5.507493653254559,-0.7649141963140151
Michael Smith,RB,TAM,00-0029145,2012,212,Rounds 4-7,FALSE,0,0,0.004,0.06,0,0.004,0.004,-0.7335770061497178,-5.507493653254559,-0.7649141963140151
Khalfani Muhammad,RB,TEN,00-0033797,2017,241,Rounds 4-7,FALSE,0,0,0.004,0.06,0,0.004,0.004,-0.7335770061497178,-5.507493653254559,-0.7649141963140151
Mike Weber,RB,DAL,00-0035303,2019,218,Rounds 4-7,FALSE,0,0,0.003,0.06,0,0.004,0.004,-0.7335770061497178,-5.507493653254559,-0.7649141963140151
Gerrid Doaks,RB,MIA,00-0036578,2021,244,Rounds 4-7,FALSE,0,0,0.005,0.06,0,0.004,0.004,-0.7335770061497178,-5.507493653254559,-0.7649141963140151
Marquiss Spencer,EDGE,DEN,00-0036668,2021,253,Rounds 4-7,FALSE,0.0029166666666666664,0.004789272030651341,0,0.091,0.001743295019157088,0,0.001743295019157088,-0.7350047124543416,-3.8204197934098256,-0.6044285050354133
Blair Brown,LB,JAX,00-0033841,2017,148,Rounds 4-7,FALSE,0.016029411764705886,0.02316388983339001,0.004,0.061,0.005281366882012922,0,0.005281366882012922,-0.7353224014825791,-3.875277998195149,-0.8050209414767096
Trevardo Williams,EDGE,HOU,00-0030413,2013,124,Rounds 4-7,FALSE,0.0027941176470588237,0.004588042113397083,0,0.091,0.0016700473292765381,0,0.0016700473292765381,-0.735607887277456,-3.8204197934098256,-0.6044285050354133
Kamrin Moore,CB,NOR,00-0034408,2018,189,Rounds 4-7,FALSE,0.0015942028985507246,0.0023037614140906425,0.004,0.08199999999999999,7.187735611962803e-4,0,7.187735611962803e-4,-0.7357843337408061,-4.672744495348817,-0.6021907924538343
Ben Burr-Kirven,LB,SEA,00-0035143,2019,142,Rounds 4-7,FALSE,0.0035714285714285713,0.005161023947151115,0.004,0.061,0.0011767134599504543,0.004,0.005176713459950454,-0.7367035194556527,-3.875277998195149,-0.8050209414767096
Ian Book,QB,NOR,00-0036929,2021,133,Rounds 4-7,FALSE,0.013333333333333332,0.021436227224008574,0.006,0.146,0.0120042872454448,0.004,0.016004287245444802,-0.7367575686616343,-3.4396236727931813,-0.7312011414982981
Eric Pinkins,CB,SEA,00-0031084,2014,208,Rounds 4-7,FALSE,0.0013235294117647058,0.0019126147568854133,0.004,0.08199999999999999,5.967358041482488e-4,0,5.967358041482488e-4,-0.7368890595636677,-4.672744495348817,-0.6021907924538343
Mark Webb,CB,LAC,00-0036665,2021,241,Rounds 4-7,FALSE,0.00125,0.0018063583815028904,0,0.08199999999999999,5.92485549132948e-4,0,5.92485549132948e-4,-0.7369275342667655,-4.672744495348817,-0.6021907924538343
Tray Walker,CB,BAL,00-0031582,2015,136,Rounds 4-7,FALSE,0.0013235294117647058,0.0019126147568854133,0.005,0.08199999999999999,5.890853451207071e-4,0,5.890853451207071e-4,-0.7369583140292437,-4.672744495348817,-0.6021907924538343
Malachi Dupre,WR,GNB,00-0033305,2017,247,Rounds 4-7,FALSE,0.0011764705882352942,0.0018382352941176473,0.004,0.079,5.514705882352941e-4,0.003,0.003551470588235294,-0.7370464190162672,-3.823139033302942,-0.6228278656929864
Iman Marshall,CB,BAL,00-0034979,2019,127,Rounds 4-7,FALSE,0.001142857142857143,0.001651527663088357,0.004,0.08199999999999999,5.152766308835673e-4,0,5.152766308835673e-4,-0.7376264547304687,-4.672744495348817,-0.6021907924538343
Ryan Murphy,CB,SEA,00-0031629,2015,248,Rounds 4-7,FALSE,0.0010294117647058824,0.0014875892553553216,0,0.08199999999999999,4.8792927575654543e-4,0,4.8792927575654543e-4,-0.7378740119629725,-4.672744495348817,-0.6021907924538343
Randell Johnson,LB,BUF,00-0031026,2014,221,Rounds 4-7,FALSE,0.003235294117647059,0.004675280516831011,0.004,0.061,0.0010659639578374704,0.004,0.0050659639578374705,-0.7381650877910473,-3.875277998195149,-0.8050209414767096
Terrell Manning,LB,GNB,00-0029291,2012,163,Rounds 4-7,FALSE,1.96078431372549e-4,2.8335033435339456e-4,0.005,0.061,6.347047489516039e-5,0.005,0.00506347047489516,-0.7381979944465518,-3.875277998195149,-0.8050209414767096
D.J. Campbell,CB,CAR,00-0029305,2012,216,Rounds 4-7,FALSE,7.84313725490196e-4,0.0011334013374135782,0,0.08199999999999999,3.7175563867165363e-4,0,3.7175563867165363e-4,-0.7389256538476469,-4.672744495348817,-0.6021907924538343
Greg Jones,LB,NYG,00-0028123,2011,185,Rounds 4-7,FALSE,0,0,0.004,0.061,0,0.005,0.005,-0.7390356184048481,-3.875277998195149,-0.8050209414767096
D.J. Smith,LB,GNB,00-0028124,2011,186,Rounds 4-7,FALSE,0,0,0.004,0.061,0,0.005,0.005,-0.7390356184048481,-3.875277998195149,-0.8050209414767096
Brian Rolle,LB,PHI,00-0028131,2011,193,Rounds 4-7,FALSE,0,0,0.004,0.061,0,0.005,0.005,-0.7390356184048481,-3.875277998195149,-0.8050209414767096
Josh Kaddu,LB,MIA,00-0029595,2012,155,Rounds 4-7,FALSE,0,0,0.005,0.061,0,0.005,0.005,-0.7390356184048481,-3.875277998195149,-0.8050209414767096
Sanders Commings,CB,KAN,00-0030462,2013,134,Rounds 4-7,FALSE,5.882352941176471e-4,8.500510030601837e-4,0.005,0.08199999999999999,2.6181570894253655e-4,0,2.6181570894253655e-4,-0.7399208661677779,-4.672744495348817,-0.6021907924538343
Buddy Johnson,LB,PIT,00-0036870,2021,140,Rounds 4-7,FALSE,0.002777777777777778,0.00401412973667309,0.005,0.061,8.991650610147721e-4,0.004,0.004899165061014772,-0.7403663436100224,-3.875277998195149,-0.8050209414767096
C.B. Bryant,CB,LA,00-0031397,2014,241,Rounds 4-7,FALSE,4.4117647058823526e-4,6.375382522951377e-4,0,0.08199999999999999,2.0911254675280513e-4,0,2.0911254675280513e-4,-0.7403979524861911,-4.672744495348817,-0.6021907924538343
Tony Steward,EDGE,BUF,00-0032189,2015,188,Rounds 4-7,FALSE,0.0017647058823529412,0.0028977108084613156,0,0.091,0.001054766734279919,0,0.001054766734279919,-0.7406745557916175,-3.8204197934098256,-0.6044285050354133
Zach Clayton,DL,TEN,00-0028150,2011,212,Rounds 4-7,FALSE,0,0,0.004,0.075,0,0.004,0.004,-0.7407372218059861,-3.7779540498924526,-0.695540700768399
Kheeston Randall,DL,MIA,00-0029571,2012,215,Rounds 4-7,FALSE,0,0,0.004,0.075,0,0.004,0.004,-0.7407372218059861,-3.7779540498924526,-0.695540700768399
Demarcus Christmas,DL,SEA,00-0035595,2019,209,Rounds 4-7,FALSE,0,0,0.004,0.075,0,0.004,0.004,-0.7407372218059861,-3.7779540498924526,-0.695540700768399
Chris Slayton,DL,NYG,00-0035004,2019,245,Rounds 4-7,FALSE,0,0,0.003,0.075,0,0.004,0.004,-0.7407372218059861,-3.7779540498924526,-0.695540700768399
Jordan Payton,WR,CLE,00-0032974,2016,154,Rounds 4-7,FALSE,0.006764705882352942,0.010569852941176471,0.004,0.079,0.003170955882352941,0,0.003170955882352941,-0.7407636154088305,-3.823139033302942,-0.6228278656929864
Marcus Hardison,EDGE,CIN,00-0032169,2015,135,Rounds 4-7,FALSE,0,0,0.005,0.091,0,0.001,0.001,-0.7411255449670537,-3.8204197934098256,-0.6044285050354133
Ahmad Dixon,CB,DAL,00-0031096,2014,248,Rounds 4-7,FALSE,1.4705882352941178e-4,2.1251275076504593e-4,0,0.08199999999999999,6.970418225093506e-5,0,6.970418225093506e-5,-0.7416599227478005,-4.672744495348817,-0.6021907924538343
Trevard Lindley,CB,PHI,00-0027706,2010,105,Rounds 4-7,FALSE,0,0,0,0.08199999999999999,0,0,0,-0.7422909078786051,-4.672744495348817,-0.6021907924538343
Akwasi Owusu-Ansah,CB,DAL,00-0027726,2010,126,Rounds 4-7,FALSE,0,0,0,0.08199999999999999,0,0,0,-0.7422909078786051,-4.672744495348817,-0.6021907924538343
Walter McFadden,CB,LV,00-0027738,2010,138,Rounds 4-7,FALSE,0,0,0,0.08199999999999999,0,0,0,-0.7422909078786051,-4.672744495348817,-0.6021907924538343
Joshua Moore,CB,CHI,00-0027604,2010,141,Rounds 4-7,FALSE,0,0,0,0.08199999999999999,0,0,0,-0.7422909078786051,-4.672744495348817,-0.6021907924538343
Robert Johnson,CB,TEN,00-0027747,2010,148,Rounds 4-7,FALSE,0,0,0,0.08199999999999999,0,0,0,-0.7422909078786051,-4.672744495348817,-0.6021907924538343
Larry Asante,CB,CLE,00-0027759,2010,160,Rounds 4-7,FALSE,0,0,0,0.08199999999999999,0,0,0,-0.7422909078786051,-4.672744495348817,-0.6021907924538343
Jamar Wall,CB,DAL,00-0027794,2010,196,Rounds 4-7,FALSE,0,0,0,0.08199999999999999,0,0,0,-0.7422909078786051,-4.672744495348817,-0.6021907924538343
Jorrick Calvin,CB,ARI,00-0027798,2010,201,Rounds 4-7,FALSE,0,0,0,0.08199999999999999,0,0,0,-0.7422909078786051,-4.672744495348817,-0.6021907924538343
Scotty McGee,CB,JAX,NA,2010,203,Rounds 4-7,FALSE,0,0,0,0.08199999999999999,0,0,0,-0.7422909078786051,-4.672744495348817,-0.6021907924538343
Myron Rolle,CB,TEN,NA,2010,207,Rounds 4-7,FALSE,0,0,0,0.08199999999999999,0,0,0,-0.7422909078786051,-4.672744495348817,-0.6021907924538343
Cody Grimm,CB,TAM,00-0027805,2010,210,Rounds 4-7,FALSE,0,0,0,0.08199999999999999,0,0,0,-0.7422909078786051,-4.672744495348817,-0.6021907924538343
Marquis Johnson,CB,LA,00-0027806,2010,211,Rounds 4-7,FALSE,0,0,0,0.08199999999999999,0,0,0,-0.7422909078786051,-4.672744495348817,-0.6021907924538343
Jeremy Ware,CB,LV,00-0027810,2010,215,Rounds 4-7,FALSE,0,0,0,0.08199999999999999,0,0,0,-0.7422909078786051,-4.672744495348817,-0.6021907924538343
Syd'Quan Thompson,CB,DEN,00-0027611,2010,225,Rounds 4-7,FALSE,0,0,0,0.08199999999999999,0,0,0,-0.7422909078786051,-4.672744495348817,-0.6021907924538343
Ray Fisher,CB,IND,NA,2010,246,Rounds 4-7,FALSE,0,0,0,0.08199999999999999,0,0,0,-0.7422909078786051,-4.672744495348817,-0.6021907924538343
Robert Sands,CB,CIN,00-0028072,2011,134,Rounds 4-7,FALSE,0,0,0,0.08199999999999999,0,0,0,-0.7422909078786051,-4.672744495348817,-0.6021907924538343
Rod Issac,CB,JAX,00-0028085,2011,147,Rounds 4-7,FALSE,0,0,0.005,0.08199999999999999,0,0,0,-0.7422909078786051,-4.672744495348817,-0.6021907924538343
Mark LeGree,CB,SEA,00-0028094,2011,156,Rounds 4-7,FALSE,0,0,0,0.08199999999999999,0,0,0,-0.7422909078786051,-4.672744495348817,-0.6021907924538343
Jermale Hines,CB,LA,00-0028096,2011,158,Rounds 4-7,FALSE,0,0,0,0.08199999999999999,0,0,0,-0.7422909078786051,-4.672744495348817,-0.6021907924538343
Chris Rucker,CB,IND,00-0028126,2011,188,Rounds 4-7,FALSE,0,0,0.004,0.08199999999999999,0,0,0,-0.7422909078786051,-4.672744495348817,-0.6021907924538343
Tyler Sash,CB,NYG,00-0028136,2011,198,Rounds 4-7,FALSE,0,0,0,0.08199999999999999,0,0,0,-0.7422909078786051,-4.672744495348817,-0.6021907924538343
Brandyn Thompson,CB,WAS,00-0028151,2011,213,Rounds 4-7,FALSE,0,0,0.004,0.08199999999999999,0,0,0,-0.7422909078786051,-4.672744495348817,-0.6021907924538343
Mikail Baker,CB,LA,00-0028154,2011,216,Rounds 4-7,FALSE,0,0,0.004,0.08199999999999999,0,0,0,-0.7422909078786051,-4.672744495348817,-0.6021907924538343
Malcolm Williams,CB,NWE,00-0028157,2011,219,Rounds 4-7,FALSE,0,0,0.004,0.08199999999999999,0,0,0,-0.7422909078786051,-4.672744495348817,-0.6021907924538343
Jonathan Nelson,CB,LA,00-0028167,2011,229,Rounds 4-7,FALSE,0,0,0.004,0.08199999999999999,0,0,0,-0.7422909078786051,-4.672744495348817,-0.6021907924538343
Eric Hagg,CB,CLE,00-0028186,2011,248,Rounds 4-7,FALSE,0,0,0,0.08199999999999999,0,0,0,-0.7422909078786051,-4.672744495348817,-0.6021907924538343
Curtis Holcomb,CB,SFO,00-0028188,2011,250,Rounds 4-7,FALSE,0,0,0.004,0.08199999999999999,0,0,0,-0.7422909078786051,-4.672744495348817,-0.6021907924538343
Christian Thompson,CB,BAL,00-0029282,2012,130,Rounds 4-7,FALSE,0,0,0,0.08199999999999999,0,0,0,-0.7422909078786051,-4.672744495348817,-0.6021907924538343
Matt Johnson,CB,DAL,00-0029648,2012,135,Rounds 4-7,FALSE,0,0,0,0.08199999999999999,0,0,0,-0.7422909078786051,-4.672744495348817,-0.6021907924538343
Markelle Martin,CB,TEN,00-0029569,2012,190,Rounds 4-7,FALSE,0,0,0,0.08199999999999999,0,0,0,-0.7422909078786051,-4.672744495348817,-0.6021907924538343
Charles Mitchell,CB,ATL,00-0029423,2012,192,Rounds 4-7,FALSE,0,0,0,0.08199999999999999,0,0,0,-0.7422909078786051,-4.672744495348817,-0.6021907924538343
Jordan Bernstine,CB,WAS,00-0028997,2012,217,Rounds 4-7,FALSE,0,0,0,0.08199999999999999,0,0,0,-0.7422909078786051,-4.672744495348817,-0.6021907924538343
Greg McCoy,CB,CHI,00-0029307,2012,220,Rounds 4-7,FALSE,0,0,0.004,0.08199999999999999,0,0,0,-0.7422909078786051,-4.672744495348817,-0.6021907924538343
Terry Hawthorne,CB,PIT,NA,2013,150,Rounds 4-7,FALSE,0,0,0.005,0.08199999999999999,0,0,0,-0.7422909078786051,-4.672744495348817,-0.6021907924538343
Jamoris Slaughter,CB,CLE,00-0030444,2013,175,Rounds 4-7,FALSE,0,0,0,0.08199999999999999,0,0,0,-0.7422909078786051,-4.672744495348817,-0.6021907924538343
John Boyett,CB,IND,00-0030103,2013,192,Rounds 4-7,FALSE,0,0,0,0.08199999999999999,0,0,0,-0.7422909078786051,-4.672744495348817,-0.6021907924538343
Khalid Wooten,CB,TEN,00-0030489,2013,202,Rounds 4-7,FALSE,0,0,0.005,0.08199999999999999,0,0,0,-0.7422909078786051,-4.672744495348817,-0.6021907924538343
Don Jones,CB,MIA,00-0030395,2013,250,Rounds 4-7,FALSE,0,0,0,0.08199999999999999,0,0,0,-0.7422909078786051,-4.672744495348817,-0.6021907924538343
Jemea Thomas,CB,NWE,00-0031192,2014,206,Rounds 4-7,FALSE,0,0,0.004,0.08199999999999999,0,0,0,-0.7422909078786051,-4.672744495348817,-0.6021907924538343
Lavelle Westbrooks,CB,CIN,NA,2014,252,Rounds 4-7,FALSE,0,0,0.004,0.08199999999999999,0,0,0,-0.7422909078786051,-4.672744495348817,-0.6021907924538343
Ifo Ekpre-Olomu,CB,CLE,00-0032140,2015,241,Rounds 4-7,FALSE,0,0,0.004,0.08199999999999999,0,0,0,-0.7422909078786051,-4.672744495348817,-0.6021907924538343
Josh Furman,CB,DEN,NA,2015,252,Rounds 4-7,FALSE,0,0,0,0.08199999999999999,0,0,0,-0.7422909078786051,-4.672744495348817,-0.6021907924538343
Prince Charles Iworah,CB,SFO,00-0032456,2016,249,Rounds 4-7,FALSE,0,0,0.003,0.08199999999999999,0,0,0,-0.7422909078786051,-4.672744495348817,-0.6021907924538343
Howard Wilson,CB,CLE,00-0033558,2017,126,Rounds 4-7,FALSE,0,0,0.004,0.08199999999999999,0,0,0,-0.7422909078786051,-4.672744495348817,-0.6021907924538343
Marquez White,CB,DAL,00-0033586,2017,216,Rounds 4-7,FALSE,0,0,0.004,0.08199999999999999,0,0,0,-0.7422909078786051,-4.672744495348817,-0.6021907924538343
Christian Campbell,CB,ARI,00-0034685,2018,182,Rounds 4-7,FALSE,0,0,0.004,0.08199999999999999,0,0,0,-0.7422909078786051,-4.672744495348817,-0.6021907924538343
Reggie Robinson II,CB,DAL,00-0036372,2020,123,Rounds 4-7,FALSE,0,0,0.005,0.08199999999999999,0,0,0,-0.7422909078786051,-4.672744495348817,-0.6021907924538343
Jamar Johnson,CB,DEN,00-0036639,2021,164,Rounds 4-7,FALSE,0,0,0,0.08199999999999999,0,0,0,-0.7422909078786051,-4.672744495348817,-0.6021907924538343
Shawn Davis,CB,IND,00-0036481,2021,165,Rounds 4-7,FALSE,0,0,0,0.08199999999999999,0,0,0,-0.7422909078786051,-4.672744495348817,-0.6021907924538343
Ronald Johnson,WR,SFO,00-0028120,2011,182,Rounds 4-7,FALSE,0,0,0.004,0.079,0,0.003,0.003,-0.7424336601649096,-3.823139033302942,-0.6228278656929864
Danny Coale,WR,DAL,00-0029633,2012,152,Rounds 4-7,FALSE,0,0,0.005,0.079,0,0.003,0.003,-0.7424336601649096,-3.823139033302942,-0.6228278656929864
Kenny Bell,WR,TAM,00-0032113,2015,162,Rounds 4-7,FALSE,0,0,0.004,0.079,0,0.003,0.003,-0.7424336601649096,-3.823139033302942,-0.6228278656929864
Da'Ron Brown,WR,KAN,00-0031960,2015,233,Rounds 4-7,FALSE,0,0,0,0.079,0,0.003,0.003,-0.7424336601649096,-3.823139033302942,-0.6228278656929864
Moritz Boehringer,WR,MIN,00-0032341,2016,180,Rounds 4-7,FALSE,0,0,0.003,0.079,0,0.003,0.003,-0.7424336601649096,-3.823139033302942,-0.6228278656929864
Kolby Listenbee,WR,BUF,00-0032957,2016,192,Rounds 4-7,FALSE,0,0,0.004,0.079,0,0.003,0.003,-0.7424336601649096,-3.823139033302942,-0.6228278656929864
Devin Lucien,WR,NWE,00-0032447,2016,225,Rounds 4-7,FALSE,0,0,0.003,0.079,0,0.003,0.003,-0.7424336601649096,-3.823139033302942,-0.6228278656929864
DeAngelo Yancey,WR,GNB,00-0033291,2017,175,Rounds 4-7,FALSE,0,0,0.004,0.079,0,0.003,0.003,-0.7424336601649096,-3.823139033302942,-0.6228278656929864
Tre Nixon,WR,NWE,00-0036536,2021,242,Rounds 4-7,FALSE,0,0,0.005,0.079,0,0.003,0.003,-0.7424336601649096,-3.823139033302942,-0.6228278656929864
Kawaan Baker,WR,NOR,00-0036939,2021,255,Rounds 4-7,FALSE,0,0,0.005,0.079,0,0.003,0.003,-0.7424336601649096,-3.823139033302942,-0.6228278656929864
Kylin Hill,RB,GNB,00-0036669,2021,256,Rounds 4-7,FALSE,0.006388888888888888,0.015103756238508011,0.005,0.06,0.0033228263724717627,0,0.0033228263724717627,-0.7424477026198198,-5.507493653254559,-0.7649141963140151
Gabe Miller,LB,KAN,00-0028078,2011,140,Rounds 4-7,FALSE,0.013235294117647057,0.01912614756885413,0,0.061,0.004666780006800408,0,0.004666780006800408,-0.7434331441859038,-3.875277998195149,-0.8050209414767096
Jack Cichy,LB,TAM,00-0034415,2018,202,Rounds 4-7,FALSE,0.0018840579710144927,0.002722627125743487,0.004,0.061,6.20758984669515e-4,0.004,0.004620758984669515,-0.7440404865885847,-3.875277998195149,-0.8050209414767096
Cameron McGrone,LB,NWE,00-0036644,2021,177,Rounds 4-7,FALSE,0.0018055555555555557,0.0026091843288375085,0.005,0.061,5.844572896596019e-4,0.004,0.004584457289659602,-0.7445195624032417,-3.875277998195149,-0.8050209414767096
Andrew Jackson,LB,IND,00-0031083,2014,203,Rounds 4-7,FALSE,0.013676470588235297,0.019763685821149273,0.004,0.061,0.004506120367222034,0,0.004506120367222034,-0.7455533798303414,-3.875277998195149,-0.8050209414767096
Lache Seastrunk,RB,WAS,00-0031078,2014,186,Rounds 4-7,FALSE,0,0,0.004,0.06,0,0.003,0.003,-0.7466765955452485,-5.507493653254559,-0.7649141963140151
Tyler Gaffney,RB,CAR,00-0031190,2014,204,Rounds 4-7,FALSE,0,0,0.004,0.06,0,0.003,0.003,-0.7466765955452485,-5.507493653254559,-0.7649141963140151
Trey Millard,RB,SFO,00-0031271,2014,245,Rounds 4-7,FALSE,0,0,0.004,0.06,0,0.003,0.003,-0.7466765955452485,-5.507493653254559,-0.7649141963140151
Kenny Hilliard,RB,HOU,00-0031625,2015,235,Rounds 4-7,FALSE,0,0,0,0.06,0,0.003,0.003,-0.7466765955452485,-5.507493653254559,-0.7649141963140151
Kelvin Taylor,RB,SFO,00-0032440,2016,211,Rounds 4-7,FALSE,0,0,0.003,0.06,0,0.003,0.003,-0.7466765955452485,-5.507493653254559,-0.7649141963140151
Donnel Pumphrey,RB,PHI,00-0033561,2017,132,Rounds 4-7,FALSE,0,0,0.004,0.06,0,0.003,0.003,-0.7466765955452485,-5.507493653254559,-0.7649141963140151
Elijah Hood,RB,LV,00-0033975,2017,242,Rounds 4-7,FALSE,0,0,0.004,0.06,0,0.003,0.003,-0.7466765955452485,-5.507493653254559,-0.7649141963140151
Dezmin Lewis,WR,BUF,00-0032070,2015,234,Rounds 4-7,FALSE,0.004999999999999999,0.007812499999999998,0.003,0.079,0.0023749999999999995,0,0.0023749999999999995,-0.7485392001333712,-3.823139033302942,-0.6228278656929864
Scooby Wright III,LB,CLE,00-0032979,2016,250,Rounds 4-7,FALSE,0.003823529411764706,0.005525331519891194,0.004,0.061,0.001259775586535192,0.003,0.004259775586535192,-0.748804407818479,-3.875277998195149,-0.8050209414767096
Steve Beauharnais,LB,NWE,00-0030426,2013,235,Rounds 4-7,FALSE,7.352941176470588e-4,0.0010625637538252295,0.004,0.061,2.4226453587215233e-4,0.004,0.004242264535872152,-0.7490355022855446,-3.875277998195149,-0.8050209414767096
Ronald Powell,LB,NOR,00-0031073,2014,169,Rounds 4-7,FALSE,7.352941176470588e-4,0.0010625637538252295,0.004,0.061,2.4226453587215233e-4,0.004,0.004242264535872152,-0.7490355022855446,-3.875277998195149,-0.8050209414767096
Devin Harper,LB,DAL,00-0037293,2022,193,Rounds 4-7,FALSE,6.944444444444445e-4,0.0010035324341682724,0.005,0.061,2.2479126525369302e-4,0.004,0.0042247912652536935,-0.7492660981669209,-3.875277998195149,-0.8050209414767096
Thaddeus Gibson,EDGE,PIT,00-0027716,2010,116,Rounds 4-7,FALSE,0,0,0,0.091,0,0,0,-0.7493602732444654,-3.8204197934098256,-0.6044285050354133
E.J. Wilson,EDGE,SEA,00-0027727,2010,127,Rounds 4-7,FALSE,0,0,0,0.091,0,0,0,-0.7493602732444654,-3.8204197934098256,-0.6044285050354133
Cameron Sheffield,EDGE,KAN,00-0027741,2010,142,Rounds 4-7,FALSE,0,0,0,0.091,0,0,0,-0.7493602732444654,-3.8204197934098256,-0.6044285050354133
Larry Hart,EDGE,JAX,00-0027742,2010,143,Rounds 4-7,FALSE,0,0,0,0.091,0,0,0,-0.7493602732444654,-3.8204197934098256,-0.6044285050354133
Hall Davis,EDGE,LA,00-0027748,2010,149,Rounds 4-7,FALSE,0,0,0,0.091,0,0,0,-0.7493602732444654,-3.8204197934098256,-0.6044285050354133
Adrian Tracy,EDGE,NYG,00-0027782,2010,184,Rounds 4-7,FALSE,0,0,0,0.091,0,0,0,-0.7493602732444654,-3.8204197934098256,-0.6044285050354133
Danny Batten,EDGE,BUF,00-0027790,2010,192,Rounds 4-7,FALSE,0,0,0,0.091,0,0,0,-0.7493602732444654,-3.8204197934098256,-0.6044285050354133
Chris McCoy,EDGE,MIA,NA,2010,212,Rounds 4-7,FALSE,0,0,0,0.091,0,0,0,-0.7493602732444654,-3.8204197934098256,-0.6044285050354133
Erik Lorig,EDGE,TAM,00-0027844,2010,253,Rounds 4-7,FALSE,0,0,0,0.091,0,0,0,-0.7493602732444654,-3.8204197934098256,-0.6044285050354133
Bruce Miller,EDGE,SFO,00-0028149,2011,211,Rounds 4-7,FALSE,0,0,0,0.091,0,0,0,-0.7493602732444654,-3.8204197934098256,-0.6044285050354133
Markus White,EDGE,WAS,00-0028162,2011,224,Rounds 4-7,FALSE,0,0,0.004,0.091,0,0,0,-0.7493602732444654,-3.8204197934098256,-0.6044285050354133
Trevor Guyton,EDGE,MIN,NA,2012,219,Rounds 4-7,FALSE,0,0,0.004,0.091,0,0,0,-0.7493602732444654,-3.8204197934098256,-0.6044285050354133
Kaleb Ramsey,EDGE,SFO,00-0031003,2014,243,Rounds 4-7,FALSE,0,0,0,0.091,0,0,0,-0.7493602732444654,-3.8204197934098256,-0.6044285050354133
Michael Sam,EDGE,LA,00-0031398,2014,249,Rounds 4-7,FALSE,0,0,0.004,0.091,0,0,0,-0.7493602732444654,-3.8204197934098256,-0.6044285050354133
Shaquille Riddick,EDGE,ARI,00-0032111,2015,158,Rounds 4-7,FALSE,0,0,0,0.091,0,0,0,-0.7493602732444654,-3.8204197934098256,-0.6044285050354133
B.J. Dubose,EDGE,MIN,00-0031605,2015,193,Rounds 4-7,FALSE,0,0,0.004,0.091,0,0,0,-0.7493602732444654,-3.8204197934098256,-0.6044285050354133
Reshard Cliett,EDGE,HOU,00-0031616,2015,211,Rounds 4-7,FALSE,0,0,0,0.091,0,0,0,-0.7493602732444654,-3.8204197934098256,-0.6044285050354133
Brian Mihalik,EDGE,PHI,00-0031626,2015,237,Rounds 4-7,FALSE,0,0,0,0.091,0,0,0,-0.7493602732444654,-3.8204197934098256,-0.6044285050354133
Xzavier Dickson,EDGE,NWE,00-0031631,2015,253,Rounds 4-7,FALSE,0,0,0.004,0.091,0,0,0,-0.7493602732444654,-3.8204197934098256,-0.6044285050354133
Travis Feeney,EDGE,PIT,00-0032444,2016,220,Rounds 4-7,FALSE,0,0,0,0.091,0,0,0,-0.7493602732444654,-3.8204197934098256,-0.6044285050354133
Alex McCalister,EDGE,PHI,00-0032805,2016,240,Rounds 4-7,FALSE,0,0,0.004,0.091,0,0,0,-0.7493602732444654,-3.8204197934098256,-0.6044285050354133
P.J. Johnson,EDGE,DET,00-0035540,2019,229,Rounds 4-7,FALSE,0,0,0,0.091,0,0,0,-0.7493602732444654,-3.8204197934098256,-0.6044285050354133
Wyatt Hubert,EDGE,CIN,00-0036861,2021,235,Rounds 4-7,FALSE,0,0,0.005,0.091,0,0,0,-0.7493602732444654,-3.8204197934098256,-0.6044285050354133
Andre Anthony,EDGE,TAM,00-0037328,2022,248,Rounds 4-7,FALSE,0,0,0.004,0.091,0,0,0,-0.7493602732444654,-3.8204197934098256,-0.6044285050354133
Joey Iosefa,RB,TAM,00-0032122,2015,231,Rounds 4-7,FALSE,0.005147058823529412,0.012167987762480879,0.003,0.06,0.0027743012098456403,0,0.0027743012098456403,-0.7496331570233387,-5.507493653254559,-0.7649141963140151
David Williams,RB,DEN,00-0034427,2018,226,Rounds 4-7,FALSE,0.005217391304347826,0.012334258402713537,0.004,0.06,0.002762873882207832,0,0.002762873882207832,-0.7497828503232822,-5.507493653254559,-0.7649141963140151
Jesse Williams,DL,SEA,00-0030081,2013,137,Rounds 4-7,FALSE,0,0,0.005,0.075,0,0.003,0.003,-0.7511701404229718,-3.7779540498924526,-0.695540700768399
Jared Smith,DL,SEA,00-0030123,2013,241,Rounds 4-7,FALSE,0,0,0.004,0.075,0,0.003,0.003,-0.7511701404229718,-3.7779540498924526,-0.695540700768399
Jimmy Staten,DL,SEA,00-0031184,2014,172,Rounds 4-7,FALSE,0,0,0.006999999999999999,0.075,0,0.003,0.003,-0.7511701404229718,-3.7779540498924526,-0.695540700768399
Kristjan Sokoli,DL,SEA,00-0031618,2015,214,Rounds 4-7,FALSE,0,0,0.003,0.075,0,0.003,0.003,-0.7511701404229718,-3.7779540498924526,-0.695540700768399
Stevie Tu'ikolovatu,DL,TAM,00-0033971,2017,223,Rounds 4-7,FALSE,0,0,0.004,0.075,0,0.003,0.003,-0.7511701404229718,-3.7779540498924526,-0.695540700768399
Keenan Reynolds,RB,BAL,00-0033078,2016,182,Rounds 4-7,FALSE,0.0045588235294117645,0.01077736058962592,0,0.06,0.002586566541510221,0,0.002586566541510221,-0.7520924040938388,-5.507493653254559,-0.7649141963140151
Lawrence Wilson,LB,CAR,00-0028104,2011,166,Rounds 4-7,FALSE,0,0,0.005,0.061,0,0.004,0.004,-0.7522326830192203,-3.875277998195149,-0.8050209414767096
Quan Sturdivant,LB,ARI,00-0028109,2011,171,Rounds 4-7,FALSE,0,0,0.004,0.061,0,0.004,0.004,-0.7522326830192203,-3.875277998195149,-0.8050209414767096
Jabara Williams,LB,LA,00-0028166,2011,228,Rounds 4-7,FALSE,0,0,0.004,0.061,0,0.004,0.004,-0.7522326830192203,-3.875277998195149,-0.8050209414767096
Sean Porter,LB,CIN,00-0030281,2013,118,Rounds 4-7,FALSE,0,0,0.005,0.061,0,0.004,0.004,-0.7522326830192203,-3.875277998195149,-0.8050209414767096
Brandon Hepburn,LB,DET,00-0030124,2013,245,Rounds 4-7,FALSE,0,0,0.004,0.061,0,0.004,0.004,-0.7522326830192203,-3.875277998195149,-0.8050209414767096
Khairi Fortt,LB,NOR,00-0031240,2014,126,Rounds 4-7,FALSE,0,0,0.005,0.061,0,0.004,0.004,-0.7522326830192203,-3.875277998195149,-0.8050209414767096
Christian Sam,LB,NWE,00-0034403,2018,178,Rounds 4-7,FALSE,0,0,0.004,0.061,0,0.004,0.004,-0.7522326830192203,-3.875277998195149,-0.8050209414767096
Quentin Poling,LB,MIA,00-0034793,2018,227,Rounds 4-7,FALSE,0,0,0.004,0.061,0,0.004,0.004,-0.7522326830192203,-3.875277998195149,-0.8050209414767096
Daniel Lasco,RB,NOR,00-0032804,2016,237,Rounds 4-7,FALSE,0.004705882352941177,0.011125017382839662,0.004,0.06,0.002492003893756084,0,0.002492003893756084,-0.7533311359515722,-5.507493653254559,-0.7649141963140151
Marvin McNutt,WR,PHI,00-0029424,2012,194,Rounds 4-7,FALSE,0.0013725490196078432,0.002144607843137255,0.005,0.079,6.348039215686275e-4,0.001,0.0016348039215686276,-0.755770074919549,-3.823139033302942,-0.6228278656929864
Mario Alford,WR,CIN,00-0031962,2015,238,Rounds 4-7,FALSE,0.0013235294117647058,0.002068014705882353,0.004,0.079,6.204044117647058e-4,0.001,0.0016204044117647059,-0.7559107417717635,-3.823139033302942,-0.6228278656929864
B.J. Daniels,QB,SFO,00-0030120,2013,237,Rounds 4-7,FALSE,0.008676470588235294,0.013949309627387933,0.004,0.146,0.007923207868356345,0.004,0.011923207868356345,-0.7598873016017961,-3.4396236727931813,-0.7312011414982981
Chance Campbell,LB,TEN,00-0037312,2022,219,Rounds 4-7,FALSE,9.722222222222223e-4,0.0014049454078355814,0.005,0.061,3.1470777135517023e-4,0.003,0.0033147077713551703,-0.7612765288403734,-3.875277998195149,-0.8050209414767096
Alan Bonner,WR,HOU,00-0030105,2013,195,Rounds 4-7,FALSE,0,0,0.005,0.079,0,0.001,0.001,-0.7619713880639862,-3.823139033302942,-0.6228278656929864
Chris Rainey,RB,PIT,00-0029140,2012,159,Rounds 4-7,FALSE,0.001568627450980392,0.00370833912761322,0.005,0.06,8.158346080749084e-4,0.001,0.0018158346080749085,-0.7621886759558649,-5.507493653254559,-0.7649141963140151
Everett Dawkins,DL,MIN,00-0030393,2013,229,Rounds 4-7,FALSE,0.003529411764705882,0.00656024491581019,0.004,0.075,0.0018631095560900936,0,0.0018631095560900936,-0.7630312259007127,-3.7779540498924526,-0.695540700768399
Trevor Bates,LB,IND,00-0032452,2016,239,Rounds 4-7,FALSE,4.4117647058823526e-4,6.375382522951377e-4,0.003,0.061,1.4790887453247192e-4,0.003,0.003147908874532472,-0.7634777846593486,-3.875277998195149,-0.8050209414767096
Caleb McSurdy,LB,DAL,00-0029635,2012,222,Rounds 4-7,FALSE,0,0,0.004,0.061,0,0.003,0.003,-0.7654297476335926,-3.875277998195149,-0.8050209414767096
Jalen Saunders,WR,NYJ,00-0031053,2014,104,Rounds 4-7,FALSE,0.0013235294117647058,0.002068014705882353,0.005,0.079,6.121323529411764e-4,0,6.121323529411764e-4,-0.7657604143385315,-3.823139033302942,-0.6228278656929864
Logan Woodside,QB,CIN,00-0034438,2018,249,Rounds 4-7,FALSE,0.006376811594202898,0.010252108672351927,0.004,0.146,0.005823197725895894,0.005,0.010823197725895895,-0.7661216671888557,-3.4396236727931813,-0.7312011414982981
Chris Covington,LB,DAL,00-0034410,2018,193,Rounds 4-7,FALSE,0.005797101449275362,0.008377314233056883,0.004,0.061,0.0019100276451369691,0.001,0.002910027645136969,-0.7666171186142273,-3.875277998195149,-0.8050209414767096
Easton Stick,QB,LAC,00-0035282,2019,166,Rounds 4-7,FALSE,2.8571428571428574e-4,4.593477262287552e-4,0.004,0.146,2.609095084979329e-4,0.01,0.010260909508497933,-0.769308465362111,-3.4396236727931813,-0.7312011414982981
Marquez Williams,RB,JAX,00-0033796,2017,240,Rounds 4-7,FALSE,0.0022058823529411764,0.005214851898206091,0.004,0.06,0.0011681268251981642,0,0.0011681268251981642,-0.7706733819598398,-5.507493653254559,-0.7649141963140151
Tremon Smith,WR,KAN,00-0034278,2018,196,Rounds 4-7,FALSE,1.4492753623188405e-4,2.2644927536231884e-4,0,0.079,7.155797101449275e-5,0,7.155797101449275e-5,-0.771041211930179,-3.823139033302942,-0.6228278656929864
Ryan Nassib,QB,NYG,00-0030586,2013,110,Rounds 4-7,FALSE,0.005441176470588235,0.00874787213920938,0.005,0.146,0.0049337998865140904,0.005,0.009933799886514091,-0.7711623764232678,-3.4396236727931813,-0.7312011414982981
Kerry Meier,WR,ATL,00-0027764,2010,165,Rounds 4-7,FALSE,0,0,0,0.079,0,0,0,-0.7717402520135246,-3.823139033302942,-0.6228278656929864
Carlton Mitchell,WR,CLE,00-0027776,2010,177,Rounds 4-7,FALSE,0,0,0,0.079,0,0,0,-0.7717402520135246,-3.823139033302942,-0.6228278656929864
Dezmon Briscoe,WR,CIN,00-0027789,2010,191,Rounds 4-7,FALSE,0,0,0,0.079,0,0,0,-0.7717402520135246,-3.823139033302942,-0.6228278656929864
David Gettis,WR,CAR,00-0027795,2010,198,Rounds 4-7,FALSE,0,0,0,0.079,0,0,0,-0.7717402520135246,-3.823139033302942,-0.6228278656929864
Terrence Austin,WR,WAS,00-0027813,2010,219,Rounds 4-7,FALSE,0,0,0,0.079,0,0,0,-0.7717402520135246,-3.823139033302942,-0.6228278656929864
Tim Toone,WR,DET,00-0027846,2010,255,Rounds 4-7,FALSE,0,0,0,0.079,0,0,0,-0.7717402520135246,-3.823139033302942,-0.6228278656929864
Kealoha Pilares,WR,CAR,00-0028070,2011,132,Rounds 4-7,FALSE,0,0,0.005,0.079,0,0,0,-0.7717402520135246,-3.823139033302942,-0.6228278656929864
Scotty McKnight,WR,NYJ,00-0028165,2011,227,Rounds 4-7,FALSE,0,0,0.004,0.079,0,0,0,-0.7717402520135246,-3.823139033302942,-0.6228278656929864
Greg Childs,WR,MIN,00-0029573,2012,134,Rounds 4-7,FALSE,0,0,0.005,0.079,0,0,0,-0.7717402520135246,-3.823139033302942,-0.6228278656929864
Jordan White,WR,NYJ,00-0029642,2012,244,Rounds 4-7,FALSE,0,0,0.004,0.079,0,0,0,-0.7717402520135246,-3.823139033302942,-0.6228278656929864
Ryan Swope,WR,ARI,NA,2013,174,Rounds 4-7,FALSE,0,0,0.005,0.079,0,0,0,-0.7717402520135246,-3.823139033302942,-0.6228278656929864
Aaron Mellette,WR,BAL,00-0029896,2013,238,Rounds 4-7,FALSE,0,0,0.004,0.079,0,0,0,-0.7717402520135246,-3.823139033302942,-0.6228278656929864
Shaquelle Evans,WR,NYJ,00-0031056,2014,115,Rounds 4-7,FALSE,0,0,0,0.079,0,0,0,-0.7717402520135246,-3.823139033302942,-0.6228278656929864
Tevin Reese,WR,LAC,00-0031002,2014,240,Rounds 4-7,FALSE,0,0,0.004,0.079,0,0,0,-0.7717402520135246,-3.823139033302942,-0.6228278656929864
Jeremy Gallon,WR,NWE,NA,2014,244,Rounds 4-7,FALSE,0,0,0.004,0.079,0,0,0,-0.7717402520135246,-3.823139033302942,-0.6228278656929864
Evan Spencer,WR,WAS,00-0031954,2015,187,Rounds 4-7,FALSE,0,0,0.004,0.079,0,0,0,-0.7717402520135246,-3.823139033302942,-0.6228278656929864
Bud Sasser,WR,LA,NA,2015,201,Rounds 4-7,FALSE,0,0,0,0.079,0,0,0,-0.7717402520135246,-3.823139033302942,-0.6228278656929864
Andre Debose,WR,LV,00-0032121,2015,221,Rounds 4-7,FALSE,0,0,0.003,0.079,0,0,0,-0.7717402520135246,-3.823139033302942,-0.6228278656929864
Devin Fuller,WR,ATL,00-0032451,2016,238,Rounds 4-7,FALSE,0,0,0.004,0.079,0,0,0,-0.7717402520135246,-3.823139033302942,-0.6228278656929864
Kenny Lawler,WR,SEA,00-0032453,2016,243,Rounds 4-7,FALSE,0,0,0.003,0.079,0,0,0,-0.7717402520135246,-3.823139033302942,-0.6228278656929864
Jordan Lasley,WR,BAL,00-0034271,2018,162,Rounds 4-7,FALSE,0,0,0.004,0.079,0,0,0,-0.7717402520135246,-3.823139033302942,-0.6228278656929864
Dylan Cantrell,WR,LAC,00-0034409,2018,191,Rounds 4-7,FALSE,0,0,0.004,0.079,0,0,0,-0.7717402520135246,-3.823139033302942,-0.6228278656929864
Marcus Green,WR,ATL,00-0035296,2019,203,Rounds 4-7,FALSE,0,0,0.004,0.079,0,0,0,-0.7717402520135246,-3.823139033302942,-0.6228278656929864
Dillon Mitchell,WR,MIN,00-0035002,2019,239,Rounds 4-7,FALSE,0,0,0.003,0.079,0,0,0,-0.7717402520135246,-3.823139033302942,-0.6228278656929864
Robert Windsor,DL,IND,00-0036227,2020,193,Rounds 4-7,FALSE,0.0018309859154929577,0.0034033195455259436,0.004,0.075,9.665427509293679e-4,0,9.665427509293679e-4,-0.7723850344136455,-3.7779540498924526,-0.695540700768399
Cameron Smith,LB,MIN,00-0034986,2019,162,Rounds 4-7,FALSE,0.006571428571428572,0.009496284062758053,0.004,0.061,0.002165152766308836,0,0.002165152766308836,-0.7764472805197449,-3.875277998195149,-0.8050209414767096
Kyle Lauletta,QB,NYG,00-0034369,2018,108,Rounds 4-7,FALSE,0.004202898550724638,0.006757071624959225,0.004,0.146,0.0038380166829768392,0.005,0.008838016682976839,-0.7773727856107051,-3.4396236727931813,-0.7312011414982981
Daelin Hayes,DL,BAL,00-0036562,2021,171,Rounds 4-7,FALSE,8.333333333333333e-4,0.0015489467162329614,0,0.075,4.646840148698884e-4,0,4.646840148698884e-4,-0.7776208857641773,-3.7779540498924526,-0.695540700768399
Jashon Cornell,DL,DET,00-0036444,2020,235,Rounds 4-7,FALSE,8.450704225352112e-4,0.00157076286716582,0.004,0.075,4.460966542750928e-4,0,4.460966542750928e-4,-0.7778148061845673,-3.7779540498924526,-0.695540700768399
Sean Renfree,QB,ATL,00-0030569,2013,249,Rounds 4-7,FALSE,0.005147058823529412,0.008275014185738604,0.004,0.146,0.004700208057499527,0.004,0.008700208057499527,-0.7781538232749162,-3.4396236727931813,-0.7312011414982981
David Howard,DL,TEN,NA,2010,241,Rounds 4-7,FALSE,0,0,0,0.075,0,0,0,-0.782468896273929,-3.7779540498924526,-0.695540700768399
Doug Worthington,DL,PIT,00-0027833,2010,242,Rounds 4-7,FALSE,0,0,0,0.075,0,0,0,-0.782468896273929,-3.7779540498924526,-0.695540700768399
Jeff Owens,DL,PHI,00-0027834,2010,243,Rounds 4-7,FALSE,0,0,0,0.075,0,0,0,-0.782468896273929,-3.7779540498924526,-0.695540700768399
Kade Weston,DL,NWE,NA,2010,248,Rounds 4-7,FALSE,0,0,0,0.075,0,0,0,-0.782468896273929,-3.7779540498924526,-0.695540700768399
Christian Ballard,DL,MIN,00-0028044,2011,106,Rounds 4-7,FALSE,0,0,0.005,0.075,0,0,0,-0.782468896273929,-3.7779540498924526,-0.695540700768399
Ricky Elmore,DL,GNB,00-0028135,2011,197,Rounds 4-7,FALSE,0,0,0,0.075,0,0,0,-0.782468896273929,-3.7779540498924526,-0.695540700768399
Pep Levingston,DL,SEA,00-0028143,2011,205,Rounds 4-7,FALSE,0,0,0,0.075,0,0,0,-0.782468896273929,-3.7779540498924526,-0.695540700768399
Greg Romeus,DL,NOR,00-0028164,2011,226,Rounds 4-7,FALSE,0,0,0,0.075,0,0,0,-0.782468896273929,-3.7779540498924526,-0.695540700768399
Michael Jasper,DL,BUF,00-0028183,2011,245,Rounds 4-7,FALSE,0,0,0.004,0.075,0,0,0,-0.782468896273929,-3.7779540498924526,-0.695540700768399
Jeremy Beal,DL,DEN,00-0028185,2011,247,Rounds 4-7,FALSE,0,0,0,0.075,0,0,0,-0.782468896273929,-3.7779540498924526,-0.695540700768399
J.R. Sweezy,DL,SEA,00-0029146,2012,225,Rounds 4-7,FALSE,0,0,0,0.075,0,0,0,-0.782468896273929,-3.7779540498924526,-0.695540700768399
Jordan Carrell,DL,DAL,NA,2017,246,Rounds 4-7,FALSE,0,0,0.004,0.075,0,0,0,-0.782468896273929,-3.7779540498924526,-0.695540700768399
Kendrick Norton,DL,CAR,00-0034434,2018,242,Rounds 4-7,FALSE,0,0,0.004,0.075,0,0,0,-0.782468896273929,-3.7779540498924526,-0.695540700768399
Joshua Frazier,DL,PIT,00-0034338,2018,246,Rounds 4-7,FALSE,0,0,0.004,0.075,0,0,0,-0.782468896273929,-3.7779540498924526,-0.695540700768399
Terry Beckner,DL,TAM,00-0035302,2019,215,Rounds 4-7,FALSE,0,0,0.003,0.075,0,0,0,-0.782468896273929,-3.7779540498924526,-0.695540700768399
Jaylen Twyman,DL,MIN,00-0036651,2021,199,Rounds 4-7,FALSE,0,0,0,0.075,0,0,0,-0.782468896273929,-3.7779540498924526,-0.695540700768399
Curtis Brooks,DL,IND,00-0037309,2022,216,Rounds 4-7,FALSE,0,0,0.005,0.075,0,0,0,-0.782468896273929,-3.7779540498924526,-0.695540700768399
Ben Mason,RB,BAL,00-0036565,2021,184,Rounds 4-7,FALSE,2.777777777777778e-4,6.566850538481745e-4,0.005,0.06,1.4447071184659838e-4,0,1.4447071184659838e-4,-0.7840828567269701,-5.507493653254559,-0.7649141963140151
Joe McKnight,RB,NYJ,00-0027712,2010,112,Rounds 4-7,FALSE,0,0,0,0.06,0,0,0,-0.7859753637318405,-5.507493653254559,-0.7649141963140151
Dennis Morris,RB,WAS,NA,2010,174,Rounds 4-7,FALSE,0,0,0,0.06,0,0,0,-0.7859753637318405,-5.507493653254559,-0.7649141963140151
Charles Scott,RB,PHI,NA,2010,200,Rounds 4-7,FALSE,0,0,0,0.06,0,0,0,-0.7859753637318405,-5.507493653254559,-0.7649141963140151
Ryan D'Imperio,RB,MIN,00-0027612,2010,237,Rounds 4-7,FALSE,0,0,0,0.06,0,0,0,-0.7859753637318405,-5.507493653254559,-0.7649141963140151
Jamie Harper,RB,TEN,00-0028068,2011,130,Rounds 4-7,FALSE,0,0,0.005,0.06,0,0,0,-0.7859753637318405,-5.507493653254559,-0.7649141963140151
Johnny White,RB,BUF,00-0028071,2011,133,Rounds 4-7,FALSE,0,0,0.005,0.06,0,0,0,-0.7859753637318405,-5.507493653254559,-0.7649141963140151
Allen Bradford,RB,TAM,00-0028125,2011,187,Rounds 4-7,FALSE,0,0,0,0.06,0,0,0,-0.7859753637318405,-5.507493653254559,-0.7649141963140151
Shane Bannon,RB,KAN,00-0028161,2011,223,Rounds 4-7,FALSE,0,0,0.004,0.06,0,0,0,-0.7859753637318405,-5.507493653254559,-0.7649141963140151
Jay Finley,RB,CIN,00-0028184,2011,246,Rounds 4-7,FALSE,0,0,0.004,0.06,0,0,0,-0.7859753637318405,-5.507493653254559,-0.7649141963140151
Terrance Ganaway,RB,NYJ,00-0029427,2012,202,Rounds 4-7,FALSE,0,0,0.005,0.06,0,0,0,-0.7859753637318405,-5.507493653254559,-0.7649141963140151
Marcus Lattimore,RB,SFO,00-0030497,2013,131,Rounds 4-7,FALSE,0,0,0.005,0.06,0,0,0,-0.7859753637318405,-5.507493653254559,-0.7649141963140151
Braden Wilson,RB,KAN,NA,2013,204,Rounds 4-7,FALSE,0,0,0.005,0.06,0,0,0,-0.7859753637318405,-5.507493653254559,-0.7649141963140151
Jawan Jamison,RB,WAS,00-0030415,2013,228,Rounds 4-7,FALSE,0,0,0.004,0.06,0,0,0,-0.7859753637318405,-5.507493653254559,-0.7649141963140151
Keith Marshall,RB,WAS,00-0032806,2016,242,Rounds 4-7,FALSE,0,0,0.004,0.06,0,0,0,-0.7859753637318405,-5.507493653254559,-0.7649141963140151
Zac Brooks,RB,SEA,00-0032808,2016,247,Rounds 4-7,FALSE,0,0,0.003,0.06,0,0,0,-0.7859753637318405,-5.507493653254559,-0.7649141963140151
Joe Williams,RB,SFO,00-0033286,2017,121,Rounds 4-7,FALSE,0,0,0.005,0.06,0,0,0,-0.7859753637318405,-5.507493653254559,-0.7649141963140151
Sam Rogers,RB,LA,00-0033967,2017,206,Rounds 4-7,FALSE,0,0,0.004,0.06,0,0,0,-0.7859753637318405,-5.507493653254559,-0.7649141963140151
Brandon Wilson,RB,CIN,00-0033791,2017,207,Rounds 4-7,FALSE,0,0,0,0.06,0,0,0,-0.7859753637318405,-5.507493653254559,-0.7649141963140151
Bryce Love,RB,WAS,00-0035256,2019,112,Rounds 4-7,FALSE,0,0,0.004,0.06,0,0,0,-0.7859753637318405,-5.507493653254559,-0.7649141963140151
Rodney Anderson,RB,CIN,00-0035299,2019,211,Rounds 4-7,FALSE,0,0,0.004,0.06,0,0,0,-0.7859753637318405,-5.507493653254559,-0.7649141963140151
Raymond Calais,RB,TAM,00-0036435,2020,245,Rounds 4-7,FALSE,0,0,0.004,0.06,0,0,0,-0.7859753637318405,-5.507493653254559,-0.7649141963140151
Cardale Jones,QB,BUF,00-0033098,2016,139,Rounds 4-7,FALSE,0.004411764705882353,0.00709286930206166,0.004,0.146,0.004028749763571023,0.003,0.007028749763571023,-0.7876269014454187,-3.4396236727931813,-0.7312011414982981
Jacob Eason,QB,IND,00-0036226,2020,122,Rounds 4-7,FALSE,0.00323943661971831,0.005208097459354196,0.005,0.146,0.0029373669670757665,0.004,0.006937366967075767,-0.7881448182715717,-3.4396236727931813,-0.7312011414982981
Keishawn Bierria,LB,DEN,00-0034422,2018,217,Rounds 4-7,FALSE,0.0036231884057971015,0.005235821395660552,0.004,0.061,0.0011937672782106057,0,0.0011937672782106057,-0.7892667175716408,-3.875277998195149,-0.8050209414767096
Jake Rudock,QB,DET,00-0032431,2016,191,Rounds 4-7,FALSE,0.002058823529411765,0.003310005674295442,0.003,0.146,0.0018933232456969926,0.004,0.005893323245696993,-0.7940619912108963,-3.4396236727931813,-0.7312011414982981
Cassh Maluia,LB,NWE,00-0036164,2020,204,Rounds 4-7,FALSE,0.0019718309859154933,0.002849466742652447,0.004,0.061,6.496784173247579e-4,0,6.496784173247579e-4,-0.7964470934247115,-3.875277998195149,-0.8050209414767096
Mike Kafka,QB,PHI,00-0027722,2010,122,Rounds 4-7,FALSE,0,0,0,0.146,0,0.005,0.005,-0.7991249478929472,-3.4396236727931813,-0.7312011414982981
Ricky Stanzi,QB,KAN,00-0028073,2011,135,Rounds 4-7,FALSE,0,0,0.005,0.146,0,0.005,0.005,-0.7991249478929472,-3.4396236727931813,-0.7312011414982981
Austin Spitler,LB,MIA,00-0027843,2010,252,Rounds 4-7,FALSE,5.882352941176471e-4,8.500510030601837e-4,0,0.061,2.0741244474668482e-4,0,2.0741244474668482e-4,-0.8022837060415626,-3.875277998195149,-0.8050209414767096
Josh Hull,LB,LA,00-0027845,2010,254,Rounds 4-7,FALSE,5.882352941176471e-4,8.500510030601837e-4,0,0.061,2.0741244474668482e-4,0,2.0741244474668482e-4,-0.8022837060415626,-3.875277998195149,-0.8050209414767096
T.J. Brunson,LB,NYG,00-0036404,2020,238,Rounds 4-7,FALSE,5.633802816901409e-4,8.141333550435563e-4,0.004,0.061,1.8562240494993083e-4,0,1.8562240494993083e-4,-0.8025712706047101,-3.875277998195149,-0.8050209414767096
Amarlo Herrera,LB,IND,00-0031613,2015,207,Rounds 4-7,FALSE,2.9411764705882356e-4,4.2502550153009186e-4,0.003,0.061,9.860591635498131e-5,0,9.860591635498131e-5,-0.8037196328272135,-3.875277998195149,-0.8050209414767096
D'Andre Walker,LB,TEN,00-0035284,2019,168,Rounds 4-7,FALSE,1.4285714285714287e-4,2.0644095788604464e-4,0.004,0.061,4.7068538398018175e-5,0,4.7068538398018175e-5,-0.8043997749341668,-3.875277998195149,-0.8050209414767096
Dan LeFevour,QB,CHI,00-0027605,2010,181,Rounds 4-7,FALSE,0,0,0,0.146,0,0.004,0.004,-0.804792500714883,-3.4396236727931813,-0.7312011414982981
Nathan Enderle,QB,CHI,00-0028098,2011,160,Rounds 4-7,FALSE,0,0,0.005,0.146,0,0.004,0.004,-0.804792500714883,-3.4396236727931813,-0.7312011414982981
Greg McElroy,QB,NYJ,00-0028146,2011,208,Rounds 4-7,FALSE,0,0,0.004,0.146,0,0.004,0.004,-0.804792500714883,-3.4396236727931813,-0.7312011414982981
Chandler Harnish,QB,IND,00-0029554,2012,253,Rounds 4-7,FALSE,0,0,0.004,0.146,0,0.004,0.004,-0.804792500714883,-3.4396236727931813,-0.7312011414982981
Brad Sorensen,QB,LAC,00-0030292,2013,221,Rounds 4-7,FALSE,0,0,0.005,0.146,0,0.004,0.004,-0.804792500714883,-3.4396236727931813,-0.7312011414982981
Zac Dysert,QB,DEN,00-0030394,2013,234,Rounds 4-7,FALSE,0,0,0.004,0.146,0,0.004,0.004,-0.804792500714883,-3.4396236727931813,-0.7312011414982981
Aaron Murray,QB,KAN,00-0031287,2014,163,Rounds 4-7,FALSE,0,0,0.005,0.146,0,0.004,0.004,-0.804792500714883,-3.4396236727931813,-0.7312011414982981
Keith Wenning,QB,BAL,00-0030998,2014,194,Rounds 4-7,FALSE,0,0,0.004,0.146,0,0.004,0.004,-0.804792500714883,-3.4396236727931813,-0.7312011414982981
Garrett Gilbert,QB,LA,00-0031395,2014,214,Rounds 4-7,FALSE,0,0,0.004,0.146,0,0.004,0.004,-0.804792500714883,-3.4396236727931813,-0.7312011414982981
Danny Etling,QB,NWE,00-0034423,2018,219,Rounds 4-7,FALSE,0,0,0.004,0.146,0,0.004,0.004,-0.804792500714883,-3.4396236727931813,-0.7312011414982981
Alex McGough,QB,SEA,00-0034732,2018,220,Rounds 4-7,FALSE,0,0,0.004,0.146,0,0.004,0.004,-0.804792500714883,-3.4396236727931813,-0.7312011414982981
Clayton Thorson,QB,PHI,00-0035283,2019,167,Rounds 4-7,FALSE,0,0,0.004,0.146,0,0.004,0.004,-0.804792500714883,-3.4396236727931813,-0.7312011414982981
James Morgan,QB,NYJ,00-0036301,2020,125,Rounds 4-7,FALSE,0,0,0.005,0.146,0,0.004,0.004,-0.804792500714883,-3.4396236727931813,-0.7312011414982981
Phillip Dillard,LB,NYG,00-0027715,2010,115,Rounds 4-7,FALSE,0,0,0,0.061,0,0,0,-0.8050209414767096,-3.875277998195149,-0.8050209414767096
A.J. Edds,LB,MIA,00-0027719,2010,119,Rounds 4-7,FALSE,0,0,0,0.061,0,0,0,-0.8050209414767096,-3.875277998195149,-0.8050209414767096
Keenan Clayton,LB,PHI,00-0027721,2010,121,Rounds 4-7,FALSE,0,0,0,0.061,0,0,0,-0.8050209414767096,-3.875277998195149,-0.8050209414767096
Eric Norwood,LB,CAR,00-0027724,2010,124,Rounds 4-7,FALSE,0,0,0,0.061,0,0,0,-0.8050209414767096,-3.875277998195149,-0.8050209414767096
Roddrick Muckelroy,LB,CIN,00-0027731,2010,131,Rounds 4-7,FALSE,0,0,0,0.061,0,0,0,-0.8050209414767096,-3.875277998195149,-0.8050209414767096
Nate Triplett,LB,MIN,00-0027766,2010,167,Rounds 4-7,FALSE,0,0,0,0.061,0,0,0,-0.8050209414767096,-3.875277998195149,-0.8050209414767096
Travis Goethel,LB,LV,00-0027788,2010,190,Rounds 4-7,FALSE,0,0,0,0.061,0,0,0,-0.8050209414767096,-3.875277998195149,-0.8050209414767096
Jamar Chaney,LB,PHI,00-0027814,2010,220,Rounds 4-7,FALSE,0,0,0,0.061,0,0,0,-0.8050209414767096,-3.875277998195149,-0.8050209414767096
Dexter Davis,LB,SEA,00-0027828,2010,236,Rounds 4-7,FALSE,0,0,0,0.061,0,0,0,-0.8050209414767096,-3.875277998195149,-0.8050209414767096
Doug Hogue,LB,DET,00-0028095,2011,157,Rounds 4-7,FALSE,0,0,0.005,0.061,0,0,0,-0.8050209414767096,-3.875277998195149,-0.8050209414767096
Markell Carter,LB,NWE,00-0028132,2011,194,Rounds 4-7,FALSE,0,0,0.005,0.061,0,0,0,-0.8050209414767096,-3.875277998195149,-0.8050209414767096
Ross Homan,LB,MIN,NA,2011,200,Rounds 4-7,FALSE,0,0,0.004,0.061,0,0,0,-0.8050209414767096,-3.875277998195149,-0.8050209414767096
Greg Lloyd,LB,PHI,00-0028175,2011,237,Rounds 4-7,FALSE,0,0,0.004,0.061,0,0,0,-0.8050209414767096,-3.875277998195149,-0.8050209414767096
Nate Bussey,LB,NOR,00-0028181,2011,243,Rounds 4-7,FALSE,0,0,0.004,0.061,0,0,0,-0.8050209414767096,-3.875277998195149,-0.8050209414767096
Ronnell Lewis,LB,DET,00-0029210,2012,125,Rounds 4-7,FALSE,0,0,0.005,0.061,0,0,0,-0.8050209414767096,-3.875277998195149,-0.8050209414767096
Aaron Brown,LB,LA,00-0029611,2012,209,Rounds 4-7,FALSE,0,0,0.004,0.061,0,0,0,-0.8050209414767096,-3.875277998195149,-0.8050209414767096
Marquis Spruill,LB,ATL,00-0031183,2014,168,Rounds 4-7,FALSE,0,0,0.004,0.061,0,0,0,-0.8050209414767096,-3.875277998195149,-0.8050209414767096
Jordan Zumwalt,LB,PIT,00-0031316,2014,192,Rounds 4-7,FALSE,0,0,0.004,0.061,0,0,0,-0.8050209414767096,-3.875277998195149,-0.8050209414767096
Will Smith,LB,DAL,00-0031030,2014,238,Rounds 4-7,FALSE,0,0,0.004,0.061,0,0,0,-0.8050209414767096,-3.875277998195149,-0.8050209414767096
Yawin Smallwood,LB,ATL,00-0031195,2014,253,Rounds 4-7,FALSE,0,0,0.004,0.061,0,0,0,-0.8050209414767096,-3.875277998195149,-0.8050209414767096
Tyler Starr,LB,ATL,00-0031196,2014,255,Rounds 4-7,FALSE,0,0,0.004,0.061,0,0,0,-0.8050209414767096,-3.875277998195149,-0.8050209414767096
Matthew Wells,LB,NWE,00-0031602,2015,178,Rounds 4-7,FALSE,0,0,0.004,0.061,0,0,0,-0.8050209414767096,-3.875277998195149,-0.8050209414767096
Steven Daniels,LB,WAS,00-0032802,2016,232,Rounds 4-7,FALSE,0,0,0.004,0.061,0,0,0,-0.8050209414767096,-3.875277998195149,-0.8050209414767096
Azeem Victor,LB,LV,00-0034282,2018,216,Rounds 4-7,FALSE,0,0,0.004,0.061,0,0,0,-0.8050209414767096,-3.875277998195149,-0.8050209414767096
Vosean Joseph,LB,BUF,00-0035271,2019,147,Rounds 4-7,FALSE,0,0,0.004,0.061,0,0,0,-0.8050209414767096,-3.875277998195149,-0.8050209414767096
Deshaun Davis,LB,CIN,00-0035626,2019,210,Rounds 4-7,FALSE,0,0,0.004,0.061,0,0,0,-0.8050209414767096,-3.875277998195149,-0.8050209414767096
Evan Weaver,LB,ARI,00-0036381,2020,202,Rounds 4-7,FALSE,0,0,0.004,0.061,0,0,0,-0.8050209414767096,-3.875277998195149,-0.8050209414767096
Jordan Glasgow,LB,IND,00-0036229,2020,213,Rounds 4-7,FALSE,0,0,0.004,0.061,0,0,0,-0.8050209414767096,-3.875277998195149,-0.8050209414767096
Darrian Beavers,LB,NYG,00-0037285,2022,182,Rounds 4-7,FALSE,0,0,0.005,0.061,0,0,0,-0.8050209414767096,-3.875277998195149,-0.8050209414767096
Chad Kelly,QB,DEN,00-0033597,2017,253,Rounds 4-7,FALSE,2.9411764705882356e-4,4.728579534707774e-4,0.004,0.146,2.6858331757140155e-4,0.003,0.0032685833175714017,-0.808937843397392,-3.4396236727931813,-0.7312011414982981
Brandon Doughty,QB,MIA,00-0032446,2016,223,Rounds 4-7,FALSE,0,0,0.003,0.146,0,0.003,0.003,-0.8104600535368187,-3.4396236727931813,-0.7312011414982981
Tommy Stevens,QB,NOR,00-0036433,2020,240,Rounds 4-7,FALSE,0.0011267605633802818,0.0018115121597753726,0.004,0.146,0.0010289389067524115,0,0.0010289389067524115,-0.821631146398062,-3.4396236727931813,-0.7312011414982981
John Skelton,QB,ARI,00-0027754,2010,155,Rounds 4-7,FALSE,0,0,0,0.146,0,0,0,-0.8274627120026261,-3.4396236727931813,-0.7312011414982981
Jonathan Crompton,QB,LAC,00-0027767,2010,168,Rounds 4-7,FALSE,0,0,0,0.146,0,0,0,-0.8274627120026261,-3.4396236727931813,-0.7312011414982981
Rusty Smith,QB,TEN,00-0027775,2010,176,Rounds 4-7,FALSE,0,0,0,0.146,0,0,0,-0.8274627120026261,-3.4396236727931813,-0.7312011414982981
Tony Pike,QB,CAR,00-0027801,2010,204,Rounds 4-7,FALSE,0,0,0,0.146,0,0,0,-0.8274627120026261,-3.4396236727931813,-0.7312011414982981
Levi Brown,QB,BUF,00-0027804,2010,209,Rounds 4-7,FALSE,0,0,0,0.146,0,0,0,-0.8274627120026261,-3.4396236727931813,-0.7312011414982981
Sean Canfield,QB,NOR,00-0027830,2010,239,Rounds 4-7,FALSE,0,0,0,0.146,0,0,0,-0.8274627120026261,-3.4396236727931813,-0.7312011414982981
Zac Robinson,QB,NWE,00-0027841,2010,250,Rounds 4-7,FALSE,0,0,0,0.146,0,0,0,-0.8274627120026261,-3.4396236727931813,-0.7312011414982981
B.J. Coleman,QB,GNB,00-0029219,2012,243,Rounds 4-7,FALSE,0,0,0.004,0.146,0,0,0,-0.8274627120026261,-3.4396236727931813,-0.7312011414982981
Tyler Wilson,QB,LV,00-0030568,2013,112,Rounds 4-7,FALSE,0,0,0.005,0.146,0,0,0,-0.8274627120026261,-3.4396236727931813,-0.7312011414982981
Tajh Boyd,QB,NYJ,NA,2014,213,Rounds 4-7,FALSE,0,0,0.004,0.146,0,0,0,-0.8274627120026261,-3.4396236727931813,-0.7312011414982981
Brad Kaaya,QB,DET,00-0033585,2017,215,Rounds 4-7,FALSE,0,0,0.004,0.146,0,0,0,-0.8274627120026261,-3.4396236727931813,-0.7312011414982981
Tanner Lee,QB,JAX,00-0034416,2018,203,Rounds 4-7,FALSE,0,0,0.004,0.146,0,0,0,-0.8274627120026261,-3.4396236727931813,-0.7312011414982981
Cole McDonald,QB,TEN,NA,2020,224,Rounds 4-7,FALSE,0,0,0.004,0.146,0,0,0,-0.8274627120026261,-3.4396236727931813,-0.7312011414982981
Nate Stanley,QB,MIN,00-0036279,2020,244,Rounds 4-7,FALSE,0,0,0.004,0.146,0,0,0,-0.8274627120026261,-3.4396236727931813,-0.7312011414982981
