pfr_player_id,pfr_player_name,pos_group,draft_season,second_apy_cap_pct,second_contract_year,contract_years,post_contract_games,post_contract_avg_snap,hit_threshold,post_contract_snap_ratio
AbduAm00,Ameer Abdullah,RB,2015,0.005,2021,1,34,0.2185294117647059,0.423,0.5166179947156168
AbraJo01,Johnathan Abram,S,2019,0.005,2023,1,12,0.4041666666666667,0.714,0.5660597572362278
AchoSa00,Sam Acho,EDGE,2011,0.006,2015,1,31,0.4664516129032258,0.609,0.7659303988558716
AdamDa01,Davante Adams,WR,2014,0.087,2017,4,29,0.8951724137931034,0.64,1.398706896551724
AdamJa00,Jamal Adams,S,2017,0.096,2021,4,13,0.8969230769230769,0.714,1.2561947856065503
AdamMa00,Matthew Adams,LB,2018,0.006,2022,1,28,0.15392857142857144,0.692,0.22244013212221309
AdamMi02,Mike Adams,OT,2012,0.005,2016,1,12,0.1325,0.73,0.1815068493150685
AdamMo00,Montravius Adams,DL,2017,0.012,2022,2,31,0.35451612903225804,0.538,0.6589519126993644
AdamPh00,Phillip Adams,CB,2010,0.006,2013,1,28,0.33964285714285714,0.692,0.49081337737407105
AdebPa00,Paulson Adebo,CB,2021,0.064,2025,3,12,0.9583333333333334,0.692,1.384874759152216
AghoNe00,Nelson Agholor,WR,2015,0.06,2021,2,32,0.6109375,0.64,0.95458984375
AkerCa00,Cam Akers,RB,2020,0.005,2024,1,26,0.16884615384615387,0.423,0.3991634842698673
AkinJo00,Jordan Akins,TE,2018,0.009000000000000001,2023,2,35,0.2914285714285714,0.534,0.5457463884430176
AlexJa00,Jaire Alexander,CB,2018,0.10099999999999999,2022,4,25,0.9248,0.692,1.3364161849710983
AlexKw00,Kwon Alexander,LB,2015,0.07200000000000001,2019,4,23,0.7626086956521739,0.692,1.102035687358633
AlexMa01,Mackensie Alexander,CB,2016,0.02,2020,1,29,0.6793103448275862,0.692,0.9816623480167432
AlfoRo00,Robert Alford,CB,2013,0.061,2016,4,37,0.9821621621621621,0.692,1.419309482893298
AlleBe00,Beau Allen,DL,2014,0.027999999999999997,2018,3,27,0.31555555555555553,0.538,0.5865344898802147
AlleBr02,Brian Allen,IOL,2018,0.028999999999999998,2022,3,12,0.5466666666666666,0.747,0.7318161535029004
AlleCo00,Cortez Allen,CB,2011,0.046,2014,4,12,0.6408333333333334,0.692,0.9260597302504818
AlleDa01,Dakota Allen,LB,2019,0.005,2021,1,20,0.030999999999999993,0.692,0.04479768786127167
AlleDw00,Dwayne Allen,TE,2012,0.047,2016,4,33,0.5036363636363637,0.534,0.9431392577459993
AlleJe01,Jeff Allen,IOL,2012,0.045,2016,4,28,0.8667857142857143,0.747,1.1603557085484797
AlleJo02,Josh Allen,QB,2018,0.23600000000000002,2021,6,37,0.9737837837837838,0.622,1.565568784218302
AlleJo03,Josh Hines-Allen,EDGE,2019,0.111,2024,5,34,0.7602941176470588,0.609,1.2484304066454168
AlleKe00,Keenan Allen,WR,2013,0.07200000000000001,2016,4,17,0.8164705882352942,0.64,1.2757352941176472
AlleNa99,Nate Allen,S,2010,0.04,2015,4,19,0.39473684210526316,0.714,0.5528527200353827
AlleNi00,Nick Allegretti,IOL,2019,0.021,2024,3,36,0.666111111111111,0.747,0.8917150081808715
AlleRi00,Ricardo Allen,S,2014,0.037000000000000005,2018,3,19,0.9147368421052632,0.714,1.2811440365619933
AlonKi00,Kiko Alonso,LB,2013,0.043,2017,4,31,0.9729032258064516,0.692,1.4059295170613464
AluaTy99,Tyson Alualu,DL,2010,0.021,2015,2,30,0.5706666666666667,0.538,1.060718711276332
AmerDa00,David Amerson,CB,2013,0.053,2016,4,22,0.915,0.692,1.3222543352601157
AmosAd00,Adrian Amos,S,2015,0.048,2019,4,36,0.9772222222222222,0.714,1.3686585745409274
AmukPr00,Prince Amukamara,CB,2011,0.042,2017,1,30,0.9146666666666666,0.692,1.3217726396917149
AndeHe00,Henry Anderson,EDGE,2015,0.019,2021,2,15,0.2306666666666667,0.609,0.3787629994526547
AndrMa00,Mark Andrews,TE,2018,0.077,2021,4,33,0.7978787878787879,0.534,1.494155033480876
AnsaEz00,Ezekiel Ansah,EDGE,2013,0.09699999999999999,2018,1,19,0.40421052631578946,0.609,0.6637282862328234
AnthSt00,Stephone Anthony,LB,2015,0.004,2019,1,13,0.025384615384615384,0.692,0.03668297020898177
AnzaAl00,Alex Anzalone,LB,2017,0.027999999999999997,2023,3,30,0.9523333333333334,0.692,1.376204238921002
ApplEl00,Eli Apple,CB,2016,0.017,2022,1,29,0.8841379310344828,0.692,1.2776559697030099
ArmaAl00,Alex Armah,RB,2017,0.006,2021,1,14,0.08785714285714286,0.423,0.2077001013171226
ArmsAr01,Arik Armstead,DL,2015,0.086,2020,5,36,0.7425,0.538,1.3801115241635689
ArmsCo00,Cornell Armstrong,CB,2018,0.006,2021,1,10,0.5640000000000001,0.692,0.8150289017341041
ArmsDo00,Dorance Armstrong Jr.,EDGE,2018,0.043,2024,3,26,0.5876923076923076,0.609,0.965011999494758
ArmsTe00,Terron Armstead,OT,2013,0.084,2016,5,19,0.8363157894736842,0.73,1.1456380677721703
AsamJo20,Jon Asamoah,IOL,2010,0.034,2014,5,15,0.928,0.747,1.242302543507363
AtkiGe99,Geno Atkins,DL,2010,0.087,2013,5,26,0.6853846153846154,0.538,1.2739490992279094
AttaJe00,Jeremiah Attaochu,LB,2014,0.005,2019,1,25,0.4328,0.692,0.6254335260115608
AtweTu00,Tutu Atwell,WR,2021,0.036000000000000004,2025,1,11,0.27181818181818185,0.64,0.4247159090909091
AustBl00,Blessuan Austin,CB,2019,0.005,2021,1,11,0.1827272727272727,0.692,0.26405675249605887
AustMa00,Marvin Austin,DL,2011,0.005,2014,2,16,0.268125,0.538,0.4983736059479554
AustTa00,Tavon Austin,WR,2013,0.068,2016,4,32,0.4709375,0.64,0.73583984375
AwuzCh00,Chidobe Awuzie,CB,2017,0.04,2021,3,26,0.8857692307692308,0.692,1.2800133392618942
AyerAk00,Akeem Ayers,LB,2011,0.021,2015,2,32,0.3975,0.692,0.5744219653179191
BakeBu00,Budda Baker,S,2017,0.07400000000000001,2020,4,33,0.956060606060606,0.714,1.3390204566675155
BakeDe00,Deandre Baker,CB,2019,0.005,2021,1,10,0.333,0.692,0.48121387283237
BakeJe00,Jerome Baker,LB,2018,0.068,2021,3,34,0.9058823529411765,0.692,1.309078544712683
BakhDa00,David Bakhtiari,OT,2013,0.077,2016,4,31,0.9696774193548388,0.73,1.3283252319929297
BallCo00,Corey Ballentine,CB,2019,0.008,2024,1,22,0.07,0.692,0.10115606936416187
BallKa00,Kalen Ballage,RB,2018,0.005,2021,1,18,0.06777777777777778,0.423,0.16023115313895459
BankAa00,Aaron Banks,IOL,2021,0.069,2025,4,16,0.835625,0.747,1.1186412315930387
BarkSa00,Saquon Barkley,RB,2018,0.049,2024,3,37,0.7675675675675676,0.423,1.8145805379847935
BarmCh00,Christian Barmore,DL,2021,0.08199999999999999,2024,4,25,0.63,0.538,1.1710037174721188
BarnDe01,Derek Barnett,EDGE,2017,0.034,2022,2,17,0.37823529411764706,0.609,0.621076016613542
BarnDe02,Derrick Barnes,LB,2021,0.028999999999999998,2025,3,17,0.8605882352941177,0.692,1.2436246174770487
BarnKe00,Kenjon Barner,RB,2013,0.005,2018,1,23,0.06695652173913043,0.423,0.15828964950149038
BarrAn00,Anthony Barr,LB,2014,0.07200000000000001,2019,5,18,0.9333333333333333,0.692,1.348747591522158
BartCo00,Cody Barton,LB,2019,0.025,2025,3,17,1,0.692,1.4450867052023122
BashTa00,Tarell Basham,EDGE,2017,0.015,2021,2,25,0.482,0.609,0.7914614121510674
BassDa00,David Bass,EDGE,2013,0.005,2017,1,15,0.322,0.609,0.5287356321839081
BateJe00,Jessie Bates III,S,2018,0.071,2023,4,34,0.9891176470588235,0.714,1.3853188334157194
BateJo00,John Bates,TE,2021,0.025,2025,3,15,0.514,0.534,0.9625468164794008
BateRa00,Rashod Bateman,WR,2021,0.044000000000000004,2025,3,13,0.693076923076923,0.64,1.0829326923076923
BaunZa00,Zack Baun,LB,2020,0.061,2025,3,17,0.9794117647058823,0.692,1.4153349200952057
BawdNi00,Nick Bawden,RB,2018,0.005,2023,2,16,0.124375,0.423,0.2940307328605201
BeacKe00,Kelvin Beachum,OT,2012,0.057999999999999996,2016,5,31,0.9880645161290322,0.73,1.3535130357931948
BeadZa20,Zane Beadles,IOL,2010,0.045,2014,5,32,1,0.747,1.3386880856760375
BeasVi00,Vic Beasley,LB,2015,0.048,2020,1,10,0.284,0.692,0.41040462427745666
BeckOd00,Odell Beckham Jr.,WR,2014,0.102,2018,5,28,0.9460714285714286,0.64,1.4782366071428572
BectMe00,Mekhi Becton,IOL,2020,0.036000000000000004,2025,2,16,0.74875,0.747,1.002342704149933
BellBl00,Blake Bell,TE,2015,0.009000000000000001,2020,1,35,0.3017142857142857,0.534,0.565008025682183
BellLe00,Le'Veon Bell,RB,2013,0.08199999999999999,2018,1,15,0.8313333333333334,0.423,1.9653270291568166
BellVo00,Vonn Bell,S,2016,0.03,2020,3,36,0.9758333333333333,0.714,1.3667133520074697
BenfCh00,Christian Benford,CB,2022,0.062,2025,4,16,0.9625,0.692,1.3908959537572256
BenjKe00,Kelvin Benjamin,WR,2014,0.004,2018,1,15,0.5446666666666666,0.64,0.8510416666666666
BenjTr00,Travis Benjamin,WR,2012,0.039,2016,4,30,0.5676666666666667,0.64,0.8869791666666667
BentJa00,Ja'Whaun Bentley,LB,2018,0.03,2023,2,18,0.8794444444444445,0.692,1.2708734746307002
BenwBe00,Bene Benwikere,CB,2014,0.005,2018,1,15,0.5666666666666667,0.692,0.8188824662813102
BernGi00,Giovani Bernard,RB,2013,0.033,2016,3,26,0.5196153846153846,0.423,1.2284051645753773
BernTe00,Terrel Bernard,LB,2022,0.038,2025,4,12,0.8641666666666666,0.692,1.2487957610789981
BerrBr00,Braxton Berrios,WR,2018,0.028999999999999998,2022,2,34,0.34558823529411764,0.64,0.5399816176470588
BerrEr99,Eric Berry,S,2010,0.07,2016,1,18,0.9655555555555555,0.714,1.3523187052598817
BethJu00,Justin Bethel,CB,2012,0.035,2015,3,34,0.36470588235294116,0.692,0.5270316218973139
BiadTy00,Tyler Biadasz,IOL,2020,0.039,2024,3,34,0.9488235294117647,0.747,1.2701787542326168
BitoJo00,Joel Bitonio,IOL,2014,0.06,2017,5,32,1,0.747,1.3386880856760375
BlacAn00,Angelo Blackson,DL,2015,0.021,2019,3,33,0.46575757575757576,0.538,0.8657204010363861
BlacJu01,Julian Blackmon,S,2020,0.013999999999999999,2024,1,17,0.9970588235294118,0.714,1.3964409293129016
BlanDa00,DaRon Bland,CB,2022,0.081,2025,4,12,0.9408333333333333,0.692,1.3595857418111754
BlueAl00,Alfred Blue,RB,2014,0.005,2018,1,17,0.40941176470588236,0.423,0.9678765123070505
BlytAu00,Austin Blythe,IOL,2016,0.02,2020,1,22,0.8263636363636364,0.747,1.1062431544359257
BodiRu00,Russell Bodine,IOL,2014,0.013999999999999999,2018,2,10,0.891,0.747,1.1927710843373494
BoehEv00,Evan Boehm,IOL,2016,0.011000000000000001,2019,1,13,0.6853846153846154,0.747,0.917516218721038
BohaTo00,Tommy Bohanon,RB,2013,0.004,2017,2,35,0.208,0.423,0.491725768321513
BoliCl00,Clint Boling,IOL,2011,0.036000000000000004,2015,5,31,0.9912903225806452,0.747,1.3270285442846657
BollGa00,Garett Bolles,OT,2017,0.086,2020,4,29,0.9937931034482759,0.73,1.3613604156825698
BoltNi00,Nick Bolton,LB,2021,0.054000000000000006,2025,3,17,0.9647058823529412,0.692,1.3940836450187013
BoniNi00,Nik Bonitto,EDGE,2022,0.095,2025,4,19,0.6047368421052631,0.609,0.9929997407311382
BookDe00,Devontae Booker,RB,2016,0.015,2021,2,16,0.498125,0.423,1.1776004728132388
BortBl00,Blake Bortles,QB,2014,0.099,2018,2,16,0.745,0.622,1.197749196141479
BosaJo00,Joey Bosa,EDGE,2016,0.136,2020,5,28,0.7474999999999999,0.609,1.2274220032840721
BosaNi00,Nick Bosa,EDGE,2019,0.151,2023,5,34,0.7814705882352941,0.609,1.2832029363469526
BostTr00,Tre Boston,S,2014,0.03,2020,3,16,0.98,0.714,1.3725490196078431
BowdLy00,Lynn Bowden Jr.,WR,2020,0.004,2023,1,15,0.33333333333333337,0.64,0.5208333333333334
BowmNa99,NaVorro Bowman,LB,2010,0.075,2012,5,19,0.9694736842105263,0.692,1.4009735320961363
BowsTy00,Tyus Bowser,EDGE,2017,0.03,2021,4,27,0.7225925925925926,0.609,1.186523140546129
BoydKr00,Kris Boyd,CB,2019,0.006999999999999999,2024,1,19,0.04052631578947367,0.692,0.058564040158198945
BoydTy00,Tyler Boyd,WR,2016,0.057,2019,4,31,0.8183870967741935,0.64,1.2787298387096773
BoylNi00,Nick Boyle,TE,2015,0.036000000000000004,2021,2,17,0.1335294117647059,0.534,0.2500550782110597
BozeBr00,Bradley Bozeman,IOL,2018,0.027000000000000003,2023,3,35,0.9962857142857143,0.747,1.3337158156435265
BradGa00,Garrett Bradbury,IOL,2019,0.023,2023,3,32,0.971875,0.747,1.301037483266399
BradJa00,James Bradberry,CB,2016,0.073,2020,3,32,0.9934375,0.692,1.4356033236994221
BradNi00,Nigel Bradham,LB,2012,0.045,2018,5,30,0.945,0.692,1.365606936416185
BradSa00,Sam Bradford,QB,2010,0.113,2016,2,17,0.9529411764705882,0.622,1.5320597692453186
BranAn00,Andre Branch,EDGE,2012,0.048,2017,3,28,0.5625,0.609,0.9236453201970444
BranBl00,Blake Brandel,OT,2020,0.012,2024,3,35,0.8,0.73,1.0958904109589043
BredBe00,Ben Bredeson,IOL,2020,0.026000000000000002,2025,3,11,0.8654545454545455,0.747,1.1585736886941707
BreeBa00,Bashaud Breeland,CB,2014,0.015,2020,1,27,0.8588888888888888,0.692,1.2411689145793192
BridTe00,Teddy Bridgewater,QB,2014,0.106,2020,3,29,0.9375862068965517,0.622,1.5073733229848099
BrisJa00,Jacoby Brissett,QB,2016,0.149,2019,1,27,0.5485185185185185,0.622,0.8818625699654639
BritJu00,Justin Britt,IOL,2014,0.054000000000000006,2017,3,33,0.9621212121212122,0.747,1.2879802036428543
BritKJ00,K.J. Britt,LB,2021,0.005,2025,1,17,0.14058823529411765,0.692,0.20316218973138392
BrocMi00,Michael Brockers,DL,2012,0.071,2016,3,31,0.5458064516129032,0.538,1.0145101331094855
BrooBr00,Brandon Brooks,IOL,2012,0.052000000000000005,2016,5,33,0.9706060606060606,0.747,1.2993387692182872
BrooJo01,Jordyn Brooks,LB,2020,0.034,2024,3,34,0.9461764705882353,0.692,1.3673070384223054
BrowAJ00,A.J. Brown,WR,2019,0.125,2024,3,33,0.8948484848484849,0.64,1.3982007575757576
BrowAn02,Anthony Brown,CB,2016,0.026000000000000002,2020,3,27,0.9025925925925926,0.692,1.3043245557696426
BrowAn04,Antonio Brown,WR,2010,0.07,2012,5,16,0.908125,0.64,1.4189453125
BrowBa01,Baron Browning,EDGE,2021,0.027000000000000003,2025,2,15,0.5066666666666667,0.609,0.8319649698960044
BrowBo04,Bobby Brown,DL,2021,0.025,2025,3,18,0.33111111111111113,0.538,0.6154481619165634
BrowCh05,Chykie Brown,CB,2011,0.006,2014,2,15,0.5153333333333333,0.692,0.7447013487475915
BrowDe05,Derrick Brown,DL,2020,0.094,2024,4,19,0.783157894736842,0.538,1.455683819213461
BrowDy00,Dyami Brown,WR,2021,0.036000000000000004,2025,1,14,0.36642857142857144,0.64,0.5725446428571429
BrowJa04,Jamon Brown,IOL,2015,0.032,2019,3,12,0.7808333333333334,0.747,1.0452922802320392
BrowJa06,Jayon Brown,LB,2017,0.025,2021,1,19,0.7026315789473684,0.692,1.015363553392151
BrowJo02,John Brown,WR,2014,0.048,2019,3,28,0.8692857142857143,0.64,1.3582589285714286
BrowMa01,Malcom Brown,DL,2015,0.03,2021,2,17,0.611764705882353,0.538,1.137109118740433
BrowMa04,Marquise Brown,WR,2019,0.027000000000000003,2024,1,21,0.5371428571428571,0.64,0.8392857142857143
BrowNo00,Noah Brown,WR,2017,0.012,2023,1,22,0.6240909090909091,0.64,0.9751420454545455
BrowOr00,Orlando Brown Jr.,OT,2018,0.08,2022,1,37,0.9789189189189189,0.73,1.3409848204368753
BrowPr00,Preston Brown,LB,2014,0.028999999999999998,2019,3,10,0.638,0.692,0.9219653179190752
BrowSp00,Spencer Brown,OT,2021,0.07,2024,4,34,0.9573529411764706,0.73,1.3114423851732475
BrowSt99,Stevie Brown,S,2010,0.023,2014,1,16,0.555625,0.714,0.778186274509804
BrowTr02,Trent Brown,OT,2015,0.08800000000000001,2019,4,16,0.84875,0.73,1.1626712328767124
BrowTr03,Tre Brown,CB,2021,0.006,2025,1,10,0.07200000000000001,0.692,0.10404624277456649
BrowZa00,Zach Brown,LB,2012,0.04,2018,3,22,0.6736363636363636,0.692,0.9734629532317394
BryaDe01,Dez Bryant,WR,2010,0.098,2015,5,23,0.7991304347826087,0.64,1.2486413043478262
BryaHa00,Harrison Bryant,TE,2020,0.013000000000000001,2024,1,27,0.2325925925925926,0.534,0.4355666527951172
BryaTa00,Taven Bryan,DL,2018,0.019,2022,1,33,0.4496969696969697,0.538,0.8358679734144417
BuggIs00,Isaiah Buggs,DL,2019,0.01,2023,2,10,0.394,0.538,0.7323420074349443
BulaBr20,Bryan Bulaga,OT,2010,0.047,2015,5,33,0.9624242424242424,0.73,1.3183893731838938
BullJo00,Jonathan Bullard,DL,2016,0.005,2021,1,22,0.38227272727272726,0.538,0.7105441027374112
BuntSe00,Sean Murphy-Bunting,CB,2019,0.033,2024,3,15,0.7713333333333333,0.692,1.1146435452793835
BurkOr00,Oren Burks,LB,2018,0.012,2022,2,38,0.24868421052631579,0.692,0.35937024642531185
BurkRe00,Rex Burkhead,RB,2013,0.019,2017,1,23,0.2534782608695652,0.423,0.5992393873984994
BurnAr00,Artie Burns,CB,2016,0.01,2022,1,17,0.20294117647058824,0.692,0.29326759605576336
BurnBr00,Brian Burns,EDGE,2019,0.11,2024,5,34,0.7817647058823529,0.609,1.2836858881483628
BurnMo99,Morgan Burnett,S,2010,0.05,2013,4,31,0.9638709677419355,0.714,1.3499593385741393
BurrJo01,Joe Burrow,QB,2020,0.245,2023,5,27,0.9737037037037037,0.622,1.5654400381088485
BurrJu00,Juston Burris,CB,2016,0.004,2019,1,27,0.6814814814814815,0.692,0.9847998287304646
BurtMi00,Michael Burton,RB,2015,0.005,2021,1,39,0.06871794871794872,0.423,0.16245377947505607
BushDe00,Deon Bush,S,2016,0.008,2021,1,33,0.20727272727272728,0.714,0.2902979373567609
BushDe01,Devin Bush Jr.,LB,2019,0.016,2023,1,29,0.3855172413793103,0.692,0.557105840143512
ButlDo99,Donald Butler,LB,2010,0.055999999999999994,2014,7,30,0.6283333333333334,0.692,0.907996146435453
ButlPe00,Percy Butler,S,2022,0.008,2025,1,16,0.019999999999999997,0.714,0.028011204481792715
ButlVe00,Vernon Butler,DL,2016,0.038,2020,2,28,0.4357142857142857,0.538,0.8098778544875199
ByarKe01,Kevin Byard,S,2016,0.075,2019,5,36,0.9886111111111111,0.714,1.3846093993152817
CalhSh00,Shilique Calhoun,EDGE,2016,0.008,2020,1,10,0.41100000000000003,0.609,0.6748768472906405
CameJo00,Jordan Cameron,TE,2011,0.052000000000000005,2015,2,19,0.6984210526315789,0.534,1.3079045929430317
CampDe00,De'Vondre Campbell,LB,2016,0.048,2022,5,26,0.8653846153846154,0.692,1.250555802578924
CampMi02,Michael Campanaro,WR,2014,0.006999999999999999,2017,1,13,0.2907692307692308,0.64,0.4543269230769231
CampPa00,Parris Campbell,WR,2019,0.021,2023,1,20,0.29,0.64,0.45312499999999994
CampTy01,Tyson Campbell,CB,2021,0.075,2024,4,29,0.8955172413793103,0.692,1.2941000597966914
CannA.00,A.J. Cann,IOL,2015,0.027000000000000003,2019,3,31,0.8270967741935483,0.747,1.1072245973139871
CannMa00,Marcus Cannon,OT,2011,0.042,2016,5,25,0.9724,0.73,1.332054794520548
CappAl00,Alex Cappa,IOL,2018,0.042,2022,4,33,0.9812121212121212,0.747,1.3135369761875786
CardTa00,Tank Carder,LB,2012,0.008,2016,2,16,0.049375,0.692,0.07135115606936417
CarpJa00,James Carpenter,IOL,2011,0.033,2015,4,32,0.9775,0.747,1.3085676037483267
CarrCo00,Tank Carradine,EDGE,2013,0.017,2016,1,21,0.2985714285714286,0.609,0.4902650715458598
CarrDe02,Derek Carr,QB,2014,0.15,2017,5,31,0.9812903225806452,0.622,1.5776371745669537
CarrNo00,Nolan Carroll,CB,2010,0.02,2014,2,27,0.5666666666666667,0.692,0.8188824662813102
CarrTr00,T.J. Carrie,CB,2014,0.044000000000000004,2018,4,32,0.7015625,0.692,1.013818641618497
CartBr00,Bruce Carter,LB,2011,0.03,2015,4,27,0.22777777777777775,0.692,0.3291586384071933
CartCh00,Chris Carter,LB,2011,0.005,2014,2,20,0.0865,0.692,0.125
CartLo01,Lorenzo Carter,EDGE,2018,0.02,2023,2,30,0.4226666666666667,0.609,0.6940339354132458
CartMi02,Michael Carter II,CB,2021,0.04,2024,3,27,0.3037037037037037,0.692,0.43887818454292443
CartMi03,Michael Carter,RB,2021,0.005,2024,2,16,0.483125,0.423,1.1421394799054374
CaseJu00,Jurrell Casey,DL,2011,0.09,2017,4,33,0.7912121212121213,0.538,1.4706545003942773
CashBl00,Blake Cashman,LB,2019,0.028999999999999998,2024,3,28,0.9478571428571428,0.692,1.369735755573906
CastAn00,Anthony Castonzo,OT,2011,0.076,2015,4,29,0.9879310344827587,0.73,1.353330184222957
ChanKa99,Kam Chancellor,S,2010,0.057,2013,4,36,0.9744444444444444,0.714,1.364768129474012
CharDJ00,DJ Chark,WR,2018,0.048,2022,1,26,0.7330769230769231,0.64,1.1454326923076923
CharOr00,Orson Charles,TE,2012,0.004,2018,1,13,0.19615384615384615,0.534,0.36732929991356955
CharTa00,Taco Charlton,EDGE,2017,0.006,2021,1,17,0.24352941176470588,0.609,0.3998840915676616
ChasJa00,Ja'Marr Chase,WR,2021,0.14400000000000002,2025,4,16,0.94375,0.64,1.474609375
ChicAn00,Anthony Chickillo,EDGE,2015,0.021,2019,2,22,0.2109090909090909,0.609,0.3463203463203463
ChinJe00,Jeremy Chinn,S,2020,0.028999999999999998,2025,2,15,0.9986666666666667,0.714,1.3986928104575165
ChriGe01,Geron Christian,OT,2018,0.006,2022,1,21,0.4766666666666667,0.73,0.6529680365296804
ChriMa00,Marqui Christian,S,2016,0.006,2021,1,17,0.12470588235294118,0.714,0.17465809853353106
ChubBr00,Bradley Chubb,EDGE,2018,0.106,2022,5,33,0.7281818181818182,0.609,1.1957008508732647
ChubNi00,Nick Chubb,RB,2018,0.067,2021,3,31,0.547741935483871,0.423,1.2948981926332648
ClaiMo00,Morris Claiborne,CB,2012,0.04,2018,1,23,0.7434782608695653,0.692,1.0743905503895452
ClapWi00,Will Clapp,IOL,2018,0.006,2022,1,32,0.475,0.747,0.6358768406961178
ClarCh00,Chuck Clark,S,2017,0.026000000000000002,2020,3,34,0.9973529411764706,0.714,1.396852858790575
ClarFr01,Frank Clark,EDGE,2015,0.111,2019,5,35,0.7608571428571429,0.609,1.249354914379545
ClarKe01,Kenny Clark,DL,2016,0.08800000000000001,2020,4,32,0.755,0.538,1.403345724907063
ClarLe01,Le'Raven Clark,OT,2016,0.006,2020,1,17,0.21058823529411766,0.73,0.28847703464947627
ClayAd00,Adrian Clayborn,EDGE,2011,0.027000000000000003,2016,2,32,0.5528125,0.609,0.9077380952380953
ClayCh00,Charles Clay,TE,2011,0.053,2015,5,28,0.8842857142857142,0.534,1.6559657570893525
ClevBe00,Ben Cleveland,IOL,2021,0.004,2025,1,10,0.006000000000000001,0.747,0.008032128514056226
ClevEz00,Ezra Cleveland,IOL,2020,0.031,2024,3,32,0.971875,0.747,1.301037483266399
ClowJa00,Jadeveon Clowney,EDGE,2014,0.085,2019,1,23,0.7352173913043478,0.609,1.2072535160990934
CobbRa00,Randall Cobb,WR,2011,0.07,2015,4,34,0.8332352941176471,0.64,1.3019301470588236
CockRo00,Ross Cockrell,CB,2014,0.019,2018,2,14,0.7421428571428571,0.692,1.0724607762180016
ColeKu99,Kurt Coleman,S,2010,0.032,2016,3,28,0.9735714285714285,0.714,1.3635454181672668
ColeMa02,Mason Cole,IOL,2018,0.025,2022,3,35,0.9817142857142858,0.747,1.3142092178236757
ColeTe01,Tevin Coleman,RB,2015,0.023,2019,2,25,0.3088,0.423,0.7300236406619386
CollAl00,Alex Collins,RB,2016,0.005,2021,1,11,0.4018181818181818,0.423,0.9499247797120137
CollJa00,Jamie Collins,LB,2013,0.075,2017,4,22,0.8827272727272727,0.692,1.2756174461376775
CollLa00,Landon Collins,S,2015,0.07400000000000001,2019,6,22,0.9681818181818181,0.714,1.3559969442322384
CollMa00,Maliek Collins,DL,2016,0.040999999999999995,2022,2,33,0.6078787878787879,0.538,1.1298862228230258
CollNi00,Nico Collins,WR,2021,0.095,2024,3,30,0.7263333333333333,0.64,1.1348958333333332
CollZa00,Zaven Collins,LB,2021,0.027000000000000003,2024,2,34,0.5135294117647059,0.692,0.7420945256715403
ColvAa00,Aaron Colvin,CB,2014,0.048,2018,4,17,0.4429411764705882,0.692,0.6400884053043183
CompTo00,Tom Compton,OT,2012,0.005,2016,1,30,0.22066666666666665,0.73,0.302283105022831
ConkJa00,Jack Conklin,OT,2016,0.07200000000000001,2022,4,15,0.9033333333333333,0.73,1.2374429223744292
ConkTy00,Tyler Conklin,TE,2018,0.032,2022,3,34,0.7361764705882353,0.534,1.3786076228244106
ConlCh00,Chris Conley,WR,2015,0.012,2019,2,31,0.6312903225806452,0.64,0.9863911290322581
ConnJa00,James Conner,RB,2017,0.034,2022,3,26,0.666923076923077,0.423,1.5766503000545555
CookBr00,Brandin Cooks,WR,2014,0.091,2018,5,33,0.826060606060606,0.64,1.290719696969697
CookDa01,Dalvin Cook,RB,2017,0.064,2020,5,27,0.7037037037037037,0.423,1.6636021364153752
CookJa01,James Cook,RB,2022,0.040999999999999995,2025,4,19,0.5768421052631579,0.423,1.3636929202438721
CoopAm00,Amari Cooper,WR,2015,0.10099999999999999,2020,5,32,0.79375,0.64,1.240234375
CoopJo02,Jonathon Cooper,EDGE,2021,0.053,2024,4,37,0.6602702702702703,0.609,1.084187635911774
CoopMa00,Marcus Cooper,CB,2013,0.032,2017,3,21,0.21476190476190476,0.692,0.31034957335535374
CoopPh00,Pharoh Cooper,WR,2016,0.006,2020,1,24,0.18625,0.64,0.291015625
CoopRi00,Riley Cooper,WR,2010,0.034,2014,5,32,0.6571875,0.64,1.02685546875
CorbAu00,Austin Corbett,IOL,2018,0.042,2022,3,21,0.9733333333333334,0.747,1.3029897367246766
CosmSa00,Samuel Cosmi,IOL,2021,0.07200000000000001,2024,4,28,0.9675,0.747,1.2951807228915664
CousKi00,Kirk Cousins,QB,2012,0.158,2018,3,33,0.9966666666666667,0.622,1.602357984994641
CoviCh00,Christian Covington,DL,2015,0.009000000000000001,2019,1,32,0.4871875,0.538,0.9055529739776951
CowaBy00,Byron Cowart,DL,2019,0.005,2023,1,15,0.3506666666666667,0.538,0.6517967781908303
CoxxFl00,Fletcher Cox,DL,2012,0.11,2016,6,33,0.7284848484848485,0.538,1.3540610566632871
CoxxJa00,Jabril Cox,LB,2021,0.004,2023,1,10,0.001,0.692,0.0014450867052023123
CoxxPe99,Perrish Cox,CB,2010,0.035,2015,3,24,0.8345833333333333,0.692,1.2060452793834298
CrawJa00,Jack Crawford,EDGE,2012,0.006999999999999999,2016,1,21,0.46952380952380957,0.609,0.7709750566893425
CrosKe00,Keion Crossen,CB,2018,0.015,2022,3,17,0.3823529411764706,0.692,0.5525331519891195
CrosMa00,Maxx Crosby,EDGE,2019,0.127,2025,3,15,0.9466666666666667,0.609,1.5544608648056923
CrowJa00,Jamison Crowder,WR,2015,0.05,2019,3,28,0.7878571428571428,0.64,1.2310267857142856
CrowTa00,Tae Crowder,LB,2020,0.005,2022,2,15,0.46599999999999997,0.692,0.6734104046242775
CunnZa00,Zach Cunningham,LB,2017,0.073,2020,4,31,0.7764516129032258,0.692,1.1220399030393438
CurrVi00,Vinny Curry,EDGE,2012,0.06,2016,5,35,0.5048571428571429,0.609,0.8289936664320902
CushLl00,Lloyd Cushenberry III,IOL,2020,0.049,2024,4,23,0.9756521739130435,0.747,1.3060939409813166
CyprJo00,Johnathan Cyprien,S,2013,0.037000000000000005,2017,4,12,0.9133333333333333,0.714,1.2791783380018675
DahlJo00,Joe Dahl,IOL,2016,0.012,2019,2,22,0.6981818181818181,0.747,0.9346476816356334
DallDe00,DeeJay Dallas,RB,2020,0.011000000000000001,2024,3,23,0.05,0.423,0.1182033096926714
DalmDr00,Drew Dalman,IOL,2021,0.05,2025,3,19,1,0.747,1.3386880856760375
DaltAn00,Andy Dalton,QB,2011,0.12,2014,6,30,0.9483333333333334,0.622,1.52465166130761
DaniJa01,James Daniels,IOL,2018,0.042,2022,3,33,0.9993939393939394,0.747,1.3378767595635066
DaniMi00,Mike Daniels,DL,2012,0.07200000000000001,2015,4,37,0.6594594594594595,0.538,1.2257610770621923
DarbRo00,Ronald Darby,CB,2015,0.055,2021,3,16,0.9425,0.692,1.3619942196531793
DardJa00,Jaelon Darden,WR,2021,0.004,2024,1,12,0.025833333333333337,0.64,0.040364583333333336
DareMa00,Marcell Dareus,DL,2011,0.111,2015,6,23,0.7491304347826087,0.538,1.392435752384031
DarnSa00,Sam Darnold,QB,2018,0.039,2024,1,38,0.9773684210526316,0.622,1.571331866644102
DarrCh00,Christian Darrisaw,OT,2021,0.102,2024,4,17,0.8529411764705882,0.73,1.1684125705076551
DaviAk01,Akeem Davis-Gaither,LB,2020,0.018000000000000002,2025,2,17,0.6888235294117647,0.692,0.9954097245834751
DaviAn27,Anthony Davis,OT,2010,0.054000000000000006,2013,5,26,0.9592307692307692,0.73,1.3140147523709167
DaviAs00,Ashtyn Davis,S,2020,0.011000000000000001,2024,1,30,0.5016666666666667,0.714,0.7026143790849674
DaviCa02,Carlton Davis,CB,2018,0.071,2022,3,28,0.9278571428571428,0.692,1.3408340214698597
DaviCo03,Corey Davis,WR,2017,0.068,2021,3,22,0.735909090909091,0.64,1.1498579545454546
DaviDe00,Demario Davis,LB,2012,0.045,2018,3,35,0.8965714285714286,0.692,1.295623451692816
DaviGa01,Gabriel Davis,WR,2020,0.051,2024,3,17,0.6464705882352941,0.64,1.010110294117647
DaviJa01,Jarrad Davis,LB,2017,0.03,2021,1,15,0.4226666666666667,0.692,0.6107899807321774
DaviKh00,Khalil Davis,DL,2020,0.006,2024,1,12,0.2866666666666667,0.538,0.5328376703841388
DaviLa00,Lavonte David,LB,2012,0.07,2015,5,32,0.9853125,0.692,1.4238619942196533
DaviMi01,Mike Davis,RB,2015,0.016,2019,2,27,0.38000000000000006,0.423,0.8983451536643028
DaviNa01,Nate Davis,IOL,2019,0.044000000000000004,2023,4,16,0.7262500000000001,0.747,0.9722222222222223
DaviRa03,Raekwon Davis,DL,2020,0.027000000000000003,2024,2,17,0.29823529411764704,0.538,0.554340695385961
DaviTy01,Tyeler Davison,DL,2015,0.02,2020,3,28,0.45785714285714285,0.538,0.8510355815188528
DawkDi00,Dion Dawkins,OT,2017,0.07400000000000001,2020,4,37,0.9624324324324325,0.73,1.3184005923731952
DayxSh00,Sheldon Day,DL,2016,0.009000000000000001,2020,1,11,0.3890909090909091,0.538,0.7232173031429536
DeCaDa00,David DeCastro,IOL,2012,0.064,2016,5,35,0.9997142857142857,0.747,1.3383056033658443
DeanJa00,Jamel Dean,CB,2019,0.057999999999999996,2023,4,28,0.8632142857142857,0.692,1.2474194880264244
DeckEr00,Eric Decker,WR,2010,0.055,2014,5,30,0.8346666666666667,0.64,1.3041666666666667
DeckTa00,Taylor Decker,OT,2016,0.075,2020,4,25,0.9812,0.73,1.344109589041096
DeguJo00,Josiah Deguara,TE,2020,0.005,2024,1,27,0.09444444444444446,0.534,0.1768622555139409
DeitMi00,Michael Deiter,IOL,2019,0.006999999999999999,2024,1,22,0.14818181818181816,0.747,0.1983692345138128
DelpGr00,Grant Delpit,S,2020,0.053,2023,3,29,0.9579310344827586,0.714,1.3416401043175892
DennDa00,Darqueze Dennard,CB,2014,0.024,2019,1,17,0.77,0.692,1.1127167630057804
DentAk00,Akeem Dent,LB,2011,0.016,2015,2,31,0.11580645161290322,0.692,0.1673503636024613
DesiPi00,Pierre Desir,CB,2014,0.04,2019,3,24,0.7566666666666666,0.692,1.0934489402697496
DickEd00,Ed Dickson,TE,2010,0.016,2015,3,35,0.4877142857142857,0.534,0.913322632423756
DickLa00,Landon Dickerson,IOL,2021,0.08199999999999999,2024,4,36,0.91,0.747,1.2182061579651942
DiggQu00,Quandre Diggs,S,2015,0.035,2018,3,28,0.9210714285714285,0.714,1.290016006402561
DiggSt00,Stefon Diggs,WR,2015,0.081,2018,5,32,0.8346875,0.64,1.30419921875
DiggTr00,Trevon Diggs,CB,2020,0.086,2023,5,13,0.9415384615384615,0.692,1.3606047132058694
DillAn00,Andre Dillard,OT,2019,0.043,2023,3,26,0.3584615384615384,0.73,0.4910432033719704
DissWi00,Will Dissly,TE,2018,0.038,2022,3,31,0.48580645161290326,0.534,0.9097499093874593
DixoAn00,Anthony Dixon,RB,2010,0.009000000000000001,2014,3,32,0.15281250000000002,0.423,0.361258865248227
DobbJo00,Joshua Dobbs,QB,2017,0.009000000000000001,2023,1,15,0.9113333333333333,0.622,1.465166130760986
DonaAa00,Aaron Donald,DL,2014,0.127,2018,6,35,0.8757142857142857,0.538,1.6277217206585235
DorsPh00,Phillip Dorsett,WR,2015,0.013999999999999999,2019,1,15,0.5473333333333333,0.64,0.8552083333333333
DotsKe00,Kevin Dotson,IOL,2020,0.063,2024,3,35,0.9602857142857143,0.747,1.2855230445591892
DougRa00,Rasul Douglas,CB,2017,0.034,2022,3,34,0.9085294117647059,0.692,1.3129037742264538
DoziDa00,Dakota Dozier,IOL,2014,0.005,2020,1,22,0.7272727272727272,0.747,0.973591335037118
DrakKe00,Kenyan Drake,RB,2016,0.043,2020,1,27,0.47444444444444445,0.423,1.121618071972682
DuggKy00,Kyle Dugger,S,2020,0.057,2024,4,30,0.7989999999999999,0.714,1.119047619047619
DunlCa99,Carlos Dunlap,EDGE,2010,0.064,2013,5,34,0.8529411764705882,0.609,1.4005602240896358
DuprAl00,Bud Dupree,EDGE,2015,0.09,2021,5,23,0.5795652173913044,0.609,0.9516670236310417
DuveDe00,Devin Duvernay,WR,2020,0.017,2024,2,32,0.1090625,0.64,0.17041015625
DuveLa00,Laurent Duvernay-Tardif,IOL,2014,0.049,2017,5,17,0.9376470588235294,0.747,1.2552169462162375
DyexTr00,Troy Dye,LB,2020,0.01,2025,2,17,0.4582352941176471,0.692,0.6621897313838832
EaslMa00,Marcus Easley,WR,2010,0.012,2015,4,13,0.036153846153846154,0.64,0.056490384615384616
EbroEr00,Eric Ebron,TE,2014,0.037000000000000005,2018,2,29,0.5093103448275862,0.534,0.9537646906883636
EbukSa00,Samson Ebukam,EDGE,2017,0.036000000000000004,2023,3,17,0.5994117647058823,0.609,0.9842557712740269
EchoBr00,Brandin Echols,CB,2021,0.011000000000000001,2025,2,17,0.47058823529411764,0.692,0.6800408024481469
EdmoCh00,Chase Edmonds,RB,2018,0.028999999999999998,2022,2,28,0.26642857142857146,0.423,0.6298547787909491
EdmuTe00,Terrell Edmunds,S,2018,0.012,2022,1,31,0.6961290322580646,0.714,0.9749706334146563
EdmuTr01,Tremaine Edmunds,LB,2018,0.08,2023,4,32,0.960625,0.692,1.388186416184971
EdogCh00,Chuma Edoga,OT,2019,0.013000000000000001,2025,2,15,0.10200000000000001,0.73,0.13972602739726028
EdwaMa01,Mario Edwards,DL,2015,0.021,2021,3,25,0.3944,0.538,0.733085501858736
EdwaMi01,Mike Edwards,S,2019,0.013000000000000001,2023,1,30,0.5526666666666666,0.714,0.7740429505135388
EifeTy00,Tyler Eifert,TE,2013,0.031,2018,1,20,0.4495,0.534,0.8417602996254682
ElamKa00,Kaiir Elam,CB,2022,0.004,2025,1,14,0.5814285714285714,0.692,0.8402146985962016
ElflPa00,Pat Elflein,IOL,2017,0.025,2021,3,15,0.946,0.747,1.2663989290495314
ElliAn00,Andre Ellington,RB,2013,0.005,2017,1,12,0.3516666666666667,0.423,0.8313632781717889
ElliDe02,DeShon Elliott,S,2018,0.012,2024,2,21,0.8457142857142858,0.714,1.1844737895158064
ElliEz00,Ezekiel Elliott,RB,2016,0.08,2019,6,31,0.7809677419354839,0.423,1.8462594371997256
ElliJo02,Jordan Elliott,DL,2020,0.013999999999999999,2024,2,33,0.4578787878787879,0.538,0.8510758139010927
ElliJu01,Justin Ellis,DL,2014,0.025,2018,3,11,0.30272727272727273,0.538,0.5626900980060832
ElliKa00,Kaden Elliss,LB,2019,0.032,2023,3,34,0.9664705882352941,0.692,1.3966337980278818
ElliRh00,Rhett Ellison,RB,2012,0.011000000000000001,2016,1,31,0.38548387096774195,0.423,0.9113093876305957
ElueJe00,Jermaine Eluemunor,IOL,2017,0.011000000000000001,2020,1,27,0.38185185185185183,0.747,0.5111805245674054
EngrEv00,Evan Engram,TE,2017,0.061,2023,3,26,0.7634615384615384,0.534,1.429703255545952
EnunQu00,Quincy Enunwa,WR,2014,0.051,2018,4,12,0.7891666666666667,0.64,1.2330729166666667
EpenAJ00,A.J. Epenesa,EDGE,2020,0.023,2024,2,38,0.5123684210526316,0.609,0.8413274565724657
EppsMa00,Marcus Epps,S,2019,0.027000000000000003,2023,2,20,0.912,0.714,1.277310924369748
ErtzZa00,Zach Ertz,TE,2013,0.055,2016,5,31,0.8274193548387097,0.534,1.5494744472635011
ErviCa00,Cameron Erving,OT,2015,0.027000000000000003,2021,2,20,0.47350000000000003,0.73,0.6486301369863015
EskrDW00,D'Wayne Eskridge,WR,2021,0.005,2025,1,13,0.11846153846153847,0.64,0.18509615384615385
EvanMi00,Mike Evans,WR,2014,0.09300000000000001,2018,5,29,0.8462068965517241,0.64,1.322198275862069
EvanRa01,Rashaan Evans,LB,2018,0.008,2022,1,26,0.6861538461538461,0.692,0.9915518008003558
EverGe00,Gerald Everett,TE,2017,0.033,2021,1,32,0.665,0.534,1.2453183520599251
FackKy00,Kyler Fackrell,EDGE,2016,0.023,2020,1,25,0.5828,0.609,0.9569786535303777
FantNo00,Noah Fant,TE,2019,0.040999999999999995,2024,2,29,0.5017241379310344,0.534,0.9395583107322741
FarrLu00,Luke Farrell,TE,2021,0.019,2025,3,19,0.35736842105263156,0.534,0.6692292529075496
FatuFo00,Folorunso Fatukasi,DL,2018,0.048,2022,3,32,0.4203125,0.538,0.7812499999999999
FeenDa00,Dan Feeney,IOL,2017,0.019,2021,1,33,0.16151515151515153,0.747,0.21621840898949335
FejeCl00,Clayton Fejedelem,S,2016,0.013999999999999999,2020,3,30,0.01566666666666667,0.714,0.0219421101774043
FeliJo00,Jon Feliciano,IOL,2015,0.026000000000000002,2021,3,28,0.8092857142857143,0.747,1.0833811436221075
FergJa00,Jake Ferguson,TE,2022,0.045,2025,4,17,0.6670588235294117,0.534,1.2491738268341042
FerrCl00,Clelin Ferrell,EDGE,2019,0.015,2024,1,28,0.42714285714285716,0.609,0.7013840018766128
FishEr00,Eric Fisher,OT,2013,0.077,2016,4,34,0.97,0.73,1.3287671232876712
FitzJo00,John FitzPatrick,TE,2022,0.005,2025,1,15,0.36066666666666664,0.534,0.675405742821473
FitzMi00,Minkah Fitzpatrick,S,2018,0.08800000000000001,2022,4,26,0.9176923076923077,0.714,1.2852833441068736
FleeCo00,Coby Fleener,TE,2012,0.046,2016,5,27,0.4937037037037037,0.534,0.9245387709807185
FlemCa00,Cameron Fleming,OT,2014,0.02,2019,2,30,0.5953333333333333,0.73,0.8155251141552511
FlowEr00,Ereck Flowers,IOL,2015,0.05,2020,3,30,0.972,0.747,1.3012048192771084
FlowTr00,Trey Flowers,EDGE,2015,0.096,2019,5,22,0.6468181818181818,0.609,1.0620988207195103
FloyLe00,Leonard Floyd,EDGE,2016,0.08800000000000001,2021,4,38,0.8294736842105264,0.609,1.3620257540402732
FloyMi00,Michael Floyd,WR,2012,0.008,2017,1,26,0.3092307692307692,0.64,0.48317307692307687
FoleNi00,Nick Foles,QB,2012,0.085,2015,2,14,0.8914285714285715,0.622,1.4331649058337161
FordDe00,Dee Ford,EDGE,2014,0.09,2019,5,15,0.3913333333333333,0.609,0.6425834701696771
FordIs00,Isaiah Ford,WR,2017,0.005,2021,1,13,0.15923076923076923,0.64,0.24879807692307693
FordJe00,Jerome Ford,RB,2022,0.006,2025,1,13,0.3046153846153846,0.423,0.7201309328968903
FordRu00,Rudy Ford,S,2017,0.006999999999999999,2023,1,13,0.7069230769230769,0.714,0.9900883430295194
ForeDO00,D'Onta Foreman,RB,2017,0.01,2022,1,26,0.36653846153846154,0.423,0.8665211856701218
FostMa00,Mason Foster,LB,2011,0.008,2016,2,21,0.7433333333333333,0.692,1.0741811175337188
FotuLe00,Leki Fotu,DL,2020,0.01,2024,1,12,0.32333333333333336,0.538,0.6009913258983891
FourLe00,Leonard Fournette,RB,2017,0.034,2022,3,19,0.5473684210526316,0.423,1.2940151797934554
FowlDa00,Dante Fowler,EDGE,2015,0.076,2020,3,28,0.5914285714285714,0.609,0.9711470795214637
FoxxJa20,Jason Fox,OT,2010,0.009000000000000001,2015,2,15,0.85,0.73,1.1643835616438356
FranJo02,John Franklin-Myers,EDGE,2018,0.075,2021,4,33,0.6024242424242424,0.609,0.9892023685127134
FranOr00,Orlando Franklin,IOL,2011,0.051,2015,5,26,0.865,0.747,1.1579651941097724
FranZa00,Zaire Franklin,LB,2018,0.040999999999999995,2024,3,34,0.9770588235294118,0.692,1.4119347160829652
FredTr00,Travis Frederick,IOL,2013,0.061,2016,6,33,1,0.747,1.3386880856760375
FreeDe00,Devonta Freeman,RB,2014,0.049,2017,5,18,0.5988888888888889,0.423,1.4158129760966642
FreeRo00,Royce Freeman,RB,2018,0.006,2022,1,19,0.25,0.423,0.5910165484633569
FreiPa00,Pat Freiermuth,TE,2021,0.047,2024,4,36,0.6002777777777778,0.534,1.1241156887224302
FrieWi00,Will Fries,IOL,2021,0.063,2025,5,17,0.9882352941176471,0.747,1.3229388140798488
FrohHj00,Hjalte Froholdt,IOL,2019,0.023,2024,2,34,0.9847058823529412,0.747,1.3182140326009923
FullJo01,Jordan Fuller,S,2020,0.013000000000000001,2024,1,15,0.5553333333333333,0.714,0.7777777777777778
FullKe00,Kendall Fuller,CB,2016,0.05,2020,4,31,0.9825806451612903,0.692,1.4199142271116914
FullKy00,Kyle Fuller,CB,2014,0.079,2018,4,33,0.9815151515151516,0.692,1.4183744964091787
FullKy01,Kyle Fuller,IOL,2017,0.006,2022,1,18,0.04666666666666667,0.747,0.06247211066488175
FultZa00,Zach Fulton,IOL,2014,0.04,2018,4,31,0.9412903225806452,0.747,1.2600941400008636
FuscBr00,Brandon Fusco,IOL,2011,0.036000000000000004,2014,5,20,0.9905,0.747,1.3259705488621152
GabbBl00,Blaine Gabbert,QB,2011,0.013999999999999999,2015,2,14,0.9392857142857143,0.622,1.5101056499770327
GachAn00,Andrew Gachkar,LB,2011,0.012,2015,2,33,0.08212121212121211,0.692,0.11867227185146259
GageRu00,Russell Gage,WR,2018,0.048,2022,3,14,0.5728571428571428,0.64,0.8950892857142857
GainGr00,Greg Gaines,DL,2019,0.016,2023,1,35,0.4054285714285714,0.538,0.7535847052575676
GainPh00,Phillip Gaines,CB,2014,0.005,2020,1,12,0.32166666666666666,0.692,0.46483622350674375
GallMi00,Michael Gallup,WR,2018,0.055,2022,5,34,0.6338235294117647,0.64,0.9903492647058822
GarcMa00,Max Garcia,IOL,2015,0.011000000000000001,2019,1,21,0.048571428571428564,0.747,0.0650219927328361
GaroJi00,Jimmy Garoppolo,QB,2014,0.155,2018,5,22,0.9940909090909091,0.622,1.5982168956445484
GarrMy00,Myles Garrett,EDGE,2017,0.126,2020,5,33,0.7857575757575758,0.609,1.2902423247250834
GaryRa00,Rashan Gary,EDGE,2019,0.107,2023,4,37,0.5627027027027027,0.609,0.9239781653574758
GayJWi00,Willie Gay Jr.,LB,2020,0.012,2024,1,32,0.1928125,0.692,0.2786307803468208
GeatCl00,Clayton Geathers,S,2015,0.015,2019,1,15,0.5499999999999999,0.714,0.7703081232492996
GeorJe01,Jeremiah George,LB,2014,0.004,2017,2,16,0.17124999999999999,0.692,0.24747109826589594
GerhTo00,Toby Gerhart,RB,2010,0.026000000000000002,2014,3,21,0.28714285714285714,0.423,0.6788247213779129
GesiMi00,Mike Gesicki,TE,2018,0.053,2022,1,35,0.4682857142857143,0.534,0.8769395398608881
GibsAn00,Antonio Gibson,RB,2020,0.015,2024,3,22,0.295,0.423,0.6973995271867612
GilbMa00,Marcus Gilbert,OT,2011,0.045,2014,5,31,0.9680645161290322,0.73,1.3261157755192223
GilcMa00,Marcus Gilchrist,S,2011,0.038,2015,4,29,0.9786206896551725,0.714,1.3706172124022025
GillCu00,Cullen Gillaspia,RB,2019,0.005,2021,1,21,0.0028571428571428576,0.423,0.006754474839581224
GillMi00,Mike Gillislee,RB,2013,0.019,2017,2,13,0.2076923076923077,0.423,0.49099836333878893
GilmSt00,Stephon Gilmore,CB,2012,0.078,2017,5,35,0.9631428571428572,0.692,1.3918249380677128
GipsTr00,Trevis Gipson,EDGE,2020,0.006,2023,1,13,0.1476923076923077,0.609,0.24251610458507014
GlasGr00,Graham Glasgow,IOL,2016,0.055,2020,4,20,0.874,0.747,1.1700133868808567
GlenCo00,Cordy Glenn,OT,2012,0.077,2016,5,17,0.8011764705882353,0.73,1.0975020145044319
GlowMa00,Mark Glowinski,IOL,2015,0.028999999999999998,2019,3,33,1,0.747,1.3386880856760375
GodcDa00,Davon Godchaux,DL,2017,0.05,2022,2,34,0.5920588235294117,0.538,1.1004810846271593
GodwCh00,Chris Godwin,WR,2017,0.096,2022,3,35,0.8105714285714286,0.64,1.2665178571428573
GoedDa00,Dallas Goedert,TE,2018,0.078,2021,4,31,0.8448387096774194,0.534,1.5820949619427327
GoedLu00,Luke Goedeke,IOL,2022,0.081,2025,4,11,0.9145454545454546,0.747,1.2242911038091762
GoffJa00,Jared Goff,QB,2016,0.17800000000000002,2019,4,33,0.9890909090909091,0.622,1.5901783104355451
GoldEd00,Eddie Goldman,DL,2015,0.059000000000000004,2018,4,32,0.500625,0.538,0.9305297397769516
GoldMa00,Markus Golden,EDGE,2015,0.021,2020,1,33,0.6148484848484849,0.609,1.009603423396527
GollKe00,Kenny Golladay,WR,2017,0.099,2021,4,28,0.5178571428571428,0.64,0.8091517857142856
GoodMa00,Marquise Goodwin,WR,2013,0.038,2018,3,20,0.5345,0.64,0.8351562499999999
GoodNa00,Najee Goode,LB,2012,0.005,2017,1,37,0.11135135135135137,0.692,0.1609123574441494
GordMe00,Melvin Gordon,RB,2015,0.04,2020,2,31,0.5648387096774193,0.423,1.3353160985281782
GotsAd00,Adam Gotsis,DL,2016,0.006999999999999999,2022,1,34,0.3226470588235294,0.538,0.5997157227203148
GradGi00,Gino Gradkowski,IOL,2012,0.006999999999999999,2016,3,10,0.348,0.747,0.465863453815261
GrahBr99,Brandon Graham,EDGE,2010,0.045,2015,4,32,0.7271875,0.609,1.194068144499179
GrahGa00,Garrett Graham,TE,2010,0.027999999999999997,2014,3,19,0.6152631578947368,0.534,1.1521781983047505
GrahJi00,Jimmy Graham,TE,2010,0.075,2014,4,27,0.7262962962962963,0.534,1.3601054237758357
GranJa00,Jakeem Grant,WR,2016,0.026000000000000002,2019,4,24,0.38625,0.64,0.603515625
GranKy00,Kylen Granson,TE,2021,0.006,2025,1,18,0.225,0.534,0.42134831460674155
GranRy01,Ryan Grant,WR,2014,0.042,2018,4,16,0.584375,0.64,0.9130859375
GrayNo00,Noah Gray,TE,2021,0.023,2024,3,36,0.5347222222222222,0.534,1.001352476071577
GreeA.00,A.J. Green,WR,2011,0.105,2015,4,27,0.8544444444444445,0.64,1.3350694444444444
GreeDr00,Dre Greenlaw,LB,2019,0.039,2022,2,36,0.8766666666666667,0.692,1.266859344894027
GreeJo04,Jonathan Greenard,EDGE,2020,0.07400000000000001,2024,4,30,0.7906666666666666,0.609,1.2983032293377121
GreeVi00,Virgil Green,TE,2011,0.02,2015,3,31,0.45774193548387093,0.534,0.8571946357375859
GregRa00,Randy Gregory,EDGE,2015,0.005,2020,1,23,0.4856521739130435,0.609,0.7974584136503178
GresJe00,Jermaine Gresham,TE,2010,0.023,2016,1,30,0.7423333333333333,0.534,1.3901373283395753
GrifEv99,Everson Griffen,EDGE,2010,0.064,2014,5,32,0.8740625,0.609,1.435242200328407
GrifRy00,Ryan Griffin,TE,2013,0.018000000000000002,2017,3,22,0.7468181818181818,0.534,1.398535921007831
GrifSh00,Shaquill Griffin,CB,2017,0.073,2021,3,19,0.9636842105263158,0.692,1.3926072406449652
GrosYe00,Yetur Gross-Matos,EDGE,2020,0.035,2024,2,21,0.43333333333333335,0.609,0.7115489874110564
GuntRo00,Rodney Gunter,DL,2015,0.009000000000000001,2019,1,13,0.65,0.538,1.20817843866171
GurlTo01,Todd Gurley,RB,2015,0.081,2018,4,32,0.7803125,0.423,1.844710401891253
GuyxLa00,Lawrence Guy,DL,2011,0.022000000000000002,2017,4,38,0.5210526315789473,0.538,0.9684993152025042
HadeJo99,Joe Haden,CB,2010,0.102,2014,5,20,0.9075,0.692,1.3114161849710984
HageBr00,Bryce Hager,LB,2015,0.005,2020,1,10,0.18800000000000003,0.692,0.27167630057803477
HainRo00,Robert Hainsey,IOL,2021,0.025,2025,3,16,0.9456249999999999,0.747,1.265896921017403
HairCh00,Chris Hairston,OT,2011,0.009000000000000001,2016,2,17,0.3264705882352941,0.73,0.44721998388396456
HairNa00,Nate Hairston,CB,2017,0.005,2021,1,18,0.12944444444444445,0.692,0.187058445728966
HallBr02,Bryce Hall,CB,2020,0.004,2023,1,10,0.237,0.692,0.342485549132948
HallDa03,Darren Hall,CB,2021,0.004,2025,1,13,0.1676923076923077,0.692,0.2423299244108493
HalxAn00,Andre Hal,S,2014,0.03,2017,3,25,0.7664,0.714,1.0733893557422969
HamiDa02,DaVon Hamilton,DL,2020,0.051,2023,3,25,0.468,0.538,0.8698884758364313
HamiKy00,Kyle Hamilton,S,2022,0.09,2025,4,16,0.943125,0.714,1.3209033613445378
HandDa00,Da'Shawn Hand,EDGE,2018,0.005,2024,1,31,0.5406451612903226,0.609,0.8877588855341915
HankJo00,Johnathan Hankins,DL,2013,0.054000000000000006,2017,3,30,0.6333333333333333,0.538,1.1771995043370507
HankLe00,Leonard Hankerson,WR,2011,0.006999999999999999,2015,1,10,0.489,0.64,0.7640625
HannJa00,James Hanna,TE,2012,0.018000000000000002,2016,3,16,0.25875,0.534,0.48455056179775274
HansJa00,Jake Hanson,IOL,2020,0.004,2024,1,12,0.14250000000000002,0.747,0.19076305220883535
HardGr99,Greg Hardy,EDGE,2010,0.099,2014,1,13,0.7707692307692308,0.609,1.2656309208033347
HardMe00,Mecole Hardman,WR,2019,0.018000000000000002,2023,1,27,0.19148148148148147,0.64,0.2991898148148148
HargJa00,Javon Hargrave,DL,2016,0.066,2020,3,32,0.6378125,0.538,1.1855250929368029
HargVe00,Vernon Hargreaves III,CB,2016,0.008,2021,1,13,0.4623076923076923,0.692,0.6680746998666074
HarlSe00,Sean Harlow,IOL,2017,0.005,2021,2,33,0.30121212121212115,0.747,0.40322907792787305
HarmDu00,Duron Harmon,S,2013,0.025,2017,4,38,0.6092105263157894,0.714,0.8532360312546071
HarrCh03,Charles Harris,EDGE,2017,0.031,2022,2,19,0.4284210526315789,0.609,0.7034828450436436
HarrDa05,Davontae Harris,CB,2018,0.005,2021,1,12,0.08833333333333333,0.692,0.12764932562620424
HarrDw00,Dwayne Harris,WR,2011,0.024,2015,5,32,0.3096875,0.64,0.48388671875
HarrMa06,Malik Harrison,LB,2020,0.018000000000000002,2025,2,12,0.41583333333333333,0.692,0.6009152215799615
HarrRo02,Ronnie Harrison,S,2018,0.006,2022,1,23,0.3347826086956522,0.714,0.4688832054560955
HarrSh00,Shelby Harris,EDGE,2014,0.004,2016,1,16,0.519375,0.609,0.852832512315271
HartBo00,Bobby Hart,OT,2015,0.028999999999999998,2019,3,30,0.9623333333333334,0.73,1.3182648401826484
HaveRo00,Rob Havenstein,OT,2015,0.046,2018,4,28,0.9942857142857143,0.73,1.3620352250489238
HawlJo20,Joe Hawley,IOL,2010,0.023,2014,2,19,0.9436842105263158,0.747,1.2632988092721764
HaydDJ00,D.J. Hayden,CB,2013,0.036000000000000004,2018,3,25,0.678,0.692,0.9797687861271678
HaynMa01,Marquis Haynes,EDGE,2018,0.013000000000000001,2022,2,24,0.39083333333333337,0.609,0.6417624521072798
HaywCa00,Casey Hayward,CB,2012,0.064,2018,3,34,0.9782352941176471,0.692,1.4136348180890854
HeckCh00,Charlie Heck,OT,2020,0.008,2024,1,26,0.3411538461538462,0.73,0.4673340358271866
HemiTe00,Temarrick Hemingway,TE,2016,0.004,2020,2,10,0.115,0.534,0.2153558052434457
HendTr00,Trey Hendrickson,EDGE,2017,0.09300000000000001,2023,1,34,0.7026470588235294,0.609,1.1537718535690138
HennMa00,Matt Hennessy,IOL,2020,0.008,2024,1,25,0.126,0.747,0.1686746987951807
HenrDe00,Derrick Henry,RB,2016,0.063,2020,4,26,0.678076923076923,0.423,1.603018730678305
HenrHu00,Hunter Henry,TE,2016,0.068,2021,3,35,0.7168571428571429,0.534,1.3424291064740501
HerbJu00,Justin Herbert,QB,2020,0.23399999999999999,2023,5,31,0.97,0.622,1.5594855305466238
HernWi00,Will Hernandez,IOL,2018,0.02,2023,2,22,0.9654545454545455,0.747,1.2924424972617743
HeueJe00,Jeff Heuerman,TE,2015,0.021,2019,2,14,0.44857142857142857,0.534,0.8400214018191545
HickJo00,Jordan Hicks,LB,2015,0.045,2019,4,32,0.964375,0.692,1.3936054913294798
HigbTy00,Tyler Higbee,TE,2016,0.039,2019,4,32,0.724375,0.534,1.356507490636704
HiggRa00,Rashard Higgins,WR,2016,0.013000000000000001,2021,1,18,0.4338888888888889,0.64,0.6779513888888888
HiggTe00,Tee Higgins,WR,2020,0.10300000000000001,2025,4,15,0.8086666666666666,0.64,1.2635416666666666
HighAl02,Alex Highsmith,EDGE,2020,0.076,2023,4,30,0.7916666666666666,0.609,1.2999452654625068
HighDo01,Dont'a Hightower,LB,2012,0.053,2017,4,23,0.792608695652174,0.692,1.1453882885147024
HillB.00,B.J. Hill,DL,2018,0.048,2022,3,36,0.7502777777777778,0.538,1.3945683601817431
HillBr02,Brian Hill,RB,2017,0.011000000000000001,2020,1,19,0.2442105263157895,0.423,0.5773298494463108
HillJu00,Justice Hill,RB,2019,0.012,2024,2,27,0.3988888888888889,0.423,0.9429997373259785
HillTy00,Tyreek Hill,WR,2016,0.14400000000000002,2022,4,35,0.7208571428571429,0.64,1.1263392857142858
HiltT.00,T.Y. Hilton,WR,2012,0.091,2015,5,32,0.8521875,0.64,1.33154296875
HintKy00,Kyle Hinton,IOL,2020,0.01,2025,2,17,0.1770588235294118,0.747,0.2370265375226396
HitcAn00,Anthony Hitchens,LB,2014,0.051,2018,5,35,0.762,0.692,1.101156069364162
HobbNa00,Nate Hobbs,CB,2021,0.043,2025,4,11,0.47818181818181815,0.692,0.6910141881240147
HockTJ00,T.J. Hockenson,TE,2019,0.073,2023,4,26,0.7153846153846154,0.534,1.3396715643906654
HodgGe00,Gerald Hodges,LB,2013,0.005,2017,1,29,0.18689655172413797,0.692,0.27008172214470805
HoldWi00,Will Holden,OT,2017,0.005,2021,1,14,0.08214285714285714,0.73,0.11252446183953034
HollJe02,Jevon Holland,S,2021,0.054000000000000006,2025,3,14,0.8964285714285715,0.714,1.2555022008803522
HollJu00,Justin Hollins,LB,2019,0.006,2023,1,12,0.23750000000000002,0.692,0.3432080924855492
HollKa00,Ka'dar Hollman,CB,2019,0.004,2023,2,29,0.11413793103448275,0.692,0.16493920669722942
HollMa00,Mack Hollins,WR,2017,0.011000000000000001,2023,1,33,0.556060606060606,0.64,0.8688446969696969
HolmDa01,Darnay Holmes,CB,2020,0.008,2024,1,29,0.24206896551724139,0.692,0.3498106438110425
HomeTr00,Travis Homer,RB,2019,0.009000000000000001,2023,2,26,0.04846153846153847,0.423,0.11456628477905077
HookAm00,Amani Hooker,S,2019,0.048,2025,3,16,0.9193749999999999,0.714,1.2876400560224088
HookMa00,Malik Hooker,S,2017,0.031,2023,3,34,0.8902941176470588,0.714,1.2469105289174494
HoomMi00,Michael Hoomanawanui,TE,2010,0.011000000000000001,2016,3,16,0.44687499999999997,0.534,0.8368445692883894
HoopAu00,Austin Hooper,TE,2016,0.053,2020,4,31,0.7303225806451613,0.534,1.3676452821070435
HopkDe00,DeAndre Hopkins,WR,2013,0.09699999999999999,2017,5,32,0.9865625,0.64,1.54150390625
HornJa00,Jaycee Horn,CB,2021,0.09,2025,4,17,0.9458823529411765,0.692,1.3668820129207755
HousDa00,Davon House,CB,2011,0.043,2015,4,32,0.5703125000000001,0.692,0.8241510115606938
HousDe00,DeAndre Houston-Carson,S,2016,0.009000000000000001,2022,1,32,0.4671875,0.714,0.6543242296918768
HousJu00,Justin Houston,EDGE,2011,0.11699999999999999,2015,6,19,0.7773684210526316,0.609,1.2764670296430733
HousLa99,Lamarr Houston,EDGE,2010,0.053,2014,5,24,0.5270833333333333,0.609,0.8654898741105638
HousRo01,Rob Housler,TE,2011,0.012,2015,1,10,0.12,0.534,0.22471910112359547
HowaJo00,Jordan Howard,RB,2016,0.025,2020,2,15,0.24266666666666667,0.423,0.5736800630417652
HowaO.00,O.J. Howard,TE,2017,0.017,2022,1,13,0.3976923076923077,0.534,0.7447421492365311
HowaTy00,Tytus Howard,OT,2019,0.083,2023,3,25,0.9548,0.73,1.307945205479452
HowaXa00,Xavien Howard,CB,2016,0.086,2022,5,29,0.9206896551724137,0.692,1.3304763803069564
HubbCh01,Chuba Hubbard,RB,2021,0.032,2024,4,31,0.6154838709677419,0.423,1.455044612216884
HubbSa00,Sam Hubbard,EDGE,2018,0.055,2021,4,38,0.8318421052631579,0.609,1.3659147869674186
HudsJa00,James Hudson,OT,2021,0.021,2025,2,11,0.11363636363636362,0.73,0.1556662515566625
HudsKh00,Khaleke Hudson,LB,2020,0.006999999999999999,2023,1,34,0.17058823529411765,0.692,0.24651479088745326
HudsRo00,Rodney Hudson,IOL,2011,0.062,2015,5,30,0.9756666666666667,0.747,1.3061133422579205
HufaTa00,Talanoa Hufanga,S,2021,0.047,2025,3,19,0.9663157894736842,0.714,1.3533834586466167
HughJe99,Jerry Hughes,EDGE,2010,0.063,2015,5,32,0.863125,0.609,1.4172824302134648
HughJo00,John Hughes,DL,2012,0.022000000000000002,2015,4,22,0.35,0.538,0.6505576208178437
HughMi00,Mike Hughes,CB,2018,0.016,2023,2,30,0.5126666666666667,0.692,0.7408477842003854
HumpCr00,Creed Humphrey,IOL,2021,0.07,2024,4,37,0.9686486486486486,0.747,1.29671840515214
HumpD.00,D.J. Humphries,OT,2015,0.07400000000000001,2020,3,33,0.9933333333333333,0.73,1.360730593607306
HumpMa00,Marlon Humphrey,CB,2017,0.098,2020,5,29,0.9827586206896551,0.692,1.4201714171815827
HuntDa01,Danielle Hunter,EDGE,2015,0.081,2018,5,34,0.83,0.609,1.3628899835796386
HuntJu00,Justin Hunter,WR,2013,0.005,2017,1,12,0.2125,0.64,0.33203125
HuntKa00,Kareem Hunt,RB,2017,0.03,2020,2,26,0.4926923076923077,0.423,1.1647572285870158
HuntMa00,Margus Hunt,EDGE,2013,0.024,2019,2,29,0.44482758620689655,0.609,0.730422965856973
HuntRo01,Robert Hunt,IOL,2020,0.078,2024,5,19,0.9731578947368421,0.747,1.302754879165786
HursHa00,Hayden Hurst,TE,2018,0.032,2023,3,18,0.4188888888888889,0.534,0.7844361215147733
HursMa00,Maurice Hurst Jr.,DL,2018,0.006999999999999999,2024,1,10,0.28400000000000003,0.538,0.5278810408921933
HurtJa00,Jalen Hurts,QB,2020,0.22699999999999998,2023,5,37,0.9424324324324325,0.622,1.5151646823672549
HutcAi00,Aidan Hutchinson,EDGE,2022,0.161,2025,4,17,0.9105882352941176,0.609,1.4952187771660388
HydeCa00,Carlos Hyde,RB,2014,0.028999999999999998,2018,3,32,0.45375,0.423,1.072695035460993
HydeMi00,Micah Hyde,S,2013,0.037000000000000005,2017,5,32,0.9359375,0.714,1.3108368347338937
IfedGe00,Germain Ifedi,OT,2016,0.023,2021,1,26,0.25269230769230766,0.73,0.34615384615384615
IjalBe00,Ben Ijalana,OT,2011,0.031,2017,2,11,0.08545454545454545,0.73,0.11706102117061021
IlokGe00,George Iloka,S,2012,0.039,2016,5,32,0.911875,0.714,1.2771358543417368
IngrMa01,Mark Ingram,RB,2011,0.027999999999999997,2015,4,28,0.5321428571428571,0.423,1.2580209388720027
IngrMe00,Melvin Ingram,EDGE,2012,0.096,2017,4,34,0.8676470588235294,0.609,1.4247078141601468
IrviBr00,Bruce Irvin,EDGE,2012,0.06,2016,4,33,0.8684848484848485,0.609,1.4260834950490124
IupaMi20,Mike Iupati,IOL,2010,0.055999999999999994,2015,5,30,0.938,0.747,1.255689424364123
JackAd00,Adoree' Jackson,CB,2017,0.071,2021,3,25,0.896,0.692,1.2947976878612717
JackAu00,Austin Jackson,OT,2020,0.053,2023,3,25,0.9716,0.73,1.330958904109589
JackDa02,Dane Jackson,CB,2020,0.017,2024,2,14,0.275,0.692,0.3973988439306359
JackDo02,Donte Jackson,CB,2018,0.055999999999999994,2022,3,25,0.8284,0.692,1.1971098265895954
JackEd01,Eddie Jackson,S,2017,0.07400000000000001,2020,4,31,0.9625806451612903,0.714,1.3481521640914431
JackGa00,Gabe Jackson,IOL,2014,0.066,2017,5,28,0.9664285714285714,0.747,1.293746414228342
JackJo02,Joe Jackson,EDGE,2019,0.005,2021,2,12,0.2,0.609,0.32840722495894914
JackJo03,Jonah Jackson,IOL,2020,0.067,2024,3,25,0.9076,0.747,1.2149933065595715
JackJu01,Justin Jackson,RB,2018,0.005,2022,1,16,0.17375000000000002,0.423,0.41075650118203316
JackKa99,Kareem Jackson,CB,2010,0.059000000000000004,2015,4,29,0.8193103448275862,0.692,1.183974486745067
JackLa00,Lamar Jackson,QB,2018,0.231,2023,5,37,0.9727027027027026,0.622,1.5638307117406796
JackMa02,Malik Jackson,DL,2012,0.092,2016,6,35,0.7042857142857143,0.538,1.3090812533191714
JackMi01,Michael Jackson,CB,2019,0.019,2025,2,18,0.9855555555555555,0.692,1.4242132305716122
JackMy00,Myles Jack,LB,2016,0.076,2019,4,25,0.918,0.692,1.3265895953757227
JackWi02,William Jackson III,CB,2016,0.07400000000000001,2021,3,16,0.900625,0.692,1.3014812138728324
JacoJo01,Josh Jacobs,RB,2019,0.052000000000000005,2023,1,31,0.6867741935483871,0.423,1.6235796537786928
JameDe00,Derwin James,S,2018,0.091,2022,4,31,0.9374193548387096,0.714,1.312912261678865
JameJe00,Jesse James,TE,2015,0.03,2019,4,32,0.4515625,0.534,0.8456226591760299
JameRi00,Richie James,WR,2018,0.005,2023,1,13,0.23,0.64,0.359375
JanoAn00,Andy Janovich,RB,2016,0.01,2019,3,23,0.21000000000000002,0.423,0.4964539007092199
JarrGr00,Grady Jarrett,DL,2015,0.09,2019,4,32,0.7878125,0.538,1.464335501858736
JeffAl00,Alshon Jeffery,WR,2012,0.094,2016,1,31,0.8629032258064516,0.64,1.3482862903225807
JeffJu00,Justin Jefferson,WR,2020,0.13699999999999998,2024,4,35,0.9362857142857143,0.64,1.4629464285714284
JeffQu00,Quinton Jefferson,DL,2016,0.034,2020,2,37,0.5364864864864864,0.538,0.9971867778559227
JeffVa00,Van Jefferson,WR,2020,0.006,2025,1,16,0.585625,0.64,0.9150390624999999
JenkEl00,Elgton Jenkins,IOL,2019,0.08199999999999999,2022,4,32,0.961875,0.747,1.2876506024096386
JenkJa01,Jarvis Jenkins,DL,2011,0.018000000000000002,2016,2,29,0.2620689655172414,0.538,0.48711703627740033
JenkJo00,John Jenkins,DL,2013,0.005,2017,1,15,0.16333333333333333,0.538,0.30359355638166047
JenkJo01,Jordan Jenkins,EDGE,2016,0.019,2020,1,23,0.5047826086956522,0.609,0.8288712786463911
JenkRa00,Rayshawn Jenkins,S,2017,0.048,2021,4,33,0.9427272727272727,0.714,1.3203463203463204
JennJa00,Jauan Jennings,WR,2020,0.023,2024,2,32,0.788125,0.64,1.2314453125
JensRy00,Ryan Jensen,IOL,2013,0.059000000000000004,2018,4,32,0.9990625,0.747,1.337433065595716
JernTi00,Timmy Jernigan,DL,2014,0.07200000000000001,2017,4,23,0.4682608695652174,0.538,0.8703733635041215
JeudJe00,Jerry Jeudy,WR,2020,0.069,2024,3,34,0.8711764705882353,0.64,1.3612132352941178
JeweJo00,Josey Jewell,LB,2018,0.026000000000000002,2022,2,29,0.8434482758620689,0.692,1.2188558899740882
JoecLu00,Luke Joeckel,IOL,2013,0.048,2017,1,11,1,0.747,1.3386880856760375
JohnAu01,Austin Johnson,DL,2016,0.034,2022,2,25,0.5588,0.538,1.0386617100371747
JohnBu01,Buddy Johnson,LB,2021,0.004,2023,1,17,0.0064705882352941195,0.692,0.009350561033662023
JohnCl00,Clay Johnston,LB,2020,0.004,2022,1,19,0.0010526315789473686,0.692,0.0015211439002129606
JohnDa08,David Johnson,RB,2015,0.073,2018,3,29,0.6568965517241379,0.423,1.552946930789924
JohnDi01,Diontae Johnson,WR,2019,0.08800000000000001,2022,2,31,0.8180645161290322,0.64,1.2782258064516128
JohnDo02,Dontae Johnson,CB,2014,0.006999999999999999,2018,1,10,0.064,0.692,0.09248554913294799
JohnDu00,Duke Johnson,RB,2015,0.028999999999999998,2018,3,34,0.45176470588235296,0.423,1.0680016687526075
JohnJa09,Jaleel Johnson,DL,2017,0.006999999999999999,2021,1,21,0.3680952380952381,0.538,0.684191892370331
JohnJa13,Jaylon Johnson,CB,2020,0.078,2024,1,26,0.8646153846153847,0.692,1.2494441974210762
JohnJo10,John Johnson,S,2017,0.062,2021,3,32,0.949375,0.714,1.329656862745098
JohnKe04,Kevin Johnson,CB,2015,0.018000000000000002,2020,1,14,0.685,0.692,0.989884393063584
JohnLa01,Lane Johnson,OT,2013,0.096,2019,4,19,0.8536842105263158,0.73,1.1694304253785148
JohnLo01,Lonnie Johnson Jr.,CB,2019,0.005,2023,1,27,0.0711111111111111,0.692,0.10276172125883107
JohnRo06,Roderick Johnson,OT,2017,0.009000000000000001,2020,1,12,0.335,0.73,0.45890410958904115
JohnTJ00,T.J. Johnson,IOL,2013,0.01,2017,2,13,0.28923076923076924,0.747,0.3871897847801462
JohnTa01,Taron Johnson,CB,2018,0.044000000000000004,2021,3,36,0.8847222222222222,0.692,1.278500321130379
JohnTr05,Trumaine Johnson,CB,2012,0.1,2017,1,27,0.8970370370370371,0.692,1.2962962962962965
JohnTy00,Tyler Johnson,WR,2020,0.005,2025,1,12,0.41,0.64,0.640625
JohnTy02,Ty Johnson,RB,2019,0.009000000000000001,2025,2,17,0.2958823529411765,0.423,0.6994854679460437
JohnWe00,Wesley Johnson,IOL,2014,0.016,2017,1,25,0.5935999999999999,0.747,0.7946452476572957
JoneAa00,Aaron Jones,RB,2017,0.066,2021,4,33,0.5906060606060606,0.423,1.3962318217637366
JoneBe01,Ben Jones,IOL,2012,0.027999999999999997,2016,4,34,0.9988235294117647,0.747,1.3371131585164187
JoneBr06,Brandon Jones,S,2020,0.026000000000000002,2024,3,31,0.9077419354838709,0.714,1.2713472485768502
JoneBy00,Byron Jones,CB,2015,0.083,2020,5,30,0.912,0.692,1.317919075144509
JoneCh03,Chandler Jones,EDGE,2012,0.099,2017,5,32,0.9271875,0.609,1.5224753694581281
JoneCh04,Chris Jones,DL,2013,0.01,2016,4,13,0.34,0.538,0.6319702602230484
JoneCh09,Chris Jones,DL,2016,0.10099999999999999,2020,4,35,0.6951428571428572,0.538,1.2920870950610728
JoneCy00,Cyrus Jones,CB,2016,0.005,2018,2,22,0.019545454545454546,0.692,0.028244876510772468
JoneD.01,D.J. Jones,DL,2017,0.048,2022,3,31,0.5432258064516129,0.538,1.0097133948914736
JoneDa04,DaQuan Jones,DL,2014,0.04,2018,3,35,0.582,0.538,1.0817843866171002
JoneDa05,Daniel Jones,QB,2019,0.17800000000000002,2023,4,16,0.916875,0.622,1.4740755627009647
JoneDe01,Deion Jones,LB,2016,0.076,2019,4,32,0.93625,0.692,1.3529624277456649
JoneDr00,Dre'Mont Jones,DL,2019,0.076,2023,3,34,0.5961764705882353,0.538,1.1081347036956046
JoneEr01,Ernest Jones,LB,2021,0.034,2025,3,18,0.9344444444444444,0.692,1.3503532434168273
JoneJa10,Jack Jones,CB,2022,0.004,2025,1,17,0.8482352941176471,0.692,1.2257735464127848
JoneJo06,Josh Jones,S,2017,0.006,2021,1,22,0.29454545454545455,0.714,0.4125286478227655
JoneJu02,Julio Jones,WR,2011,0.099,2015,5,33,0.8015151515151515,0.64,1.2523674242424243
JoneMa02,Marvin Jones,WR,2012,0.052000000000000005,2016,5,32,0.9365625,0.64,1.46337890625
JoneMa05,Mac Jones,QB,2021,0.013000000000000001,2025,2,12,0.6941666666666667,0.622,1.1160235798499465
JoneMa06,Marcus Jones,CB,2022,0.043,2025,3,21,0.7052380952380952,0.692,1.0191301954307734
JoneRe99,Reshad Jones,S,2010,0.057,2013,4,28,0.9875,0.714,1.3830532212885156
JoneSi00,Sidney Jones,CB,2017,0.017,2022,1,12,0.17666666666666667,0.692,0.25529865125240847
JoneT.00,T.J. Jones,WR,2014,0.011000000000000001,2018,1,18,0.4122222222222222,0.64,0.6440972222222222
JoneTa00,Taiwan Jones,RB,2011,0.011000000000000001,2014,3,13,0.07230769230769231,0.423,0.17094017094017094
JoneTr00,Travis Jones,DL,2022,0.048,2025,3,16,0.7,0.538,1.3011152416356875
JoneVe00,Velus Jones Jr.,WR,2022,0.004,2025,1,10,0.036000000000000004,0.64,0.05625000000000001
JoneZa00,Zay Jones,WR,2017,0.038,2022,3,27,0.8314814814814815,0.64,1.2991898148148149
JordCa00,Cameron Jordan,EDGE,2011,0.077,2015,5,32,0.9225,0.609,1.5147783251231528
JordDi00,Dion Jordan,EDGE,2013,0.011000000000000001,2018,1,20,0.404,0.609,0.6633825944170773
JordMi01,Michael Jordan,IOL,2019,0.005,2021,2,28,0.40857142857142864,0.747,0.5469497035762096
JoseKa00,Karl Joseph,S,2016,0.013000000000000001,2020,1,18,0.6355555555555555,0.714,0.8901338313103019
JoseLi99,Linval Joseph,DL,2010,0.047,2014,5,29,0.6731034482758621,0.538,1.2511216510703755
JoseSe00,Sebastian Joseph-Day,DL,2018,0.038,2022,3,36,0.585,0.538,1.087360594795539
JoynLa00,Lamarcus Joyner,S,2014,0.064,2018,1,32,0.8684375,0.714,1.2162990196078431
JudoMa00,Matt Judon,EDGE,2016,0.085,2020,1,34,0.7014705882352942,0.609,1.1518400463633731
JurgCa01,Cam Jurgens,IOL,2022,0.061,2025,4,15,0.9226666666666666,0.747,1.2351628737170905
JuszKy00,Kyle Juszczyk,RB,2013,0.031,2017,4,30,0.5266666666666666,0.423,1.2450748620961387
KaepCo00,Colin Kaepernick,QB,2011,0.14300000000000002,2014,6,25,0.9564,0.622,1.5376205787781352
KaliMa00,Matt Kalil,OT,2012,0.066,2017,5,17,0.9982352941176471,0.73,1.3674456083803386
KamaAl00,Alvin Kamara,RB,2017,0.076,2020,5,30,0.705,0.423,1.6666666666666665
KarlGe00,George Karlaftis III,EDGE,2022,0.079,2025,4,16,0.775,0.609,1.2725779967159279
KarrTe00,Ted Karras,IOL,2016,0.028999999999999998,2022,3,36,0.9922222222222222,0.747,1.3282760672318905
KearFr00,Frank Kearse,DL,2011,0.005,2014,2,19,0.26894736842105266,0.538,0.4999021717863432
KearJa00,Jayron Kearse,S,2016,0.024,2022,2,33,0.8403030303030303,0.714,1.1768950004244123
KelcJa00,Jason Kelce,IOL,2011,0.047,2014,6,28,0.9739285714285715,0.747,1.3037865748709123
KelcTr00,Travis Kelce,TE,2013,0.06,2016,5,33,0.8784848484848485,0.534,1.6451027125184428
KeleSe00,Senio Kelemete,IOL,2012,0.023,2018,3,17,0.8817647058823529,0.747,1.1804079061343413
KellDe00,Dennis Kelly,OT,2012,0.009000000000000001,2017,2,29,0.3368965517241379,0.73,0.461502125649504
KellRy00,Ryan Kelly,IOL,2016,0.063,2020,4,30,0.9893333333333333,0.747,1.324408746095493
KendDe00,Derion Kendrick,CB,2022,0.004,2025,1,15,0.13533333333333333,0.692,0.1955684007707129
KendEr00,Eric Kendricks,LB,2015,0.055999999999999994,2018,5,31,0.9570967741935484,0.692,1.3830878239791164
KendLa00,Lance Kendricks,TE,2011,0.032,2015,4,31,0.7296774193548388,0.534,1.3664371148967018
KendMy00,Mychal Kendricks,LB,2012,0.051,2015,4,28,0.4517857142857143,0.692,0.6528695293146161
KennDe00,Devon Kennard,LB,2014,0.032,2018,3,31,0.8832258064516129,0.692,1.2763378705948163
KerlJe00,Jeremy Kerley,WR,2011,0.026000000000000002,2014,4,32,0.43531250000000005,0.64,0.6801757812500001
KerrRy00,Ryan Kerrigan,EDGE,2011,0.08,2015,5,33,0.7866666666666666,0.609,1.2917350848385332
KeyxAr00,Arden Key,EDGE,2018,0.031,2023,3,33,0.6815151515151515,0.609,1.1190724983828433
KilgDa00,Daniel Kilgore,IOL,2011,0.013999999999999999,2014,3,12,0.8666666666666667,0.747,1.1601963409192326
KillMi00,Miles Killebrew,S,2016,0.01,2020,1,33,0.019999999999999997,0.714,0.028011204481792715
KingAk00,Akeem King,CB,2015,0.003,2018,1,32,0.1928125,0.692,0.2786307803468208
KingKe01,Kevin King,CB,2017,0.027000000000000003,2021,1,11,0.45363636363636367,0.692,0.6555438780872308
KinlJa00,Javon Kinlaw,DL,2020,0.054000000000000006,2025,3,17,0.6370588235294118,0.538,1.1841242073037392
KirkCh00,Christian Kirksey,LB,2014,0.057,2017,4,23,0.9526086956521739,0.692,1.3766021613470723
KirkCh01,Christian Kirk,WR,2018,0.086,2022,4,31,0.8174193548387096,0.64,1.2772177419354838
KirkDr00,Dre Kirkpatrick,CB,2012,0.063,2017,5,27,0.8444444444444444,0.692,1.2202954399486192
KittGe00,George Kittle,TE,2017,0.076,2020,5,25,0.8976,0.534,1.680898876404494
KleiAJ00,A.J. Klein,LB,2013,0.03,2017,3,30,0.724,0.692,1.046242774566474
KlugKa00,Karl Klug,DL,2011,0.015,2017,2,17,0.3070588235294118,0.538,0.5707413076754865
KmetCo00,Cole Kmet,TE,2020,0.055999999999999994,2023,4,34,0.8214705882352942,0.534,1.5383344348975545
KnoxDa00,Dawson Knox,TE,2019,0.062,2022,4,31,0.7,0.534,1.3108614232209737
KoonMa00,Malcolm Koonce,EDGE,2021,0.04,2025,1,17,0.4435294117647059,0.609,0.7282913165266107
KoyaBe00,Ben Koyack,TE,2015,0.004,2019,1,11,0.3381818181818182,0.534,0.6332992849846782
KpasTa00,Tanoh Kpassagnon,EDGE,2017,0.012,2021,2,23,0.3808695652173913,0.609,0.6254015849218248
KrofTy00,Tyler Kroft,TE,2015,0.033,2019,3,22,0.3959090909090909,0.534,0.7414027919645896
KuecLu00,Luke Kuechly,LB,2012,0.086,2015,5,26,0.9311538461538461,0.692,1.3455980435749222
KuppCo00,Cooper Kupp,WR,2017,0.128,2022,3,22,0.9281818181818182,0.64,1.4502840909090908
KushEr00,Eric Kush,IOL,2013,0.01,2019,2,17,0.4023529411764706,0.747,0.5386250885896527
KwiaNi00,Nick Kwiatkoski,LB,2016,0.035,2020,3,20,0.527,0.692,0.7615606936416186
LaFeBr00,Brandon LaFell,WR,2010,0.023,2014,3,32,0.82875,0.64,1.294921875
LakeQu00,Quentin Lake,S,2022,0.046,2025,3,13,0.9523076923076923,0.714,1.3337642749407457
LambCe00,CeeDee Lamb,WR,2020,0.133,2024,4,29,0.766551724137931,0.64,1.1977370689655171
LandHa00,Harold Landry,EDGE,2018,0.084,2022,5,17,0.7305882352941176,0.609,1.1996522747029847
LandJa00,Jarvis Landry,WR,2014,0.09,2018,1,32,0.9034375,0.64,1.41162109375
LaneJe00,Jeremy Lane,CB,2012,0.037000000000000005,2016,4,31,0.58967741935483875,0.692,0.8521349990676861
LarsTe20,Ted Larsen,IOL,2010,0.013000000000000001,2014,2,29,0.9889655172413793,0.747,1.3239163550754742
LatiCo00,Cody Latimer,WR,2014,0.013999999999999999,2018,1,21,0.40952380952380957,0.64,0.6398809523809524
LattMa01,Marshon Lattimore,CB,2017,0.106,2021,5,23,0.9482608695652174,0.692,1.3703191756722795
LauvSh20,Shawn Lauvao,IOL,2010,0.032,2014,4,18,0.9133333333333333,0.747,1.2226684515841142
LawrDe00,DeMarcus Lawrence,EDGE,2014,0.11199999999999999,2019,5,32,0.61625,0.609,1.0119047619047619
LawrDe03,Dexter Lawrence,DL,2019,0.1,2023,4,28,0.695,0.538,1.2918215613382897
LawrTr00,Trevor Lawrence,QB,2021,0.215,2024,5,28,0.945,0.622,1.5192926045016077
LawsCa00,Carl Lawson,EDGE,2017,0.08199999999999999,2021,3,17,0.5811764705882353,0.609,0.9543127595865932
LawsNe00,Nevin Lawson,CB,2014,0.026000000000000002,2018,2,26,0.7288461538461538,0.692,1.053245887060916
LawsSh00,Shaq Lawson,EDGE,2016,0.05,2020,3,28,0.5982142857142857,0.609,0.9822894675111424
LeRiJo00,Josh LeRibeus,IOL,2012,0.006,2016,1,18,0.1922222222222222,0.747,0.25732559869106053
LeexEl00,Elijah Lee,LB,2017,0.005,2021,1,24,0.05375,0.692,0.07767341040462428
LeexSe99,Sean Lee,LB,2010,0.057,2013,6,11,0.8718181818181818,0.692,1.2598528638991067
LenoCh00,Charles Leno Jr.,OT,2014,0.055,2017,4,33,0.9963636363636363,0.73,1.3648816936488168
LenoDe00,Deommodore Lenoir,CB,2021,0.07,2024,5,34,0.9820588235294118,0.692,1.4191601496089767
LeonDa00,Shaquille Leonard,LB,2018,0.10800000000000001,2021,5,19,0.8852631578947369,0.692,1.2792820200790995
LeviCo00,Corey Levin,IOL,2017,0.005,2021,2,30,0.15199999999999997,0.747,0.20348058902275765
LewaTa00,Taylor Lewan,OT,2014,0.09,2018,5,30,0.946,0.73,1.295890410958904
LewiDa05,Damien Lewis,IOL,2020,0.052000000000000005,2024,4,33,0.9903030303030304,0.747,1.3257068678755426
LewiDi00,Dion Lewis,RB,2011,0.01,2015,2,17,0.42411764705882354,0.423,1.0026421916284245
LewiJo01,Jourdan Lewis,CB,2017,0.025,2021,3,23,0.7426086956521739,0.692,1.0731339532545867
LewiTy00,Tyquan Lewis,EDGE,2018,0.023,2024,2,23,0.42478260869565215,0.609,0.6975083886628114
LindBr00,Brandon Linder,IOL,2014,0.062,2017,5,25,0.9428,0.747,1.2621151271753681
LindCh00,Chris Lindstrom,IOL,2019,0.091,2023,5,33,0.9742424242424242,0.747,1.3042067258934729
LinsCo00,Corey Linsley,IOL,2014,0.051,2017,3,32,1,0.747,1.3386880856760375
LissSe99,Sean Lissemore,DL,2010,0.017,2012,3,15,0.23466666666666666,0.538,0.4361833952912019
LittWa00,Walker Little,OT,2021,0.053,2024,3,31,0.7616129032258064,0.73,1.0433053468846665
LiugCo00,Corey Liuget,DL,2011,0.07200000000000001,2015,5,27,0.7185185185185186,0.538,1.3355362797741979
LockDr00,Drew Lock,QB,2019,0.02,2024,1,14,0.42714285714285716,0.622,0.686724850711989
LockTy00,Tyler Lockett,WR,2015,0.095,2021,4,33,0.833939393939394,0.64,1.303030303030303
LogaBe00,Bennie Logan,DL,2013,0.048,2017,1,31,0.4019354838709677,0.538,0.7470919774553303
LongDa02,David Long,CB,2019,0.006999999999999999,2023,1,27,0.11333333333333336,0.692,0.1637764932562621
LongDa04,David Long,LB,2019,0.022000000000000002,2023,2,31,0.6390322580645161,0.692,0.9234570203244453
LongKy00,Kyle Long,IOL,2013,0.064,2016,4,18,0.7922222222222222,0.747,1.060538450096683
LongSp00,Spencer Long,IOL,2014,0.039,2018,4,28,0.5482142857142857,0.747,0.7338879326831134
LoonJo01,Joe Looney,IOL,2012,0.006,2018,1,34,0.5699999999999998,0.747,0.7630522088353412
LotuSt00,Star Lotulelei,DL,2013,0.055999999999999994,2018,5,33,0.4690909090909091,0.538,0.871916187901318
LoveJo03,Jordan Love,QB,2020,0.215,2024,4,32,0.934375,0.622,1.5022106109324758
LoveJu00,Julian Love,S,2019,0.043,2024,3,28,0.9275,0.714,1.2990196078431373
LucaAb00,Abraham Lucas,OT,2022,0.055,2025,3,20,0.9975,0.73,1.3664383561643836
LucaCh01,Chase Lucas,CB,2022,0.004,2024,1,16,0.09000000000000001,0.692,0.1300578034682081
LucaJo00,Jordan Lucas,S,2016,0.011000000000000001,2019,1,17,0.03764705882352941,0.714,0.052726973142198055
LuckAn00,Andrew Luck,QB,2012,0.158,2016,5,15,0.9806666666666667,0.622,1.5766345123258307
LyncAa00,Aaron Lynch,EDGE,2014,0.023,2018,1,29,0.3062068965517242,0.609,0.5028027857992187
MackKh00,Khalil Mack,EDGE,2014,0.133,2018,6,31,0.8525806451612903,0.609,1.399968218655649
MackMa00,Marlon Mack,RB,2017,0.011000000000000001,2021,1,14,0.13214285714285715,0.423,0.31239446133063153
MaddAv00,Avonte Maddox,CB,2018,0.040999999999999995,2021,3,28,0.7096428571428571,0.692,1.0254954582989266
MaduJu00,Nnamdi Madubuike,DL,2020,0.096,2024,4,21,0.7119047619047619,0.538,1.323243051867587
MahoPa00,Patrick Mahomes,QB,2017,0.22699999999999998,2020,10,38,0.9707894736842105,0.622,1.5607547808427822
MailJo00,Jordan Mailata,OT,2018,0.08800000000000001,2021,4,34,0.9705882352941176,0.73,1.3295729250604351
MallRy00,Ryan Mallett,QB,2011,0.024,2015,2,12,0.45416666666666666,0.622,0.7301714898177921
MariMa00,Marc Mariani,WR,2010,0.005,2016,1,16,0.011250000000000003,0.64,0.017578125000000003
MariMa01,Marcus Mariota,QB,2015,0.044000000000000004,2020,2,11,0.10909090909090909,0.622,0.17538731365097923
MarpAl00,Ali Marpet,IOL,2015,0.061,2018,5,32,1,0.747,1.3386880856760375
MarsBr01,Brandon Marshall,LB,2012,0.052000000000000005,2016,4,27,0.8551851851851852,0.692,1.2358167415970884
MarsCa00,Cassius Marsh,EDGE,2014,0.022000000000000002,2018,2,32,0.44437499999999996,0.609,0.729679802955665
MartBl01,Blake Martinez,LB,2016,0.052000000000000005,2020,3,19,0.9326315789473684,0.692,1.3477334955886826
MartDo00,Doug Martin,RB,2012,0.046,2016,5,19,0.46789473684210525,0.423,1.106134129650367
MartJa02,Jacob Martin,EDGE,2018,0.022000000000000002,2022,3,30,0.22066666666666668,0.609,0.3623426382047072
MartKa00,Kareem Martin,EDGE,2014,0.027999999999999997,2018,3,21,0.45904761904761904,0.609,0.753772773477207
MartNi00,Nick Martin,IOL,2016,0.057999999999999996,2019,3,34,0.9785294117647059,0.747,1.309945665012993
MartZa00,Zack Martin,IOL,2014,0.079,2018,6,32,0.9778125,0.747,1.3089859437751004
MassBo00,Bobby Massie,OT,2012,0.039,2016,3,30,0.9696666666666667,0.73,1.328310502283105
MathRi99,Ricardo Mathews,DL,2010,0.005,2016,1,17,0.3058823529411765,0.538,0.5685545593702165
MathRy00,Ryan Mathews,RB,2010,0.026000000000000002,2015,3,26,0.28615384615384615,0.423,0.6764866339334424
MathTy00,Tyrann Mathieu,S,2013,0.081,2016,5,26,0.926923076923077,0.714,1.2982115923292394
MattAl01,Alexander Mattison,RB,2019,0.016,2023,2,30,0.5213333333333333,0.423,1.2324665090622537
MattJa00,Jake Matthews,OT,2014,0.08199999999999999,2018,5,32,0.998125,0.73,1.3672945205479452
MautMi00,Michael Mauti,LB,2013,0.005,2017,1,13,0.06923076923076923,0.692,0.10004446420631392
MaxwBy00,Byron Maxwell,CB,2011,0.073,2015,6,27,0.8933333333333333,0.692,1.2909441233140655
MayeMa00,Marcus Maye,S,2017,0.057999999999999996,2021,1,16,0.969375,0.714,1.3576680672268908
MayfBa00,Baker Mayfield,QB,2018,0.131,2024,3,35,0.9788571428571429,0.622,1.5737253100597153
MayoDa00,David Mayo,LB,2015,0.013999999999999999,2020,3,27,0.19703703703703704,0.692,0.28473560265467784
McBrTr01,Trey McBride,TE,2022,0.068,2025,4,17,0.9135294117647059,0.534,1.7107292355144306
McCaBo01,Bobby McCain,S,2015,0.038,2018,4,23,0.87,0.714,1.2184873949579833
McCaCh01,Christian McCaffrey,RB,2017,0.081,2020,4,10,0.656,0.423,1.5508274231678487
McClRa00,Ray-Ray McCloud,WR,2018,0.01,2024,2,23,0.7673913043478261,0.64,1.1990489130434783
McClTe00,Terrell McClain,DL,2011,0.031,2017,4,25,0.4144,0.538,0.7702602230483271
McCoDe99,Devin McCourty,S,2010,0.066,2015,5,35,0.9737142857142858,0.714,1.3637454981992798
McCoEr01,Erik McCoy,IOL,2019,0.057999999999999996,2022,5,30,0.975,0.747,1.3052208835341366
McCoGe99,Gerald McCoy,DL,2010,0.102,2014,7,28,0.7578571428571429,0.538,1.408656399362719
McCoZy02,Zyon McCollum,CB,2022,0.057,2025,3,13,0.9469230769230769,0.692,1.3683859493108048
McCuDa00,Daniel McCullers,DL,2014,0.006999999999999999,2019,2,19,0.1668421052631579,0.538,0.31011543729211505
McDoMa00,Malik McDowell,DL,2017,0.004,2021,1,15,0.656,0.538,1.2193308550185873
McDoTJ00,T.J. McDonald,S,2013,0.036000000000000004,2017,4,22,0.9868181818181818,0.714,1.3820982938629998
McDoVa00,Vance McDonald,TE,2013,0.042,2016,5,22,0.5272727272727272,0.534,0.9874021109976164
McDuIs00,Isaiah McDuffie,LB,2021,0.013999999999999999,2025,2,18,0.4672222222222222,0.692,0.6751766217084136
McGeSt01,Stacy McGee,DL,2013,0.03,2017,5,24,0.35250000000000004,0.538,0.6552044609665427
McGlMi00,Mike McGlinchey,OT,2018,0.078,2023,5,30,0.9643333333333334,0.73,1.3210045662100458
McGoCo00,Connor McGovern,IOL,2016,0.045,2020,3,31,0.9861290322580645,0.747,1.3201191864231117
McGoCo01,Connor McGovern,IOL,2019,0.033,2023,3,38,0.9615789473684211,0.747,1.2872542802790108
McKeIs00,Isaiah McKenzie,WR,2017,0.011000000000000001,2022,2,29,0.34965517241379307,0.64,0.5463362068965517
McKiBe00,Benardrick McKinney,LB,2015,0.055999999999999994,2018,5,33,0.8906060606060606,0.692,1.287002977754423
McKiCo00,Colton McKivitz,OT,2020,0.054000000000000006,2025,3,19,0.9947368421052631,0.73,1.3626532083633742
McKiTa00,Takkarist McKinley,EDGE,2017,0.023,2021,1,15,0.3393333333333333,0.609,0.5571975916803503
McKiXa00,Xavier McKinney,S,2020,0.066,2024,4,35,0.9885714285714285,0.714,1.3845538215286115
McLaTe00,Terry McLaurin,WR,2019,0.111,2022,3,34,0.8732352941176471,0.64,1.3644301470588236
McMaSh99,Sherrick McManis,CB,2010,0.009000000000000001,2016,2,29,0.024482758620689653,0.692,0.03537970898943592
McMiRa02,Raekwon McMillan,LB,2017,0.006999999999999999,2023,1,11,0.3490909090909091,0.692,0.5044666316342618
McNeAl00,Alim McNeill,DL,2021,0.095,2024,4,24,0.72125,0.538,1.340613382899628
McPhPe00,Pernell McPhee,EDGE,2011,0.054000000000000006,2015,5,23,0.5830434782608696,0.609,0.9573784536303277
MeanSt00,Steven Means,EDGE,2013,0.006,2017,1,14,0.2235714285714286,0.609,0.36711236218625387
MeinQu02,Quinn Meinerz,IOL,2021,0.07,2024,4,37,0.981081081081081,0.747,1.3133615543254098
MeliIf00,Ifeatu Melifonwu,CB,2021,0.011000000000000001,2025,1,16,0.540625,0.692,0.7812500000000001
MercWh00,Whitney Mercilus,EDGE,2012,0.045,2015,4,34,0.8164705882352941,0.609,1.3406742007147685
MetcDK00,D.K. Metcalf,WR,2019,0.11800000000000001,2025,4,16,0.871875,0.64,1.3623046875
MeteJo00,Josh Metellus,S,2020,0.043,2025,3,14,0.965,0.714,1.3515406162464987
MichSo00,Sony Michel,RB,2018,0.008,2022,1,10,0.174,0.423,0.41134751773049644
MilaMa00,Matt Milano,LB,2017,0.063,2023,2,12,0.7708333333333334,0.692,1.1139210019267825
MillJa02,Jalen Mills,CB,2016,0.033,2021,4,26,0.838076923076923,0.692,1.2110938194753225
MillJo04,John Miller,IOL,2015,0.028999999999999998,2019,3,27,0.9485185185185185,0.747,1.2697704397838268
MillKo00,Kolton Miller,OT,2018,0.099,2021,3,34,1,0.73,1.36986301369863
MillLa01,Lamar Miller,RB,2012,0.042,2016,4,32,0.6528125,0.423,1.543291962174941
MillSc01,Scott Miller,WR,2019,0.005,2023,1,30,0.24133333333333334,0.64,0.3770833333333333
MillVo00,Von Miller,EDGE,2011,0.12300000000000001,2016,6,32,0.8384375,0.609,1.3767446633825944
MingBa00,Barkevious Mingo,EDGE,2013,0.019,2018,2,35,0.28085714285714286,0.609,0.4611775744780671
MinsGa00,Gardner Minshew II,QB,2019,0.049,2024,2,14,0.6657142857142857,0.622,1.0702802021129996
MintKe00,Kevin Minter,LB,2013,0.025,2017,1,14,0.2307142857142857,0.692,0.33340214698596204
MisiKo99,Koa Misi,LB,2010,0.035,2013,4,26,0.5892307692307692,0.692,0.8514895509115162
MitcEa99,Earl Mitchell,DL,2010,0.03,2014,4,28,0.5339285714285714,0.538,0.9924322889006904
MitcTe00,Terrance Mitchell,CB,2014,0.019,2018,3,23,0.47913043478260864,0.692,0.6923850213621513
MixoJo00,Joe Mixon,RB,2017,0.061,2020,4,26,0.6765384615384615,0.423,1.5993817057646844
MoeaTo00,Tony Moeaki,TE,2010,0.005,2015,1,11,0.1109090909090909,0.534,0.20769492679605037
MohaMi00,Mike Mohamed,LB,2011,0.005,2013,3,22,0.33954545454545454,0.692,0.4906726221755124
MoldEl00,Elijah Molden,S,2021,0.022000000000000002,2025,3,13,0.7384615384615385,0.714,1.0342598577892697
MoncDo00,Donte Moncrief,WR,2014,0.054000000000000006,2018,1,24,0.6091666666666666,0.64,0.9518229166666666
MontDa01,David Montgomery,RB,2019,0.036000000000000004,2024,2,32,0.3878125,0.423,0.9168144208037825
MoonDa00,Darnell Mooney,WR,2020,0.051,2024,3,31,0.8751612903225806,0.64,1.3674395161290323
MoorCh00,Chris Moore,WR,2016,0.008,2020,1,16,0.25125000000000003,0.64,0.39257812500000006
MoorD.00,D.J. Moore,WR,2018,0.10800000000000001,2024,4,36,0.8875,0.64,1.38671875
MoorDa05,Dan Moore,OT,2021,0.073,2025,4,16,0.954375,0.73,1.30736301369863
MoorEl00,Elijah Moore,WR,2021,0.009000000000000001,2025,1,10,0.295,0.64,0.46093749999999994
MoorJa04,Jaylon Moore,OT,2021,0.054000000000000006,2025,2,15,0.42333333333333334,0.73,0.5799086757990868
MoorTa00,Tarvarius Moore,S,2018,0.005,2023,1,11,0,0.714,0
MoreFa00,Fabian Moreau,CB,2017,0.01,2022,1,32,0.7625,0.692,1.101878612716763
MoreFo00,Foster Moreau,TE,2019,0.018000000000000002,2023,3,32,0.6184375,0.534,1.1581226591760299
MorgDe99,Derrick Morgan,EDGE,2010,0.047,2015,4,25,0.7808,0.609,1.2821018062397374
MorrAl00,Alfred Morris,RB,2012,0.011000000000000001,2016,2,28,0.18214285714285716,0.423,0.430597771023303
MorsMi00,Mitch Morse,IOL,2015,0.059000000000000004,2019,4,34,0.8970588235294118,0.747,1.2008819592093867
MoseMo00,Morgan Moses,OT,2014,0.048,2017,5,32,0.9446875,0.73,1.2940924657534247
MossAv00,Avery Moss,EDGE,2017,0.003,2019,2,11,0.45181818181818184,0.609,0.741901776384535
MotoTa00,Taylor Moton,OT,2017,0.09300000000000001,2021,5,34,1,0.73,1.36986301369863
MuhaAl00,Al-Quadin Muhammad,EDGE,2017,0.019,2022,2,16,0.5962500000000001,0.609,0.9790640394088671
MumaCh00,Chad Muma,LB,2022,0.004,2025,2,12,0.07666666666666667,0.692,0.11078998073217729
MurcLa00,Larrell Murchison,DL,2020,0.002,2022,1,24,0.22625,0.538,0.4205390334572491
MurpBy00,Byron Murphy,CB,2019,0.064,2025,3,17,0.9764705882352941,0.692,1.411084665079905
MurpMa03,Marcus Murphy,RB,2015,0.004,2017,3,12,0.2525,0.423,0.5969267139479906
MurpTr00,Trent Murphy,EDGE,2014,0.042,2018,3,30,0.5993333333333334,0.609,0.9841269841269842
MurrDe00,DeMarco Murray,RB,2011,0.055999999999999994,2015,5,31,0.63,0.423,1.4893617021276597
MurrEr00,Eric Murray,S,2016,0.03,2020,3,30,0.8213333333333334,0.714,1.150326797385621
MurrKe00,Kenneth Murray,LB,2020,0.03,2024,2,31,0.8503225806451613,0.692,1.2287898564236437
MurrKy00,Kyler Murray,QB,2019,0.221,2022,5,19,0.9373684210526316,0.622,1.5070231849720765
MurrLa00,Latavius Murray,RB,2013,0.03,2017,3,34,0.3976470588235294,0.423,0.9400639688499514
MuseTa00,Tanner Muse,S,2020,0.004,2023,1,13,0,0.714,0
MyerJo00,Josh Myers,IOL,2021,0.02,2025,2,17,1,0.747,1.3386880856760375
NassCa00,Carl Nassib,EDGE,2016,0.042,2020,3,28,0.37857142857142856,0.609,0.6216279615294393
NealKe01,Keanu Neal,S,2016,0.006,2022,1,26,0.5688461538461539,0.714,0.7967032967032968
NealMi99,Mike Neal,EDGE,2010,0.03,2014,2,36,0.6438888888888888,0.609,1.0572888159095055
NealSi00,Siran Neal,CB,2018,0.013999999999999999,2022,3,37,0.049729729729729735,0.692,0.07186377128573662
NelsAn01,Anthony Nelson,EDGE,2019,0.022000000000000002,2023,2,36,0.455,0.609,0.7471264367816093
NelsQu00,Quenton Nelson,IOL,2018,0.096,2022,4,34,0.9964705882352941,0.747,1.3339633041971808
NelsSt01,Steven Nelson,CB,2015,0.045,2019,3,31,0.9709677419354839,0.692,1.4031325750512773
NeviDr00,Drake Nevis,DL,2011,0.005,2013,2,12,0.30333333333333334,0.538,0.563816604708798
NewtCa00,Cam Newton,QB,2011,0.145,2015,5,34,0.9735294117647059,0.622,1.565159825988273
NewtDe00,Derek Newton,OT,2011,0.037000000000000005,2015,5,23,0.951304347826087,0.73,1.3031566408576534
NgakYa00,Yannick Ngakoue,EDGE,2016,0.09,2020,1,35,0.666,0.609,1.0935960591133005
NichBi00,Bilal Nichols,DL,2018,0.027000000000000003,2024,3,10,0.362,0.538,0.6728624535315985
NjokDa00,David Njoku,TE,2017,0.066,2022,4,31,0.8251612903225807,0.534,1.5452458620273046
NnadDe00,Derrick Nnadi,DL,2018,0.013000000000000001,2022,1,38,0.3807894736842105,0.538,0.7077871258070827
NormJo01,Josh Norman,CB,2012,0.09699999999999999,2016,5,30,0.9503333333333334,0.692,1.3733140655105975
NoteJo00,Joseph Noteboom,OT,2018,0.064,2022,3,21,0.6361904761904762,0.73,0.8714938030006524
NuneRa00,Rakeem Nunez-Roches,DL,2015,0.013999999999999999,2021,2,36,0.44027777777777777,0.538,0.8183601817430813
NwosUc00,Uchenna Nwosu,EDGE,2018,0.067,2023,3,12,0.5775,0.609,0.9482758620689655
OConPa00,Pat O'Connor,EDGE,2017,0.005,2023,1,25,0.18880000000000002,0.609,0.310016420361248
OLeaNi00,Nick O'Leary,TE,2015,0.006999999999999999,2018,1,24,0.46625,0.534,0.87312734082397
ONeiBr00,Brian O'Neill,OT,2018,0.10099999999999999,2021,5,33,0.9763636363636363,0.73,1.3374844333748444
OdenIf00,Ifeadi Odenigbo,DL,2017,0.002,2022,1,14,0.2785714285714286,0.538,0.5177907594264471
OdigOs00,Osa Odighizuwa,DL,2021,0.07200000000000001,2025,4,17,0.6258823529411764,0.538,1.1633500984036735
OdriJa99,Jared Odrick,EDGE,2010,0.059000000000000004,2015,5,22,0.7268181818181818,0.609,1.19346171070309
OgbaEm00,Emmanuel Ogbah,EDGE,2016,0.079,2022,4,25,0.36679999999999996,0.609,0.6022988505747126
OgbuCe00,Cedric Ogbuehi,OT,2015,0.013000000000000001,2021,1,10,0.587,0.73,0.8041095890410959
OgleAl00,Alec Ogletree,LB,2013,0.063,2017,4,29,0.9517241379310345,0.692,1.3753238987442695
OgunLa00,Larry Ogunjobi,DL,2017,0.065,2022,3,34,0.6641176470588235,0.538,1.2344194183249506
OkafAl00,Alex Okafor,EDGE,2013,0.032,2019,3,24,0.49625,0.609,0.8148604269293925
OkerBo00,Bobby Okereke,LB,2019,0.044000000000000004,2023,4,29,0.9889655172413793,0.692,1.4291409208690453
OkorCh00,Chukwuma Okorafor,OT,2018,0.047,2022,3,31,0.7774193548387097,0.73,1.0649580203269997
OkorOg00,Ogbonnia Okoronkwo,EDGE,2018,0.027999999999999997,2023,3,31,0.4848387096774194,0.609,0.7961226759891944
OkudJe00,Jeff Okudah,CB,2020,0.023,2023,1,21,0.4795238095238095,0.692,0.6929534819708231
OkunRu20,Russell Okung,OT,2010,0.068,2016,5,31,0.9638709677419355,0.73,1.3203711886875829
OkwaJu00,Julian Okwara,EDGE,2020,0.005,2024,1,13,0.33461538461538465,0.609,0.5494505494505495
OlivEd00,Ed Oliver,DL,2019,0.076,2023,4,35,0.7008571428571428,0.538,1.3027084439723844
OlivIs00,Isaiah Oliver,CB,2018,0.015,2023,2,37,0.4354054054054054,0.692,0.6291985627245743
OlivJo00,Josh Oliver,TE,2019,0.031,2023,3,33,0.47424242424242424,0.534,0.8880944274202701
OmenCh00,Charles Omenihu,EDGE,2019,0.036000000000000004,2023,2,23,0.5569565217391305,0.609,0.9145427286356822
OnweMi00,Michael Onwenu,OT,2020,0.07400000000000001,2024,3,38,0.9647368421052631,0.73,1.3215573179524152
OnyeDa00,David Onyemata,DL,2016,0.045,2020,3,28,0.6014285714285714,0.538,1.1178969729155601
OsemKe00,Kelechi Osemele,IOL,2012,0.075,2016,5,32,0.998125,0.747,1.3361780455153949
OsweBr00,Brock Osweiler,QB,2012,0.11599999999999999,2016,4,23,0.9065217391304348,0.622,1.457430448762757
OtomEs00,Esezi Otomewo,DL,2022,0.004,2024,1,17,0.24941176470588233,0.538,0.46359064071725337
PaeaSt00,Stephen Paea,DL,2011,0.037000000000000005,2015,4,24,0.3275,0.538,0.6087360594795539
PalmJo00,Josh Palmer,WR,2021,0.036000000000000004,2025,3,12,0.48333333333333334,0.64,0.7552083333333334
PalmNa01,Nate Palmer,LB,2013,0.006999999999999999,2017,2,11,0.03181818181818182,0.692,0.04598003152916449
ParaMa00,Matt Paradis,IOL,2014,0.048,2019,3,32,0.98875,0.747,1.323627844712182
ParkCo02,Colby Parkinson,TE,2020,0.028999999999999998,2024,3,37,0.5748648648648649,0.534,1.0765259641664136
ParkDe01,DeVante Parker,WR,2015,0.054000000000000006,2019,3,30,0.814,0.64,1.2718749999999999
ParkWi01,Will Parks,S,2016,0.008,2020,1,14,0.4142857142857143,0.714,0.580232092837135
ParsMi00,Micah Parsons,EDGE,2021,0.16699999999999998,2025,4,14,0.78,0.609,1.2807881773399015
PattCo00,Cordarrelle Patterson,WR,2013,0.027000000000000003,2019,2,33,0.1896969696969697,0.64,0.29640151515151514
PaynDa00,Daron Payne,DL,2018,0.1,2023,4,36,0.7222222222222222,0.538,1.3424204874019
PeatAn00,Andrus Peat,IOL,2015,0.057999999999999996,2020,5,21,0.8823809523809524,0.747,1.1812328679798558
PeppJa00,Jabrill Peppers,S,2017,0.02,2023,2,21,0.9580952380952381,0.714,1.3418700813658797
PeriSa00,Samaje Perine,RB,2017,0.017,2023,2,37,0.2937837837837838,0.423,0.6945243115455881
PerrBr02,Breshad Perriman,WR,2015,0.033,2020,1,19,0.7147368421052631,0.64,1.1167763157894737
PerrDe00,Denzel Perryman,LB,2015,0.032,2019,2,27,0.4122222222222222,0.692,0.5956968529222865
PerrNi00,Nick Perry,EDGE,2012,0.07200000000000001,2017,5,21,0.6052380952380952,0.609,0.993822816482915
PeteCo00,Corey Peters,DL,2010,0.021,2015,3,15,0.48866666666666664,0.538,0.9083023543990085
PeteMa00,Marcus Peters,CB,2015,0.07400000000000001,2019,3,33,0.9521212121212121,0.692,1.3758977053774744
PetePa00,Patrick Peterson,CB,2011,0.105,2014,5,35,0.9408571428571428,0.692,1.3596201486374897
PhilHa00,Harrison Phillips,DL,2018,0.031,2022,3,35,0.6657142857142857,0.538,1.2373871481678171
PhilJo01,Jordan Phillips,DL,2015,0.05,2020,3,18,0.45444444444444443,0.538,0.8446922759190416
PierJa99,Jason Pierre-Paul,EDGE,2010,0.064,2016,1,28,0.9139285714285714,0.609,1.5007037297677692
PierKe00,Kevin Pierre-Louis,LB,2014,0.015,2020,1,23,0.35608695652173916,0.692,0.514576526765519
PintDa00,Danny Pinter,IOL,2020,0.006,2025,1,17,0.1388235294117647,0.747,0.18584140483502637
PipkTr00,Trey Pipkins,OT,2019,0.032,2023,3,32,0.944375,0.73,1.293664383561644
PitrJa00,Jalen Pitre,CB,2022,0.047,2025,3,16,0.899375,0.692,1.2996748554913296
PittMi01,Michael Pittman Jr.,WR,2020,0.091,2024,3,33,0.8675757575757576,0.64,1.355587121212121
PociEt00,Ethan Pocic,IOL,2017,0.027000000000000003,2023,3,32,0.9234375,0.747,1.2361947791164658
PoexDo00,Dontari Poe,DL,2012,0.053,2018,3,27,0.5203703703703704,0.538,0.9672311716921381
PollTo00,Tony Pollard,RB,2019,0.045,2023,1,34,0.6929411764705883,0.423,1.63815880962314
PounMa20,Maurkice Pouncey,IOL,2010,0.066,2014,5,17,0.9941176470588236,0.747,1.3308134498779431
PounMi00,Mike Pouncey,IOL,2011,0.062,2015,5,19,0.9236842105263158,0.747,1.2365250475586556
PoweBe00,Ben Powers,IOL,2019,0.057999999999999996,2023,4,35,0.9922857142857143,0.747,1.3283610633008225
PoweBi00,Bilal Powell,RB,2011,0.024,2016,3,31,0.4645161290322581,0.423,1.0981468771448182
PratGe00,Germaine Pratt,LB,2019,0.03,2023,3,34,0.9158823529411765,0.692,1.323529411764706
PresDa01,Dak Prescott,QB,2016,0.21899999999999997,2021,4,31,0.9661290322580646,0.622,1.5532621097396537
PricBi01,Billy Price,IOL,2018,0.005,2022,1,11,1,0.747,1.3386880856760375
ProcJa00,James Proche,WR,2020,0.004,2023,1,20,0.065,0.64,0.1015625
ProsJa00,Jay Prosch,RB,2014,0.011000000000000001,2017,3,16,0.141875,0.423,0.3354018912529551
PruiMy00,MyCole Pruitt,TE,2015,0.013000000000000001,2020,1,28,0.3921428571428571,0.534,0.7343499197431781
PryoMa00,Matt Pryor,OT,2018,0.027000000000000003,2022,1,31,0.28451612903225804,0.73,0.3897481219619973
PughJu00,Justin Pugh,IOL,2013,0.051,2018,5,23,0.9526086956521739,0.747,1.2752459111809558
PurdBr00,Brock Purdy,QB,2022,0.19,2025,5,11,0.9681818181818181,0.622,1.5565624086524408
QuarSh00,Shaquille Quarterman,LB,2020,0.004,2024,1,12,0,0.692,0
QueePa00,Patrick Queen,LB,2020,0.054000000000000006,2024,3,36,0.9788888888888889,0.692,1.414579319203597
QuesDa00,David Quessenberry,IOL,2013,0.003,2019,2,17,0.44823529411764707,0.747,0.6000472478147886
QuicBr00,Brian Quick,WR,2012,0.011000000000000001,2016,1,27,0.4581481481481482,0.64,0.7158564814814815
QuinRo00,Robert Quinn,EDGE,2011,0.107,2014,4,24,0.7029166666666666,0.609,1.1542145593869733
RaglRe00,Reggie Ragland,LB,2016,0.006,2021,1,21,0.3757142857142857,0.692,0.5429397192402974
RagnFr00,Frank Ragnow,IOL,2018,0.07400000000000001,2021,4,20,0.9525,0.747,1.2751004016064258
RaimBe00,Bernhard Raimann,OT,2022,0.09,2025,4,16,0.971875,0.73,1.3313356164383563
RamcRy00,Ryan Ramczyk,OT,2017,0.105,2021,5,26,0.9665384615384616,0.73,1.3240252897787146
RamsJa00,Jalen Ramsey,CB,2016,0.10099999999999999,2020,5,37,0.9667567567567568,0.692,1.3970473363536948
RandDa00,Damarious Randall,S,2015,0.008,2020,1,11,0.046363636363636364,0.714,0.06493506493506494
RankSh00,Sheldon Rankins,DL,2016,0.03,2021,2,31,0.5593548387096774,0.538,1.0396930087540472
RappTa00,Taylor Rapp,S,2019,0.013999999999999999,2024,3,22,0.8804545454545455,0.714,1.2331296154825568
ReadD.00,D.J. Reader,DL,2016,0.067,2020,4,24,0.6416666666666667,0.538,1.1926889714993805
ReddHa00,Haason Reddick,EDGE,2017,0.07200000000000001,2022,3,38,0.7373684210526316,0.609,1.2107855846512834
ReedBr00,Brooks Reed,EDGE,2011,0.031,2015,5,31,0.41225806451612906,0.609,0.6769426346734467
ReedD.00,D.J. Reed,CB,2018,0.053,2022,3,32,0.994375,0.692,1.4369580924855492
ReedJa02,Jarran Reed,DL,2016,0.057999999999999996,2020,2,37,0.672972972972973,0.538,1.250879131920024
ReedJo02,Jordan Reed,TE,2013,0.06,2016,5,18,0.6705555555555556,0.534,1.2557220141489804
ReevJa00,Jalen Reeves-Maybin,LB,2017,0.018000000000000002,2022,2,37,0.08297297297297297,0.692,0.11990314013435402
ReidEr00,Eric Reid,S,2013,0.039,2019,3,16,0.99,0.714,1.3865546218487395
ReidJa00,Jah Reid,OT,2011,0.024,2015,3,25,0.534,0.73,0.7315068493150686
ReidJu00,Justin Reid,S,2018,0.05,2022,3,40,0.9745,0.714,1.3648459383753502
ReifRi00,Riley Reiff,OT,2012,0.07,2017,5,30,0.9553333333333334,0.73,1.3086757990867581
ReitAu00,Austin Reiter,IOL,2015,0.013000000000000001,2018,2,32,0.720625,0.747,0.9646921017402945
RenfHu00,Hunter Renfrow,WR,2019,0.076,2022,2,27,0.4525925925925926,0.64,0.7071759259259259
ReyeKe00,Kendall Reyes,DL,2012,0.019,2016,1,13,0.2630769230769231,0.538,0.48899056334000573
ReynJo00,Josh Reynolds,WR,2017,0.013999999999999999,2022,2,34,0.6988235294117647,0.64,1.0919117647058825
RhodXa00,Xavier Rhodes,CB,2013,0.084,2017,5,32,0.881875,0.692,1.274385838150289
RichPa01,Paul Richardson,WR,2014,0.045,2018,5,17,0.7305882352941176,0.64,1.1415441176470589
RichSh00,Sheldon Richardson,DL,2013,0.064,2019,3,34,0.7370588235294118,0.538,1.3699978132516946
RichWe00,Weston Richburg,IOL,2014,0.054000000000000006,2018,5,28,0.9592857142857143,0.747,1.2841843564735131
RiddTh00,Theo Riddick,RB,2013,0.025,2016,3,26,0.5292307692307693,0.423,1.2511365702855066
RidgHa00,Hassan Ridgeway,DL,2016,0.009000000000000001,2022,1,15,0.37,0.538,0.6877323420074349
RidlCa00,Calvin Ridley,WR,2018,0.09,2024,4,24,0.7425,0.64,1.16015625
RileDu00,Duke Riley,LB,2017,0.013999999999999999,2022,1,36,0.3552777777777778,0.692,0.5134071933204882
RilePe00,Perry Riley,LB,2010,0.027000000000000003,2014,3,23,0.8969565217391304,0.692,1.2961799447097262
RobeAn00,Andre Roberts,WR,2010,0.03,2014,4,25,0.574,0.64,0.8968749999999999
RobeDa00,Darryl Roberts,CB,2015,0.032,2019,3,24,0.695,0.692,1.004335260115607
RobeEl00,Elandon Roberts,LB,2016,0.013000000000000001,2022,1,35,0.5794285714285714,0.692,0.8373245251857969
RobiAS00,A'Shawn Robinson,DL,2016,0.043,2020,2,31,0.3790322580645161,0.538,0.704520925770476
RobiAl00,Aldrick Robinson,WR,2011,0.012,2017,2,30,0.3436666666666667,0.64,0.5369791666666667
RobiAl02,Allen Robinson,WR,2014,0.079,2018,3,30,0.905,0.64,1.4140625
RobiCa00,Cam Robinson,OT,2017,0.084,2022,3,23,0.9369565217391305,0.73,1.2835020845741514
RobiDe01,Demarcus Robinson,WR,2016,0.012,2020,1,39,0.6164102564102564,0.64,0.96314102564102555
RobiGr01,Greg Robinson,OT,2014,0.035,2019,1,15,0.8853333333333333,0.73,1.2127853881278539
RobiJa04,Janarius Robinson,EDGE,2021,0.004,2023,2,16,0.17875000000000002,0.609,0.2935139573070608
RobiJo01,Josh Robinson,CB,2012,0.015,2017,2,24,0.022916666666666665,0.692,0.03311657032755299
RobiPa99,Patrick Robinson,CB,2010,0.03,2016,3,26,0.735,0.692,1.0621387283236994
RobyBr00,Bradley Roby,CB,2014,0.053,2019,1,22,0.9127272727272727,0.692,1.318970047293747
RochIs00,Isaac Rochell,DL,2017,0.013999999999999999,2021,1,19,0.2636842105263158,0.538,0.4901193504206613
RodgIs00,Isaiah Rodgers,CB,2020,0.02,2025,2,17,0.9,0.692,1.300578034682081
RodgJa00,Jacquizz Rodgers,RB,2011,0.01,2017,2,32,0.241875,0.423,0.5718085106382979
RodgRi00,Richard Rodgers,TE,2014,0.005,2020,1,18,0.2688888888888889,0.534,0.5035372451102789
RossJo00,John Ross,WR,2017,0.012,2021,1,10,0.319,0.64,0.4984375
RoulCh00,Chase Roullier,IOL,2017,0.051,2020,4,25,0.9764,0.747,1.307095046854083
RoweEr00,Eric Rowe,S,2015,0.026000000000000002,2019,3,32,0.925,0.714,1.2955182072829132
RuckJe00,Jeremy Ruckert,TE,2022,0.018000000000000002,2025,2,17,0.4717647058823529,0.534,0.8834545053976646
RudoKy00,Kyle Rudolph,TE,2011,0.055,2014,5,26,0.8196153846153846,0.534,1.534860270815327
RuizCe00,Cesar Ruiz,IOL,2020,0.049,2023,4,29,0.9720689655172414,0.747,1.301297142593362
RunyJo00,Jon Runyan Jr.,IOL,2020,0.039,2024,3,29,0.9806896551724138,0.747,1.312837557125052
RyanLo00,Logan Ryan,CB,2013,0.06,2017,3,31,0.9258064516129032,0.692,1.3378705948163343
SaffRo20,Rodger Saffold,IOL,2010,0.048,2014,5,21,0.8914285714285715,0.747,1.1933448078026392
SambTy00,Ty Sambrailo,OT,2015,0.025,2019,3,23,0.33652173913043476,0.73,0.4609886837403216
SampCa00,Cameron Sample,EDGE,2021,0.005,2025,1,14,0.27785714285714286,0.609,0.4562514661036829
SampDr00,Drew Sample,TE,2019,0.013999999999999999,2024,3,34,0.5538235294117647,0.534,1.037122714254241
SamuCu00,Curtis Samuel,WR,2017,0.063,2021,3,22,0.605909090909091,0.64,0.9467329545454546
SamuDe00,Deebo Samuel,WR,2019,0.115,2022,3,34,0.7435294117647059,0.64,1.1617647058823528
SandEm00,Emmanuel Sanders,WR,2010,0.071,2016,3,28,0.7832142857142858,0.64,1.2237723214285714
SandMi01,Miles Sanders,RB,2019,0.027999999999999997,2023,4,27,0.3548148148148148,0.423,0.8388057087820682
SanuMo00,Mohamed Sanu,WR,2012,0.042,2016,5,35,0.7742857142857142,0.64,1.2098214285714284
SaubEr00,Eric Saubert,TE,2017,0.006999999999999999,2023,1,27,0.2803703703703704,0.534,0.5250381467609931
SaunKh00,Khalen Saunders,DL,2019,0.018000000000000002,2023,3,30,0.48533333333333334,0.538,0.9021065675340768
SavaDa00,Darnell Savage Jr.,S,2019,0.027999999999999997,2024,3,26,0.588076923076923,0.714,0.8236371471665589
ScheBr00,Brandon Scherff,IOL,2015,0.099,2021,1,30,0.9663333333333334,0.747,1.2936189201249444
SchoJo00,Joe Schobert,LB,2016,0.054000000000000006,2020,5,33,0.9057575757575758,0.692,1.3088982308635488
SchoMi00,Michael Schofield,IOL,2014,0.013999999999999999,2018,2,34,0.9914705882352941,0.747,1.3272698637688007
SchuDa00,Dalton Schultz,TE,2018,0.053,2022,1,34,0.768235294117647,0.534,1.4386428728794887
SchwBr00,Brian Schwenke,IOL,2013,0.008,2017,1,21,0.10142857142857144,0.747,0.13578122011856952
SchwMi00,Mitchell Schwartz,OT,2012,0.043,2016,5,34,0.9994117647058823,0.73,1.3690572119258662
SchwWe00,Wes Schweitzer,IOL,2016,0.023,2020,3,28,0.7582142857142857,0.747,1.0150124306750814
ScotBo02,Boston Scott,RB,2018,0.009000000000000001,2023,1,16,0.064375,0.423,0.15218676122931443
ScotNi01,Nick Scott,S,2019,0.018000000000000002,2023,3,27,0.4955555555555556,0.714,0.6940553999377529
SearDa00,Da'Norris Searcy,S,2011,0.040999999999999995,2015,4,29,0.7313793103448276,0.714,1.0243407707910752
SelvGe99,George Selvie,EDGE,2010,0.008,2015,1,12,0.425,0.609,0.6978653530377669
SensCo00,Coty Sensabaugh,CB,2012,0.032,2016,3,28,0.27071428571428574,0.692,0.39120561519405456
SettTi00,Tim Settle,DL,2018,0.022000000000000002,2022,2,36,0.365,0.538,0.6784386617100371
SeumIs00,Isaac Seumalo,IOL,2016,0.031,2019,3,26,0.9738461538461538,0.747,1.3036762434352795
SewePe00,Penei Sewell,OT,2021,0.11,2024,4,34,0.9864705882352941,0.73,1.3513295729250605
SeymKe00,Kevon Seymour,CB,2016,0.005,2021,1,24,0.15583333333333335,0.692,0.22519267822736036
ShahAd00,Adam Shaheen,TE,2017,0.012,2020,2,28,0.39,0.534,0.7303370786516854
ShakKh00,Khalil Shakir,WR,2022,0.047,2025,4,18,0.6061111111111112,0.64,0.9470486111111112
SharDa02,David Sharpe,OT,2017,0.011000000000000001,2020,1,14,0.25785714285714284,0.73,0.3532289628180039
SharTa00,Tajae Sharpe,WR,2016,0.005,2021,1,15,0.5466666666666667,0.64,0.8541666666666667
SheaJa00,Jabaal Sheard,EDGE,2011,0.051,2017,3,34,0.8097058823529412,0.609,1.3295663092823335
ShefKe00,Kendall Sheffield,CB,2019,0.005,2023,1,11,0.14272727272727273,0.692,0.20625328428796638
ShelBr00,Brandon Shell,OT,2016,0.023,2020,2,22,0.935,0.73,1.2808219178082192
ShelDa01,Danny Shelton,DL,2015,0.02,2020,2,25,0.43320000000000003,0.538,0.8052044609665427
ShelDu00,Duke Shelley,CB,2019,0.006,2023,1,13,0.1,0.692,0.14450867052023122
ShenLa00,Laviska Shenault Jr.,WR,2020,0.005,2024,1,12,0.06916666666666667,0.64,0.10807291666666667
ShepKe00,Kelvin Sheppard,LB,2011,0.009000000000000001,2015,1,33,0.5,0.692,0.7225433526011561
ShepNa00,Nathan Shepherd,DL,2018,0.022000000000000002,2023,3,33,0.5260606060606061,0.538,0.9778078179565168
ShepSt00,Sterling Shepard,WR,2016,0.054000000000000006,2019,4,22,0.8045454545454546,0.64,1.2571022727272727
SherAn00,Anthony Sherman,RB,2011,0.016,2014,3,34,0.21147058823529413,0.423,0.4999304686413573
SherRi00,Richard Sherman,CB,2011,0.105,2014,4,37,0.9837837837837837,0.692,1.421652866739572
ShorCe00,Cecil Shorts,WR,2011,0.021,2015,2,21,0.5585714285714286,0.64,0.8727678571428572
ShorKa00,Kawann Short,DL,2013,0.096,2017,5,31,0.682258064516129,0.538,1.2681376663868569
SimmIs00,Isaiah Simmons,LB,2020,0.02,2024,1,23,0.12434782608695652,0.692,0.17969339029907014
SimmJe01,Jeffery Simmons,DL,2019,0.105,2023,4,28,0.8135714285714286,0.538,1.5122145512480085
SimmJu00,Justin Simmons,S,2016,0.084,2021,4,29,0.996551724137931,0.714,1.3957307060755337
SimoJo01,John Simon,EDGE,2013,0.027999999999999997,2017,3,23,0.49565217391304345,0.609,0.8138787748982651
SimsDi00,Dion Sims,TE,2013,0.036000000000000004,2017,3,22,0.5590909090909091,0.534,1.0469867211440245
SimsEu99,Eugene Sims,EDGE,2010,0.021,2016,3,16,0.49874999999999997,0.609,0.8189655172413793
SimsLe00,LeShaun Sims,CB,2016,0.009000000000000001,2020,1,13,0.7146153846153847,0.692,1.0326811916407292
SingDe00,Devin Singletary,RB,2019,0.022000000000000002,2024,3,32,0.32937500000000003,0.423,0.7786643026004729
SkriBu00,Buster Skrine,CB,2011,0.044000000000000004,2015,4,30,0.778,0.692,1.124277456647399
SkulJu00,Justin Skule,OT,2019,0.006999999999999999,2025,1,16,0.62125,0.73,0.851027397260274
SlatTe00,Tedarrell Slaton,DL,2021,0.025,2025,2,17,0.5364705882352941,0.538,0.9971572272031489
SlayDa00,Darius Slay,CB,2013,0.077,2016,4,30,0.9369999999999999,0.692,1.3540462427745665
SlayDa01,Darius Slayton,WR,2019,0.043,2025,3,14,0.8128571428571428,0.64,1.2700892857142856
SmitAn04,Andre Smith,LB,2018,0.006999999999999999,2021,2,22,0.002727272727272728,0.692,0.003941145559642671
SmitBr06,Braden Smith,OT,2018,0.096,2021,4,27,0.9848148148148148,0.73,1.3490613901572805
SmitCh03,Chris Smith,EDGE,2014,0.023,2018,3,25,0.2704,0.609,0.4440065681444991
SmitDe05,Derron Smith,S,2015,0.004,2017,2,10,0.004999999999999999,0.714,0.007002801120448179
SmitDe07,DeVonta Smith,WR,2021,0.098,2024,3,35,0.8622857142857143,0.64,1.3473214285714286
SmitDo02,Donovan Smith,OT,2015,0.085,2021,2,33,0.9648484848484848,0.73,1.3217102532171026
SmitHa00,Harrison Smith,S,2012,0.066,2016,5,32,0.9825,0.714,1.3760504201680674
SmitIh00,Ihmir Smith-Marsette,WR,2021,0.006,2024,1,15,0.008,0.64,0.0125
SmitIr01,Irv Smith Jr.,TE,2019,0.008,2023,1,19,0.38421052631578945,0.534,0.7194953676325645
SmitJa05,Jaylon Smith,LB,2016,0.068,2019,5,32,0.95,0.692,1.3728323699421965
SmitJa08,James Smith-Williams,EDGE,2020,0.005,2024,1,10,0.461,0.609,0.7569786535303777
SmitJi03,Jimmy Smith,CB,2011,0.07200000000000001,2015,4,27,0.9018518518518518,0.692,1.3032541211731963
SmitJo01,Jonnu Smith,TE,2017,0.068,2021,4,31,0.49129032258064514,0.534,0.9200193306753653
SmitJu00,JuJu Smith-Schuster,WR,2017,0.044000000000000004,2021,1,25,0.7048,0.64,1.1012499999999998
SmitLe00,Lee Smith,TE,2011,0.021,2015,3,19,0.5042105263157894,0.534,0.94421446875616
SmitLe01,Lecitus Smith,IOL,2022,0.004,2024,2,10,0.11100000000000002,0.747,0.14859437751004018
SmitMa02,Malcolm Smith,LB,2011,0.032,2017,5,12,0.4475,0.692,0.6466763005780347
SmitPr00,Preston Smith,EDGE,2015,0.069,2019,4,36,0.8138888888888889,0.609,1.3364349571246124
SmitRo07,Roquan Smith,LB,2018,0.08900000000000001,2023,5,36,0.9577777777777777,0.692,1.3840719332048812
SmitRy00,Ryan Smith,CB,2016,0.009000000000000001,2020,1,24,0.03833333333333334,0.692,0.055394990366088644
SmitSh22,Shelley Smith,IOL,2010,0.021,2014,2,11,0.48000000000000004,0.747,0.6425702811244981
SmitTe01,Telvin Smith,LB,2014,0.066,2017,4,33,0.9724242424242424,0.692,1.405237344543703
SmitTo02,Torrey Smith,WR,2011,0.055999999999999994,2015,5,28,0.7917857142857143,0.64,1.2371651785714286
SmitTr03,Tre'Quan Smith,WR,2018,0.013999999999999999,2022,2,16,0.406875,0.64,0.6357421875
SmitTr05,Trey Smith,IOL,2021,0.084,2025,4,12,0.8816666666666667,0.747,1.1802766622043732
SmitTy00,Tyron Smith,OT,2011,0.092,2014,8,34,1,0.73,1.36986301369863
SmitTy01,Tye Smith,CB,2015,0.006,2019,1,25,0.22799999999999998,0.692,0.32947976878612717
SmitTy02,Tyler Smith,IOL,2022,0.086,2025,4,16,0.984375,0.747,1.3177710843373494
SmitZa00,Za'Darius Smith,EDGE,2015,0.08800000000000001,2019,4,36,0.8413888888888889,0.609,1.3815909505564679
SmooDa00,Dawuane Smoot,EDGE,2017,0.027000000000000003,2021,2,31,0.5529032258064516,0.609,0.9078870702897399
SmytDu00,Durham Smythe,TE,2018,0.017,2023,2,34,0.5499999999999999,0.534,1.0299625468164793
SneeLJ00,L'Jarius Sneed,CB,2020,0.078,2024,1,12,0.8791666666666667,0.692,1.2704720616570329
SoldNa00,Nate Solder,OT,2011,0.07,2015,2,22,0.9495454545454546,0.73,1.300747198007472
SoloSc00,Scott Solomon,EDGE,2012,0.004,2014,1,10,0.387,0.609,0.6354679802955665
SpeeEJ00,E.J. Speed,LB,2019,0.018000000000000002,2023,2,31,0.8196774193548387,0.692,1.184504941264218
SpenAk00,Akeem Spence,DL,2013,0.018000000000000002,2017,3,32,0.61,0.538,1.1338289962825279
SpenSe00,Sean Spence,LB,2012,0.016,2016,1,23,0.4765217391304348,0.692,0.6886152299572758
SpikBr99,Brandon Spikes,LB,2010,0.024,2014,1,16,0.46875,0.692,0.6773843930635839
SpilC.00,C.J. Spiller,RB,2010,0.027999999999999997,2015,4,19,0.19578947368421054,0.423,0.4628592758491975
SpriJa00,Jason Spriggs,OT,2016,0.005,2021,1,15,0.098,0.73,0.13424657534246576
SpriJe00,Jeremy Sprinkle,TE,2017,0.006,2021,1,18,0.145,0.534,0.2715355805243445
St.BEq00,Equanimeous St. Brown,WR,2018,0.006,2022,1,23,0.5334782608695652,0.64,0.8335597826086956
StepBr01,Brandon Stephens,CB,2021,0.043,2025,3,16,0.99375,0.692,1.4360549132947977
StepDo00,Donald Stephenson,OT,2012,0.03,2016,3,20,0.775,0.73,1.0616438356164384
StepSh00,Shamar Stephen,DL,2014,0.022000000000000002,2019,3,33,0.5975757575757575,0.538,1.1107356088768727
SterNe00,Neal Sterling,WR,2015,0.004,2017,1,16,0.2225,0.64,0.34765625
StevRh00,Rhamondre Stevenson,RB,2021,0.035,2024,4,33,0.6166666666666667,0.423,1.4578408195429473
StewGr00,Grover Stewart,DL,2017,0.052000000000000005,2020,3,34,0.5758823529411765,0.538,1.070413295429696
StilKe00,Kenny Stills,WR,2013,0.048,2017,4,31,0.8880645161290323,0.64,1.3876008064516128
StinDe00,Derek Stingley Jr.,CB,2022,0.107,2025,3,19,0.8910526315789473,0.692,1.2876483115302708
StocLu00,Luke Stocker,TE,2011,0.011000000000000001,2015,3,26,0.45153846153846156,0.534,0.8455776433304523
StonGe00,Geno Stone,S,2020,0.027000000000000003,2024,2,34,0.9482352941176471,0.714,1.3280606360191136
StroGr00,Greg Stroman,CB,2018,0.004,2023,2,11,0.38545454545454544,0.692,0.557015239096164
StupNa01,Nathan Stupar,LB,2012,0.011000000000000001,2016,3,20,0.293,0.692,0.4234104046242775
StxxAm00,Amon-Ra St. Brown,WR,2021,0.11699999999999999,2024,4,35,0.8702857142857143,0.64,1.3598214285714285
SuhxNd99,Ndamukong Suh,DL,2010,0.133,2015,6,33,0.8554545454545455,0.538,1.5900642108820546
SullSt00,Stephen Sullivan,TE,2020,0.004,2023,1,12,0.21666666666666667,0.534,0.40574282147315854
SummTy00,Ty Summers,LB,2019,0.005,2023,1,31,0.049677419354838735,0.692,0.07178817825843749
SurrCh00,Chazz Surratt,LB,2021,0.004,2023,2,31,0.0696774193548387,0.692,0.10068991236248369
SurtPa01,Patrick Surtain II,CB,2021,0.094,2024,4,33,0.926969696969697,0.692,1.3395515852163253
SuttCa00,Cameron Sutton,CB,2017,0.049,2023,3,30,0.7943333333333333,0.692,1.1478805394990368
SuttCo00,Courtland Sutton,WR,2018,0.08199999999999999,2021,4,32,0.865,0.64,1.3515625
SwaiGe00,Geoff Swaim,TE,2015,0.018000000000000002,2019,2,17,0.5105882352941177,0.534,0.956157743996475
SwanTr00,Travis Swanson,IOL,2014,0.009000000000000001,2018,1,12,0.9091666666666667,0.747,1.217090584560464
SweaDJ00,D.J. Swearinger,S,2013,0.027000000000000003,2017,3,31,0.9974193548387097,0.714,1.3969458751242434
SweaJo00,Josh Sweat,EDGE,2018,0.073,2021,3,35,0.6002857142857143,0.609,0.9856908280553601
SweaMo00,Montez Sweat,EDGE,2019,0.109,2023,4,33,0.6578787878787878,0.609,1.0802607354331493
SwifDA00,D'Andre Swift,RB,2020,0.031,2024,3,35,0.6211428571428571,0.423,1.4684228301249578
TagoTu00,Tua Tagovailoa,QB,2020,0.20800000000000002,2024,4,25,0.962,0.622,1.5466237942122185
TakiSi00,Sione Takitaki,LB,2019,0.013000000000000001,2024,2,14,0.21,0.692,0.30346820809248554
TannRy00,Ryan Tannehill,QB,2012,0.134,2015,4,29,0.9882758620689656,0.622,1.5888679454484977
TartJa00,Jaquiski Tartt,S,2015,0.037000000000000005,2018,2,23,0.8947826086956522,0.714,1.2531969309462916
TateGo00,Golden Tate,WR,2010,0.047,2014,5,33,0.8557575757575757,0.64,1.337121212121212
TavaJa00,Jahlani Tavai,LB,2019,0.021,2024,3,33,0.5663636363636364,0.692,0.8184445612191278
TaylJa01,Jamar Taylor,CB,2013,0.031,2016,3,31,0.9048387096774193,0.692,1.3075703897072535
TaylJa02,Jawaan Taylor,OT,2019,0.08900000000000001,2023,4,40,0.9715,0.73,1.3308219178082192
TaylJo02,Jonathan Taylor,RB,2020,0.062,2023,3,24,0.7129166666666666,0.423,1.6853821907013395
TaylTr02,Trent Taylor,WR,2017,0.005,2023,1,19,0.11,0.64,0.171875
TaylTy00,Tyrod Taylor,QB,2011,0.11599999999999999,2016,5,31,0.9538709677419355,0.622,1.5335546105175812
TellWy00,Wyatt Teller,IOL,2018,0.078,2021,4,32,0.9475,0.747,1.2684069611780455
TeoxMa00,Manti Te'o,LB,2013,0.015,2017,2,23,0.48391304347826086,0.692,0.6992963056044232
TerrAJ00,AJ Terrell,CB,2020,0.079,2024,4,32,0.9684375,0.692,1.3994761560693643
ThomAn02,Andrew Thomas,OT,2020,0.105,2023,5,16,0.9575,0.73,1.3116438356164384
ThomCa99,Cam Thomas,DL,2010,0.015,2014,2,35,0.29314285714285715,0.538,0.544875199150292
ThomCh03,Chris Thompson,RB,2013,0.021,2017,2,20,0.5125,0.423,1.2115839243498818
ThomDa05,Darian Thompson,S,2016,0.006,2020,2,21,0.3333333333333333,0.714,0.4668534080298786
ThomDa07,Daniel Thomas,S,2020,0.008,2024,2,27,0.08814814814814816,0.714,0.12345679012345681
ThomDe03,Demaryius Thomas,WR,2010,0.098,2015,5,35,0.8374285714285714,0.64,1.3084821428571427
ThomEa99,Earl Thomas,S,2010,0.075,2014,4,37,0.9818918918918919,0.714,1.3751987281399045
ThomIa00,Ian Thomas,TE,2018,0.027000000000000003,2022,3,29,0.42931034482758623,0.534,0.8039519566059666
ThomJ.02,J.T. Thomas,LB,2011,0.023,2015,3,13,0.4269230769230769,0.692,0.6169408626056025
ThomJu00,Julius Thomas,TE,2011,0.064,2015,5,21,0.7095238095238096,0.534,1.3286962725164972
ThomLo00,Logan Thomas,QB,2014,0.001,2016,1,13,0.18846153846153846,0.622,0.3029928271085827
ThomMi04,Mike Thomas,WR,2016,0.006,2021,1,26,0.20346153846153847,0.64,0.31790865384615385
ThomMi05,Michael Thomas,WR,2016,0.102,2019,5,26,0.8315384615384616,0.64,1.2992788461538463
ThomSh01,Shaq Thompson,LB,2015,0.07200000000000001,2019,4,30,0.982,0.692,1.4190751445086707
ThomSo00,Solomon Thomas,EDGE,2017,0.01,2023,1,33,0.42818181818181816,0.609,0.703090013434841
ThorJu00,Juan Thornhill,S,2019,0.031,2023,3,23,0.7539130434782608,0.714,1.0559006211180124
ThunJo00,Joe Thuney,IOL,2016,0.08800000000000001,2021,5,38,0.9878947368421053,0.747,1.3224829141125907
ThurWa99,Walter Thurmond,S,2010,0.023,2015,1,16,0.98625,0.714,1.3813025210084033
TillJe00,Jerry Tillery,DL,2019,0.015,2023,2,35,0.42628571428571427,0.538,0.7923526287838555
TodmJo00,Jordan Todman,RB,2011,0.005,2015,1,29,0.024137931034482762,0.423,0.0570636667481862
TogiTo00,Tommy Togiai,DL,2021,0.01,2025,1,17,0.5235294117647059,0.538,0.9731029958451782
ToilLe00,Levine Toilolo,TE,2013,0.024,2017,3,33,0.47,0.534,0.8801498127340823
TomlDa00,Dalvin Tomlinson,DL,2017,0.063,2023,4,33,0.6145454545454545,0.538,1.1422777965528894
TomlLa01,Laken Tomlinson,IOL,2015,0.031,2018,3,35,0.986,0.747,1.319946452476573
TomxZa00,Zach Tom,OT,2022,0.079,2025,4,12,0.8316666666666667,0.73,1.139269406392694
ToneCo00,Cole Toner,OT,2016,0.004,2020,1,11,0.43727272727272726,0.73,0.5990037359900373
ToomKo00,Korey Toomer,LB,2012,0.011000000000000001,2017,1,22,0.19272727272727275,0.692,0.278507619548082
TranDr00,Drue Tranquill,LB,2019,0.025,2024,3,36,0.8144444444444444,0.692,1.1769428387925498
TreaLa00,Laquon Treadwell,WR,2016,0.006,2022,1,12,0.26,0.64,0.40625
TremTo00,Tommy Tremble,TE,2021,0.019,2025,2,18,0.6127777777777778,0.534,1.1475239284228047
TretJC00,J.C. Tretter,IOL,2013,0.057999999999999996,2019,3,34,0.9994117647058823,0.747,1.337900622096228
TrevDa00,Danny Trevathan,LB,2012,0.045,2016,4,21,0.9104761904761904,0.692,1.3157170382603909
TrubMi00,Mitchell Trubisky,QB,2017,0.036000000000000004,2022,2,12,0.7458333333333333,0.622,1.1990889603429797
TrufDe00,Desmond Trufant,CB,2013,0.08199999999999999,2017,5,33,0.9481818181818181,0.692,1.3702049395691014
TryoJo00,Joe Tryon-Shoyinka,EDGE,2021,0.017,2025,1,16,0.14500000000000002,0.609,0.23809523809523814
TufeJa00,Jay Tufele,DL,2021,0.004,2025,1,12,0.2975,0.538,0.5529739776951672
TunsLa00,Laremy Tunsil,OT,2016,0.111,2020,3,19,0.9268421052631579,0.73,1.2696467195385726
TurnBi00,Billy Turner,OT,2014,0.037000000000000005,2019,4,34,0.9970588235294118,0.73,1.3658340048348108
TurnTr01,Trai Turner,IOL,2014,0.067,2017,4,27,0.9407407407407408,0.747,1.2593584213396798
UrbaBr00,Brent Urban,DL,2014,0.006999999999999999,2019,1,30,0.31766666666666665,0.538,0.5904584882280048
UzomC.00,C.J. Uzomah,TE,2015,0.032,2019,3,18,0.5894444444444444,0.534,1.1038285476487724
VaccKe00,Kenny Vaccaro,S,2013,0.032,2019,4,33,0.9578787878787879,0.714,1.341566929802224
VaitHa00,Halapoulivaati Vaitai,IOL,2016,0.045,2020,5,25,0.8576,0.747,1.14805890227577
ValdMa00,Marquez Valdes-Scantling,WR,2018,0.048,2022,3,40,0.62575,0.64,0.977734375
VallTa00,Tanner Vallejo,LB,2017,0.009000000000000001,2021,2,28,0.24000000000000002,0.692,0.34682080924855496
VanGAn00,Andrew Van Ginkel,EDGE,2019,0.08199999999999999,2025,1,12,0.7583333333333333,0.609,1.2452107279693487
VanNKy00,Kyle Van Noy,EDGE,2014,0.064,2020,4,31,0.85,0.609,1.3957307060755337
VannNi00,Nick Vannett,TE,2016,0.015,2021,3,18,0.38555555555555554,0.534,0.722014148980441
VanxCo00,Cole Van Lanen,OT,2021,0.061,2025,3,16,0.6018749999999999,0.73,0.8244863013698629
VeaxVi00,Vita Vea,DL,2018,0.09699999999999999,2021,4,33,0.5678787878787879,0.538,1.0555367804438436
VeldJa20,Jared Veldheer,OT,2010,0.053,2014,5,35,0.9842857142857143,0.73,1.3483365949119375
VereSh00,Shane Vereen,RB,2011,0.028999999999999998,2015,3,21,0.37666666666666665,0.423,0.8904649330181245
VernAl99,Alterraun Verner,CB,2010,0.048,2014,4,30,0.6910000000000001,0.692,0.9985549132947978
VernOl00,Olivier Vernon,EDGE,2012,0.109,2016,5,29,0.913448275862069,0.609,1.4999150670969934
VerrJa00,Jason Verrett,CB,2014,0.016,2019,1,14,0.8971428571428571,0.692,1.29644921552436
VigiNi00,Nick Vigil,LB,2016,0.012,2020,1,31,0.4829032258064516,0.692,0.6978370315122133
VildKi00,Kindle Vildor,CB,2020,0.005,2024,1,30,0.24899999999999997,0.692,0.3598265895953757
WaddJa00,Jaylen Waddle,WR,2021,0.111,2024,3,31,0.7812903225806451,0.64,1.220766129032258
WagnBo00,Bobby Wagner,LB,2012,0.075,2015,4,35,0.9882857142857143,0.692,1.4281585466556566
WagnRi00,Ricky Wagner,OT,2013,0.057,2017,5,28,0.9485714285714286,0.73,1.2994129158512722
WalkAn01,Anthony Walker,LB,2017,0.02,2022,1,15,0.6413333333333333,0.692,0.9267822736030829
WalkDe03,DeMarcus Walker,EDGE,2017,0.008,2021,1,30,0.42633333333333334,0.609,0.7000547345374932
WalkJo01,Joe Walker,LB,2016,0.005,2021,1,12,0.07,0.692,0.10115606936416187
WalkMy00,Mykal Walker,LB,2020,0.006,2025,1,14,0.20071428571428573,0.692,0.2900495458298927
WalkTr01,Tracy Walker,S,2018,0.04,2022,3,20,0.5265,0.714,0.7373949579831932
WallKV00,K'Von Wallace,S,2020,0.006,2024,1,12,0.2991666666666667,0.714,0.4190009337068161
WallTy00,Tylan Wallace,WR,2021,0.008,2025,1,14,0.2307142857142857,0.64,0.3604910714285714
WaltJ.20,J.D. Walton,IOL,2010,0.023,2014,2,20,0.8605,0.747,1.1519410977242304
WardDe02,Denzel Ward,CB,2018,0.09699999999999999,2022,5,28,0.8192857142857143,0.692,1.1839388934764659
WardJi01,Jimmie Ward,S,2014,0.048,2020,3,33,0.9648484848484848,0.714,1.3513284101519396
WardJi02,Jihad Ward,EDGE,2016,0.013999999999999999,2021,1,36,0.5072222222222222,0.609,0.8328772121875571
WardT.99,T.J. Ward,S,2010,0.042,2014,4,31,0.9145161290322581,0.714,1.2808349146110058
WareSp00,Spencer Ware,RB,2013,0.009000000000000001,2016,3,15,0.6233333333333333,0.423,1.4736012608353033
WarfLa00,Larry Warford,IOL,2013,0.051,2017,4,33,0.9536363636363636,0.747,1.2766216380674211
WarmCh00,Chance Warmack,IOL,2013,0.015,2017,1,22,0.21409090909090908,0.747,0.28660094925155166
WarnFr00,Fred Warner,LB,2018,0.10400000000000001,2021,5,39,0.9551282051282052,0.692,1.3802430709945162
WashBr01,Broderick Washington Jr.,DL,2020,0.023,2023,3,35,0.40514285714285714,0.538,0.7530536378120021
WashDa99,Daryl Washington,LB,2010,0.066,2012,4,12,0.9908333333333333,0.692,1.4318400770712911
WashDw00,Dwayne Washington,RB,2016,0.006,2021,1,26,0.03538461538461538,0.423,0.08365157301327514
WatfEa00,Earl Watford,IOL,2013,0.015,2017,2,23,0.40652173913043477,0.747,0.5442058087422152
WatkCa00,Carlos Watkins,DL,2017,0.01,2021,1,30,0.38466666666666666,0.538,0.714993804213135
WatkSa00,Sammy Watkins,WR,2014,0.09,2018,3,29,0.7782758620689655,0.64,1.2160560344827585
WatsCh00,Christian Watson,WR,2022,0.039,2025,1,11,0.6881818181818182,0.64,1.075284090909091
WatsDe00,Deshaun Watson,QB,2017,0.221,2022,5,12,0.9091666666666667,0.622,1.4616827438370847
WatsJu01,Justin Watson,WR,2018,0.008,2023,2,40,0.52025,0.64,0.812890625
WattDe00,Derek Watt,RB,2016,0.016,2020,3,31,0.06548387096774194,0.423,0.1548082055974987
WattLu00,Luke Wattenberg,IOL,2022,0.043,2025,4,16,0.99625,0.747,1.3336680053547523
WattT.00,T.J. Watt,EDGE,2017,0.153,2021,4,26,0.775,0.609,1.2725779967159279
WeatSe99,Sean Weatherspoon,LB,2010,0.027000000000000003,2015,1,20,0.24749999999999997,0.692,0.35765895953757226
WeatSt00,Stephen Weatherly,EDGE,2016,0.032,2020,2,24,0.4475,0.609,0.7348111658456487
WebbBW00,B.W. Webb,CB,2013,0.019,2019,3,15,0.8406666666666667,0.692,1.2148362235067438
WebbJM20,J'Marcus Webb,OT,2010,0.005,2014,1,17,0.9411764705882353,0.73,1.2892828364222402
WebsKa00,Kayvon Webster,CB,2013,0.023,2017,4,13,0.6623076923076924,0.692,0.95709204090707
WentCa00,Carson Wentz,QB,2016,0.17,2019,4,29,0.9479310344827586,0.622,1.524004878589644
WernPe00,Pete Werner,LB,2021,0.028999999999999998,2024,3,30,0.714,0.692,1.0317919075144508
WescTr00,Trevon Wesco,TE,2019,0.005,2023,1,15,0.452,0.534,0.846441947565543
WestDe00,Dede Westbrook,WR,2017,0.006,2021,1,15,0.21066666666666667,0.64,0.32916666666666666
WheaMa00,Markus Wheaton,WR,2013,0.033,2017,2,12,0.24416666666666667,0.64,0.3815104166666667
WhitCo01,Corey White,CB,2012,0.005,2016,1,15,0.41133333333333333,0.692,0.5944123314065511
WhitCo03,Cody Whitehair,IOL,2016,0.054000000000000006,2019,5,31,0.984516129032258,0.747,1.3179600120913761
WhitDe02,Devin White,LB,2019,0.016,2024,1,24,0.81125,0.692,1.1723265895953758
WhitJa02,James White,RB,2014,0.024,2017,3,36,0.4658333333333333,0.423,1.1012608353033886
WhitJo03,Jordan Whitehead,S,2018,0.035,2022,2,34,0.966764705882353,0.714,1.3540121931125393
WhitTa00,Tahir Whitehead,LB,2012,0.036000000000000004,2018,3,32,0.94875,0.692,1.3710260115606938
WhitTr01,Tre'Davious White,CB,2017,0.087,2020,4,28,0.9282142857142857,0.692,1.3413501238645749
WilbKy00,Kyle Wilber,LB,2012,0.01,2016,2,32,0.048124999999999994,0.692,0.06954479768786127
WilkMu00,Muhammad Wilkerson,DL,2011,0.111,2016,5,28,0.8264285714285714,0.538,1.5361125862984597
WillAa00,Aaron Williams,S,2011,0.049,2014,4,18,0.8833333333333333,0.714,1.2371615312791784
WillAv00,Avery Williamson,LB,2014,0.042,2018,3,16,0.994375,0.692,1.4369580924855492
WillBr02,Brandon Williams,DL,2013,0.063,2017,5,29,0.5406896551724137,0.538,1.0049993590565311
WillCo00,Connor Williams,IOL,2018,0.034,2022,2,27,0.9507407407407408,0.747,1.27274530219644
WillDa06,Daryl Williams,OT,2015,0.044000000000000004,2021,3,19,0.9805263157894737,0.73,1.343186733958183
WillDa99,Dan Williams,DL,2010,0.044000000000000004,2015,4,33,0.4266666666666667,0.538,0.7930607187112764
WillJa06,Jamaal Williams,RB,2017,0.018000000000000002,2023,3,27,0.2840740740740741,0.423,0.6715699150687331
WillJa11,Jameson Williams,WR,2022,0.096,2025,3,17,0.9017647058823529,0.64,1.4090073529411764
WillJo07,Jonathan Williams,RB,2016,0.005,2021,1,18,0.12944444444444445,0.423,0.3060152350932493
WillJo10,Jonah Williams,OT,2019,0.059000000000000004,2024,2,15,0.9093333333333333,0.73,1.245662100456621
WillKy02,Kyren Williams,RB,2022,0.039,2025,3,20,0.669,0.423,1.5815602836879434
WillLu00,Luke Willson,TE,2013,0.013999999999999999,2018,1,24,0.45,0.534,0.8426966292134831
WillMa04,Maxx Williams,TE,2015,0.012,2019,2,25,0.48560000000000003,0.534,0.9093632958801499
WillMa06,Marcus Williams,S,2017,0.067,2022,5,24,0.9087500000000001,0.714,1.2727591036414567
WillMi04,Mike Williams,WR,2010,0.064,2013,5,15,0.5393333333333333,0.64,0.8427083333333333
WillMi06,Michael Williams,TE,2013,0.003,2015,2,17,0.40058823529411763,0.534,0.7501652346331791
WillMi07,Mike Williams,WR,2017,0.096,2022,3,16,0.76,0.64,1.1875
WillMi08,Milton Williams,DL,2021,0.09300000000000001,2025,4,16,0.619375,0.538,1.1512546468401486
WillP.00,P.J. Williams,CB,2015,0.012,2019,1,32,0.630625,0.692,0.9113078034682082
WillQu00,Quinnen Williams,DL,2019,0.107,2023,4,33,0.6718181818181819,0.538,1.2487326799594458
WillSh02,Shawn Williams,S,2013,0.031,2016,4,26,0.8307692307692308,0.714,1.1635423400129283
WillSy00,Sylvester Williams,DL,2013,0.033,2017,3,31,0.3767741935483871,0.538,0.7003237798297157
WillTe01,Terrance Williams,WR,2013,0.025,2017,4,19,0.5768421052631579,0.64,0.9013157894736843
WillTr06,Trayveon Williams,RB,2019,0.005,2023,1,34,0.07735294117647058,0.423,0.1828674732304269
WillTr21,Trent Williams,OT,2010,0.092,2015,5,27,0.9888888888888889,0.73,1.3546423135464232
WillVi01,Vince Williams,LB,2013,0.035,2018,3,28,0.6135714285714285,0.692,0.8866639141205616
WilsC.98,C.J. Wilson,EDGE,2010,0.016,2015,2,18,0.2961111111111111,0.609,0.4862251413975552
WilsCe01,Cedrick Wilson Jr.,WR,2018,0.035,2022,3,32,0.413125,0.64,0.6455078125
WilsDa02,Damien Wilson,LB,2015,0.016,2019,2,35,0.6091428571428571,0.692,0.8802642444260942
WilsDo01,Donovan Wilson,S,2019,0.031,2023,3,33,0.8415151515151515,0.714,1.1785926491808845
WilsJi00,Jimmy Wilson,CB,2011,0.015,2015,2,13,0.6,0.692,0.8670520231213873
WilsKy99,Kyle Wilson,CB,2010,0.006,2015,1,15,0.5033333333333333,0.692,0.7273603082851637
WilsLo00,Logan Wilson,LB,2020,0.04,2023,4,28,0.9789285714285714,0.692,1.4146366639141206
WilsMa03,Mack Wilson,LB,2019,0.017,2024,3,24,0.8133333333333334,0.692,1.1753371868978806
WilsMa04,Marco Wilson,CB,2021,0.009000000000000001,2024,1,20,0.20550000000000002,0.692,0.2969653179190752
WilsRu00,Russell Wilson,QB,2012,0.153,2015,4,36,0.9677777777777777,0.622,1.555912826009289
WinfAn00,Antoine Winfield Jr.,S,2020,0.08199999999999999,2024,4,27,0.9607407407407408,0.714,1.3455752671438947
WinnBi00,Billy Winn,DL,2012,0.006,2016,1,16,0.295,0.538,0.5483271375464683
WinsJa00,Jameis Winston,QB,2015,0.03,2021,1,10,0.898,0.622,1.4437299035369775
WintBr00,Brian Winters,IOL,2013,0.043,2017,4,29,0.9741379310344828,0.747,1.3040668420809676
WirfTr00,Tristan Wirfs,OT,2020,0.11,2024,5,29,0.9644827586206897,0.73,1.3212092583845063
WiseDe00,Deatrich Wise Jr.,EDGE,2017,0.03,2021,4,34,0.6305882352941177,0.609,1.0354486622235102
WisnSt01,Stefen Wisniewski,IOL,2011,0.016,2017,3,35,0.6497142857142857,0.747,0.8697647733792312
WithAh00,Ahkello Witherspoon,CB,2017,0.022000000000000002,2021,1,14,0.6378571428571429,0.692,0.9217588769611892
WoerCh00,Charlie Woerner,TE,2020,0.016,2024,3,33,0.4675757575757576,0.534,0.8756100329134037
WolfDe00,Derek Wolfe,DL,2012,0.059000000000000004,2016,4,25,0.6572,0.538,1.2215613382899628
WonnDJ00,D.J. Wonnum,EDGE,2020,0.024,2024,2,25,0.7136,0.609,1.1717569786535305
WoodAl99,Al Woods,DL,2010,0.023,2016,3,28,0.4278571428571428,0.538,0.7952734997344661
WoodRo02,Robert Woods,WR,2013,0.040999999999999995,2017,5,32,0.903125,0.64,1.4111328125
WoodXa00,Xavier Woods,S,2017,0.024,2022,3,29,0.9396551724137931,0.714,1.3160436588428477
WoriJa99,Jason Worilds,EDGE,2010,0.073,2014,1,17,0.981764705882353,0.609,1.612093113107312
WorlDa00,Daryl Worley,CB,2016,0.016,2019,1,25,0.7624000000000001,0.692,1.101734104046243
WortJe00,Jerel Worthy,DL,2012,0.005,2015,3,15,0.18333333333333335,0.538,0.34076827757125155
WrehBl00,Blidi Wreh-Wilson,CB,2013,0.005,2018,1,17,0.3347058823529412,0.692,0.4836790207412445
WrigAl01,Alex Wright,EDGE,2022,0.039,2025,3,14,0.5457142857142857,0.609,0.8960825709594182
WrigJa02,Jarius Wright,WR,2012,0.026000000000000002,2015,4,25,0.3724,0.64,0.581875
WrigK.00,K.J. Wright,LB,2011,0.051,2014,4,37,0.9643243243243244,0.692,1.393532260584284
WrigKe01,Kendall Wright,WR,2012,0.012,2017,1,16,0.583125,0.64,0.9111328125
WrigSh00,Shareece Wright,CB,2011,0.027999999999999997,2016,3,24,0.6945833333333333,0.692,1.003733140655106
WynnIs00,Isaiah Wynn,OT,2018,0.01,2023,1,13,0.5884615384615384,0.73,0.8061116965226554
Ya-SRo00,Rock Ya-Sin,CB,2019,0.018000000000000002,2023,1,28,0.18357142857142858,0.692,0.26527663088356734
YeldT.00,T.J. Yeldon,RB,2015,0.009000000000000001,2019,2,11,0.30818181818181817,0.423,0.7285622179239201
YiadIs00,Isaac Yiadom,CB,2018,0.012,2024,1,31,0.32193548387096776,0.692,0.46522468767480896
YounCh04,Chase Young,EDGE,2020,0.061,2025,3,12,0.7033333333333334,0.609,1.1548987411056377
YounSa21,Sam Young,OT,2010,0.006999999999999999,2016,1,18,0.5116666666666667,0.73,0.7009132420091325
YounWi99,Willie Young,EDGE,2010,0.036000000000000004,2016,2,20,0.6275000000000001,0.609,1.030377668308703
ZeitKe00,Kevin Zeitler,IOL,2012,0.07200000000000001,2017,5,32,1,0.747,1.3386880856760375
