player,position,college,cmbn_score,athlete_score,prod_score,name_norm,pos_group,pfr_player_id,pfr_player_name,season,pick,round,team,car_av,w_av,ngs_tier
Aaron Banks,G,Notre Dame,78.2,71.6,76.5,aaron banks,IOL,BankAa00,Aaron Banks,2021,48,2,SFO,26,26,Good
Aaron Burbridge,WR,Michigan State,63,56.7,66.4,aaron burbridge,WR,BurbAa00,Aaron Burbridge,2016,213,6,SFO,1,1,Average
Aaron Colvin,CB,Oklahoma,74.8,72.4,76.2,aaron colvin,CB,ColvAa00,Aaron Colvin,2014,114,4,JAX,16,16,Good
Aaron Curry,LB,Wake Forest,92.3,80.3,93.6,aaron curry,LB,CurrAa99,Aaron Curry,2009,4,1,SEA,16,16,Elite
Aaron Dobson,WR,Marshall,76,77.1,66.5,aaron dobson,WR,DobsAa00,Aaron Dobson,2013,59,2,NWE,6,6,Good
Aaron Donald,DT,Pittsburgh,97.5,98.3,95,aaron donald,DL,DonaAa00,Aaron Donald,2014,13,1,STL,123,123,Elite
Aaron Hernandez,TE,Florida,73.1,72.4,72.8,aaron hernandez,TE,HernAa00,Aaron Hernandez,2010,113,4,NWE,21,21,Good
Aaron Jones,RB,Texas-El Paso,69.3,72.6,65.9,aaron jones,RB,JoneAa00,Aaron Jones,2017,182,5,GNB,67,67,Average
Aaron Lynch,OLB,University of South Florida,65.9,73.6,59.2,aaron lynch,EDGE,LyncAa00,Aaron Lynch,2014,150,5,SFO,14,14,Average
Aaron Mellette,WR,Elon,60.9,60.9,55.5,aaron mellette,WR,MellAa00,Aaron Mellette,2013,238,7,BAL,NA,NA,Average
Aaron Murray,QB,Georgia,73.5,66.8,75.8,aaron murray,QB,MurrAa00,Aaron Murray,2014,163,5,KAN,NA,NA,Good
Aaron Robinson,CB,UCF,73.2,76.7,64.2,aaron robinson,CB,RobiAa00,Aaron Robinson,2021,71,3,NYG,2,2,Good
Aaron Rodgers,QB,California,79.6,61.4,86.1,aaron rodgers,QB,RodgAa00,Aaron Rodgers,2005,24,1,GNB,169,169,Good
Aaron Ross,CB,Texas,74.8,64.1,81.5,aaron ross,CB,RossAa99,Aaron Ross,2007,20,1,NYG,20,20,Good
Aaron Walker,TE,Florida,70.5,67.9,73.3,aaron walker,TE,WalkAa00,Aaron Walker,2003,161,5,SFO,3,3,Good
Abdul Hodge,LB,Iowa,69.3,60.6,68.4,abdul hodge,LB,HodgAb20,Abdul Hodge,2006,67,3,GNB,2,2,Average
Ace Sanders,WR,South Carolina,64.1,54.1,60,ace sanders,WR,SandAc00,Ace Sanders,2013,101,4,JAX,3,3,Average
Adam Bisnowaty,OT,Pittsburgh,65.7,61.9,63,adam bisnowaty,OT,BisnAd00,Adam Bisnowaty,2017,200,6,NYG,0,0,Average
Adam Carriker,DE,Nebraska,80.4,80.4,75.4,adam carriker,EDGE,CarrAd99,Adam Carriker,2007,13,1,STL,22,22,Good
Adam Gettis,OG,Iowa,69.4,71,60.5,adam gettis,IOL,GettAd00,Adam Gettis,2012,141,5,WAS,1,1,Average
Adam Jennings,WR,Fresno State,67.4,73,57.2,adam jennings,WR,JennAd00,Adam Jennings,2006,184,6,ATL,0,0,Average
Adam Jones,CB,West Virginia,83.7,76.2,92.9,adam jones,CB,JonePa20,Adam Jones,2005,6,1,TEN,50,50,Good
Adam Seward,LB,UNLV,71.2,82.8,60.3,adam seward,LB,SewaAd20,Adam Seward,2005,149,5,CAR,4,4,Good
Adam Shaheen,TE,Ashland,80,78.6,76,adam shaheen,TE,ShahAd00,Adam Shaheen,2017,45,2,CHI,4,4,Good
Adam Terry,T,Syracuse,74.3,65.4,74.8,adam terry,OT,TerrAd20,Adam Terry,2005,64,2,BAL,9,9,Good
Adam Trautman,TE,Dayton,76.7,78.3,73,adam trautman,TE,TrauAd00,Adam Trautman,2020,105,3,NOR,11,11,Good
Ade Aruna,DE,Tulane,64.7,76.5,52.2,ade aruna,EDGE,ArunAd00,Ade Aruna,2018,218,6,MIN,NA,NA,Average
Adimchinobe Echemandu,RB,California,72.8,74.3,67.4,adimchinobe echemandu,RB,EcheAd00,Adimchinobe Echemandu,2004,208,7,CLE,1,1,Good
Adolphus Washington,DT,Ohio State,67.4,51,75,adolphus washington,DL,WashAd00,Adolphus Washington,2016,80,3,BUF,9,9,Average
Adoree' Jackson,CB,USC,81.3,77,76.7,adoree' jackson,CB,JackAd00,Adoree' Jackson,2017,18,1,TEN,30,30,Good
Adrian Amos,FS,Penn State,69.5,73.4,63.6,adrian amos,S,AmosAd00,Adrian Amos,2015,142,5,CHI,38,38,Average
Adrian Arrington,WR,Michigan,67,73.1,68,adrian arrington,WR,ArriAd00,Adrian Arrington,2008,237,7,NOR,1,1,Average
Adrian Clayborn,DE,Iowa,76.7,75.3,69.3,adrian clayborn,EDGE,ClayAd00,Adrian Clayborn,2011,20,1,TAM,26,26,Good
Adrian Madise,WR,TCU,58.9,62,54.5,adrian madise,WR,MadiAd00,Adrian Madise,2003,158,5,DEN,0,0,Below Avg
Adrian McPherson,QB,Florida State,66.2,80.3,52.4,adrian mcpherson,QB,NA,Adrian McPherson,2005,152,5,NOR,NA,NA,Average
Adrian Peterson,RB,Oklahoma,87.8,84.7,90.9,adrian peterson,RB,PeteAd01,Adrian Peterson,2007,7,1,MIN,101,101,Good
Adrien Clarke,G,Ohio State,62.4,68.8,56.5,adrien clarke,IOL,ClarAd20,Adrien Clarke,2004,227,7,PHI,8,8,Average
Ahkello Witherspoon,CB,Colorado,74.3,80.5,66.8,ahkello witherspoon,CB,WithAh00,Ahkello Witherspoon,2017,66,3,SFO,22,22,Good
Ahmad Bradshaw,RB,Marshall,61.3,56.5,68.9,ahmad bradshaw,RB,BradAh00,Ahmad Bradshaw,2007,250,7,NYG,42,42,Average
Ahmad Carroll,DB,Arkansas,84.8,88.4,81.5,ahmad carroll,CB,CarrAh20,Ahmad Carroll,2004,25,1,GNB,14,14,Good
Ahmad Dixon,DB,Baylor,60.1,51,62.2,ahmad dixon,CB,DixoAh00,Ahmad Dixon,2014,248,7,DAL,0,0,Average
Ahtyba Rubin,DT,Iowa State,60.9,66.2,52.9,ahtyba rubin,DL,RubiAh99,Ahtyba Rubin,2008,190,6,CLE,47,47,Average
Aidan Hutchinson,DE,Michigan,92.3,93.5,94.2,aidan hutchinson,EDGE,HutcAi00,Aidan Hutchinson,2022,2,1,DET,31,31,Elite
Airese Currie,WR,Clemson,64.6,64.5,57.6,airese currie,WR,CurrAi00,Airese Currie,2005,140,5,CHI,0,0,Average
A.J. Brown,WR,Mississippi,84.6,78.7,81,aj brown,WR,BrowAJ00,A.J. Brown,2019,51,2,TEN,73,73,Good
A.J. Cann,G,South Carolina,78.7,64.6,80.1,aj cann,IOL,CannA.00,A.J. Cann,2015,67,3,JAX,39,39,Good
A.J. Davis,CB,Jacksonville State,65.8,64.4,62.9,aj davis,CB,NA,A.J. Davis,2007,105,4,DET,NA,NA,Average
A.J. Derby,TE,Arkansas,64.5,64.3,59,aj derby,TE,DerbA.00,A.J. Derby,2015,202,6,NWE,3,3,Average
AJ Dillon,RB,Boston College,83.5,82.6,81.2,aj dillon,RB,DillAJ00,AJ Dillon,2020,62,2,GNB,24,24,Good
A.J. Edds,LB,Iowa,65.9,67.8,59.9,aj edds,LB,EddsA.99,A.J. Edds,2010,119,4,MIA,1,1,Average
A.J. Epenesa,DE,Iowa,75.7,58.2,84.8,aj epenesa,EDGE,EpenAJ00,A.J. Epenesa,2020,54,2,BUF,18,18,Good
A.J. Green,WR,Georgia,86.7,74.9,83.3,aj green,WR,GreeA.00,A.J. Green,2011,4,1,CIN,77,77,Good
A.J. Hawk,LB,Ohio State,96.6,91.6,96.7,aj hawk,LB,HawkA.20,A.J. Hawk,2006,5,1,GNB,55,55,Elite
A.J. Jenkins,WR,Illinois,82,80.4,76.2,aj jenkins,WR,JenkA.00,A.J. Jenkins,2012,30,1,SFO,2,2,Good
AJ McCarron,QB,Alabama,72.3,59.5,76.8,aj mccarron,QB,McCaA.00,A.J. McCarron,2014,164,5,CIN,4,4,Good
A.J. Nicholson,LB,Florida State,57.9,56.3,60.3,aj nicholson,LB,NichA.20,A.J. Nicholson,2006,157,5,CIN,0,0,Below Avg
A.J. Terrell,CB,Clemson,83.8,81.1,82.4,aj terrell,CB,TerrAJ00,AJ Terrell,2020,16,1,ATL,31,31,Good
Akayleb Evans,CB,Missouri,68,77.5,58.4,akayleb evans,CB,EvanAk00,Akayleb Evans,2022,118,4,MIN,7,7,Average
Akeem Davis-Gaither,LB,Appalachian State,72.5,81.1,64.3,akeem davis-gaither,LB,DaviAk01,Akeem Davis-Gaither,2020,107,4,CIN,14,14,Good
Akeem Dent,LB,Georgia,79.9,83.6,72.1,akeem dent,LB,DentAk00,Akeem Dent,2011,91,3,ATL,17,17,Good
Akeem Spence,DT,Illinois,72.6,73.1,66.2,akeem spence,DL,SpenAk00,Akeem Spence,2013,100,4,TAM,27,27,Good
Akiem Hicks,DE,Regina,68.9,64.3,67.2,akiem hicks,EDGE,HickAk00,Akiem Hicks,2012,89,3,NOR,54,54,Average
Al Johnson,C,Wisconsin,78.7,73,76.5,al johnson,IOL,JohnAl22,Al Johnson,2003,38,2,DAL,23,23,Good
Al Woods,NT,LSU,63.5,72.3,56.4,al woods,DL,WoodAl99,Al Woods,2010,123,4,NOR,34,34,Average
Al-Quadin Muhammad,DE,Miami,61.3,55.2,62.5,al-quadin muhammad,EDGE,MuhaAl00,Al-Quadin Muhammad,2017,196,6,NOR,20,20,Average
Alameda Ta'amu,DT,Washington,63.7,67.3,58.2,alameda ta'amu,DL,Ta'aAl00,Alameda Ta'amu,2012,109,4,PIT,3,3,Average
Alan Branch,DT,Michigan,75.5,78.5,70.2,alan branch,DL,BranAl99,Alan Branch,2007,33,2,ARI,42,42,Good
Alan Zemaitis,CB,Penn State,66.2,65.1,62.9,alan zemaitis,CB,NA,Alan Zemaitis,2006,122,4,TAM,NA,NA,Average
Albert Okwuegbunam,TE,Missouri,85.2,98.5,81.4,albert okwuegbunam,TE,OkwuAl00,Albert Okwuegbunam,2020,118,4,DEN,5,5,Good
Aldon Smith,DE,Missouri,79.7,68.5,72.4,aldon smith,EDGE,SmitAl04,Aldon Smith,2011,7,1,SFO,34,34,Good
Aldrick Robinson,WR,SMU,72.6,73,77.4,aldrick robinson,WR,RobiAl00,Aldrick Robinson,2011,178,6,WAS,12,12,Good
Alec Pierce,WR,Cincinnati,75,79.4,65.4,alec pierce,WR,PierAl00,Alec Pierce,2022,53,2,IND,26,26,Good
Alex Anzalone,MLB,Florida,70.8,74.3,67.1,alex anzalone,LB,AnzaAl00,Alex Anzalone,2017,76,3,NOR,34,34,Good
Alex Barron,T,Florida State,80.3,77.9,80.1,alex barron,OT,BarrAl20,Alex Barron,2005,19,1,STL,27,27,Good
Alex Carrington,DE,Arkansas State,70.2,66.1,67.3,alex carrington,EDGE,CarrAl99,Alex Carrington,2010,72,3,BUF,7,7,Good
Alex Carter,CB,Stanford,70.3,68.2,67,alex carter,CB,CartAl01,Alex Carter,2015,80,3,DET,0,0,Good
Alex Collins,RB,Arkansas,75.5,65.6,80.5,alex collins,RB,CollAl00,Alex Collins,2016,171,5,SEA,17,17,Good
Alex Green,RB,Hawaii,76.1,78.1,70.7,alex green,RB,GreeAl00,Alex Green,2011,96,3,GNB,5,5,Good
Alex Highsmith,LB,Charlotte,72.3,70.2,73.9,alex highsmith,LB,HighAl02,Alex Highsmith,2020,102,3,PIT,35,35,Good
Alex Lewis,T,Nebraska,64.2,67.7,56.6,alex lewis,OT,LewiAl01,Alex Lewis,2016,130,4,BAL,14,14,Average
Alex Mack,C,California,86.9,82.7,88.8,alex mack,IOL,MackAl20,Alex Mack,2009,21,1,CLE,86,86,Good
Alex Magee,DE,Purdue,62.6,56.7,55.5,alex magee,EDGE,MageAl99,Alex Magee,2009,67,3,KAN,2,2,Average
Alex McCalister,DE,Florida,65.2,70.9,64.3,alex mccalister,EDGE,McCaAl00,Alex McCalister,2016,240,7,PHI,NA,NA,Average
Alex Okafor,DE,Texas,66.6,58.3,70.4,alex okafor,EDGE,OkafAl00,Alex Okafor,2013,103,4,ARI,29,29,Average
Alex Smith,QB,Utah,90.6,79.1,94.8,alex smith,QB,SmitAl03,Alex Smith,2005,1,1,SFO,98,98,Elite
Alex Smith,TE,Stanford,72.8,65.7,76.5,alex smith,TE,SmitAl02,Alex Smith,2005,71,3,TAM,11,11,Good
Alex Stepanovich,C,Ohio State,71.2,74.2,63.1,alex stepanovich,IOL,StepAl20,Alex Stepanovich,2004,100,4,ARI,14,14,Good
Alex Wright,DE,UAB,67.5,66.8,64.7,alex wright,EDGE,WrigAl01,Alex Wright,2022,78,3,CLE,11,11,Average
Alexander Mattison,RB,Boise State,71,66.3,66.3,alexander mattison,RB,MattAl01,Alexander Mattison,2019,102,3,MIN,21,21,Good
Alfonzo Dennard,CB,Nebraska,60.7,67.4,51.5,alfonzo dennard,CB,DennAl00,Alfonzo Dennard,2012,224,7,NWE,9,9,Average
Alfred Blue,RB,LSU,65,65.2,59.3,alfred blue,RB,BlueAl00,Alfred Blue,2014,181,6,HOU,18,18,Average
Alfred Fincher,LB,Connecticut,68.5,61.2,68.4,alfred fincher,LB,FincAl20,Alfred Fincher,2005,82,3,NOR,3,3,Average
Alfred Morris,RB,Florida Atlantic,62.2,61.2,55.5,alfred morris,RB,MorrAl00,Alfred Morris,2012,173,6,WAS,36,36,Average
Ali Marpet,G,Hobart,81,89.2,69.6,ali marpet,IOL,MarpAl00,Ali Marpet,2015,61,2,TAM,43,43,Good
Alijah Vera-Tucker,G,USC,90.8,79,86.3,alijah vera-tucker,IOL,VeraAl00,Alijah Vera-Tucker,2021,14,1,NYJ,14,14,Elite
Alim McNeill,DT,N.C. State,72.1,81.2,63.9,alim mcneill,DL,McNeAl00,Alim McNeill,2021,72,3,DET,23,23,Good
Allen Bailey,DE,Miami,70.9,75.6,64,allen bailey,EDGE,BailAl00,Allen Bailey,2011,86,3,KAN,34,34,Good
Allen Patrick,RB,Oklahoma,57.8,62.7,61.9,allen patrick,RB,PatrAl00,Allen Patrick,2008,240,7,BAL,NA,NA,Below Avg
Allen Robinson,WR,Penn State,76.7,67.7,75.1,allen robinson,WR,RobiAl02,Allen Robinson,2014,61,2,JAX,48,48,Good
Alohi Gilman,SAF,Notre Dame,62.1,69.3,60,alohi gilman,S,GilmAl00,Alohi Gilman,2020,186,6,LAC,18,18,Average
Alontae Taylor,CB,Tennessee,75.6,82.2,70,alontae taylor,CB,TaylAl01,Alontae Taylor,2022,49,2,NOR,19,19,Good
Alonzo Jackson,LB,Florida State,75.2,67.1,74.3,alonzo jackson,LB,JackAl23,Alonzo Jackson,2003,59,2,PIT,2,2,Good
Alphonso Hodge,CB,Miami (Ohio),67.9,73.4,60.4,alphonso hodge,CB,NA,Alphonso Hodge,2005,147,5,KAN,NA,NA,Average
Alphonso Smith,DB,Wake Forest,76.5,59.9,87.1,alphonso smith,CB,SmitAl98,Alphonso Smith,2009,37,2,DEN,8,8,Good
Alshon Jeffery,WR,South Carolina,80.9,73.5,78.9,alshon jeffery,WR,JeffAl00,Alshon Jeffery,2012,45,2,CHI,48,48,Good
Alterraun Verner,CB,UCLA,71.6,57.1,80.7,alterraun verner,CB,VernAl99,Alterraun Verner,2010,104,4,TEN,33,33,Good
Alton Robinson,DE,Syracuse,70.1,78.9,66.3,alton robinson,EDGE,RobiAl03,Alton Robinson,2020,148,5,SEA,4,4,Good
Alvin Kamara,RB,Tennessee,78.7,68.1,77.5,alvin kamara,RB,KamaAl00,Alvin Kamara,2017,67,3,NOR,79,79,Good
Alvin Pearman,RB,Virginia,61.5,56.8,64.4,alvin pearman,RB,PearAl00,Alvin Pearman,2005,127,4,JAX,5,5,Average
Amani Hooker,SAF,Iowa,81,87.8,74.5,amani hooker,S,HookAm00,Amani Hooker,2019,116,4,TEN,24,24,Good
Amani Oruwariye,CB,Penn State,73.2,73.3,71.1,amani oruwariye,CB,OruwAm00,Amani Oruwariye,2019,146,5,DET,12,12,Good
Amara Darboh,WR,Michigan,76,79.1,69.9,amara darboh,WR,DarbAm00,Amara Darboh,2017,106,3,SEA,1,1,Good
Amare Barno,OLB,Virginia Tech,67.9,78,61.3,amare barno,EDGE,BarnAm00,Amare Barno,2022,189,6,CAR,2,2,Average
Amari Cooper,WR,Alabama,88.3,74.9,92.9,amari cooper,WR,CoopAm00,Amari Cooper,2015,4,1,OAK,66,66,Good
Amari Rodgers,WR,Clemson,72.3,61.8,71.6,amari rodgers,WR,RodgAm00,Amari Rodgers,2021,85,3,GNB,2,2,Good
Amarlo Herrera,LB,Georgia,61.8,61.3,63.2,amarlo herrera,LB,HerrAm00,Amarlo Herrera,2015,207,6,IND,0,0,Average
Ambry Thomas,CB,Michigan,75.6,77.8,72.6,ambry thomas,CB,ThomAm00,Ambry Thomas,2021,102,3,SFO,6,6,Good
Ameer Abdullah,RB,Nebraska,78.6,63.2,86.3,ameer abdullah,RB,AbduAm00,Ameer Abdullah,2015,54,2,DET,22,22,Good
Amik Robertson,CB,Louisiana Tech,76.6,76.1,76.1,amik robertson,CB,RobeAm00,Amik Robertson,2020,139,4,LVR,14,14,Good
Amobi Okoye,DT,Louisville,86.7,76.5,87.6,amobi okoye,DL,OkoyAm99,Amobi Okoye,2007,10,1,HOU,24,24,Good
Amon-Ra St. Brown,WR,USC,74.3,65.8,75.2,amon-ra st brown,WR,StxxAm00,Amon-Ra St. Brown,2021,112,4,DET,57,57,Good
Andre Brown,RB,N.C. State,69,77,60.6,andre brown,RB,BrowAn03,Andre Brown,2009,129,4,NYG,7,7,Average
Andre Caldwell,WR,Florida,77.6,83.7,71.4,andre caldwell,WR,CaldAn00,Andre Caldwell,2008,97,3,CIN,12,12,Good
Andre Dillard,OT,Washington State,86.8,89.6,84,andre dillard,OT,DillAn00,Andre Dillard,2019,22,1,PHI,12,12,Good
Andre Ellington,RB,Clemson,60.7,57.4,60.5,andre ellington,RB,ElliAn00,Andre Ellington,2013,187,6,ARI,18,18,Average
Andre Fluellen,DT,Florida State,64.1,70.3,59.1,andre fluellen,DL,FlueAn99,Andre Fluellen,2008,87,3,DET,8,8,Average
Andre Johnson,WR,Miami,91.5,91.3,81.5,andre johnson,WR,JohnAn02,Andre Johnson,2003,3,1,HOU,94,94,Elite
Andre Roberts,WR,The Citadel,72.3,71.3,66.4,andre roberts,WR,RobeAn00,Andre Roberts,2010,88,3,ARI,24,24,Good
Andre Smith,ILB,North Carolina,70.1,78.8,61,andre smith,LB,SmitAn04,Andre Smith,2018,234,7,CAR,6,6,Good
Andre Smith,OT,Alabama,89.8,79.2,89.5,andre smith,OT,SmitAn23,Andre Smith,2009,6,1,CIN,41,41,Good
Andre Williams,RB,Boston College,77.8,78.4,78.4,andre williams,RB,WillAn00,Andre Williams,2014,113,4,NYG,7,7,Good
Andre Woolfolk,DB,Oklahoma,80,77.4,81.5,andre woolfolk,CB,WoolAn20,Andre Woolfolk,2003,28,1,TEN,6,6,Good
Andrew Billings,DT,Baylor,74,64.2,76.7,andrew billings,DL,BillAn00,Andrew Billings,2016,122,4,CIN,33,33,Good
Andrew Booth,CB,Clemson,79.7,79.2,75.4,andrew booth,CB,BootAn00,Andrew Booth,2022,42,2,MIN,3,3,Good
Andrew Carnahan,T,Arizona State,66.6,74.3,55.6,andrew carnahan,OT,NA,Andrew Carnahan,2007,252,7,JAX,NA,NA,Average
Andrew Donnal,T,Iowa,65.6,62.4,61.9,andrew donnal,OT,DonnAn00,Andrew Donnal,2015,119,4,STL,4,4,Average
Andrew Jackson,ILB,Western Kentucky,62,67.6,56.5,andrew jackson,LB,JackAn02,Andrew Jackson,2014,203,6,IND,1,1,Average
Andrew Luck,QB,Stanford,94.3,80.1,99,andrew luck,QB,LuckAn00,Andrew Luck,2012,1,1,IND,72,72,Elite
Andrew Quarless,TE,Penn State,65.5,63,61.6,andrew quarless,TE,QuarAn00,Andrew Quarless,2010,154,5,GNB,9,9,Average
Andrew Thomas,OT,Georgia,84.2,71.2,89.5,andrew thomas,OT,ThomAn02,Andrew Thomas,2020,4,1,NYG,33,33,Good
Andrew Tiller,OG,Syracuse,60.6,52.7,58.3,andrew tiller,IOL,TillAn01,Andrew Tiller,2012,179,6,NOR,6,6,Average
Andrew Walter,QB,Arizona State,68.1,60.7,66.4,andrew walter,QB,WaltAn00,Andrew Walter,2005,69,3,OAK,1,1,Average
Andrew Whitworth,T,LSU,80,80.2,76.3,andrew whitworth,OT,WhitAn20,Andrew Whitworth,2006,55,2,CIN,100,100,Good
Andrew Williams,DE,Miami,72.2,70.3,66.4,andrew williams,EDGE,WillAn20,Andrew Williams,2003,89,3,SFO,1,1,Good
Andy Alleman,OG,Akron,75.2,77.4,68.1,andy alleman,IOL,AlleAn20,Andy Alleman,2007,88,3,NOR,5,5,Good
Andy Dalton,QB,TCU,74.1,61.7,76.8,andy dalton,QB,DaltAn00,Andy Dalton,2011,35,2,CIN,92,92,Good
Andy Gallik,C,Boston College,70.2,69.1,64.2,andy gallik,IOL,GallAn00,Andy Gallik,2015,208,6,TEN,4,4,Good
Andy Isabella,WR,UMass Amherst,84.2,89.2,85.3,andy isabella,WR,IsabAn00,Andy Isabella,2019,62,2,ARI,4,4,Good
Andy Levitre,G,Oregon State,74.4,70.3,70,andy levitre,IOL,LeviAn20,Andy Levitre,2009,51,2,BUF,55,55,Good
Anfernee Jennings,LB,Alabama,79.1,70.2,78.3,anfernee jennings,LB,JennAn00,Anfernee Jennings,2020,87,3,NWE,22,22,Good
Angelo Blackson,DT,Auburn,60,65.7,58.6,angelo blackson,DL,BlacAn00,Angelo Blackson,2015,100,4,TEN,23,23,Average
Anquan Boldin,WR,Florida State,73.7,51,78.9,anquan boldin,WR,BoldAn00,Anquan Boldin,2003,54,2,ARI,86,86,Good
Anthony Adams,DT,Penn State,75,74,75.4,anthony adams,DL,AdamAn20,Anthony Adams,2003,57,2,SFO,33,33,Good
Anthony Alabi,T,TCU,69.7,73.9,59.5,anthony alabi,OT,AlabAn20,Anthony Alabi,2005,162,5,MIA,1,1,Average
Anthony Allen,RB,Georgia Tech,73,83.2,62.9,anthony allen,RB,AlleAn01,Anthony Allen,2011,225,7,BAL,1,1,Good
Anthony Averett,CB,Alabama,74.9,76,71.7,anthony averett,CB,AverAn00,Anthony Averett,2018,118,4,BAL,11,11,Good
Anthony Brown,CB,Purdue,69.8,67.1,68.4,anthony brown,CB,BrowAn02,Anthony Brown,2016,189,6,DAL,23,23,Average
Anthony Bryant,NT,Alabama,64.5,67.5,57.5,anthony bryant,DL,BryaAn20,Anthony Bryant,2005,178,6,TAM,2,2,Average
Anthony Castonzo,T,Boston College,86.7,80.8,86,anthony castonzo,OT,CastAn00,Anthony Castonzo,2011,22,1,IND,58,58,Good
Anthony Chickillo,OLB,Miami,57,74.3,51.6,anthony chickillo,EDGE,ChicAn00,Anthony Chickillo,2015,212,6,PIT,10,10,Below Avg
Anthony Collins,T,Kansas,60.6,53.9,61.9,anthony collins,OT,CollAn21,Anthony Collins,2008,112,4,CIN,16,16,Average
Anthony Davis,OT,Rutgers,76.1,63.7,80.1,anthony davis,OT,DaviAn27,Anthony Davis,2010,11,1,SFO,31,31,Good
Anthony Dixon,RB,Mississippi State,70.2,64.1,69.7,anthony dixon,RB,DixoAn00,Anthony Dixon,2010,173,6,SFO,7,7,Good
Anthony Fasano,TE,Notre Dame,77.1,75.6,70.1,anthony fasano,TE,FasaAn00,Anthony Fasano,2006,53,2,DAL,22,22,Good
Anthony Gonzalez,WR,Ohio State,77.9,76.9,71.4,anthony gonzalez,WR,GonzAn00,Anthony Gonzalez,2007,32,1,IND,16,16,Good
Anthony Hill,TE,N.C. State,63.1,53.8,69.6,anthony hill,TE,HillAn00,Anthony Hill,2009,122,4,HOU,0,0,Average
Anthony Hitchens,MLB,Iowa,62.4,63.1,61.6,anthony hitchens,LB,HitcAn00,Anthony Hitchens,2014,119,4,DAL,41,41,Average
Anthony McCoy,TE,USC,67.4,71.4,58.7,anthony mccoy,TE,McCoAn00,Anthony McCoy,2010,185,6,SEA,4,4,Average
Anthony McFarland,RB,Maryland,69,69.7,67,anthony mcfarland,RB,McFaAn00,Anthony McFarland Jr.,2020,124,4,PIT,1,1,Average
Anthony Miller,WR,Memphis,85.7,74.4,95,anthony miller,WR,MillAn02,Anthony Miller,2018,51,2,CHI,12,12,Good
Anthony Parker,DB,Weber State,57.3,59.4,54.7,anthony parker,CB,ParkAn21,Anthony Parker,1999,99,4,SFO,1,1,Below Avg
Anthony Schlegel,MLB,Ohio State,68.1,56.5,67.3,anthony schlegel,LB,SchlAn20,Anthony Schlegel,2006,76,3,NYJ,2,2,Average
Anthony Schwartz,WR,Auburn,72.4,76.2,63,anthony schwartz,WR,SchwAn00,Anthony Schwartz,2021,91,3,CLE,2,2,Good
Anthony Smith,DB,Syracuse,71,64,67.3,anthony smith,CB,SmitAn21,Anthony Smith,2006,83,3,PIT,12,12,Good
Anthony Spencer,DE,Purdue,82.4,68.5,88.7,anthony spencer,EDGE,SpenAn99,Anthony Spencer,2007,26,1,DAL,34,34,Good
Anthony Walker,MLB,Northwestern,73.2,66.8,76.4,anthony walker,LB,WalkAn01,Anthony Walker,2017,161,5,IND,36,36,Good
Anthony Waters,LB,Clemson,74.5,81,62.4,anthony waters,LB,WateAn00,Anthony Waters,2007,96,3,SDG,2,2,Good
Anthony Zettel,DT,Penn State,65,67.3,67.3,anthony zettel,DL,ZettAn00,Anthony Zettel,2016,202,6,DET,9,9,Average
Antoine Brooks Jr.,SAF,Maryland,70.9,59.5,77.4,antoine brooks,S,BrooAn00,Antoine Brooks Jr.,2020,198,6,PIT,1,1,Good
Antoine Caldwell,G,Alabama,69.2,59.8,68.1,antoine caldwell,IOL,CaldAn20,Antoine Caldwell,2009,77,3,HOU,11,11,Average
Antoine Cason,CB,Arizona,85,77,87.6,antoine cason,CB,CasoAn99,Antoine Cason,2008,27,1,SDG,27,27,Good
Antoine Winfield Jr.,SAF,Minnesota,83.1,76.5,81.8,antoine winfield,S,WinfAn00,Antoine Winfield Jr.,2020,45,2,TAM,44,44,Good
Antonio Allen,DB,South Carolina,71.4,60.6,80.5,antonio allen,CB,AlleAn02,Antonio Allen,2012,242,7,NYJ,9,9,Good
Antonio Brown,WR,Central Michigan,69.5,57.9,84,antonio brown,WR,BrowAn04,Antonio Brown,2010,195,6,PIT,92,92,Average
Antonio Callaway,WR,Florida,70.4,75.9,57,antonio callaway,WR,CallAn00,Antonio Callaway,2018,105,4,CLE,5,5,Good
Antonio Cromartie,CB,Florida State,77.4,71.3,81.5,antonio cromartie,CB,CromAn20,Antonio Cromartie,2006,19,1,SDG,66,66,Good
Antonio Gandy-Golden,WR,Liberty,72.4,65.1,74.9,antonio gandy-golden,WR,GandAn00,Antonio Gandy-Golden,2020,142,4,WAS,0,0,Good
Antonio Garay,DE,Boston College,64.7,70,57.5,antonio garay,EDGE,GaraAn20,Antonio Garay,2003,195,6,CLE,15,15,Average
Antonio Garcia,OT,Troy,73.5,70.2,69.6,antonio garcia,OT,GarcAn00,Antonio Garcia,2017,85,3,NWE,NA,NA,Good
Antonio Gibson,RB,Memphis,75,78.8,67.4,antonio gibson,RB,GibsAn00,Antonio Gibson,2020,66,3,WAS,29,29,Good
Antonio Johnson,DT,Mississippi State,67.4,74.1,61.1,antonio johnson,DL,JohnAn03,Antonio Johnson,2007,152,5,TEN,21,21,Average
Antonio Perkins,DB,Oklahoma,67,65.9,62.9,antonio perkins,CB,PerkAn20,Antonio Perkins,2005,103,4,CLE,0,0,Average
Antonio Pittman,RB,Ohio State,77.9,81.5,73,antonio pittman,RB,PittAn00,Antonio Pittman,2007,107,4,NOR,3,3,Good
Antonio Smith,DE,Oklahoma State,62,51,59.3,antonio smith,EDGE,SmitAn22,Antonio Smith,2004,135,5,ARI,56,56,Average
Anttaj Hawthorne,DT,Wisconsin,60.7,56.5,57.5,anttaj hawthorne,DL,HawtAn20,Anttaj Hawthorne,2005,175,6,OAK,1,1,Average
Antwan Barnes,LB,Florida International,73.1,85.5,62,antwan barnes,LB,BarnAn99,Antwan Barnes,2007,134,4,BAL,7,7,Good
Antwan Odom,DE,Alabama,77,76,74.3,antwan odom,EDGE,OdomAn20,Antwan Odom,2004,57,2,TEN,24,24,Good
Antwaun Molden,DB,Eastern Kentucky,77.9,91.5,67.9,antwaun molden,CB,MoldAn99,Antwaun Molden,2008,79,3,HOU,4,4,Good
A.Q. Shipley,C,Penn State,68.3,85.4,56.5,aq shipley,IOL,ShipA.20,A.Q. Shipley,2009,226,7,PIT,33,33,Average
Aqib Talib,CB,Kansas,88.3,82.6,88.8,aqib talib,CB,TaliAq99,Aqib Talib,2008,20,1,TAM,68,68,Good
ArDarius Stewart,WR,Alabama,75.6,70.9,73.8,ardarius stewart,WR,StewAr00,ArDarius Stewart,2017,79,3,NYJ,1,1,Good
Arie Kouandjio,G,Alabama,65.6,64.7,61.3,arie kouandjio,IOL,KouaAr00,Arie Kouandjio,2015,112,4,WAS,4,4,Average
Arik Armstead,DT,Oregon,78.7,71.7,77.8,arik armstead,DL,ArmsAr01,Arik Armstead,2015,17,1,SFO,45,45,Good
Armanti Edwards,WR,Appalachian State,71.5,68.5,66.4,armanti edwards,WR,EdwaAr00,Armanti Edwards,2010,89,3,CAR,1,1,Good
Armon Watts,NT,Arkansas,64.5,54.3,70.4,armon watts,DL,WattAr01,Armon Watts,2019,190,6,MIN,12,12,Average
Armonty Bryant,DE,East Central,59.2,57.3,55.5,armonty bryant,EDGE,BryaAr00,Armonty Bryant,2013,217,7,CLE,5,5,Below Avg
Arnaz Battle,WR,Notre Dame,61.2,59.3,57.2,arnaz battle,WR,BattAr00,Arnaz Battle,2003,197,6,SFO,18,18,Average
Arrelious Benn,WR,Illinois,70.5,64.5,59.6,arrelious benn,WR,BennAr00,Arrelious Benn,2010,39,2,TAM,8,8,Good
Arron Sears,G,Tennessee,76,65,76.5,arron sears,IOL,SearAr20,Arron Sears,2007,35,2,TAM,14,14,Good
Arthur Brown,ILB,Kansas State,81.6,67.6,81.8,arthur brown,LB,BrowAr00,Arthur Brown,2013,56,2,BAL,3,3,Good
Arthur Lynch,TE,Georgia,68.1,60.2,77.7,arthur lynch,TE,LyncAr00,Arthur Lynch,2014,155,5,MIA,NA,NA,Average
Artie Burns,CB,Miami,74.9,63.4,76.3,artie burns,CB,BurnAr00,Artie Burns,2016,25,1,PIT,17,17,Good
Artose Pinner,RB,Kentucky,69.5,63.4,72.3,artose pinner,RB,PinnAr00,Artose Pinner,2003,99,4,DET,8,8,Average
Asa Jackson,DB,Cal Poly (San Luis Obispo),64.6,66.7,60.4,asa jackson,CB,JackAs00,Asa Jackson,2012,169,5,BAL,3,3,Average
Asante Samuel,CB,UCF,67.5,69.9,62.9,asante samuel,CB,SamuAs00,Asante Samuel Jr.,2021,47,2,LAC,15,15,Average
Asher Allen,CB,Georgia,62.6,51,69.4,asher allen,CB,AlleAs99,Asher Allen,2009,86,3,MIN,8,8,Average
Ashton Youboty,CB,Ohio State,71.7,72,67.9,ashton youboty,CB,YoubAs20,Ashton Youboty,2006,70,3,BUF,8,8,Good
Ashtyn Davis,SAF,California,77.9,84.1,70.7,ashtyn davis,S,DaviAs00,Ashtyn Davis,2020,68,3,NYJ,14,14,Good
Atiyyah Ellison,DT,Missouri,68,59.4,67.2,atiyyah ellison,DL,ElliAt00,Atiyyah Ellison,2005,89,3,CAR,0,0,Average
Aubrayo Franklin,NT,Tennessee,64,60.2,59.7,aubrayo franklin,DL,FranAu20,Aubrayo Franklin,2003,146,5,BAL,42,42,Average
Auden Tate,WR,Florida State,62.2,55.9,63.6,auden tate,WR,TateAu00,Auden Tate,2018,253,7,CIN,5,5,Average
Audie Cole,LB,N.C. State,68.5,66,68.8,audie cole,LB,ColeAu00,Audie Cole,2012,210,7,MIN,7,7,Average
Aundrae Allison,WR,East Carolina,74.9,86,65.3,aundrae allison,WR,AlliAu00,Aundrae Allison,2007,146,5,MIN,3,3,Good
Austen Lane,DE,Murray State,67.4,68,59.3,austen lane,EDGE,LaneAu99,Austen Lane,2010,153,5,JAX,7,7,Average
Austin Blythe,G,Iowa,65.2,70.7,58,austin blythe,IOL,BlytAu00,Austin Blythe,2016,248,7,IND,33,33,Average
Austin Bryant,DE,Clemson,68.3,66.1,67.4,austin bryant,EDGE,BryaAu00,Austin Bryant,2019,117,4,DET,5,5,Average
Austin Collie,WR,BYU,71.9,59,85.5,austin collie,WR,CollAu00,Austin Collie,2009,127,4,IND,18,18,Good
Austin Corbett,C,Nevada,77.3,74.7,75,austin corbett,IOL,CorbAu00,Austin Corbett,2018,33,2,CLE,29,29,Good
Austin Deculus,OT,LSU,67.4,76,54.9,austin deculus,OT,DecuAu00,Austin Deculus,2022,205,6,HOU,4,4,Average
Austin Hooper,TE,Stanford,80.6,80.7,79.1,austin hooper,TE,HoopAu00,Austin Hooper,2016,81,3,ATL,33,33,Good
Austin Jackson,OT,USC,82.3,83.6,75.2,austin jackson,OT,JackAu00,Austin Jackson,2020,18,1,MIA,24,24,Good
Austin Johnson,NT,Penn State,72.8,52.8,83.5,austin johnson,DL,JohnAu01,Austin Johnson,2016,43,2,TEN,29,29,Good
Austin King,C,Northwestern,63,53.9,63.1,austin king,IOL,KingAu20,Austin King,2003,133,4,TAM,3,3,Average
Austin Pettis,WR,Boise State,67.8,62.5,73.3,austin pettis,WR,PettAu00,Austin Pettis,2011,78,3,STL,8,8,Average
Austin Seferian-Jenkins,TE,Washington,80.1,69.9,86.5,austin seferian-jenkins,TE,SefeAu00,Austin Seferian-Jenkins,2014,38,2,TAM,9,9,Good
Austin Shepherd,OT,Alabama,58.7,57.1,57,austin shepherd,OT,ShepAu00,Austin Shepherd,2015,228,7,MIN,1,1,Below Avg
Avery Moss,DE,Youngstown State,67.8,69.7,60.3,avery moss,EDGE,MossAv00,Avery Moss,2017,167,5,NYG,4,4,Average
Avery Williamson,ILB,Kentucky,64.5,74.8,55.5,avery williamson,LB,WillAv00,Avery Williamson,2014,151,5,TEN,38,38,Average
Avonte Maddox,CB,Pittsburgh,75.1,86,65.3,avonte maddox,CB,MaddAv00,Avonte Maddox,2018,125,4,PHI,17,17,Good
Azeem Victor,LB,Washington,59.7,65,55.7,azeem victor,LB,VictAz00,Azeem Victor,2018,216,6,OAK,NA,NA,Below Avg
Bacarri Rambo,DB,Georgia,72.1,70.7,72.7,bacarri rambo,CB,RambBa00,Bacarri Rambo,2013,191,6,WAS,8,8,Good
Bailey Zappe,QB,Western Kentucky,70.8,65,74.8,bailey zappe,QB,ZappBa00,Bailey Zappe,2022,137,4,NWE,2,2,Good
Baker Mayfield,QB,Oklahoma,86.5,70.7,99,baker mayfield,QB,MayfBa00,Baker Mayfield,2018,1,1,CLE,80,80,Good
Baraka Atkins,DE,Miami,71.7,75.1,61.7,baraka atkins,EDGE,AtkiBa99,Baraka Atkins,2007,120,4,SEA,2,2,Good
Baron Browning,LB,Ohio State,77.7,97.7,66.8,baron browning,LB,BrowBa01,Baron Browning,2021,105,3,DEN,18,18,Good
Barrett Jones,C,Alabama,64.3,57.4,63.1,barrett jones,IOL,JoneBa00,Barrett Jones,2013,113,4,STL,0,0,Average
Barrett Ruud,ILB,Nebraska,77.1,69.8,77.2,barrett ruud,LB,RuudBa20,Barrett Ruud,2005,36,2,TAM,41,41,Good
Barry Cofield,NT,Northwestern,73.8,90.4,62.5,barry cofield,DL,CofiBa20,Barry Cofield,2006,124,4,NYG,46,46,Good
Barry Richardson,OT,Clemson,56.7,51,57.4,barry richardson,OT,RichBa20,Barry Richardson,2008,170,6,KAN,19,19,Below Avg
Bashaud Breeland,CB,Clemson,70.5,53.9,79.8,bashaud breeland,CB,BreeBa00,Bashaud Breeland,2014,102,4,WAS,34,34,Good
Baylon Spector,LB,Clemson,69.5,80.4,63.2,baylon spector,LB,SpecBa00,Baylon Spector,2022,231,7,BUF,5,5,Average
Beanie Wells,RB,Ohio State,82.6,80.5,78.7,beanie wells,RB,WellCh00,Beanie Wells,2009,31,1,ARI,14,14,Good
Bear Pascoe,TE,Fresno State,62.9,51,72.2,bear pascoe,TE,PascBe00,Bear Pascoe,2009,184,6,SFO,3,3,Average
Beau Bell,LB,UNLV,76.5,70.4,80.4,beau bell,LB,BellBe99,Beau Bell,2008,104,4,CLE,0,0,Good
Beau Sandland,TE,Montana State,69.5,81.2,55.8,beau sandland,TE,SandBe00,Beau Sandland,2016,252,7,CAR,NA,NA,Average
Ben Bredeson,G,Michigan,71.7,74.6,64.5,ben bredeson,IOL,BredBe00,Ben Bredeson,2020,143,4,BAL,21,21,Good
Ben Claxton,C,Mississippi,68.7,71.9,60.5,ben claxton,IOL,ClaxBe20,Ben Claxton,2003,157,5,DEN,0,0,Average
Ben Cleveland,G,Georgia,80,85.2,70.7,ben cleveland,IOL,ClevBe00,Ben Cleveland,2021,94,3,BAL,6,6,Good
Ben Emanuel,DB,UCLA,67.6,69.8,59.7,ben emanuel,CB,EmanBe20,Ben Emanuel,2005,171,5,CAR,3,3,Average
Ben Grubbs,G,Auburn,78.7,64.4,81.9,ben grubbs,IOL,GrubBe20,Ben Grubbs,2007,29,1,BAL,56,56,Good
Ben Hartsock,TE,Ohio State,74.1,75,63.6,ben hartsock,TE,HartBe00,Ben Hartsock,2004,68,3,IND,2,2,Good
Ben Heeney,LB,Kansas,72.7,81.8,66.9,ben heeney,LB,HeenBe00,Ben Heeney,2015,140,5,OAK,3,3,Good
Ben Ijalana,T,Villanova,76,70.9,74.8,ben ijalana,OT,IjalBe00,Ben Ijalana,2011,49,2,IND,6,6,Good
Ben Jones,C,Georgia,71,60.3,70,ben jones,IOL,JoneBe01,Ben Jones,2012,99,4,HOU,58,58,Good
Ben Koyack,TE,Notre Dame,64.1,64.9,56.4,ben koyack,TE,KoyaBe00,Ben Koyack,2015,229,7,JAX,1,1,Average
Ben Obomanu,WR,Auburn,61,65,59.2,ben obomanu,WR,ObomBe00,Ben Obomanu,2006,249,7,SEA,10,10,Average
Ben Patrick,TE,Delaware,63.8,64.4,54.5,ben patrick,TE,PatrBe00,Ben Patrick,2007,215,7,ARI,4,4,Average
Ben Powers,G,Oklahoma,66.4,64.5,63.1,ben powers,IOL,PoweBe00,Ben Powers,2019,123,4,BAL,27,27,Average
Ben Roethlisberger,QB,Miami (Ohio),86.6,74.7,87.5,ben roethlisberger,QB,RoetBe00,Ben Roethlisberger,2004,11,1,PIT,131,131,Good
Ben Skowronek,WR,Notre Dame,69.8,79.1,59.2,ben skowronek,WR,SkowBe00,Ben Skowronek,2021,249,7,LAR,8,8,Average
Ben Tate,RB,Auburn,83.8,98.9,71.2,ben tate,RB,TateBe00,Ben Tate,2010,58,2,HOU,14,14,Good
Ben Troupe,TE,Florida,80.6,68.7,80.5,ben troupe,TE,TrouBe00,Ben Troupe,2004,40,2,TEN,8,8,Good
Benardrick McKinney,ILB,Mississippi State,80.9,80,80.4,benardrick mckinney,LB,McKiBe00,Benardrick McKinney,2015,43,2,HOU,44,44,Good
Benjamin St-Juste,CB,Minnesota,68.2,70.1,65.4,benjamin st-juste,CB,StJuBe00,Benjamin St-Juste,2021,74,3,WAS,14,14,Average
Bennett Jackson,DB,Notre Dame,71,75,68.5,bennett jackson,CB,JackBe00,Bennett Jackson,2014,187,6,NYG,0,0,Good
Bennie Joppru,TE,Michigan,73.5,60.9,76.8,bennie joppru,TE,JoppBe00,Bennie Joppru,2003,41,2,HOU,0,0,Good
Bennie Logan,NT,LSU,70.2,60,68.9,bennie logan,DL,LogaBe00,Bennie Logan,2013,67,3,PHI,28,28,Good
Benny Snell,RB,Kentucky,70.7,66.8,71.4,benny snell,RB,SnelBe00,Benny Snell Jr.,2019,122,4,PIT,8,8,Good
Bernard Berrian,WR,Fresno State,71.6,60.6,71.9,bernard berrian,WR,BerrBe00,Bernard Berrian,2004,78,3,CHI,32,32,Good
Bernard Pierce,RB,Temple,77.1,81.4,71.5,bernard pierce,RB,PierBe00,Bernard Pierce,2012,84,3,BAL,10,10,Good
Bernard Scott,RB,Abilene Christian,65.7,64.6,59,bernard scott,RB,ScotBe00,Bernard Scott,2009,209,6,CIN,9,9,Average
Bethel Johnson,WR,Texas A&M,82.8,98.4,69.3,bethel johnson,WR,JohnBe00,Bethel Johnson,2003,45,2,NWE,8,8,Good
Bilal Nichols,DT,Delaware,72.8,84.4,58.9,bilal nichols,DL,NichBi00,Bilal Nichols,2018,145,5,CHI,37,37,Good
Bilal Powell,RB,Louisville,67.2,72.5,63.2,bilal powell,RB,PoweBi00,Bilal Powell,2011,126,4,NYJ,26,26,Average
Bill Swancutt,DE,Oregon State,61.6,60.7,57.2,bill swancutt,EDGE,SwanBi20,Bill Swancutt,2005,184,6,DET,0,0,Average
Billy Bajema,TE,Oklahoma State,67.2,73.6,56.8,billy bajema,TE,BajeBi00,Billy Bajema,2005,249,7,SFO,2,2,Average
Billy McMullen,WR,Virginia,69.1,58.2,67.1,billy mcmullen,WR,McMuBi00,Billy McMullen,2003,95,3,PHI,5,5,Average
Billy Price,C,Ohio State,78.6,66.5,81.2,billy price,IOL,PricBi01,Billy Price,2018,21,1,CIN,18,18,Good
Billy Turner,T,North Dakota State,69.9,67.4,66.3,billy turner,OT,TurnBi00,Billy Turner,2014,67,3,MIA,35,35,Average
Bishop Sankey,RB,Washington,83.1,83.7,84.8,bishop sankey,RB,SankBi00,Bishop Sankey,2014,54,2,TEN,6,6,Good
B.J. Cunningham,WR,Michigan State,64.5,51.8,76.9,bj cunningham,WR,CunnB.00,B.J. Cunningham,2012,183,6,MIA,0,0,Average
B.J. Dubose,DE,Louisville,61.3,67.6,61.4,bj dubose,EDGE,DuboB.00,B.J. Dubose,2015,193,6,MIN,NA,NA,Average
B.J. Raji,NT,Boston College,82.1,74.4,84.6,bj raji,DL,RajiBJ99,B.J. Raji,2009,9,1,GNB,33,33,Good
B.J. Tucker,DB,Wisconsin,66.9,78,58.2,bj tucker,CB,TuckB.20,B.J. Tucker,2003,178,6,DAL,0,0,Average
Bjoern Werner,OLB,Florida State,73.5,65,75.9,bjoern werner,EDGE,WernBj00,Bjoern Werner,2013,24,1,IND,10,10,Good
Blaine Gabbert,QB,Missouri,82.2,83.4,75.9,blaine gabbert,QB,GabbBl00,Blaine Gabbert,2011,10,1,JAX,17,17,Good
Blake Bell,TE,Oklahoma,67,72.5,57.9,blake bell,TE,BellBl00,Blake Bell,2015,117,4,SFO,5,5,Average
Blake Bortles,QB,UCF,79.8,71.9,82.8,blake bortles,QB,BortBl00,Blake Bortles,2014,3,1,JAX,44,44,Good
Blake Cashman,LB,Minnesota,84,88.5,80.7,blake cashman,LB,CashBl00,Blake Cashman,2019,157,5,NYJ,25,25,Good
Blake Martinez,ILB,Stanford,68.7,61.5,72.2,blake martinez,LB,MartBl01,Blake Martinez,2016,131,4,GNB,38,38,Average
Blessuan Austin,CB,Rutgers,64.4,65.8,61.4,blessuan austin,CB,AustBl00,Blessuan Austin,2019,196,6,NYJ,6,6,Average
Blidi Wreh-Wilson,DB,Connecticut,69.7,70.6,68.9,blidi wreh-wilson,CB,WrehBl00,Blidi Wreh-Wilson,2013,70,3,TEN,9,9,Average
Bo Scaife,TE,Texas,65.9,62.8,63,bo scaife,TE,ScaiBo00,Bo Scaife,2005,179,6,TEN,20,20,Average
Bo Scarbrough,RB,Alabama,69.7,83.8,60.3,bo scarbrough,RB,ScarBo01,Bo Scarbrough,2018,236,7,DAL,2,2,Average
Bo Schobel,DE,TCU,68.8,69.6,61.7,bo schobel,EDGE,SchoBo20,Bo Schobel,2004,103,4,TEN,3,3,Average
Bobby Brown III,DT,Texas A&M,75.4,85.5,67.7,bobby brown,DL,BrowBo04,Bobby Brown,2021,117,4,LAR,16,16,Good
Bobby Carpenter,LB,Ohio State,84.2,82.4,77.9,bobby carpenter,LB,CarpBo20,Bobby Carpenter,2006,18,1,DAL,11,11,Good
Bobby Massie,OT,Mississippi,66.7,64.5,61.9,bobby massie,OT,MassBo00,Bobby Massie,2012,112,4,ARI,45,45,Average
Bobby McCray,DE,Florida,62.9,73.8,55.5,bobby mccray,EDGE,McCrBo20,Bobby McCray,2004,249,7,JAX,24,24,Average
Bobby Okereke,ILB,Stanford,77.9,83.5,73.1,bobby okereke,LB,OkerBo00,Bobby Okereke,2019,89,3,IND,39,39,Good
Bobby Wade,WR,Arizona,67.4,53.2,80.4,bobby wade,WR,WadeBo00,Bobby Wade,2003,139,5,CHI,22,22,Average
Brad Butler,T,Virginia,64.8,62.6,59.5,brad butler,OT,ButlBr20,Brad Butler,2006,143,5,BUF,13,13,Average
Brad Cottam,TE,Tennessee,79.2,88.1,68.8,brad cottam,TE,CottBr00,Brad Cottam,2008,76,3,KAN,2,2,Good
Brad Kaaya,QB,Miami,69.9,69.8,67.1,brad kaaya,QB,KaayBr00,Brad Kaaya,2017,215,6,DET,NA,NA,Average
Brad Sorensen,QB,Southern Utah State,57.8,60.5,52.4,brad sorensen,QB,SoreBr00,Brad Sorensen,2013,221,7,SDG,NA,NA,Below Avg
Bradie James,ILB,LSU,62.5,56.7,63,bradie james,LB,JameBr20,Bradie James,2003,103,4,DAL,53,53,Average
Bradlee Anae,DE,Utah,66.5,55.5,75.9,bradlee anae,EDGE,AnaeBr00,Bradlee Anae,2020,179,5,DAL,1,1,Average
Bradlee Van Pelt,QB,Colorado State,65.3,75,59.5,bradlee van pelt,QB,VanPBr00,Bradlee Van Pelt,2004,250,7,DEN,0,0,Average
Bradley Chubb,OLB,N.C. State,89.4,79.6,93.2,bradley chubb,EDGE,ChubBr00,Bradley Chubb,2018,5,1,DEN,41,41,Good
Bradley Fletcher,DB,Iowa,67.9,64.5,70.7,bradley fletcher,CB,FletBr99,Bradley Fletcher,2009,66,3,STL,24,24,Average
Bradley Roby,CB,Ohio State,91,87,87,bradley roby,CB,RobyBr00,Bradley Roby,2014,31,1,DEN,26,26,Elite
Brady Breeze,FS,Oregon,57.3,71.9,55.4,brady breeze,S,BreeBr00,Brady Breeze,2021,215,6,TEN,0,0,Below Avg
Brady Poppinga,ILB,BYU,70.6,77.8,63,brady poppinga,LB,PoppBr20,Brady Poppinga,2005,125,4,GNB,25,25,Good
Brady Quinn,QB,Notre Dame,82,82.9,79.4,brady quinn,QB,QuinBr00,Brady Quinn,2007,22,1,CLE,2,2,Good
Brandin Cooks,WR,Oregon State,97.3,92,99,brandin cooks,WR,CookBr00,Brandin Cooks,2014,20,1,NOR,73,73,Elite
Brandin Echols,CB,Kentucky,70.4,99,53.7,brandin echols,CB,EchoBr00,Brandin Echols,2021,200,6,NYJ,11,11,Good
Brandon Aiyuk,WR,Arizona State,79.2,81.7,72,brandon aiyuk,WR,AiyuBr00,Brandon Aiyuk,2020,25,1,SFO,39,39,Good
Brandon Allen,QB,Arkansas,74.6,70.9,77.2,brandon allen,QB,AlleBr00,Brandon Allen,2016,201,6,JAX,5,5,Good
Brandon Boykin,DB,Georgia,74.6,64.6,85,brandon boykin,CB,BoykBr00,Brandon Boykin,2012,123,4,PHI,9,9,Good
Brandon Burton,DB,Utah,61.8,60.9,62.8,brandon burton,CB,BurtBr00,Brandon Burton,2011,139,5,MIN,1,1,Average
Brandon Chillar,ILB,UCLA,71.1,74.7,63,brandon chillar,LB,ChilBr20,Brandon Chillar,2004,130,4,STL,22,22,Good
Brandon Deaderick,DE,Alabama,55.8,62.2,55.1,brandon deaderick,EDGE,DeadBr99,Brandon Deaderick,2010,247,7,NWE,9,9,Below Avg
Brandon Dixon,CB,NW Missouri State University,59,73.1,55,brandon dixon,CB,DixoBr00,Brandon Dixon,2014,195,6,NYJ,3,3,Below Avg
Brandon Doughty,QB,Western Kentucky,65.1,51,72.2,brandon doughty,QB,DougBr00,Brandon Doughty,2016,223,7,MIA,NA,NA,Average
Brandon Flowers,CB,Virginia Tech,75.2,55.4,87.6,brandon flowers,CB,FlowBr99,Brandon Flowers,2008,35,2,KAN,42,42,Good
Brandon Frye,OT,Virginia Tech,72.9,83.9,59.5,brandon frye,OT,FryeBr21,Brandon Frye,2007,163,5,HOU,2,2,Good
Brandon Fusco,G,Slippery Rock,72.6,89.4,58.3,brandon fusco,IOL,FuscBr00,Brandon Fusco,2011,172,6,MIN,35,35,Good
Brandon Gibson,WR,Washington State,71,82.1,58.3,brandon gibson,WR,GibsBr00,Brandon Gibson,2009,194,6,PHI,17,17,Good
Brandon Graham,DE,Michigan,86.1,71.6,92.2,brandon graham,EDGE,GrahBr99,Brandon Graham,2010,13,1,PHI,59,59,Good
Brandon Green,DE,Rice,62.8,71.1,57.2,brandon green,EDGE,GreeBr20,Brandon Green,2003,176,6,JAX,5,5,Average
Brandon Harris,DB,Miami,73.8,66.5,74.2,brandon harris,CB,HarrBr00,Brandon Harris,2011,60,2,HOU,3,3,Good
Brandon Hepburn,LB,Florida A&M,61.8,61.4,56.1,brandon hepburn,LB,HepbBr00,Brandon Hepburn,2013,245,7,DET,NA,NA,Average
Brandon Hogan,CB,West Virginia,70.6,73.7,69.1,brandon hogan,CB,HogaBr00,Brandon Hogan,2011,98,4,CAR,0,0,Good
Brandon Hughes,DB,Oregon State,67.6,70.4,65.5,brandon hughes,CB,HughBr99,Brandon Hughes,2009,148,5,SDG,2,2,Average
Brandon Jackson,RB,Nebraska,74.6,75.7,65.1,brandon jackson,RB,JackBr00,Brandon Jackson,2007,63,2,GNB,16,16,Good
Brandon Jacobs,RB,Southern Illinois,71.4,77.9,63.5,brandon jacobs,RB,JacoBr00,Brandon Jacobs,2005,110,4,NYG,36,36,Good
Brandon Johnson,LB,Louisville,67.8,75.7,60.3,brandon johnson,LB,JohnBr20,Brandon Johnson,2006,142,5,ARI,13,13,Average
Brandon Jones,SAF,Texas,68.8,77.9,62.7,brandon jones,S,JoneBr06,Brandon Jones,2020,70,3,MIA,21,21,Average
Brandon Jones,WR,Oklahoma,71.7,80.1,54.7,brandon jones,WR,JoneBr02,Brandon Jones,2005,96,3,TEN,11,11,Good
Brandon Keith,OT,Northern Iowa,63.6,71.1,55.6,brandon keith,OT,KeitBr20,Brandon Keith,2008,225,7,ARI,8,8,Average
Brandon LaFell,WR,LSU,72.3,62.4,75.1,brandon lafell,WR,LaFeBr00,Brandon LaFell,2010,78,3,CAR,43,43,Good
Brandon Linder,G,Miami,69.5,69,63.8,brandon linder,IOL,LindBr00,Brandon Linder,2014,93,3,JAX,31,31,Average
Brandon Lloyd,WR,Illinois,66.1,55.6,70.8,brandon lloyd,WR,LloyBr00,Brandon Lloyd,2003,124,4,SFO,41,41,Average
Brandon Marshall,ILB,Nevada,64.8,63.3,61.4,brandon marshall,LB,MarsBr01,Brandon Marshall,2012,142,5,JAX,30,30,Average
Brandon Marshall,WR,UCF,73.7,70,71.3,brandon marshall,WR,MarsBr00,Brandon Marshall,2006,119,4,DEN,83,83,Good
Brandon McDonald,DB,Memphis,63.6,51,71,brandon mcdonald,CB,McDoBr99,Brandon McDonald,2007,140,5,CLE,15,15,Average
Brandon McGee,DB,Miami,69.3,78.5,61.3,brandon mcgee,CB,McGeBr00,Brandon McGee,2013,149,5,STL,1,1,Average
Brandon Mebane,NT,California,66.7,56.4,73.2,brandon mebane,DL,MebaBr99,Brandon Mebane,2007,85,3,SEA,63,63,Average
Brandon Parker,OT,North Carolina A&T,68.5,67.1,64.3,brandon parker,OT,ParkBr01,Brandon Parker,2018,65,3,OAK,15,15,Average
Brandon Pettigrew,TE,Oklahoma State,78,66,79,brandon pettigrew,TE,PettBr00,Brandon Pettigrew,2009,20,1,DET,22,22,Good
Brandon Shell,T,South Carolina,67.4,73.4,58.8,brandon shell,OT,ShelBr00,Brandon Shell,2016,158,5,NYJ,29,29,Average
Brandon Siler,ILB,Florida,68.2,63.1,67.5,brandon siler,LB,SileBr99,Brandon Siler,2007,240,7,SDG,12,12,Average
Brandon Smith,ILB,Penn State,74.7,93.1,65.1,brandon smith,LB,SmitBr08,Brandon Smith,2022,120,4,CAR,1,1,Good
Brandon Spikes,MLB,Florida,75,62.2,78.1,brandon spikes,LB,SpikBr99,Brandon Spikes,2010,62,2,NWE,25,25,Good
Brandon Stephens,CB,SMU,66.9,72.7,60,brandon stephens,CB,StepBr01,Brandon Stephens,2021,104,3,BAL,20,20,Average
Brandon Tate,WR,North Carolina,68.8,69.9,54.7,brandon tate,WR,TateBr00,Brandon Tate,2009,83,3,NWE,16,16,Average
Brandon Thomas,OG,Clemson,68.1,62.4,65.6,brandon thomas,IOL,ThomBr02,Brandon Thomas,2014,100,3,SFO,NA,NA,Average
Brandon Thompson,DT,Clemson,71.2,74.2,64.1,brandon thompson,DL,ThomBr01,Brandon Thompson,2012,93,3,CIN,7,7,Good
Brandon Underwood,CB,Cincinnati,69.7,66.5,72.2,brandon underwood,CB,UndeBr99,Brandon Underwood,2009,187,6,GNB,2,2,Average
Brandon Washington,G,Miami,62.5,59.9,58.3,brandon washington,IOL,WashBr00,Brandon Washington,2012,200,6,PHI,0,0,Average
Brandon Weeden,QB,Oklahoma State,74.1,60.4,78.1,brandon weeden,QB,WeedBr00,Brandon Weeden,2012,22,1,CLE,13,13,Good
Brandon Williams,CB,Texas A&M,65.9,66.8,63.6,brandon williams,CB,WillBr07,Brandon Williams,2016,92,3,ARI,4,4,Average
Brandon Williams,DE,Missouri Southern,67.6,58.2,67.2,brandon williams,EDGE,WillBr95,Brandon Williams,2009,120,4,DAL,0,0,Average
Brandon Williams,WR,Wisconsin,71.2,66.6,66.9,brandon williams,WR,WillBr01,Brandon Williams,2006,84,3,SFO,0,0,Good
Brandyn Thompson,DB,Boise State,63.9,61.9,66.8,brandyn thompson,CB,ThomBr00,Brandyn Thompson,2011,213,7,WAS,1,1,Average
Braxton Berrios,WR,Miami,67.8,71.9,61.4,braxton berrios,WR,BerrBr00,Braxton Berrios,2018,210,6,NWE,11,11,Average
Braxton Miller,WR,Ohio State,71.5,76.7,55,braxton miller,WR,MillBr03,Braxton Miller,2016,85,3,HOU,2,2,Good
Braylon Edwards,WR,Michigan,94.1,84.7,93.6,braylon edwards,WR,EdwaBr00,Braylon Edwards,2005,3,1,CLE,41,41,Elite
Breece Hall,RB,Iowa State,96,92.5,93.6,breece hall,RB,HallBr03,Breece Hall,2022,36,2,NYJ,28,28,Elite
Breeland Speaks,DE,Mississippi,71.1,67.8,72.1,breeland speaks,EDGE,SpeaBr00,Breeland Speaks,2018,46,2,KAN,3,3,Good
Brennan Curtin,T,Notre Dame,67.4,72.8,57.4,brennan curtin,OT,NA,Brennan Curtin,2003,212,6,GNB,NA,NA,Average
Breno Giacomini,T,Louisville,66.4,63.2,59.5,breno giacomini,OT,GiacBr20,Breno Giacomini,2008,150,5,GNB,36,36,Average
Breshad Perriman,WR,UCF,84,93.7,73.6,breshad perriman,WR,PerrBr02,Breshad Perriman,2015,26,1,BAL,15,15,Good
Brett Hundley,QB,UCLA,81.3,88.5,80.5,brett hundley,QB,HundBr00,Brett Hundley,2015,147,5,GNB,5,5,Good
Brett Williams,T,Florida State,66,61.4,61.9,brett williams,OT,WillBr21,Brett Williams,2003,113,4,KAN,0,0,Average
Brevin Jordan,TE,Miami,75.7,72.9,84,brevin jordan,TE,JordBr00,Brevin Jordan,2021,147,5,HOU,4,4,Good
Brian Allen,CB,Utah,61.6,71.1,55.9,brian allen,CB,AlleBr01,Brian Allen,2017,173,5,PIT,1,1,Average
Brian Allen,C,Michigan State,64.6,61,61.3,brian allen,IOL,AlleBr02,Brian Allen,2018,111,4,LAR,16,16,Average
Brian Asamoah II,LB,Oklahoma,75,83.7,68.3,brian asamoah,LB,AsamBr00,Brian Asamoah,2022,66,3,MIN,3,3,Good
Brian Brohm,QB,Louisville,73.9,67.1,74.3,brian brohm,QB,BrohBr00,Brian Brohm,2008,56,2,GNB,0,0,Good
Brian Calhoun,RB,Wisconsin,73.3,58,83.7,brian calhoun,RB,CalhBr00,Brian Calhoun,2006,74,3,DET,1,1,Good
Brian Cole,SAF,Mississippi State,66.3,77.6,61.8,brian cole,S,ColeBr01,Brian Cole II,2020,249,7,MIN,NA,NA,Average
Brian Cushing,ILB,USC,84.1,72.6,82.8,brian cushing,LB,CushBr99,Brian Cushing,2009,15,1,HOU,52,52,Good
Brian Hartline,WR,Ohio State,60,60.6,53.5,brian hartline,WR,HartBr00,Brian Hartline,2009,108,4,MIA,32,32,Average
Brian Hill,RB,Wyoming,72.4,75.9,69.7,brian hill,RB,HillBr02,Brian Hill,2017,156,5,ATL,9,9,Good
Brian Leonard,RB,Rutgers,76.9,80,68,brian leonard,RB,LeonBr00,Brian Leonard,2007,52,2,STL,11,11,Good
Brian O'Neill,OT,Pittsburgh,79.5,86.7,73.5,brian o'neill,OT,ONeiBr00,Brian O'Neill,2018,62,2,MIN,56,56,Good
Brian Price,DT,UCLA,75.9,61.2,81.9,brian price,DL,PricBr99,Brian Price,2010,35,2,TAM,4,4,Good
Brian Quick,WR,Appalachian State,73.3,61.7,74.3,brian quick,WR,QuicBr00,Brian Quick,2012,33,2,STL,11,11,Good
Brian Rimpf,G,East Carolina,63.4,69.7,56.5,brian rimpf,IOL,RimpBr20,Brian Rimpf,2004,246,7,BAL,3,3,Average
Brian Robinson,RB,Alabama,74.4,69.3,72.2,brian robinson,RB,RobiBr01,Brian Robinson Jr.,2022,98,3,WAS,19,19,Good
Brian Robiskie,WR,Ohio State,73.7,65.2,70.8,brian robiskie,WR,RobiBr00,Brian Robiskie,2009,36,2,CLE,3,3,Good
Brian Robison,DE,Texas,74.9,85,61.7,brian robison,EDGE,RobiBr98,Brian Robison,2007,102,4,MIN,46,46,Good
Brian Rolle,LB,Ohio State,66.2,73.6,59.6,brian rolle,LB,RollBr00,Brian Rolle,2011,193,6,PHI,6,6,Average
Brian Schwenke,C,California,75.5,90.4,63.1,brian schwenke,IOL,SchwBr00,Brian Schwenke,2013,107,4,TEN,14,14,Good
Brian St. Pierre,QB,Boston College,58.1,64.2,57.8,brian st pierre,QB,St.PBr20,Brian St. Pierre,2003,163,5,PIT,0,0,Below Avg
Brian Winters,G,Kent State,68.7,55.8,68.1,brian winters,IOL,WintBr00,Brian Winters,2013,72,3,NYJ,31,31,Average
Brock Osweiler,QB,Arizona State,73.6,64.9,73.7,brock osweiler,QB,OsweBr00,Brock Osweiler,2012,57,2,DEN,14,14,Good
Brock Purdy,QB,Iowa State,72.3,68.2,74.8,brock purdy,QB,PurdBr00,Brock Purdy,2022,262,7,SFO,44,44,Good
Broderick Washington,DT,Texas Tech,62.3,67.7,60.4,broderick washington,DL,WashBr01,Broderick Washington Jr.,2020,170,5,BAL,15,15,Average
Brodie Croyle,QB,Alabama,62.7,59.2,54.6,brodie croyle,QB,CroyBr00,Brodie Croyle,2006,85,3,KAN,2,2,Average
Brodrick Bunkley,NT,Florida State,93.5,96.2,88.5,brodrick bunkley,DL,BunkBr20,Brodrick Bunkley,2006,14,1,PHI,40,40,Elite
Brody Eldridge,TE,Oklahoma,64.7,63.9,60.9,brody eldridge,TE,EldrBr00,Brody Eldridge,2010,162,5,IND,0,0,Average
Brooks Bollinger,QB,Wisconsin,66.8,66.1,60.9,brooks bollinger,QB,BollBr00,Brooks Bollinger,2003,200,6,NYJ,6,6,Average
Bruce Campbell,T,Maryland,73.9,82.9,61.9,bruce campbell,OT,CampBr20,Bruce Campbell,2010,106,4,OAK,1,1,Good
Bruce Carter,ILB,North Carolina,74.4,65.3,72.6,bruce carter,LB,CartBr00,Bruce Carter,2011,40,2,DAL,20,20,Good
Bruce Davis,LB,UCLA,72.4,55.7,86.4,bruce davis,LB,DaviBr99,Bruce Davis,2008,88,3,PIT,0,0,Good
Bruce Ellington,WR,South Carolina,75,84.4,68.4,bruce ellington,WR,ElliBr00,Bruce Ellington,2014,106,4,SFO,7,7,Good
Bruce Gradkowski,QB,Toledo,72.1,78,62.9,bruce gradkowski,QB,GradBr00,Bruce Gradkowski,2006,194,6,TAM,8,8,Good
Bruce Irvin,OLB,West Virginia,85.9,97,78.9,bruce irvin,EDGE,IrviBr00,Bruce Irvin,2012,15,1,SEA,42,42,Good
Bruce Nelson,C,Iowa,78.6,75.9,75.4,bruce nelson,IOL,NelsBr20,Bruce Nelson,2003,50,2,CAR,2,2,Good
Bruce Thornton,CB,Georgia,68.6,71.1,62.9,bruce thornton,CB,ThorBr21,Bruce Thornton,2004,121,4,DAL,4,4,Average
Bryan Bulaga,OT,Iowa,80.2,70.7,83.3,bryan bulaga,OT,BulaBr20,Bryan Bulaga,2010,23,1,GNB,56,56,Good
Bryan Cook,SAF,Cincinnati,72.8,62.7,75.9,bryan cook,S,CookBr02,Bryan Cook,2022,62,2,KAN,18,18,Good
Bryan Edwards,WR,South Carolina,74.4,66.5,71.2,bryan edwards,WR,EdwaBr01,Bryan Edwards,2020,81,3,LVR,6,6,Good
Bryan Kehl,LB,BYU,76.4,79.4,69.9,bryan kehl,LB,KehlBr99,Bryan Kehl,2008,123,4,NYG,7,7,Good
Bryan Stork,C,Florida State,64.1,72.1,57.6,bryan stork,IOL,StorBr00,Bryan Stork,2014,105,4,NWE,11,11,Average
Bryant Johnson,WR,Penn State,71.8,64.8,63.4,bryant johnson,WR,JohnBr02,Bryant Johnson,2003,17,1,ARI,26,26,Good
Bryant McFadden,CB,Florida State,79.8,84.4,76.1,bryant mcfadden,CB,McFaBr20,Bryant McFadden,2005,62,2,PIT,27,27,Good
Bryant McNeal,DE,Clemson,68.3,62.3,61.7,bryant mcneal,EDGE,NA,Bryant McNeal,2003,128,4,DEN,NA,NA,Average
Bryce Hager,ILB,Baylor,68.8,73.1,64.9,bryce hager,LB,HageBr00,Bryce Hager,2015,224,7,STL,7,7,Average
Bryce Hall,CB,Virginia,71.4,72.6,66.5,bryce hall,CB,HallBr02,Bryce Hall,2020,158,5,NYJ,10,10,Good
Bryce Love,RB,Stanford,75.3,73.3,73.2,bryce love,RB,LoveBr00,Bryce Love,2019,112,4,WAS,NA,NA,Good
Bryce Petty,QB,Baylor,73.9,78.8,71,bryce petty,QB,PettBr01,Bryce Petty,2015,103,4,NYJ,4,4,Good
Brycen Hopkins,TE,Purdue,81.2,72.3,97.7,brycen hopkins,TE,HopkBr01,Brycen Hopkins,2020,136,4,LAR,2,2,Good
Bud Dupree,OLB,Kentucky,86.5,90.6,83.4,bud dupree,EDGE,DuprAl00,Bud Dupree,2015,22,1,PIT,46,46,Good
Budda Baker,S,Washington,80.1,66.9,84.6,budda baker,S,BakeBu00,Budda Baker,2017,36,2,ARI,63,63,Good
Buddy Johnson,LB,Texas A&M,75.1,82.3,69.6,buddy johnson,LB,JohnBu01,Buddy Johnson,2021,140,4,PIT,2,2,Good
Buster Davis,LB,Florida State,72,57.3,74.7,buster davis,LB,DaviBu99,Buster Davis,2007,69,3,ARI,2,2,Good
Buster Skrine,CB,Tennessee-Chattanooga,61.2,75.8,52.5,buster skrine,CB,SkriBu00,Buster Skrine,2011,137,5,CLE,35,35,Average
B.W. Webb,CB,William & Mary,71.5,76.6,62.9,bw webb,CB,WebbBW00,B.W. Webb,2013,114,4,DAL,14,14,Good
Byron Cowart,DT,Maryland,65.2,67.2,61.6,byron cowart,DL,CowaBy00,Byron Cowart,2019,159,5,NWE,14,14,Average
Byron Jones,CB,Connecticut,89.4,97.6,73.2,byron jones,CB,JoneBy00,Byron Jones,2015,27,1,DAL,38,38,Good
Byron Leftwich,QB,Marshall,78.8,63.8,85,byron leftwich,QB,LeftBy00,Byron Leftwich,2003,7,1,JAX,33,33,Good
Byron Maxwell,CB,Clemson,64.5,66.8,65.3,byron maxwell,CB,MaxwBy00,Byron Maxwell,2011,173,6,SEA,22,22,Average
Byron Murphy,CB,Washington,84.5,68.1,86.5,byron murphy,CB,MurpBy00,Byron Murphy,2019,33,2,ARI,40,40,Good
Cade Mays,C,Tennessee,64.9,62.7,60.5,cade mays,IOL,MaysCa00,Cade Mays,2022,199,6,CAR,11,11,Average
Cade Otton,TE,Washington,72.8,59,76.1,cade otton,TE,OttoCa00,Cade Otton,2022,106,4,TAM,17,17,Good
Cadillac Williams,RB,Auburn,85.4,84.4,78.8,cadillac williams,RB,WillCa02,Cadillac Williams,2005,5,1,TAM,28,28,Good
Calais Campbell,DE,Miami,72,58.2,76.6,calais campbell,EDGE,CampCa99,Calais Campbell,2008,50,2,ARI,113,113,Good
Caleb Farley,CB,Virginia Tech,82.8,74.7,80.6,caleb farley,CB,FarlCa00,Caleb Farley,2021,22,1,TEN,2,2,Good
Caleb Miller,MLB,Arkansas,74.5,75.5,68.4,caleb miller,LB,MillCa20,Caleb Miller,2004,80,3,CIN,8,8,Good
Caleb Schlauderaff,G,Utah,64.8,65.6,58.3,caleb schlauderaff,IOL,SchlCa00,Caleb Schlauderaff,2011,179,6,GNB,1,1,Average
Caleb Wilson,TE,UCLA,71.3,71.9,87.5,caleb wilson,TE,WilsCa00,Caleb Wilson,2019,254,7,ARI,0,0,Good
Calvin Armstrong,T,Washington State,66.1,71.6,57.4,calvin armstrong,OT,NA,Calvin Armstrong,2005,211,6,PHI,NA,NA,Average
Calvin Austin III,WR,Memphis,81.2,99,75.8,calvin austin,WR,AustCa00,Calvin Austin III,2022,138,4,PIT,12,12,Good
Calvin Johnson,WR,Georgia Tech,94.5,91.4,88.6,calvin johnson,WR,JohnCa00,Calvin Johnson,2007,2,1,DET,78,78,Elite
Calvin Lowry,DB,Penn State,67.3,66.3,62.3,calvin lowry,CB,LowrCa20,Calvin Lowry,2006,102,4,TEN,7,7,Average
Calvin Pace,OLB,Wake Forest,81.6,75.4,79.5,calvin pace,EDGE,PaceCa20,Calvin Pace,2003,18,1,ARI,61,61,Good
Calvin Pryor,DB,Louisville,75.5,65.3,76.3,calvin pryor,CB,PryoCa00,Calvin Pryor,2014,18,1,NYJ,13,13,Good
Calvin Ridley,WR,Alabama,81,71.5,75.3,calvin ridley,WR,RidlCa00,Calvin Ridley,2018,26,1,ATL,41,41,Good
Cam Akers,RB,Florida State,81.4,77.2,78.2,cam akers,RB,AkerCa00,Cam Akers,2020,52,2,LAR,13,13,Good
Cam Brown,MLB,Penn State,65.7,70.9,63.5,cam brown,LB,BrowCa01,Cam Brown,2020,183,6,NYG,4,4,Average
Cam Johnson,DE,Virginia,63.6,70.9,60.9,cam johnson,EDGE,JohnCa01,Cam Johnson,2012,237,7,SFO,5,5,Average
Cam Jurgens,C,Nebraska,81.5,99,67.4,cam jurgens,IOL,JurgCa01,Cam Jurgens,2022,51,2,PHI,20,20,Good
Cam Newton,QB,Auburn,93.2,90.4,97.2,cam newton,QB,NewtCa00,Cam Newton,2011,1,1,CAR,115,115,Elite
Cam Robinson,OT,Alabama,80,72.6,82.2,cam robinson,OT,RobiCa00,Cam Robinson,2017,34,2,JAX,43,43,Good
Cam Taylor-Britt,CB,Nebraska,72.9,78.8,67.8,cam taylor-britt,CB,TaylCa01,Cam Taylor-Britt,2022,60,2,CIN,15,15,Good
Cam Thomas,DT,North Carolina,62.3,67.9,52.7,cam thomas,DL,ThomCa99,Cam Thomas,2010,146,5,SDG,16,16,Average
Cameron Artis-Payne,RB,Auburn,74,67.2,76.1,cameron artis-payne,RB,ArtiCa00,Cameron Artis-Payne,2015,174,5,CAR,5,5,Good
Cameron Dantzler,CB,Mississippi State,72.1,62.6,75.1,cameron dantzler,CB,DantCa00,Cameron Dantzler,2020,89,3,MIN,10,10,Good
Cameron Erving,G,Florida State,82,80.6,75.9,cameron erving,IOL,ErviCa00,Cameron Erving,2015,19,1,CLE,28,28,Good
Cameron Fleming,T,Stanford,63.4,59.5,60.1,cameron fleming,OT,FlemCa00,Cameron Fleming,2014,140,4,NWE,30,30,Average
Cameron Jordan,DE,California,79.1,75,77.8,cameron jordan,EDGE,JordCa00,Cameron Jordan,2011,24,1,NOR,109,109,Good
Cameron McGrone,LB,Michigan,73.2,82.2,67.7,cameron mcgrone,LB,McGrCa00,Cameron McGrone,2021,177,5,NWE,2,2,Good
Cameron Morrah,TE,California,66.9,74.8,63.1,cameron morrah,TE,MorrCa00,Cameron Morrah,2009,248,7,SEA,2,2,Average
Cameron Sample,DE,Tulane,72.9,83.5,67.6,cameron sample,EDGE,SampCa00,Cameron Sample,2021,111,4,CIN,7,7,Good
Cameron Smith,ILB,USC,74,78.5,66.8,cameron smith,LB,SmitCa01,Cameron Smith,2019,162,5,MIN,0,0,Good
Cameron Stephenson,G,Rutgers,65.4,67.7,60.5,cameron stephenson,IOL,NA,Cameron Stephenson,2007,156,5,PIT,NA,NA,Average
Cameron Sutton,CB,Tennessee,73.1,68.1,72.8,cameron sutton,CB,SuttCa00,Cameron Sutton,2017,94,3,PIT,21,21,Good
Cameron Thomas,DE,San Diego State,74.6,75.6,73.5,cameron thomas,EDGE,ThomCa03,Cameron Thomas,2022,87,3,ARI,4,4,Good
Captain Munnerlyn,CB,South Carolina,59.8,55.2,60.7,captain munnerlyn,CB,MunnCa99,Captain Munnerlyn,2009,216,7,CAR,35,35,Below Avg
Caraun Reid,DT,Princeton,65.5,68.5,58.9,caraun reid,DL,ReidCa00,Caraun Reid,2014,158,5,DET,9,9,Average
Cardale Jones,QB,Ohio State,71.5,81,64,cardale jones,QB,JoneCa01,Cardale Jones,2016,139,4,BUF,0,0,Good
Carl Bradford,LB,Arizona State,75.1,75.4,71.7,carl bradford,LB,BradCa01,Carl Bradford,2014,121,4,GNB,0,0,Good
Carl Davis,DT,Iowa,68.1,73.7,67,carl davis,DL,DaviCa01,Carl Davis,2015,90,3,BAL,13,13,Average
Carl Lawson,DE,Auburn,72.4,78,72.1,carl lawson,EDGE,LawsCa00,Carl Lawson,2017,116,4,CIN,20,20,Good
Carl Nassib,DE,Penn State,74.2,70,84.2,carl nassib,EDGE,NassCa00,Carl Nassib,2016,65,3,CLE,20,20,Good
Carlos Davis,DT,Nebraska,68.7,91.8,55.2,carlos davis,DL,DaviCa03,Carlos Davis,2020,232,7,PIT,1,1,Average
Carlos Dunlap,DE,Florida,76.3,71.8,72.7,carlos dunlap,EDGE,DunlCa99,Carlos Dunlap,2010,54,2,CIN,67,67,Good
Carlos Francis,WR,Texas Tech,78,90.6,72.1,carlos francis,WR,FranCa20,Carlos Francis,2004,99,4,OAK,0,0,Good
Carlos Henderson,WR,Louisiana Tech,81,79.5,85.8,carlos henderson,WR,HendCa01,Carlos Henderson,2017,82,3,DEN,NA,NA,Good
Carlos Hyde,RB,Ohio State,81.6,68.5,83.2,carlos hyde,RB,HydeCa00,Carlos Hyde,2014,57,2,SFO,32,32,Good
Carlos Rogers,CB,Auburn,86.2,79.7,94.4,carlos rogers,CB,RogeCa20,Carlos Rogers,2005,9,1,WAS,47,47,Good
Carlton Davis III,CB,Auburn,73.5,59.2,75.7,carlton davis,CB,DaviCa02,Carlton Davis,2018,63,2,TAM,34,34,Good
Carlton Mitchell,WR,University of South Florida,69.5,78.1,58.9,carlton mitchell,WR,MitcCa00,Carlton Mitchell,2010,177,6,CLE,0,0,Average
Carlton Powell,DT,Virginia Tech,57.6,51,56.7,carlton powell,DL,PoweCa98,Carlton Powell,2008,148,5,DEN,0,0,Below Avg
Carson Palmer,QB,USC,86.7,79.4,84.4,carson palmer,QB,PalmCa00,Carson Palmer,2003,1,1,CIN,107,107,Good
Carson Wentz,QB,North Dakota State,88.4,84.9,91.7,carson wentz,QB,WentCa00,Carson Wentz,2016,2,1,PHI,63,63,Good
Carter Coughlin,MLB,Minnesota,68,84.4,60,carter coughlin,LB,CougCa00,Carter Coughlin,2020,218,7,NYG,5,5,Average
Casey Hayward,CB,Vanderbilt,80.9,65.4,93.1,casey hayward,CB,HaywCa00,Casey Hayward,2012,62,2,GNB,50,50,Good
Casey Matthews,ILB,Oregon,71.7,71.5,68.1,casey matthews,LB,MattCa00,Casey Matthews,2011,116,4,PHI,10,10,Good
Casey Toohill,DE,Stanford,69.8,95.7,57.6,casey toohill,EDGE,ToohCa00,Casey Toohill,2020,233,7,PHI,11,11,Average
Cassius Marsh,DE,UCLA,66.1,55.4,69.2,cassius marsh,EDGE,MarsCa00,Cassius Marsh,2014,108,4,SEA,13,13,Average
Cato June,LB,Michigan,61.6,64,58,cato june,LB,JuneCa99,Cato June,2003,198,6,IND,38,38,Average
Cecil Shorts,WR,Mount Union College,59.8,66.1,53.1,cecil shorts,WR,ShorCe00,Cecil Shorts,2011,114,4,JAX,19,19,Below Avg
Cedric Benson,RB,Texas,82.3,66.2,89.3,cedric benson,RB,BensCe00,Cedric Benson,2005,4,1,CHI,36,36,Good
Cedric Cobbs,RB,Arkansas,65.9,61.8,64.1,cedric cobbs,RB,CobbCe00,Cedric Cobbs,2004,128,4,NWE,0,0,Average
Cedric Houston,RB,Tennessee,65.6,67.3,60.8,cedric houston,RB,HousCe00,Cedric Houston,2005,182,6,NYJ,5,5,Average
Cedric Ogbuehi,T,Texas A&M,77.1,64.9,79.4,cedric ogbuehi,OT,OgbuCe00,Cedric Ogbuehi,2015,21,1,CIN,17,17,Good
Cedric Peerman,RB,Virginia,71,84.8,57.2,cedric peerman,RB,PeerCe00,Cedric Peerman,2009,185,6,BAL,4,4,Good
Cedrick Wilson Jr.,WR,Boise State,73.9,73.1,79.5,cedrick wilson,WR,WilsCe01,Cedrick Wilson Jr.,2018,208,6,DAL,11,11,Good
CeeDee Lamb,WR,Oklahoma,88.3,79.3,87.1,ceedee lamb,WR,LambCe00,CeeDee Lamb,2020,17,1,DAL,65,65,Good
Cesar Ruiz,G,Michigan,84.3,80.7,81.2,cesar ruiz,IOL,RuizCe00,Cesar Ruiz,2020,24,1,NOR,29,29,Good
Chad Hansen,WR,California,77.6,72.6,79.5,chad hansen,WR,HansCh00,Chad Hansen,2017,141,4,NYJ,3,3,Good
Chad Henne,QB,Michigan,69.4,64.8,60.1,chad henne,QB,HennCh01,Chad Henne,2008,57,2,MIA,26,26,Average
Chad Jackson,WR,Florida,85.1,96.6,77,chad jackson,WR,JackCh00,Chad Jackson,2006,36,2,NWE,2,2,Good
Chad Lavalais,DT,LSU,64,60.6,59.7,chad lavalais,DL,LavaCh20,Chad Lavalais,2004,142,5,ATL,9,9,Average
Chad Muma,LB,Wyoming,83.5,87,79.8,chad muma,LB,MumaCh00,Chad Muma,2022,70,3,JAX,6,6,Good
Chad Owens,WR,Hawaii,71.2,66,80.5,chad owens,WR,OwenCh00,Chad Owens,2005,185,6,JAX,0,0,Good
Chad Thomas,DE,Miami,65.2,66.6,60.5,chad thomas,EDGE,ThomCh06,Chad Thomas,2018,67,3,CLE,5,5,Average
Chance Campbell,LB,Mississippi,72.9,89.4,65.3,chance campbell,LB,CampCh02,Chance Campbell,2022,219,6,TEN,0,0,Good
Chance Warmack,G,Alabama,78.3,58.4,90.3,chance warmack,IOL,WarmCh00,Chance Warmack,2013,10,1,TEN,22,22,Good
Chandler Harnish,QB,Northern Illinois,61.7,75.3,69.3,chandler harnish,QB,HarnCh00,Chandler Harnish,2012,253,7,IND,NA,NA,Average
Chandler Jones,DE,Syracuse,80.8,70.7,76.2,chandler jones,EDGE,JoneCh03,Chandler Jones,2012,21,1,NWE,77,77,Good
Channing Crowder,ILB,Florida,67.7,60.9,68.4,channing crowder,LB,CrowCh20,Channing Crowder,2005,70,3,MIA,31,31,Average
Channing Tindall,LB,Georgia,81.1,91.8,71.4,channing tindall,LB,TindCh00,Channing Tindall,2022,102,3,MIA,3,3,Good
Chansi Stuckey,WR,Clemson,55.7,62.4,58.6,chansi stuckey,WR,StucCh20,Chansi Stuckey,2007,235,7,NYJ,10,10,Below Avg
Chapelle Russell,ILB,Temple,60.8,67.5,57.9,chapelle russell,LB,RussCh00,Chapelle Russell,2020,241,7,TAM,2,2,Average
Charles Bennett,DE,Clemson,59.5,67.1,55.5,charles bennett,EDGE,BennCh20,Charles Bennett,1985,190,7,CHI,1,1,Below Avg
Charles Brown,T,USC,75.9,70.6,74.8,charles brown,OT,BrowCh28,Charles Brown,2010,64,2,NOR,15,15,Good
Charles Clay,TE,Tulsa,71.4,71.9,71.6,charles clay,TE,ClayCh00,Charles Clay,2011,174,6,MIA,29,29,Good
Charles Gaines,CB,Louisville,69.6,70.8,63.4,charles gaines,CB,GainCh00,Charles Gaines,2015,189,6,CLE,1,1,Average
Charles Harris,DE,Missouri,74.5,56.9,81.4,charles harris,EDGE,HarrCh03,Charles Harris,2017,22,1,MIA,16,16,Good
Charles Johnson,DE,Georgia,72.7,67.6,75.1,charles johnson,EDGE,JohnCh98,Charles Johnson,2007,83,3,CAR,47,47,Good
Charles Leno,T,Boise State,64,67.6,57,charles leno,OT,LenoCh00,Charles Leno Jr.,2014,246,7,CHI,53,53,Average
Charles Mitchell,DB,Mississippi State,66.8,68.5,64.6,charles mitchell,CB,MitcCh01,Charles Mitchell,2012,192,6,ATL,1,1,Average
Charles Omenihu,DE,Texas,67.4,69.9,64.2,charles omenihu,EDGE,OmenCh00,Charles Omenihu,2019,161,5,HOU,12,12,Average
Charles Rogers,WR,Michigan State,92.4,79.8,91.9,charles rogers,WR,RogeCh01,Charles Rogers,2003,2,1,DET,4,4,Elite
Charles Sims,RB,West Virginia,71.8,77.6,65.7,charles sims,RB,SimsCh00,Charles Sims,2014,69,3,TAM,13,13,Good
Charles Spencer,G,Pittsburgh,71.9,73.2,66.8,charles spencer,IOL,SpenCh20,Charles Spencer,2006,65,3,HOU,1,1,Good
Charles Tapper,DE,Oklahoma,69,81.9,63.2,charles tapper,EDGE,TappCh00,Charles Tapper,2016,101,4,DAL,0,0,Average
Charles Tillman,CB,Louisiana-Lafayette,80.2,85.7,76.1,charles tillman,CB,TillCh20,Charles Tillman,2003,35,2,CHI,66,66,Good
Charlie Frye,QB,Akron,74.1,77.1,69.4,charlie frye,QB,FryeCh00,Charlie Frye,2005,67,3,CLE,8,8,Good
Charlie Heck,OT,North Carolina,69,68.7,63,charlie heck,OT,HeckCh00,Charlie Heck,2020,126,4,HOU,15,15,Average
Charlie Kolar,TE,Iowa State,86.9,84.6,97,charlie kolar,TE,KolaCh00,Charlie Kolar,2022,128,4,BAL,4,4,Good
Charlie Whitehurst,QB,Clemson,71.6,74.8,61.6,charlie whitehurst,QB,WhitCh02,Charlie Whitehurst,2006,81,3,SDG,7,7,Good
Charlie Woerner,TE,Georgia,59.5,65.6,53.4,charlie woerner,TE,WoerCh00,Charlie Woerner,2020,190,6,SFO,0,0,Below Avg
Charone Peake,WR,Clemson,70.1,72,61.6,charone peake,WR,PeakCh00,Charone Peake,2016,241,7,NYJ,1,1,Good
Chase Claypool,WR,Notre Dame,80.7,83.2,74.9,chase claypool,WR,ClayCh01,Chase Claypool,2020,49,2,PIT,19,19,Good
Chase Coffman,TE,Missouri,77.3,65.5,88.5,chase coffman,TE,CoffCh00,Chase Coffman,2009,98,3,CIN,0,0,Good
Chase Edmonds,RB,Fordham,72.3,74.2,63.5,chase edmonds,RB,EdmoCh00,Chase Edmonds,2018,134,4,ARI,21,21,Good
Chase Lucas,CB,Arizona State,63,75,54,chase lucas,CB,LucaCh01,Chase Lucas,2022,237,7,DET,2,2,Average
Chase Roullier,C,Wyoming,66.3,66.1,60.5,chase roullier,IOL,RoulCh00,Chase Roullier,2017,199,6,WAS,24,24,Average
Chase Winovich,DE,Michigan,76.1,77.5,77.7,chase winovich,EDGE,WinoCh00,Chase Winovich,2019,77,3,NWE,11,11,Good
Chase Young,DE,Ohio State,92.9,80.1,98.8,chase young,EDGE,YounCh04,Chase Young,2020,2,1,WAS,29,29,Elite
Chasen Hines,G,LSU,65.2,61.4,62,chasen hines,IOL,HineCh00,Chasen Hines,2022,210,6,NWE,NA,NA,Average
Chaun Thompson,LB,West Texas State,81.7,80,77.2,chaun thompson,LB,ThomCh23,Chaun Thompson,2003,52,2,CLE,17,17,Good
Chauncey Davis,DE,Florida State,69.8,71.4,61.7,chauncey davis,EDGE,DaviCh22,Chauncey Davis,2005,128,4,ATL,20,20,Average
Chauncey Washington,RB,USC,66.6,75.3,61.4,chauncey washington,RB,WashCh00,Chauncey Washington,2008,213,7,JAX,0,0,Average
Chaz Green,T,Florida,67.6,72.2,59.1,chaz green,OT,GreeCh02,Chaz Green,2015,91,3,DAL,7,7,Average
Chazz Surratt,LB,North Carolina,75.9,76,74.3,chazz surratt,LB,SurrCh00,Chazz Surratt,2021,78,3,MIN,6,6,Good
Cheta Ozougwu,DE,Rice,58.2,62.4,55.9,cheta ozougwu,EDGE,OzouCh00,Cheta Ozougwu,2011,254,7,HOU,0,0,Below Avg
Chevis Jackson,DB,LSU,75.5,72.6,76.7,chevis jackson,CB,JackCh99,Chevis Jackson,2008,68,3,ATL,4,4,Good
Chidobe Awuzie,CB,Colorado,83.7,81,79.6,chidobe awuzie,CB,AwuzCh00,Chidobe Awuzie,2017,60,2,DAL,28,28,Good
Chilo Rachal,G,USC,72.9,57.5,76.5,chilo rachal,IOL,RachCh20,Chilo Rachal,2008,39,2,SFO,20,20,Good
Chimdi Chekwa,DB,Ohio State,73.3,81.7,69.7,chimdi chekwa,CB,ChekCh00,Chimdi Chekwa,2011,113,4,OAK,2,2,Good
Chip Vaughn,DB,Wake Forest,72.2,80.4,64.8,chip vaughn,CB,VaugCh99,Chip Vaughn,2009,116,4,NOR,0,0,Good
Chris Borland,ILB,Wisconsin,76,64.3,79.9,chris borland,LB,BorlCh00,Chris Borland,2014,77,3,SFO,6,6,Good
Chris Brown,DB,UAB,62,74.4,54.6,chris brown,CB,BrowCh24,Chris Brown,1984,164,6,PIT,3,3,Average
Chris Brown,RB,Colorado,78.4,83.3,80.6,chris brown,RB,BrowCh03,Chris Brown,2003,93,3,TEN,24,24,Good
Chris Canty,DE,Virginia,68.8,66.9,61.7,chris canty,EDGE,CantCh21,Chris Canty,2005,132,4,DAL,46,46,Average
Chris Carson,RB,Oklahoma State,66,74.4,60.5,chris carson,RB,CarsCh00,Chris Carson,2017,249,7,SEA,29,29,Average
Chris Chester,OG,Oklahoma,85.8,94.8,76.5,chris chester,IOL,ChesCh21,Chris Chester,2006,56,2,BAL,59,59,Good
Chris Colmer,T,N.C. State,73.6,77.1,66.8,chris colmer,OT,NA,Chris Colmer,2005,91,3,TAM,NA,NA,Good
Chris Conley,WR,Georgia,78.8,97.1,67.2,chris conley,WR,ConlCh00,Chris Conley,2015,76,3,KAN,23,23,Good
Chris Cook,CB,Virginia,81.5,80.3,81.5,chris cook,CB,CookCh99,Chris Cook,2010,34,2,MIN,10,10,Good
Chris Cooley,TE,Utah State,75.1,66.4,75,chris cooley,TE,CoolCh00,Chris Cooley,2004,81,3,WAS,34,34,Good
Chris Culliver,DB,South Carolina,66.4,81.1,59.5,chris culliver,CB,CullCh00,Chris Culliver,2011,80,3,SFO,12,12,Average
Chris Davis,WR,Florida State,67.6,66.9,62.6,chris davis,WR,DaviCh02,Chris Davis,2007,128,4,TEN,0,0,Average
Chris DeGeare,G,Wake Forest,69.5,76.4,60.5,chris degeare,IOL,DeGeCh20,Chris DeGeare,2010,161,5,MIN,2,2,Average
Chris Ellis,OLB,Virginia Tech,66.9,57.6,66.9,chris ellis,EDGE,ElliCh99,Chris Ellis,2008,72,3,BUF,2,2,Average
Chris Evans,RB,Michigan,71.2,82.1,61.1,chris evans,RB,EvanCh02,Chris Evans,2021,202,6,CIN,2,2,Good
Chris Gamble,CB,Ohio State,76.8,70.2,81.5,chris gamble,CB,GambCh20,Chris Gamble,2004,28,1,CAR,44,44,Good
Chris Givens,WR,Wake Forest,74.3,74.7,76.7,chris givens,WR,GiveCh00,Chris Givens,2012,96,4,STL,12,12,Good
Chris Gocong,OLB,Cal Poly (San Luis Obispo),78,89.6,66.4,chris gocong,EDGE,GocoCh99,Chris Gocong,2006,71,3,PHI,29,29,Good
Chris Godwin Jr.,WR,Penn State,80.2,85.3,76.2,chris godwin,WR,GodwCh00,Chris Godwin,2017,84,3,TAM,53,53,Good
Chris Gragg,TE,Arkansas,73.5,88.7,74.8,chris gragg,TE,GragCh00,Chris Gragg,2013,222,7,BUF,1,1,Good
Chris Hairston,OT,Clemson,68.1,69.6,61.9,chris hairston,OT,HairCh00,Chris Hairston,2011,122,4,BUF,17,17,Average
Chris Harper,WR,Kansas State,67,66.1,60.5,chris harper,WR,HarpCh00,Chris Harper,2013,123,4,SEA,0,0,Average
Chris Henry,RB,Arizona,80,96.8,63.4,chris henry,RB,HenrCh01,Chris Henry,2007,50,2,TEN,1,1,Good
Chris Henry,WR,West Virginia,71.7,58.3,75.9,chris henry,WR,HenrCh00,Chris Henry,2005,83,3,CIN,16,16,Good
Chris Herndon,TE,Miami,70.6,66.2,66.3,chris herndon,TE,HernCh00,Chris Herndon,2018,107,4,NYJ,6,6,Good
Chris Houston,CB,Arkansas,76.3,75.9,76.1,chris houston,CB,HousCh99,Chris Houston,2007,41,2,ATL,32,32,Good
Chris Johnson,RB,East Carolina,91.1,97.7,81.9,chris johnson,RB,JohnCh04,Chris Johnson,2008,24,1,TEN,70,70,Elite
Chris Jones,DT,Bowling Green,67,60.5,65.6,chris jones,DL,JoneCh09,Chris Jones,2016,37,2,KAN,96,96,Average
Chris Kelsay,DE,Nebraska,80.1,82.9,74.3,chris kelsay,EDGE,KelsCh21,Chris Kelsay,2003,48,2,BUF,46,46,Good
Chris Kemoeatu,G,Utah,71.9,84.7,58.3,chris kemoeatu,IOL,KemoCh20,Chris Kemoeatu,2005,204,6,PIT,27,27,Good
Chris Kuper,G,North Dakota,71.2,79.9,60.5,chris kuper,IOL,KupeCh20,Chris Kuper,2006,161,5,DEN,35,35,Good
Chris Lindstrom,G,Boston College,89.9,90.7,79.4,chris lindstrom,IOL,LindCh00,Chris Lindstrom,2019,14,1,ATL,49,49,Good
Chris Long,DE,Virginia,95.1,88.8,93.5,chris long,EDGE,LongCh99,Chris Long,2008,2,1,STL,48,48,Elite
Chris Moore,WR,Cincinnati,75.2,82.6,71,chris moore,WR,MoorCh00,Chris Moore,2016,107,4,BAL,14,14,Good
Chris Myers,C,Miami,69.6,76.1,58.3,chris myers,IOL,MyerCh20,Chris Myers,2005,200,6,DEN,59,59,Average
Chris Neild,NT,West Virginia,61.9,75,51.1,chris neild,DL,NeilCh00,Chris Neild,2011,253,7,WAS,2,2,Average
Chris Olave,WR,Ohio State,83.9,78.6,80.4,chris olave,WR,OlavCh00,Chris Olave,2022,11,1,NOR,27,27,Good
Chris Owens,CB,San Jose State,66,62.1,68.3,chris owens,CB,OwenCh99,Chris Owens,2009,90,3,ATL,11,11,Average
Chris Paul,G,Tulsa,66.2,80,55.1,chris paul,IOL,PaulCh00,Chris Paul,2022,230,7,WAS,10,10,Average
Chris Perry,RB,Michigan,85.6,79.3,86.3,chris perry,RB,PerrCh00,Chris Perry,2004,26,1,CIN,9,9,Good
Chris Rainey,RB,Florida,64.3,65.1,64.4,chris rainey,RB,RainCh00,Chris Rainey,2012,159,5,PIT,1,1,Average
Chris Rucker,CB,Michigan State,62.7,69.2,60.6,chris rucker,CB,RuckCh00,Chris Rucker,2011,188,6,IND,2,2,Average
Chris Rumph II,DE,Duke,72.1,71,72.8,chris rumph,EDGE,RumpCh00,Chris Rumph,2021,118,4,LAC,4,4,Good
Chris Scott,OG,Tennessee,60.6,51,60.5,chris scott,IOL,ScotCh23,Chris Scott,2010,151,5,PIT,9,9,Average
Chris Simms,QB,Texas,67.2,61.6,62.1,chris simms,QB,SimmCh00,Chris Simms,2003,97,3,TAM,8,8,Average
Chris Slayton,DT,Syracuse,63,64.1,62.3,chris slayton,DL,SlayCh00,Chris Slayton,2019,245,7,NYG,NA,NA,Average
Chris Smith,DE,Arkansas,70.4,75.9,67.5,chris smith,EDGE,SmitCh03,Chris Smith,2014,159,5,JAX,8,8,Good
Chris Snee,G,Boston College,81.2,76.4,76.5,chris snee,IOL,SneeCh20,Chris Snee,2004,34,2,NYG,75,75,Good
Chris Spencer,C,Mississippi,81.2,75.4,79.8,chris spencer,IOL,SpenCh21,Chris Spencer,2005,26,1,SEA,38,38,Good
Chris Thompson,DB,Nicholls State,64.8,66,60.4,chris thompson,CB,ThomCh24,Chris Thompson,2004,150,5,JAX,1,1,Average
Chris Thompson,RB,Florida State,66.9,72.8,55,chris thompson,RB,ThomCh03,Chris Thompson,2013,154,5,WAS,20,20,Average
Chris Warren,RB,Texas,70.7,81,55.5,chris warren,RB,WarrCh00,Chris Warren,1990,89,4,SEA,60,60,Good
Chris Watt,C,Notre Dame,71,70,65.6,chris watt,IOL,WattCh00,Chris Watt,2014,89,3,SDG,5,5,Good
Chris White,LB,Mississippi State,74.4,70.7,78.3,chris white,LB,WhitCh03,Chris White,2011,169,6,BUF,3,3,Good
Chris Wilcox,CB,BYU,65.6,80.8,55,chris wilcox,CB,WilcCh00,Chris Wilcox,2021,251,7,TAM,NA,NA,Average
Christian Barmore,DT,Alabama,83.6,74.1,83.1,christian barmore,DL,BarmCh00,Christian Barmore,2021,38,2,NWE,17,17,Good
Christian Covington,NT,Rice,69.8,70.4,67.4,christian covington,DL,CoviCh00,Christian Covington,2015,216,6,HOU,20,20,Average
Christian Hackenberg,QB,Penn State,72,72.4,62,christian hackenberg,QB,HackCh01,Christian Hackenberg,2016,51,2,NYJ,NA,NA,Good
Christian Harris,LB,Alabama,80.3,84.7,76,christian harris,LB,HarrCh06,Christian Harris,2022,75,3,HOU,14,14,Good
Christian Kirk,WR,Texas A&M,79.8,75.4,79.3,christian kirk,WR,KirkCh01,Christian Kirk,2018,47,2,ARI,42,42,Good
Christian McCaffrey,RB,Stanford,85.3,76.4,89.8,christian mccaffrey,RB,McCaCh01,Christian McCaffrey,2017,8,1,CAR,86,86,Good
Christian Ponder,QB,Florida State,77.9,79,73.7,christian ponder,QB,PondCh00,Christian Ponder,2011,12,1,MIN,22,22,Good
Christian Sam,LB,Arizona State,69.3,69.4,67.8,christian sam,LB,SamxCh00,Christian Sam,2018,178,6,NWE,NA,NA,Average
Christian Watson,WR,North Dakota State,82.4,99,69.2,christian watson,WR,WatsCh00,Christian Watson,2022,34,2,GNB,22,22,Good
Christian Westerman,G,Arizona State,71.7,69.6,67.1,christian westerman,IOL,WestCh02,Christian Westerman,2016,161,5,CIN,2,2,Good
Christian Wilkins,DT,Clemson,85.7,73.4,88.3,christian wilkins,DL,WilkCh00,Christian Wilkins,2019,13,1,MIA,35,35,Good
Christine Michael,RB,Texas A&M,79.1,84.2,70.9,christine michael,RB,MichCh00,Christine Michael,2013,62,2,SEA,9,9,Good
Chuba Hubbard,RB,Oklahoma State,77,70.8,79.5,chuba hubbard,RB,HubbCh01,Chuba Hubbard,2021,126,4,CAR,27,27,Good
Chuck Clark,DB,Virginia Tech,68.6,76.3,63.9,chuck clark,CB,ClarCh00,Chuck Clark,2017,186,6,BAL,31,31,Average
Chukwuma Okorafor,OT,Western Michigan,62.8,54.1,67.8,chukwuma okorafor,OT,OkorCh00,Chukwuma Okorafor,2018,92,3,PIT,26,26,Average
Chuma Edoga,OT,USC,71.7,64,69.6,chuma edoga,OT,EdogCh00,Chuma Edoga,2019,92,3,NYJ,12,12,Good
Chykie Brown,DB,Texas,59,70.9,54,chykie brown,CB,BrowCh05,Chykie Brown,2011,164,5,BAL,5,5,Below Avg
Ciatrick Fason,RB,Florida,68,65,67.4,ciatrick fason,RB,FasoCi00,Ciatrick Fason,2005,112,4,MIN,1,1,Average
Cie Grant,LB,Ohio State,69.3,61.5,68.4,cie grant,LB,GranCi20,Cie Grant,2003,86,3,NOR,1,1,Average
C.J. Beathard,QB,Iowa,63.9,69.5,57.7,cj beathard,QB,BeatC.00,C.J. Beathard,2017,104,3,SFO,9,9,Average
C.J. Fiedorowicz,TE,Iowa,74.9,75.3,70.4,cj fiedorowicz,TE,FiedC.00,C.J. Fiedorowicz,2014,65,3,HOU,6,6,Good
C.J. Gardner-Johnson,SAF,Florida,82.9,76.8,82.8,cj gardner-johnson,S,GardCh00,C.J. Gardner-Johnson,2019,105,4,NOR,27,27,Good
C.J. Henderson,CB,Florida,92.8,90.1,83.1,cj henderson,CB,HendCJ00,C.J. Henderson,2020,9,1,JAX,13,13,Elite
C.J. Mosley,DT,Missouri,63.3,63.6,57.5,cj mosley,DL,MoslC.20,C.J. Mosley,2005,191,6,MIN,21,21,Average
C.J. Mosley,ILB,Alabama,80.5,64.9,86.3,cj mosley,LB,MoslC.00,C.J. Mosley,2014,17,1,BAL,81,81,Good
C.J. Prosise,RB,Notre Dame,81.6,84.3,75.7,cj prosise,RB,ProsC.00,C.J. Prosise,2016,90,3,SEA,5,5,Good
C.J. Spiller,RB,Clemson,80.2,75.5,78,cj spiller,RB,SpilC.00,C.J. Spiller,2010,9,1,BUF,34,34,Good
C.J. Wilson,DB,Baylor,64.9,58.3,68.9,cj wilson,CB,WilsC.99,C.J. Wilson,2007,226,7,CAR,1,1,Average
C.J. Wilson,DE,East Carolina,72.5,82.1,73.9,cj wilson,EDGE,WilsC.98,C.J. Wilson,2010,230,7,GNB,13,13,Good
Clarence Moore,WR,Northern Arizona,64.3,65.6,57.2,clarence moore,WR,MoorCl00,Clarence Moore,2004,199,6,BAL,2,2,Average
Claude Harriott,DE,Pittsburgh,66.4,66.5,59.3,claude harriott,EDGE,NA,Claude Harriott,2004,147,5,CHI,NA,NA,Average
Claude Terrell,G,New Mexico,68.2,66.8,63.1,claude terrell,IOL,TerrCl20,Claude Terrell,2005,134,4,STL,6,6,Average
Claude Wroten,DT,LSU,68.2,64,70,claude wroten,DL,WrotCl20,Claude Wroten,2006,68,3,STL,2,2,Average
Clay Harbor,TE,Missouri State,68.5,70.6,63.6,clay harbor,TE,HarbCl00,Clay Harbor,2010,125,4,PHI,7,7,Average
Clayton Geathers,S,UCF,62.8,68.4,58.9,clayton geathers,S,GeatCl00,Clayton Geathers,2015,109,4,IND,13,13,Average
Clayton Thorson,QB,Northwestern,69.2,76.1,64,clayton thorson,QB,ThorCl00,Clayton Thorson,2019,167,5,PHI,NA,NA,Average
Clelin Ferrell,DE,Clemson,82.7,68.6,89.9,clelin ferrell,EDGE,FerrCl00,Clelin Ferrell,2019,4,1,OAK,24,24,Good
Cliff Matthews,DE,South Carolina,63.2,59.5,62.1,cliff matthews,EDGE,MattCl01,Cliff Matthews,2011,230,7,ATL,3,3,Average
Clifton Geathers,DE,South Carolina,62.2,67.4,58.9,clifton geathers,EDGE,GeatCl99,Clifton Geathers,2010,186,6,CLE,3,3,Average
Clifton Ryan,DT,Michigan State,65.6,66.6,64.7,clifton ryan,DL,RyanCl99,Clifton Ryan,2007,154,5,STL,13,13,Average
Clint Boling,G,Georgia,71.3,76,63.1,clint boling,IOL,BoliCl00,Clint Boling,2011,101,4,CIN,46,46,Good
Clive Walford,TE,Miami,76.3,58.4,87.3,clive walford,TE,WalfCl00,Clive Walford,2015,68,3,OAK,7,7,Good
Clyde Edwards-Helaire,RB,LSU,79.3,68.4,80.7,clyde edwards-helaire,RB,EdwaCl00,Clyde Edwards-Helaire,2020,32,1,KAN,18,18,Good
Clyde Gates,WR,Abilene Christian,69.6,72.2,61.7,clyde gates,WR,GateCl00,Clyde Gates,2011,111,4,MIA,3,3,Average
Cobi Hamilton,WR,Arkansas,64.3,51,70.4,cobi hamilton,WR,HamiCo00,Cobi Hamilton,2013,197,6,CIN,2,2,Average
Cobie Durant,CB,South Carolina State,65.2,74,55.7,cobie durant,CB,DuraDe01,Cobie Durant,2022,142,4,LAR,16,16,Average
Coby Fleener,TE,Stanford,92.1,86.1,89.9,coby fleener,TE,FleeCo00,Coby Fleener,2012,34,2,IND,25,25,Elite
Cody Barton,LB,Utah,78.6,81.6,76,cody barton,LB,BartCo00,Cody Barton,2019,88,3,SEA,28,28,Good
Cody Core,WR,Mississippi,63.2,72.8,59.2,cody core,WR,CoreCo00,Cody Core,2016,199,6,CIN,3,3,Average
Cody Glenn,LB,Nebraska,65.8,67.8,60.3,cody glenn,LB,GlenCo99,Cody Glenn,2009,158,5,WAS,2,2,Average
Cody Kessler,QB,USC,72.6,66,74.5,cody kessler,QB,KessCo00,Cody Kessler,2016,93,3,CLE,5,5,Good
Cody Latimer,WR,Indiana,75.3,78.1,72.1,cody latimer,WR,LatiCo00,Cody Latimer,2014,56,2,DEN,6,6,Good
Cody Pickett,QB,Washington,61.9,68.6,57.8,cody pickett,QB,PickCo00,Cody Pickett,2004,217,7,SFO,1,1,Average
Cody Spencer,LB,North Texas,68.7,77.5,58,cody spencer,LB,SpenCo20,Cody Spencer,2004,182,6,OAK,4,4,Average
Cody Wallace,C,Texas A&M,73.8,82,63.1,cody wallace,IOL,WallCo20,Cody Wallace,2008,107,4,SFO,13,13,Good
Cody Whitehair,G,Kansas State,85.4,75.5,80.9,cody whitehair,IOL,WhitCo03,Cody Whitehair,2016,56,2,CHI,43,43,Good
Colby Bockwoldt,LB,BYU,68.6,78.2,56.1,colby bockwoldt,LB,BockCo20,Colby Bockwoldt,2004,240,7,NOR,12,12,Average
Colby Gossett,G,Appalachian State,66.3,69.8,60.5,colby gossett,IOL,GossCo00,Colby Gossett,2018,213,6,MIN,4,4,Average
Colby Parkinson,TE,Stanford,74.7,61.8,84.4,colby parkinson,TE,ParkCo02,Colby Parkinson,2020,133,4,SEA,11,11,Good
Cole Kmet,TE,Notre Dame,81.5,77.7,81.4,cole kmet,TE,KmetCo00,Cole Kmet,2020,43,2,CHI,25,25,Good
Cole Madison,G,Washington State,63.9,61.7,60.5,cole madison,IOL,MadiCo01,Cole Madison,2018,138,5,GNB,NA,NA,Average
Cole Strange,G,Tennessee-Chattanooga,85.6,95.4,75.8,cole strange,IOL,StraCo01,Cole Strange,2022,29,1,NWE,15,15,Good
Cole Toner,OT,Harvard,61,66.4,54.4,cole toner,OT,ToneCo00,Cole Toner,2016,170,5,ARI,2,2,Average
Cole Turner,TE,Nevada,71.9,64.5,79.5,cole turner,TE,TurnCo00,Cole Turner,2022,149,5,WAS,1,1,Good
Cole Van Lanen,G,Wisconsin,69.1,77.6,57.4,cole van lanen,IOL,VanxCo00,Cole Van Lanen,2021,214,6,GNB,9,9,Average
Colin Kaepernick,QB,Nevada,81.3,81.3,78.8,colin kaepernick,QB,KaepCo00,Colin Kaepernick,2011,36,2,SFO,45,45,Good
Colin McCarthy,MLB,Miami,74.4,75.5,69.6,colin mccarthy,LB,McCaCo00,Colin McCarthy,2011,109,4,TEN,11,11,Good
Collin Johnson,WR,Texas,66,63,63.4,collin johnson,WR,JohnCo01,Collin Johnson,2020,165,5,JAX,3,3,Average
Colt Brennan,QB,Hawaii,70.5,69,75.2,colt brennan,QB,BrenCo00,Colt Brennan,2008,186,6,WAS,NA,NA,Good
Colt McCoy,QB,Texas,79,74.5,84.2,colt mccoy,QB,McCoCo00,Colt McCoy,2010,85,3,CLE,17,17,Good
Colton McKivitz,OT,West Virginia,64,55.3,60.9,colton mckivitz,OT,McKiCo00,Colton McKivitz,2020,153,5,SFO,24,24,Average
Connor Barwin,OLB,Cincinnati,78.8,90.3,65.5,connor barwin,EDGE,BarwCo99,Connor Barwin,2009,46,2,HOU,51,51,Good
Connor Cook,QB,Michigan State,69.7,68.8,68.6,connor cook,QB,CookCo00,Connor Cook,2016,100,4,OAK,0,0,Average
Connor Heyward,TE,Michigan State,64.2,58,64.5,connor heyward,TE,HeywCo00,Connor Heyward,2022,208,6,PIT,3,3,Average
Connor McGovern,C,Penn State,77.1,75.6,71.1,connor mcgovern,IOL,McGoCo01,Connor McGovern,2019,90,3,DAL,37,37,Good
Conor McDermott,OT,UCLA,64,76.1,52.5,conor mcdermott,OT,McDeCo00,Conor McDermott,2017,211,6,NWE,7,7,Average
Cooper Kupp,WR,Eastern Washington,74,62.3,76.7,cooper kupp,WR,KuppCo00,Cooper Kupp,2017,69,3,LAR,63,63,Good
Cordale Flott,CB,LSU,65.5,67.6,61.5,cordale flott,CB,FlotCo00,Cordale Flott,2022,81,3,NYG,12,12,Average
Cordrea Tankersley,CB,Clemson,77.9,68.7,80.4,cordrea tankersley,CB,TankCo00,Cordrea Tankersley,2017,97,3,MIA,4,4,Good
Corey Ballentine,DB,Washburn,72.7,79.5,63.9,corey ballentine,CB,BallCo00,Corey Ballentine,2019,180,6,NYG,5,5,Good
Corey Clark,T,Texas A&M,58.9,59.3,55.6,corey clark,OT,ClarCo21,Corey Clark,2008,234,7,SDG,0,0,Below Avg
Corey Coleman,WR,Baylor,88.8,85.8,91.3,corey coleman,WR,ColeCo00,Corey Coleman,2016,15,1,CLE,6,6,Good
Corey Davis,WR,Western Michigan,91.7,76.1,92.6,corey davis,WR,DaviCo03,Corey Davis,2017,5,1,TEN,31,31,Elite
Corey Fuller,WR,Virginia Tech,66.5,74.5,57.6,corey fuller,WR,FullCo00,Corey Fuller,2013,171,6,DET,3,3,Average
Corey Hilliard,T,Oklahoma State,65.7,66,57.4,corey hilliard,OT,HillCo21,Corey Hilliard,2007,209,6,NWE,9,9,Average
Corey Lemonier,OLB,Auburn,71.2,76.1,63,corey lemonier,EDGE,LemoCo00,Corey Lemonier,2013,88,3,SFO,4,4,Good
Corey Levin,G,Tennessee-Chattanooga,64.1,76.2,55.1,corey levin,IOL,LeviCo00,Corey Levin,2017,217,6,TEN,7,7,Average
Corey Linsley,C,Ohio State,58.9,64.8,56.2,corey linsley,IOL,LinsCo00,Corey Linsley,2014,161,5,GNB,64,64,Below Avg
Corey Liuget,DT,Illinois,81.5,68,85.9,corey liuget,DL,LiugCo00,Corey Liuget,2011,18,1,SDG,42,42,Good
Corey Peters,DT,Kentucky,74.7,68.8,73.7,corey peters,DL,PeteCo00,Corey Peters,2010,83,3,ATL,49,49,Good
Corey Webster,CB,LSU,75.4,70.4,76.1,corey webster,CB,WebsCo20,Corey Webster,2005,43,2,NYG,33,33,Good
Corey White,DB,Samford,66.3,69.2,60.4,corey white,CB,WhitCo01,Corey White,2012,162,5,NOR,12,12,Average
Corey Williams,DT,Arkansas State,61.5,61.5,57.5,corey williams,DL,WillCo21,Corey Williams,2004,179,6,GNB,33,33,Average
Corey Wootton,DE,Northwestern,66.3,63,59.1,corey wootton,EDGE,WootCo99,Corey Wootton,2010,109,4,CHI,14,14,Average
Corn Elder,CB,Miami,72.1,73.2,67.5,corn elder,CB,EldeCo00,Corn Elder,2017,152,5,CAR,2,2,Good
Cornelius Wortham,LB,Alabama,59.6,58.8,56.1,cornelius wortham,LB,WortCo20,Cornelius Wortham,2005,235,7,SEA,1,1,Below Avg
Cornell Powell,WR,Clemson,71.1,66.6,66.4,cornell powell,WR,PoweCo00,Cornell Powell,2021,181,5,KAN,0,0,Good
Cortez Allen,DB,The Citadel,69.5,71.7,62.9,cortez allen,CB,AlleCo00,Cortez Allen,2011,128,4,PIT,10,10,Average
Corvey Irvin,DT,Georgia,62.3,55.4,64.2,corvey irvin,DL,IrviCo99,Corvey Irvin,2009,93,3,CAR,1,1,Average
Cory Boyd,RB,South Carolina,68.6,73.2,61.2,cory boyd,RB,BoydCo01,Cory Boyd,2008,238,7,TAM,0,0,Average
Cory Redding,DE,Texas,69.9,65.5,67.2,cory redding,EDGE,ReddCo20,Cory Redding,2003,66,3,DET,54,54,Average
Coty Sensabaugh,CB,Clemson,67.7,77.7,55.5,coty sensabaugh,CB,SensCo00,Coty Sensabaugh,2012,115,4,TEN,19,19,Average
Courtland Sutton,WR,SMU,82.8,81.5,77.9,courtland sutton,WR,SuttCo00,Courtland Sutton,2018,40,2,DEN,45,45,Good
Courtney Anderson,TE,San Jose State,52.7,52.5,56.2,courtney anderson,TE,AndeCo00,Courtney Anderson,2004,245,7,OAK,6,6,Below Avg
Courtney Roby,WR,Indiana,78.6,88.8,70.9,courtney roby,WR,RobyCo00,Courtney Roby,2005,68,3,TEN,4,4,Good
Courtney Taylor,WR,Auburn,64.9,70.8,55.9,courtney taylor,WR,TaylCo00,Courtney Taylor,2007,197,6,SEA,1,1,Average
Courtney Watson,MLB,Notre Dame,79.1,75.9,77.2,courtney watson,LB,WatsCo20,Courtney Watson,2004,60,2,NOR,7,7,Good
Coye Francies,DB,San Jose State,62.6,53.5,67.8,coye francies,CB,FranCo99,Coye Francies,2009,191,6,CLE,1,1,Average
Craig Davis,WR,LSU,74.1,70.2,65.3,craig davis,WR,DaviCr00,Craig Davis,2007,30,1,SDG,7,7,Good
Craig Krenzel,QB,Ohio State,64.7,69.4,56.5,craig krenzel,QB,KrenCr00,Craig Krenzel,2004,148,5,CHI,1,1,Average
Craig Mager,CB,Texas State-San Marcos,75,81.4,67.3,craig mager,CB,MageCr00,Craig Mager,2015,83,3,SDG,4,4,Good
Craig Stevens,TE,California,75.2,76.5,68.8,craig stevens,TE,StevCr00,Craig Stevens,2008,85,3,TEN,5,5,Good
Craig Terrill,DT,Purdue,61,56,57.5,craig terrill,DL,TerrCr20,Craig Terrill,2004,189,6,SEA,9,9,Average
Craphonso Thorpe,WR,Florida State,67.3,68,60.9,craphonso thorpe,WR,ThorCr00,Craphonso Thorpe,2005,116,4,KAN,1,1,Average
Creed Humphrey,C,Oklahoma,90.5,87.3,80.9,creed humphrey,IOL,HumpCr00,Creed Humphrey,2021,63,2,KAN,51,51,Elite
Crezdon Butler,CB,Clemson,66.3,67.1,63.1,crezdon butler,CB,ButlCr99,Crezdon Butler,2010,164,5,PIT,2,2,Average
Crockett Gillmore,TE,Colorado State,64.6,59.7,66.7,crockett gillmore,TE,GillCr00,Crockett Gillmore,2014,99,3,BAL,4,4,Average
Curry Burns,DB,Louisville,70.7,80.3,55.8,curry burns,CB,BurnCu20,Curry Burns,2003,217,7,HOU,1,1,Good
Curtis Brown,DB,Texas,69.1,73.6,61.1,curtis brown,CB,BrowCu01,Curtis Brown,2011,95,3,PIT,2,2,Average
Curtis Lofton,MLB,Oklahoma,72,51,78.3,curtis lofton,LB,LoftCu99,Curtis Lofton,2008,37,2,ATL,49,49,Good
Curtis Marsh,DB,Utah State,70.9,70.9,67.9,curtis marsh,CB,MarsCu01,Curtis Marsh,2011,90,3,PHI,1,1,Good
Curtis Painter,QB,Purdue,67.9,67.3,62.8,curtis painter,QB,PainCu00,Curtis Painter,2009,201,6,IND,2,2,Average
Curtis Samuel,WR,Ohio State,81,85.4,76.4,curtis samuel,WR,SamuCu00,Curtis Samuel,2017,40,2,CAR,30,30,Good
Curtis Taylor,DB,LSU,58.3,60.9,53.1,curtis taylor,CB,TaylCu99,Curtis Taylor,2009,219,7,SFO,0,0,Below Avg
Curtis Weaver,DE,Boise State,75.8,77.8,77.7,curtis weaver,EDGE,WeavCu00,Curtis Weaver,2020,164,5,MIA,0,0,Good
Cyril Richardson,OG,Baylor,67.8,71.3,61.6,cyril richardson,IOL,RichCy00,Cyril Richardson,2014,153,5,BUF,2,2,Average
Cyrus Gray,RB,Texas A&M,68.7,67.1,70.8,cyrus gray,RB,GrayCy00,Cyrus Gray,2012,182,6,KAN,1,1,Average
Cyrus Jones,CB,Alabama,68.9,66.9,70.5,cyrus jones,CB,JoneCy00,Cyrus Jones,2016,60,2,NWE,4,4,Average
Cyrus Kouandjio,T,Alabama,71.3,56.5,73.5,cyrus kouandjio,OT,KouaCy00,Cyrus Kouandjio,2014,44,2,BUF,6,6,Good
D'Andre Swift,RB,Georgia,80.6,75.5,77.9,d'andre swift,RB,SwifDA00,D'Andre Swift,2020,35,2,DET,44,44,Good
D'Andre Walker,LB,Georgia,68.9,66.3,67.4,d'andre walker,LB,WalkDA02,D'Andre Walker,2019,168,5,TEN,0,0,Average
D'Ante Smith,T,East Carolina,69,70,62.3,d'ante smith,OT,SmitDA03,D'Ante Smith,2021,139,4,CIN,1,1,Average
D'Anthony Smith,DT,Louisiana Tech,68.7,70.2,68,d'anthony smith,DL,SmitDA99,D'Anthony Smith,2010,74,3,JAX,1,1,Average
D'Aundre Reed,DE,Arizona,59.9,64.2,51.3,d'aundre reed,EDGE,ReedD'00,D'Aundre Reed,2011,215,7,MIN,0,0,Below Avg
D'Brickashaw Ferguson,T,Virginia,90.1,76.9,96.9,d'brickashaw ferguson,OT,FergDB20,D'Brickashaw Ferguson,2006,4,1,NYJ,58,58,Elite
D'Joun Smith,CB,Florida Atlantic,71.1,70,65.7,d'joun smith,CB,SmitDJ00,D'Joun Smith,2015,65,3,IND,0,0,Good
D'Marco Jackson,LB,Appalachian State,71.2,77.8,66.1,d'marco jackson,LB,JackDM00,D'Marco Jackson,2022,161,5,NOR,6,6,Good
D'Onta Foreman,RB,Texas,80.5,78.2,81.5,d'onta foreman,RB,ForeDO00,D'Onta Foreman,2017,89,3,HOU,17,17,Good
D'Qwell Jackson,ILB,Maryland,74.2,61.6,77.2,d'qwell jackson,LB,JackDQ20,D'Qwell Jackson,2006,34,2,CLE,61,61,Good
Da'Quan Bowers,DE,Clemson,77.1,64,87.5,da'quan bowers,EDGE,BoweDa00,Da'Quan Bowers,2011,51,2,TAM,7,7,Good
Da'Rel Scott,RB,Maryland,66.8,77.6,56,da'rel scott,RB,ScotDa01,Da'Rel Scott,2011,221,7,NYG,1,1,Average
Da'Ron Brown,WR,Northern Illinois,65.1,68.9,65.3,da'ron brown,WR,BrowDa03,Da'Ron Brown,2015,233,7,KAN,NA,NA,Average
Da'Shawn Hand,DE,Alabama,72.4,78.2,66.5,da'shawn hand,EDGE,HandDa00,Da'Shawn Hand,2018,114,4,DET,16,16,Good
Dadi Nicolas,DE,Virginia Tech,56.6,70.2,54.2,dadi nicolas,EDGE,NicoDa00,Dadi Nicolas,2016,203,6,KAN,1,1,Below Avg
DaeSean Hamilton,WR,Penn State,72.7,68.7,68.7,daesean hamilton,WR,HamiDa01,DaeSean Hamilton,2018,113,4,DEN,6,6,Good
Daeshon Hall,DE,Texas A&M,73.6,80.7,69.4,daeshon hall,EDGE,HallDa01,Daeshon Hall,2017,77,3,CAR,1,1,Good
Daimion Stafford,DB,Nebraska,62.4,51,68.9,daimion stafford,CB,StafDa00,Daimion Stafford,2013,248,7,TEN,7,7,Average
DaJuan Morgan,DB,N.C. State,72.3,64.7,73.8,dajuan morgan,CB,MorgDa98,DaJuan Morgan,2008,82,3,KAN,3,3,Good
Dak Prescott,QB,Mississippi State,78.7,73.7,81.2,dak prescott,QB,PresDa01,Dak Prescott,2016,135,4,DAL,104,104,Good
Dakota Allen,LB,Texas Tech,61.7,71.2,58,dakota allen,LB,AlleDa01,Dakota Allen,2019,251,7,LAR,2,2,Average
Dakota Dozier,G,Furman,61.8,51,63.1,dakota dozier,IOL,DoziDa00,Dakota Dozier,2014,137,4,NYJ,13,13,Average
Dallas Baker,WR,Florida,68,69.5,69,dallas baker,WR,BakeDa01,Dallas Baker,2007,227,7,PIT,0,0,Average
Dallas Clark,TE,Iowa,89.5,82.1,93,dallas clark,TE,ClarDa00,Dallas Clark,2003,24,1,IND,51,51,Good
Dallas Goedert,TE,South Dakota State,82.6,81.9,77.9,dallas goedert,TE,GoedDa00,Dallas Goedert,2018,49,2,PHI,38,38,Good
Dalton Keene,TE,Virginia Tech,78.3,80.6,75.5,dalton keene,TE,KeenDa00,Dalton Keene,2020,101,3,NWE,0,0,Good
Dalton Schultz,TE,Stanford,67.5,68.2,55.7,dalton schultz,TE,SchuDa00,Dalton Schultz,2018,137,4,DAL,30,30,Average
Dalvin Cook,RB,Florida State,84.5,66.3,92.8,dalvin cook,RB,CookDa01,Dalvin Cook,2017,41,2,MIN,52,52,Good
Damarion Williams,CB,Houston,65.7,64.8,58.5,damarion williams,CB,WillDa15,Damarion Williams,2022,141,4,BAL,1,1,Average
Damarious Randall,S,Arizona State,88,82.7,91.7,damarious randall,S,RandDa00,Damarious Randall,2015,30,1,GNB,21,21,Good
Damarri Mathis,DB,Pittsburgh,70.8,79.3,60.8,damarri mathis,CB,MathDa00,Damarri Mathis,2022,115,4,DEN,7,7,Good
Dameon Pierce,RB,Florida,73.5,68.4,70.8,dameon pierce,RB,PierDa01,Dameon Pierce,2022,107,4,HOU,12,12,Good
Damian Swann,CB,Georgia,69.6,63.7,71.3,damian swann,CB,SwanDa02,Damian Swann,2015,167,5,NOR,1,1,Average
Damian Williams,WR,USC,73.5,70.4,71,damian williams,WR,WillDa04,Damian Williams,2010,77,3,TEN,10,10,Good
Damien Harris,RB,Alabama,72.8,69,68.2,damien harris,RB,HarrDa06,Damien Harris,2019,87,3,NWE,16,16,Good
Damien Lewis,G,LSU,78.3,80.3,71.4,damien lewis,IOL,LewiDa05,Damien Lewis,2020,69,3,SEA,35,35,Good
Damien Wilson,MLB,Minnesota,69.5,72.1,67.7,damien wilson,LB,WilsDa02,Damien Wilson,2015,127,4,DAL,31,31,Average
Damon Arnette,CB,Ohio State,72.4,63.4,73.8,damon arnette,CB,ArneDa00,Damon Arnette,2020,19,1,LVR,2,2,Good
Damone Clark,LB,LSU,83.4,82.9,82.1,damone clark,LB,ClarDa02,Damone Clark,2022,176,5,DAL,14,14,Good
Damontre Moore,DE,Texas A&M,72.6,59.9,79.5,damontre moore,EDGE,MoorDa01,Damontre Moore,2013,81,3,NYG,5,5,Good
Dan Buenning,G,Wisconsin,71.8,77.8,63.1,dan buenning,IOL,BuenDa20,Dan Buenning,2005,107,4,TAM,10,10,Good
Dan Connor,ILB,Penn State,81.6,74.8,82.5,dan connor,LB,ConnDa99,Dan Connor,2008,74,3,CAR,13,13,Good
Dan Feeney,G,Indiana,76.9,75.7,71.1,dan feeney,IOL,FeenDa00,Dan Feeney,2017,71,3,LAC,35,35,Good
Dan Gronkowski,TE,Maryland,67.3,80,60.8,dan gronkowski,TE,GronDa00,Dan Gronkowski,2009,255,7,DET,1,1,Average
Dan Herron,RB,Ohio State,60.9,57.9,60,dan herron,RB,HerrDa00,Dan Herron,2012,191,6,CIN,5,5,Average
Dan Koppen,C,Boston College,63.5,60.6,60.5,dan koppen,IOL,KoppDa20,Dan Koppen,2003,164,5,NWE,72,72,Average
Dan LeFevour,QB,Central Michigan,76.4,80.9,75.4,dan lefevour,QB,LeFeDa00,Dan LeFevour,2010,181,6,CHI,NA,NA,Good
Dan Orlovsky,QB,Connecticut,64.1,56.6,59.3,dan orlovsky,QB,OrloDa00,Dan Orlovsky,2005,145,5,DET,7,7,Average
Dan Santucci,G,Notre Dame,63.9,73.1,56.5,dan santucci,IOL,SantDa20,Dan Santucci,2007,230,7,CIN,0,0,Average
Dan Stevenson,G,Notre Dame,64.1,63.4,58.3,dan stevenson,IOL,NA,Dan Stevenson,2006,205,6,NWE,NA,NA,Average
Dan Williams,DT,Tennessee,75.8,59.8,81,dan williams,DL,WillDa99,Dan Williams,2010,26,1,ARI,29,29,Good
Dane Jackson,CB,Pittsburgh,64.7,61.3,65.3,dane jackson,CB,JackDa02,Dane Jackson,2020,239,7,BUF,12,12,Average
Daniel Bellinger,TE,San Diego State,70.5,81,54.3,daniel bellinger,TE,BellDa00,Daniel Bellinger,2022,112,4,NYG,9,9,Good
Daniel Jones,QB,Duke,77.4,75.5,77.5,daniel jones,QB,JoneDa05,Daniel Jones,2019,6,1,NYG,52,52,Good
Daniel Kilgore,C,Appalachian State,69.9,75.8,60.5,daniel kilgore,IOL,KilgDa00,Daniel Kilgore,2011,163,5,SFO,26,26,Average
Daniel Lasco,RB,California,67.5,79.8,58,daniel lasco,RB,LascDa00,Daniel Lasco,2016,237,7,NOR,0,0,Average
Daniel Loper,T,Texas Tech,67.8,71.9,60.5,daniel loper,OT,LopeDa20,Daniel Loper,2005,150,5,TEN,7,7,Average
Daniel McCullers,NT,Tennessee,62.1,51,61.4,daniel mccullers,DL,McCuDa00,Daniel McCullers,2014,215,6,PIT,6,6,Average
Daniel Te'o-Nesheim,DE,Washington,79.9,86.1,76.8,daniel te'o-nesheim,EDGE,Teo-Da99,Daniel Te'o-Nesheim,2010,86,3,PHI,12,12,Good
Daniel Thomas,RB,Kansas State,80.6,77.5,79.1,daniel thomas,RB,ThomDa03,Daniel Thomas,2011,62,2,MIA,11,11,Good
Daniel Thomas,SAF,Auburn,75.4,78.1,74.2,daniel thomas,S,ThomDa07,Daniel Thomas,2020,157,5,JAX,5,5,Good
Danielle Hunter,DE,LSU,75,79.2,71.9,danielle hunter,EDGE,HuntDa01,Danielle Hunter,2015,88,3,MIN,83,83,Good
Danny Etling,QB,LSU,60.7,72.3,54,danny etling,QB,EtliDa00,Danny Etling,2018,219,7,NWE,NA,NA,Average
Danny Gray,WR,SMU,74.6,76.5,74,danny gray,WR,GrayDa02,Danny Gray,2022,105,3,SFO,0,0,Good
Danny Isidora,G,Miami,63.7,59.3,59.8,danny isidora,IOL,IsidDa00,Danny Isidora,2017,180,5,MIN,4,4,Average
Danny Pinter,C,Ball State,71.1,79.4,59.1,danny pinter,IOL,PintDa00,Danny Pinter,2020,149,5,IND,7,7,Good
Danny Shelton,NT,Washington,81.8,59.1,92.2,danny shelton,DL,ShelDa01,Danny Shelton,2015,12,1,CLE,33,33,Good
Danny Trevathan,ILB,Kentucky,63.2,51,76.6,danny trevathan,LB,TrevDa00,Danny Trevathan,2012,188,6,DEN,47,47,Average
Danny Watkins,OG,Baylor,76,69.9,73.6,danny watkins,IOL,WatkDa00,Danny Watkins,2011,23,1,PHI,9,9,Good
Dante Fowler Jr.,DE,Florida,86.2,70.7,92.9,dante fowler,EDGE,FowlDa00,Dante Fowler,2015,3,1,JAX,31,31,Good
Dante Hughes,DB,California,61.6,51,67.9,dante hughes,CB,HughDa99,Dante Hughes,2007,95,3,IND,4,4,Average
Dante Pettis,WR,Washington,76.3,70.9,72.3,dante pettis,WR,PettDa00,Dante Pettis,2018,44,2,SFO,11,11,Good
Dante Ridgeway,WR,Ball State,67.9,53,79.7,dante ridgeway,WR,RidgDa00,Dante Ridgeway,2005,192,6,STL,0,0,Average
Dante Rosario,TE,Oregon,69.9,68.4,69.7,dante rosario,TE,RosaDa00,Dante Rosario,2007,155,5,CAR,9,9,Average
DaQuan Jones,DT,Penn State,69,58.7,72.8,daquan jones,DL,JoneDa04,DaQuan Jones,2014,112,4,TEN,60,60,Average
Darcel McBath,DB,Texas Tech,77,67,78,darcel mcbath,CB,McBaDa99,Darcel McBath,2009,48,2,DEN,3,3,Good
Darell Scott,DT,Clemson,66.9,71.6,60.8,darell scott,DL,ScotDo99,Darell Scott,2009,103,4,STL,5,5,Average
Daren Stone,DB,Maine,64.1,66.2,57.6,daren stone,CB,StonDa99,Daren Stone,2007,203,6,ATL,2,2,Average
Darian Kinnard,OT,Kentucky,62.9,56.8,66.1,darian kinnard,OT,KinnDa00,Darian Kinnard,2022,145,5,KAN,3,3,Average
Darius Phillips,CB,Western Michigan,64.8,65,62.2,darius phillips,CB,PhilDa02,Darius Phillips,2018,170,5,CIN,7,7,Average
Darius Philon,DT,Arkansas,70.6,65.8,70.7,darius philon,DL,PhilDa01,Darius Philon,2015,192,6,SDG,14,14,Good
Darius Slay,CB,Mississippi State,78,81.8,74.2,darius slay,CB,SlayDa00,Darius Slay,2013,36,2,DET,66,66,Good
Darius Slayton,WR,Auburn,76,94.6,60.1,darius slayton,WR,SlayDa01,Darius Slayton,2019,171,5,NYG,32,32,Good
Darius Watts,WR,Marshall,80.1,66.8,84.8,darius watts,WR,WattDa00,Darius Watts,2004,54,2,DEN,4,4,Good
Darnay Holmes,CB,UCLA,73,79.4,67.4,darnay holmes,CB,HolmDa01,Darnay Holmes,2020,110,4,NYG,8,8,Good
Darnell Mooney,WR,Tulane,72.3,84.4,58.6,darnell mooney,WR,MoonDa00,Darnell Mooney,2020,173,5,CHI,33,33,Good
Darnell Savage,SAF,Maryland,85.3,84,82.9,darnell savage,S,SavaDa00,Darnell Savage Jr.,2019,21,1,GNB,24,24,Good
Daron Payne,NT,Alabama,83.3,76,83.1,daron payne,DL,PaynDa00,Daron Payne,2018,13,1,WAS,53,53,Good
Darqueze Dennard,CB,Michigan State,79.8,68,84.1,darqueze dennard,CB,DennDa00,Darqueze Dennard,2014,24,1,CIN,13,13,Good
Darrell Henderson,RB,Memphis,78.4,70.4,82.6,darrell henderson,RB,HendDa00,Darrell Henderson,2019,70,3,LAR,15,15,Good
Darrell Shropshire,DT,South Carolina,68.9,85,55.7,darrell shropshire,DL,ShroDa20,Darrell Shropshire,2005,241,7,ATL,2,2,Average
Darrell Taylor,DE,Tennessee,77.3,89.2,66.2,darrell taylor,EDGE,TaylDa00,Darrell Taylor,2020,48,2,SEA,10,10,Good
Darrelle Revis,CB,Pittsburgh,89.1,92,85.8,darrelle revis,CB,ReviDa99,Darrelle Revis,2007,14,1,NYJ,93,93,Good
Darren Hall,CB,San Diego State,72.2,78.2,64.5,darren hall,CB,HallDa03,Darren Hall,2021,108,4,ATL,5,5,Good
Darren McFadden,RB,Arkansas,91.4,91.1,85.1,darren mcfadden,RB,McFaDa00,Darren McFadden,2008,4,1,OAK,39,39,Elite
Darren Sproles,RB,Kansas State,70.8,64.9,77.4,darren sproles,RB,SproDa00,Darren Sproles,2005,130,4,SDG,62,62,Good
Darrent Williams,CB,Oklahoma State,85,92.7,76.1,darrent williams,CB,WillDa21,Darrent Williams,2005,56,2,DEN,11,11,Good
Darrian Beavers,MLB,Cincinnati,70.2,75.3,66.7,darrian beavers,LB,BeavDa00,Darrian Beavers,2022,182,6,NYG,0,0,Good
Darrick Forrest,SAF,Cincinnati,69.6,85.1,60.8,darrick forrest,S,ForrDa00,Darrick Forrest,2021,163,5,WAS,7,7,Average
Darrion Scott,DE,Ohio State,75.9,85.7,66.4,darrion scott,EDGE,ScotDa20,Darrion Scott,2004,88,3,MIN,15,15,Good
Darrius Heyward-Bey,WR,Maryland,79.8,85.6,69.6,darrius heyward-bey,WR,HeywDa00,Darrius Heyward-Bey,2009,7,1,OAK,23,23,Good
Darryl Blackstock,MLB,Virginia,74.5,78.3,68.4,darryl blackstock,LB,BlacDa20,Darryl Blackstock,2005,95,3,ARI,6,6,Good
Darryl Johnson,OLB,North Carolina A&T,64.4,77.4,50,darryl johnson,EDGE,JohnDa10,Darryl Johnson,2019,225,7,BUF,4,4,Average
Darryl Sharpton,ILB,Miami,63.8,55.1,66.7,darryl sharpton,LB,SharDa01,Darryl Sharpton,2010,102,4,HOU,10,10,Average
Darryl Tapp,DE,Virginia Tech,68.3,51,74.3,darryl tapp,EDGE,TappDa20,Darryl Tapp,2006,63,2,SEA,30,30,Average
Darrynton Evans,RB,Appalachian State,77.6,82,67.5,darrynton evans,RB,EvanDa02,Darrynton Evans,2020,93,3,TEN,3,3,Good
Daryl Smith,ILB,Georgia Tech,80.6,78.5,77.2,daryl smith,LB,SmitDa24,Daryl Smith,2004,39,2,JAX,72,72,Good
Daryl Washington,ILB,TCU,75.4,60.8,79.9,daryl washington,LB,WashDa99,Daryl Washington,2010,47,2,ARI,34,34,Good
Daryl Worley,CB,West Virginia,68.1,57.7,71.6,daryl worley,CB,WorlDa00,Daryl Worley,2016,77,3,CAR,22,22,Average
Dashon Goldson,DB,Washington,61.2,51,62.3,dashon goldson,CB,GoldDa99,Dashon Goldson,2007,126,4,SFO,41,41,Average
Davante Adams,WR,Fresno State,88.2,67.5,99,davante adams,WR,AdamDa01,Davante Adams,2014,53,2,GNB,92,92,Good
Dave Ball,DE,UCLA,65.7,62.9,59.3,dave ball,EDGE,BallDa20,Dave Ball,2004,133,5,SDG,15,15,Average
Dave Moore,TE,Pittsburgh,66,67.5,60.5,dave moore,TE,MoorDa00,Dave Moore,1992,191,7,MIA,18,18,Average
Dave Ragone,QB,Louisville,66.3,58.3,65.2,dave ragone,QB,RagoDa00,Dave Ragone,2003,88,3,HOU,1,1,Average
Daven Holly,CB,Cincinnati,65.5,76.7,56.4,daven holly,CB,HollDa22,Daven Holly,2005,215,7,SFO,10,10,Average
David Amerson,CB,N.C. State,78.6,75.5,80.4,david amerson,CB,AmerDa00,David Amerson,2013,51,2,WAS,20,20,Good
David Anderson,WR,Colorado State,65.5,61.3,73.1,david anderson,WR,AndeDa01,David Anderson,2006,251,7,HOU,7,7,Average
David Arkin,OG,Missouri State,62.3,72.3,54.4,david arkin,IOL,ArkiDa00,David Arkin,2011,110,4,DAL,0,0,Average
David Baas,C,Michigan,83.7,89.9,76.5,david baas,IOL,BaasDa20,David Baas,2005,33,2,SFO,36,36,Good
David Bakhtiari,T,Colorado,68.7,71.8,61.9,david bakhtiari,OT,BakhDa00,David Bakhtiari,2013,109,4,GNB,84,84,Average
David Bass,OLB,Missouri Western,58.2,63.5,55.5,david bass,EDGE,BassDa00,David Bass,2013,233,7,OAK,9,9,Below Avg
David Bell,WR,Purdue,75.5,51,87.5,david bell,WR,BellDa02,David Bell,2022,99,3,CLE,3,3,Good
David Clowney,WR,Virginia Tech,66.2,74.3,52.7,david clowney,WR,ClowDa00,David Clowney,2007,157,5,GNB,3,3,Average
David Cobb,RB,Minnesota,62,51,67.1,david cobb,RB,CobbDa00,David Cobb,2015,138,5,TEN,1,1,Average
David DeCastro,G,Stanford,86.4,80.1,81.9,david decastro,IOL,DeCaDa00,David DeCastro,2012,24,1,PIT,69,69,Good
David Diehl,G,Illinois,61.8,61.3,59.5,david diehl,IOL,DiehDa21,David Diehl,2003,160,5,NYG,67,67,Average
David Fales,QB,San Jose State,61.1,51,65.1,david fales,QB,FaleDa00,David Fales,2014,183,6,CHI,1,1,Average
David Gettis,WR,Baylor,62.6,71.7,52.2,david gettis,WR,GettDa00,David Gettis,2010,198,6,CAR,3,3,Average
David Greene,QB,Georgia,71.3,77.3,61.3,david greene,QB,NA,David Greene,2005,85,3,SEA,NA,NA,Good
David Irons,CB,Auburn,58.9,51,65.3,david irons,CB,IronDa99,David Irons,2007,194,6,ATL,1,1,Below Avg
David Johnson,RB,Northern Iowa,79.8,86.4,70,david johnson,RB,JohnDa08,David Johnson,2015,86,3,ARI,42,42,Good
David Johnson,TE,Arkansas State,63.5,66.3,56.8,david johnson,TE,JohnDa05,David Johnson,2009,241,7,PIT,3,3,Average
David Long,DB,Michigan,75,68,77.2,david long,CB,LongDa02,David Long,2019,79,3,LAR,7,7,Good
David Long Jr.,ILB,West Virginia,74.6,80.6,66.5,david long,LB,LongDa04,David Long,2019,188,6,TEN,23,23,Good
David Molk,C,Michigan,61.6,68.4,56.5,david molk,IOL,MolkDa00,David Molk,2012,226,7,SDG,3,3,Average
David Montgomery,RB,Iowa State,72.2,66.4,69.8,david montgomery,RB,MontDa01,David Montgomery,2019,73,3,CHI,49,49,Good
David Morgan,TE,Texas-San Antonio,69.3,69.6,66.3,david morgan,TE,MorgDa01,David Morgan,2016,188,6,MIN,1,1,Average
David Njoku,TE,Miami,90.4,80.3,94.6,david njoku,TE,NjokDa00,David Njoku,2017,29,1,CLE,27,27,Elite
David Ojabo,LB,Michigan,80.5,75.7,82.7,david ojabo,LB,OjabDa00,David Ojabo,2022,45,2,BAL,3,3,Good
David Parry,DT,Stanford,67.3,66.1,66.3,david parry,DL,ParrDa00,David Parry,2015,151,5,IND,13,13,Average
David Paulson,TE,Oregon,64.4,54.6,77.5,david paulson,TE,PaulDa01,David Paulson,2012,240,7,PIT,1,1,Average
David Pittman,DB,Northwestern State (LA),69.8,67.7,67.9,david pittman,CB,PittDa99,David Pittman,2006,87,3,BAL,1,1,Average
David Pollack,LB,Georgia,85,92,79.5,david pollack,LB,PollDa20,David Pollack,2005,17,1,CIN,3,3,Good
David Reed,WR,Utah,65.3,62.9,65,david reed,WR,ReedDa00,David Reed,2010,156,5,BAL,2,2,Average
David Sharpe,OT,Florida,60.1,53.6,61.9,david sharpe,OT,SharDa02,David Sharpe,2017,129,4,OAK,4,4,Average
David Stewart,T,Mississippi State,70,71.7,61.9,david stewart,OT,StewDa21,David Stewart,2005,113,4,TEN,48,48,Good
David Thomas,TE,Texas,75.1,78,67.5,david thomas,TE,ThomDa02,David Thomas,2006,86,3,NWE,9,9,Good
David Vobora,LB,Idaho,70.1,69.6,65.9,david vobora,LB,VoboDa99,David Vobora,2008,252,7,STL,8,8,Good
David Wilson,RB,Virginia Tech,78.7,78,73.4,david wilson,RB,WilsDa01,David Wilson,2012,32,1,NYG,5,5,Good
David Yankey,OG,Stanford,65.1,65.8,61.6,david yankey,IOL,YankDa00,David Yankey,2014,145,5,MIN,0,0,Average
Davin Joseph,G,Oklahoma,81.2,73.5,81.9,davin joseph,IOL,JoseDa20,Davin Joseph,2006,23,1,TAM,42,42,Good
Davis Mills,QB,Stanford,73,69.3,70.3,davis mills,QB,MillDa02,Davis Mills,2021,67,3,HOU,17,17,Good
Davis Tull,OLB,Tennessee-Chattanooga,71.9,82,58.6,davis tull,EDGE,TullDa00,Davis Tull,2015,148,5,NOR,NA,NA,Good
Davis Webb,QB,California,74.2,82.4,69,davis webb,QB,WebbDa00,Davis Webb,2017,87,3,NYG,1,1,Good
Daviyon Nixon,DT,Iowa,79,80,77.7,daviyon nixon,DL,NixoDa00,Daviyon Nixon,2021,158,5,CAR,1,1,Good
Davon Drew,TE,East Carolina,65.2,54.3,74.6,davon drew,TE,DrewDa00,Davon Drew,2009,149,5,BAL,NA,NA,Average
Davon Godchaux,DT,LSU,69.4,53.4,76.7,davon godchaux,DL,GodcDa00,Davon Godchaux,2017,178,5,MIA,49,49,Average
DaVon Hamilton,DT,Ohio State,69.7,72.1,67.7,davon hamilton,DL,HamiDa02,DaVon Hamilton,2020,73,3,JAX,25,25,Average
Davon House,CB,New Mexico State,62.9,69.3,64.6,davon house,CB,HousDa00,Davon House,2011,131,4,GNB,17,17,Average
Davontae Harris,CB,Illinois State,65.6,65.6,65,davontae harris,CB,HarrDa05,Davontae Harris,2018,151,5,CIN,5,5,Average
Dawson Deaton,G,Texas Tech,67.3,86.6,54.4,dawson deaton,IOL,DeatDa00,Dawson Deaton,2022,246,7,CLE,NA,NA,Average
Dawson Knox,TE,Mississippi,70.8,72.2,56.5,dawson knox,TE,KnoxDa00,Dawson Knox,2019,96,3,BUF,25,25,Good
Dawuane Smoot,DE,Illinois,68.8,69.7,70.6,dawuane smoot,EDGE,SmooDa00,Dawuane Smoot,2017,68,3,JAX,17,17,Average
Dax Milne,WR,BYU,63.3,56,69.2,dax milne,WR,MilnDa00,Dax Milne,2021,258,7,WAS,1,1,Average
Daxton Hill,CB,Michigan,88.5,90.6,80.1,daxton hill,CB,HillDa04,Daxton Hill,2022,31,1,CIN,13,13,Good
Daylon Mack,DT,Texas A&M,67.6,64.9,64.9,daylon mack,DL,MackDa00,Daylon Mack,2019,160,5,BAL,0,0,Average
Dazz Newsome,WR,North Carolina,62.8,51,69.2,dazz newsome,WR,NewsDa00,Dazz Newsome,2021,221,6,CHI,0,0,Average
D.C. Jefferson,TE,Rutgers,63.2,64.2,56.8,dc jefferson,TE,JeffD.00,D.C. Jefferson,2013,219,7,ARI,0,0,Average
De'Angelo Henderson Sr.,RB,Coastal Carolina,70.3,74.8,59.3,de'angelo henderson,RB,HendDe01,De'Angelo Henderson,2017,203,6,DEN,0,0,Good
Deadrin Senat,DT,University of South Florida,71.9,67.1,71.2,deadrin senat,DL,SenaDe00,Deadrin Senat,2018,90,3,ATL,4,4,Good
DeAndra Cobb,RB,Michigan State,59.6,62.8,57.1,deandra cobb,RB,CobbDe00,DeAndra Cobb,2005,201,6,ATL,0,0,Below Avg
Deandre Baker,CB,Georgia,78.9,64.8,80.1,deandre baker,CB,BakeDe00,Deandre Baker,2019,30,1,NYG,6,6,Good
DeAndre Hopkins,WR,Clemson,83.7,61.1,92.2,deandre hopkins,WR,HopkDe00,DeAndre Hopkins,2013,27,1,HOU,84,84,Good
DeAndre Houston-Carson,FS,William & Mary,65,60.6,63.3,deandre houston-carson,S,HousDe00,DeAndre Houston-Carson,2016,185,6,CHI,11,11,Average
DeAndre Smelter,WR,Georgia Tech,70.7,71.2,70.9,deandre smelter,WR,SmelDe00,DeAndre Smelter,2015,132,4,SFO,0,0,Good
DeAndre Washington,RB,Texas Tech,75.2,74.7,76.5,deandre washington,RB,WashDe00,DeAndre Washington,2016,143,5,OAK,12,12,Good
DeAngelo Smith,CB,Cincinnati,62,51.1,66.6,deangelo smith,CB,SmitDe98,DeAngelo Smith,2009,143,5,DAL,1,1,Average
DeAngelo Williams,RB,Memphis,89.3,87.9,85.3,deangelo williams,RB,WillDe02,DeAngelo Williams,2006,27,1,CAR,61,61,Good
Deatrich Wise,DE,Arkansas,70,73.8,67.1,deatrich wise,EDGE,WiseDe00,Deatrich Wise Jr.,2017,131,4,NWE,39,39,Good
Dede Westbrook,WR,Oklahoma,78.9,72,86.7,dede westbrook,WR,WestDe00,Dede Westbrook,2017,110,4,JAX,14,14,Good
Dedrick Epps,TE,Miami,64.2,66.1,56.8,dedrick epps,TE,EppsDe00,Dedrick Epps,2010,235,7,SDG,0,0,Average
Dee McCann,CB,West Virginia,62.5,60,58.2,dee mccann,CB,NA,Dee McCann,2006,179,6,DET,NA,NA,Average
Dee Milliner,CB,Alabama,84.7,82.5,81,dee milliner,CB,MillDe00,Dee Milliner,2013,9,1,NYJ,6,6,Good
Dee Webb,CB,Florida,65.4,70.8,56.4,dee webb,CB,WebbDe20,Dee Webb,2006,236,7,JAX,1,1,Average
Deebo Samuel Sr.,WR,South Carolina,82.7,82.9,75.7,deebo samuel,WR,SamuDe00,Deebo Samuel,2019,36,2,SFO,52,52,Good
DeeJay Dallas,RB,Miami,70.7,68.8,68.8,deejay dallas,RB,DallDe00,DeeJay Dallas,2020,144,4,SEA,7,7,Good
Deiondre' Hall,CB,Northern Iowa,65.8,61.1,62.9,deiondre' hall,CB,HallDe02,Deiondre' Hall,2016,127,4,CHI,2,2,Average
Deionte Thompson,SS,Alabama,75.8,70.2,81.7,deionte thompson,S,ThomDe06,Deionte Thompson,2019,139,5,ARI,4,4,Good
DeJon Gomes,DB,Nebraska,66.7,57.8,72.3,dejon gomes,CB,GomeDe00,DeJon Gomes,2011,146,5,WAS,5,5,Average
DeJuan Groce,DB,Nebraska,67.9,70.6,62.9,dejuan groce,CB,GrocDe20,DeJuan Groce,2003,107,4,STL,10,10,Average
DeJuan Tribble,CB,Boston College,63.2,53.6,71.9,dejuan tribble,CB,TribDe99,DeJuan Tribble,2008,192,6,SDG,NA,NA,Average
Delarrin Turner-Yell,SAF,Oklahoma,70.9,78.9,66.3,delarrin turner-yell,S,TurnDe02,Delarrin Turner-Yell,2022,152,5,DEN,2,2,Good
Delone Carter,RB,Syracuse,73.9,80.1,63.3,delone carter,RB,CartDe01,Delone Carter,2011,119,4,IND,3,3,Good
DeMarco Murray,RB,Oklahoma,80.8,78.2,79.5,demarco murray,RB,MurrDe00,DeMarco Murray,2011,71,3,DAL,60,60,Good
DeMarco Sampson,WR,San Diego State,70.4,75.3,69.9,demarco sampson,WR,SampDe00,DeMarco Sampson,2011,249,7,ARI,0,0,Good
DeMarcus Ayers,WR,Houston,58.8,51,64.5,demarcus ayers,WR,AyerDe00,Demarcus Ayers,2016,229,7,PIT,0,0,Below Avg
Demarcus Christmas,DT,Florida State,52.7,51,56,demarcus christmas,DL,ChriDe01,Demarcus Christmas,2019,209,6,SEA,NA,NA,Below Avg
Demarcus Robinson,WR,Florida,69.3,62.9,62.3,demarcus robinson,WR,RobiDe01,Demarcus Robinson,2016,126,4,KAN,27,27,Average
DeMarcus Van Dyke,DB,Miami,68,74.3,60.3,demarcus van dyke,CB,VanDDe00,DeMarcus Van Dyke,2011,81,3,OAK,3,3,Average
DeMarcus Walker,DE,Florida State,81.3,79.5,84.8,demarcus walker,EDGE,WalkDe03,DeMarcus Walker,2017,51,2,DEN,24,24,Good
DeMario Pressley,DT,N.C. State,62.5,59.6,60.8,demario pressley,DL,PresDe99,DeMario Pressley,2008,144,5,NOR,1,1,Average
Demaryius Thomas,WR,Georgia Tech,79.2,71.4,75.8,demaryius thomas,WR,ThomDe03,Demaryius Thomas,2010,22,1,DEN,69,69,Good
DeMeco Ryans,ILB,Alabama,79.7,77,77.2,demeco ryans,LB,RyanDe20,DeMeco Ryans,2006,33,2,HOU,58,58,Good
Demetress Bell,T,Northwestern State (LA),61.3,58.5,55.6,demetress bell,OT,BellDe20,Demetress Bell,2008,219,7,BUF,13,13,Average
Demetri Goodson,CB,Baylor,55.4,61.5,56.4,demetri goodson,CB,GoodDe00,Demetri Goodson,2014,197,6,GNB,2,2,Below Avg
Demetric Felton,RB,UCLA,68.1,51,71.3,demetric felton,RB,FeltDe00,Demetric Felton,2021,211,6,CLE,2,2,Average
Demetrin Veal,DE,Tennessee,59.2,63.3,55.7,demetrin veal,EDGE,VealDe20,Demetrin Veal,2003,238,7,ATL,4,4,Below Avg
Demetrius McCray,DB,Appalachian State,61.1,62.7,56.4,demetrius mccray,CB,McCrDe00,Demetrius McCray,2013,210,7,JAX,8,8,Average
Demetrius Williams,WR,Oregon,76.9,83.3,75.3,demetrius williams,WR,WillDe03,Demetrius Williams,2006,111,4,BAL,9,9,Good
Demorrio Williams,ILB,Nebraska,74.1,83.3,63,demorrio williams,LB,WillDe22,Demorrio Williams,2004,101,4,ATL,33,33,Good
Denarius Moore,WR,Tennessee,65.9,70.1,67.7,denarius moore,WR,MoorDe02,Denarius Moore,2011,148,5,OAK,15,15,Average
Dennis Daley,OT,South Carolina,65.8,60.5,63,dennis daley,OT,DaleDe00,Dennis Daley,2019,212,6,CAR,14,14,Average
Dennis Dixon,QB,Oregon,74.5,85.5,73.1,dennis dixon,QB,DixoDe00,Dennis Dixon,2008,156,5,PIT,2,2,Good
Dennis Pitta,TE,BYU,75,74,78.5,dennis pitta,TE,PittDe00,Dennis Pitta,2010,114,4,BAL,16,16,Good
Dennis Weathersby,CB,Oregon State,73.4,85.3,62.9,dennis weathersby,CB,WeatDe20,Dennis Weathersby,2003,98,4,CIN,0,0,Good
Denzel Mims,WR,Baylor,84.6,92.3,77,denzel mims,WR,MimsDe00,Denzel Mims,2020,59,2,NYJ,5,5,Good
Denzel Perryman,MLB,Miami,73.7,59.3,81.1,denzel perryman,LB,PerrDe00,Denzel Perryman,2015,48,2,SDG,45,45,Good
Denzel Ward,CB,Ohio State,94.1,88.6,92.7,denzel ward,CB,WardDe02,Denzel Ward,2018,4,1,CLE,49,49,Elite
Deommodore Lenoir,CB,Oregon,68.7,71.4,63.6,deommodore lenoir,CB,LenoDe00,Deommodore Lenoir,2021,172,5,SFO,21,21,Average
Deon Bush,SAF,Miami,65.7,61.2,64.4,deon bush,S,BushDe00,Deon Bush,2016,124,4,CHI,8,8,Average
Deon Butler,WR,Penn State,73.3,73.1,69.1,deon butler,WR,ButlDe00,Deon Butler,2009,91,3,SEA,4,4,Good
Deon Cain,WR,Clemson,74.5,76.4,69.9,deon cain,WR,CainDe00,Deon Cain,2018,185,6,IND,1,1,Good
Deon Simon,DT,Northwestern State (LA),61.4,73.9,50,deon simon,DL,SimoDe00,Deon Simon,2015,223,7,NYJ,2,2,Average
Deonte Brown,G,Alabama,66.2,58.1,66.7,deonte brown,IOL,BrowDe06,Deonte Brown,2021,193,6,CAR,0,0,Average
Derek Anderson,QB,Oregon State,61.7,51,56.9,derek anderson,QB,AndeDe00,Derek Anderson,2005,213,6,BAL,23,23,Average
Derek Barnett,DE,Tennessee,85.1,64.4,97.3,derek barnett,EDGE,BarnDe01,Derek Barnett,2017,14,1,PHI,27,27,Good
Derek Carr,QB,Fresno State,81.9,73.6,86.5,derek carr,QB,CarrDe02,Derek Carr,2014,36,2,OAK,93,93,Good
Derek Fine,TE,Kansas,69.1,67.8,65,derek fine,TE,FineDe00,Derek Fine,2008,132,4,BUF,2,2,Average
Derek Hagan,WR,Arizona State,79.9,85.2,78,derek hagan,WR,HagaDe00,Derek Hagan,2006,82,3,MIA,12,12,Good
Derek Landri,DT,Notre Dame,72.6,63.5,79.8,derek landri,DL,LandDe99,Derek Landri,2007,166,5,JAX,15,15,Good
Derek Newton,OT,Arkansas State,62.6,69,55.6,derek newton,OT,NewtDe00,Derek Newton,2011,214,7,HOU,28,28,Average
Derek Pagel,DB,Iowa,72.6,80.2,59.7,derek pagel,CB,PageDe20,Derek Pagel,2003,140,5,NYJ,1,1,Good
Derek Rivers,DE,Youngstown State,74.1,79.9,64,derek rivers,EDGE,RiveDe00,Derek Rivers,2017,83,3,NWE,4,4,Good
Derek Schouman,TE,Boise State,65.7,76.4,61.5,derek schouman,TE,SchoDe00,Derek Schouman,2007,222,7,BUF,2,2,Average
Derek Sherrod,T,Mississippi State,77.7,67.2,80.1,derek sherrod,OT,SherDe00,Derek Sherrod,2011,32,1,GNB,3,3,Good
Derek Stingley Jr.,CB,LSU,85.9,78.7,87,derek stingley,CB,StinDe00,Derek Stingley Jr.,2022,3,1,HOU,36,36,Good
Derion Kendrick,CB,Georgia,63.2,51,70,derion kendrick,CB,KendDe00,Derion Kendrick,2022,212,6,LAR,7,7,Average
Derrek Tuszka,LB,North Dakota State,62.6,71.3,56.9,derrek tuszka,LB,TuszDe00,Derrek Tuszka,2020,254,7,DEN,3,3,Average
Derrick Dockery,G,Texas,73.2,72.1,68.1,derrick dockery,IOL,DockDe20,Derrick Dockery,2003,81,3,WAS,44,44,Good
Derrick Hamilton,WR,Clemson,74,66.1,74.8,derrick hamilton,WR,HamiDe20,Derrick Hamilton,2004,77,3,SFO,0,0,Good
Derrick Harvey,DE,Florida,83.1,66.2,86.5,derrick harvey,EDGE,HarvDe99,Derrick Harvey,2008,8,1,JAX,14,14,Good
Derrick Henry,RB,Alabama,90.9,81.2,91.8,derrick henry,RB,HenrDe00,Derrick Henry,2016,45,2,TEN,85,85,Elite
Derrick Johnson,DB,Washington,64.8,70.5,58.2,derrick johnson,CB,JohnDe24,Derrick Johnson,2005,205,6,SFO,2,2,Average
Derrick Johnson,ILB,Texas,88.9,85.2,85.6,derrick johnson,LB,JohnDe25,Derrick Johnson,2005,15,1,KAN,80,80,Good
Derrick Kindred,SS,TCU,74,75.6,72.5,derrick kindred,S,KindDe00,Derrick Kindred,2016,129,4,CLE,8,8,Good
Derrick Martin,DB,Wyoming,72.7,89,57.6,derrick martin,CB,MartDe22,Derrick Martin,2006,208,6,BAL,5,5,Good
Derrick Morgan,OLB,Georgia Tech,81,72.8,84.5,derrick morgan,EDGE,MorgDe99,Derrick Morgan,2010,16,1,TEN,40,40,Good
Derrick Nnadi,NT,Florida State,71.6,51,78.9,derrick nnadi,DL,NnadDe00,Derrick Nnadi,2018,75,3,KAN,38,38,Good
Derrick Strait,DB,Oklahoma,66.5,62,67.9,derrick strait,CB,StraDe20,Derrick Strait,2004,76,3,NYJ,4,4,Average
Derrick Williams,WR,Penn State,66.4,51,64.9,derrick williams,WR,WillDe05,Derrick Williams,2009,82,3,DET,0,0,Average
Derrius Guice,RB,LSU,81.6,75.1,82.7,derrius guice,RB,GuicDe00,Derrius Guice,2018,59,2,WAS,2,2,Good
Derron Smith,SS,Fresno State,75.3,69.6,76.3,derron smith,S,SmitDe05,Derron Smith,2015,197,6,CIN,3,3,Good
Derwin Gray,OT,Maryland,64.6,70.1,57,derwin gray,OT,GrayDe01,Derwin Gray,2019,219,7,PIT,0,0,Average
Derwin James,FS,Florida State,87.9,77.3,91.6,derwin james,S,JameDe00,Derwin James,2018,17,1,LAC,46,46,Good
DeSean Jackson,WR,California,86.8,80.5,77.4,desean jackson,WR,JackDe00,DeSean Jackson,2008,49,2,PHI,75,75,Good
Deshaun Davis,LB,Auburn,59.1,57.9,64,deshaun davis,LB,DaviDe01,Deshaun Davis,2019,210,6,CIN,NA,NA,Below Avg
Deshaun Watson,QB,Clemson,90,88.2,91,deshaun watson,QB,WatsDe00,Deshaun Watson,2017,12,1,HOU,58,58,Elite
DeShawn Wynn,RB,Florida,66.3,80.2,54.3,deshawn wynn,RB,WynnDe00,DeShawn Wynn,2007,228,7,GNB,3,3,Average
DeShon Elliott,SAF,Texas,75.3,67.5,76.7,deshon elliott,S,ElliDe02,DeShon Elliott,2018,190,6,BAL,25,25,Good
DeShone Kizer,QB,Notre Dame,70.2,59,71.1,deshone kizer,QB,KizeDe00,DeShone Kizer,2017,52,2,CLE,6,6,Good
Desmond Bishop,LB,California,72.7,69.9,73.7,desmond bishop,LB,BishDe99,Desmond Bishop,2007,192,6,GNB,18,18,Good
Desmond Ridder,QB,Cincinnati,80.8,83.1,79.8,desmond ridder,QB,RiddDe00,Desmond Ridder,2022,74,3,ATL,13,13,Good
Desmond Trufant,CB,Washington,84.3,88.1,75.8,desmond trufant,CB,TrufDe00,Desmond Trufant,2013,22,1,ATL,37,37,Good
Deuce Lutui,G,USC,76.6,65.4,76.5,deuce lutui,IOL,LutuDe20,Deuce Lutui,2006,41,2,ARI,34,34,Good
DeVante Parker,WR,Louisville,87.2,81.3,82.5,devante parker,WR,ParkDe01,DeVante Parker,2015,14,1,MIA,36,36,Good
Devard Darling,WR,Washington State,75.1,75.1,71.2,devard darling,WR,DarlDe00,Devard Darling,2004,82,3,BAL,4,4,Good
Devery Henderson,WR,LSU,77.9,75.8,75.8,devery henderson,WR,HendDe00,Devery Henderson,2004,50,2,NOR,36,36,Good
DeVier Posey,WR,Ohio State,73,76.1,65.2,devier posey,WR,PoseDe00,DeVier Posey,2012,68,3,HOU,2,2,Good
Devin Aromashodu,WR,Auburn,70,86.4,51.7,devin aromashodu,WR,AromDe00,Devin Aromashodu,2006,233,7,MIA,10,10,Good
Devin Asiasi,TE,UCLA,76.6,67.4,80.2,devin asiasi,TE,AsiaDe00,Devin Asiasi,2020,91,3,NWE,0,0,Good
Devin Bush,LB,Michigan,94.6,94.7,95.4,devin bush,LB,BushDe01,Devin Bush Jr.,2019,10,1,PIT,37,37,Elite
Devin Duvernay,WR,Texas,75.6,77.2,74.8,devin duvernay,WR,DuveDe00,Devin Duvernay,2020,92,3,BAL,12,12,Good
Devin Lloyd,LB,Utah,88.2,76.9,92.8,devin lloyd,LB,LloyDe00,Devin Lloyd,2022,27,1,JAX,35,35,Good
Devin Singletary,RB,Florida Atlantic,70.2,55.6,75.5,devin singletary,RB,SingDe00,Devin Singletary,2019,74,3,BUF,39,39,Good
Devin Smith,WR,Ohio State,79.6,81.1,75,devin smith,WR,SmitDe04,Devin Smith,2015,37,2,NYJ,2,2,Good
Devin Street,WR,Pittsburgh,69.6,68.4,68.8,devin street,WR,StreDe00,Devin Street,2014,146,5,DAL,1,1,Average
Devin Taylor,DE,South Carolina,71.4,85.4,58.5,devin taylor,EDGE,TaylDe00,Devin Taylor,2013,132,4,DET,12,12,Good
Devin Thomas,WR,Michigan State,79,78.5,74.6,devin thomas,WR,ThomDe02,Devin Thomas,2008,34,2,WAS,4,4,Good
Devin White,LB,LSU,97.2,92.4,99,devin white,LB,WhitDe02,Devin White,2019,5,1,TAM,51,51,Elite
Devon Kennard,OLB,USC,64.6,66.5,60.5,devon kennard,EDGE,KennDe00,Devon Kennard,2014,174,5,NYG,33,33,Average
Devon Still,DT,Penn State,76.8,69.5,80,devon still,DL,StilDe00,Devon Still,2012,53,2,CIN,3,3,Good
Devon Wylie,WR,Fresno State,72.3,87.9,53.4,devon wylie,WR,WyliDe00,Devon Wylie,2012,107,4,KAN,0,0,Good
Devonta Freeman,RB,Florida State,65.4,57.7,66.1,devonta freeman,RB,FreeDe00,Devonta Freeman,2014,103,4,ATL,49,49,Average
DeVonta Smith,WR,Alabama,89.5,72.9,99,devonta smith,WR,SmitDe07,DeVonta Smith,2021,10,1,PHI,47,47,Good
Devontae Booker,RB,Utah,73.1,67.6,71.3,devontae booker,RB,BookDe00,Devontae Booker,2016,136,4,DEN,19,19,Good
DeVonte Holloman,MLB,South Carolina,65.8,66.3,61.9,devonte holloman,LB,HollDe01,DeVonte Holloman,2013,185,6,DAL,1,1,Average
Devonte Wyatt,DT,Georgia,82.1,87.7,76.4,devonte wyatt,DL,WyatDe00,Devonte Wyatt,2022,28,1,GNB,10,10,Good
Dewayne Robertson,DT,Kentucky,83.4,72.1,92.6,dewayne robertson,DL,RobeDe20,Dewayne Robertson,2003,4,1,NYJ,34,34,Good
Dewayne White,DE,Louisville,78.8,79.3,74.3,dewayne white,EDGE,WhitDe20,Dewayne White,2003,64,2,TAM,24,24,Good
Dexter Jackson,WR,Appalachian State,78.7,80.4,74.3,dexter jackson,WR,JackDe01,Dexter Jackson,2008,58,2,TAM,0,0,Good
Dexter Lawrence,DT,Clemson,85.5,79.1,86.5,dexter lawrence,DL,LawrDe03,Dexter Lawrence,2019,17,1,NYG,55,55,Good
Dexter McDougle,CB,Maryland,64,58.5,70,dexter mcdougle,CB,McDoDe00,Dexter McDougle,2014,80,3,NYJ,2,2,Average
Dexter Reid,DB,North Carolina,67.6,67.6,62.3,dexter reid,CB,ReidDe20,Dexter Reid,2004,113,4,NWE,4,4,Average
Dexter Williams,RB,Notre Dame,73.8,75,71.1,dexter williams,RB,WillDe07,Dexter Williams,2019,194,6,GNB,0,0,Good
Dexter Wynn,DB,Colorado State,68.7,78,58.2,dexter wynn,CB,WynnDe20,Dexter Wynn,2004,192,6,PHI,4,4,Average
Dez Bryant,WR,Oklahoma State,91.6,79.2,95.6,dez bryant,WR,BryaDe01,Dez Bryant,2010,24,1,DAL,61,61,Elite
Dez Fitzpatrick,WR,Louisville,68.4,75.7,64.6,dez fitzpatrick,WR,FitzDe00,Dez Fitzpatrick,2021,109,4,TEN,0,0,Average
Dezmen Southward,DB,Wisconsin,67.7,74.1,62.3,dezmen southward,CB,SoutDe00,Dezmen Southward,2014,68,3,ATL,1,1,Average
Dezmin Lewis,WR,Central Arkansas,57.1,55.1,56.9,dezmin lewis,WR,LewiDe02,Dezmin Lewis,2015,234,7,BUF,0,0,Below Avg
Dezmon Briscoe,WR,Kansas,66.2,51,83.2,dezmon briscoe,WR,BrisDe00,Dezmon Briscoe,2010,191,6,CIN,4,4,Average
Dezmon Patmon,WR,Washington State,65.9,77.6,61.8,dezmon patmon,WR,PatmDe00,Dezmon Patmon,2020,212,6,IND,0,0,Average
Dillon Mitchell,WR,Oregon,73.4,77.8,69.1,dillon mitchell,WR,MitcDi00,Dillon Mitchell,2019,239,7,MIN,NA,NA,Good
Dillon Radunz,OT,North Dakota State,79.8,85,74.5,dillon radunz,OT,RaduDi00,Dillon Radunz,2021,53,2,TEN,14,14,Good
Dion Jordan,DE,Oregon,76.6,74.2,64.7,dion jordan,EDGE,JordDi00,Dion Jordan,2013,3,1,MIA,9,9,Good
Dion Lewis,RB,Pittsburgh,66.2,57,72.7,dion lewis,RB,LewiDi00,Dion Lewis,2011,149,5,PHI,31,31,Average
Dion Sims,TE,Michigan State,69.6,67.3,68,dion sims,TE,SimsDi00,Dion Sims,2013,106,4,MIA,8,8,Average
Diontae Johnson,WR,Toledo,70.8,58.9,69.7,diontae johnson,WR,JohnDi01,Diontae Johnson,2019,66,3,PIT,35,35,Good
DJ Chark,WR,LSU,76.8,88,59.7,dj chark,WR,CharDJ00,DJ Chark,2018,61,2,JAX,21,21,Good
DJ Davidson,DT,Arizona State,59.5,59.3,65.1,dj davidson,DL,DaviDJ00,D.J. Davidson,2022,147,5,NYG,5,5,Below Avg
D.J. Hackett,WR,Colorado,71.9,77.4,66.5,dj hackett,WR,HackD.00,D.J. Hackett,2004,157,5,SEA,14,14,Good
D.J. Hayden,DB,Houston,80.7,63.6,90.1,dj hayden,CB,HaydDJ00,D.J. Hayden,2013,12,1,OAK,16,16,Good
D.J. Humphries,OT,Florida,82.1,74.6,80.8,dj humphries,OT,HumpD.00,D.J. Humphries,2015,24,1,ARI,45,45,Good
DJ Johnson,DB,Jackson State University,51.9,51,54.6,dj johnson,CB,JohnD.20,D.J. Johnson,1989,174,7,PIT,32,32,Below Avg
D.J. Jones,DT,Mississippi,70.1,68.8,67.2,dj jones,DL,JoneD.01,D.J. Jones,2017,198,6,SFO,45,45,Good
D.J. Moore,CB,Vanderbilt,72,55.5,79.3,dj moore,CB,MoorDJ99,D.J. Moore,2009,119,4,CHI,6,6,Good
DJ Moore,WR,Maryland,83.2,87,76.8,dj moore,WR,MoorD.00,D.J. Moore,2018,24,1,CAR,61,61,Good
D.J. Reed,CB,Kansas State,76.8,71.4,76.1,dj reed,CB,ReedD.00,D.J. Reed,2018,142,5,SFO,27,27,Good
D.J. Shockley,QB,Georgia,71.7,87,64.4,dj shockley,QB,NA,D.J. Shockley,2006,223,7,ATL,NA,NA,Good
D.J. Smith,LB,Appalachian State,56,51,58,dj smith,LB,SmitD.00,D.J. Smith,2011,186,6,GNB,5,5,Below Avg
D.J. White,CB,Georgia Tech,67.3,62,68.4,dj white,CB,WhitD.00,D.J. White,2016,178,6,KAN,1,1,Average
D.J. Williams,MLB,Miami,89,90.6,82.9,dj williams,LB,WillD.20,D.J. Williams,2004,17,1,DEN,48,48,Good
D.J. Williams,TE,Arkansas,69.5,65.8,72.3,dj williams,TE,WillD.00,D.J. Williams,2011,141,5,GNB,4,4,Average
DK Metcalf,WR,Mississippi,81.5,88.5,71.6,dk metcalf,WR,MetcDK00,D.K. Metcalf,2019,64,2,SEA,57,57,Good
Domanick Williams,RB,LSU,57.4,57.5,54.5,domanick williams,RB,DaviDo01,Domanick Williams,2003,101,4,HOU,33,33,Below Avg
Domata Peko,NT,Michigan State,67.3,64.6,66.4,domata peko,DL,PekoDo20,Domata Peko,2006,123,4,CIN,68,68,Average
Dominique Barber,DB,Minnesota,70.8,58.5,78.2,dominique barber,CB,BarbDo99,Dominique Barber,2008,173,6,HOU,5,5,Good
Dominique Byrd,TE,USC,71,68.1,61.5,dominique byrd,TE,ByrdDo00,Dominique Byrd,2006,93,3,STL,0,0,Good
Dominique Edison,WR,Stephen F. Austin State,64.9,69.6,57.2,dominique edison,WR,EdisDo00,Dominique Edison,2009,206,6,TEN,0,0,Average
Dominique Franks,CB,Oklahoma,61.1,53.7,67.8,dominique franks,CB,FranDo99,Dominique Franks,2010,135,5,ATL,6,6,Average
Dominique Robinson,DE,Miami (Ohio),71.1,84,55.2,dominique robinson,EDGE,RobiDo00,Dominique Robinson,2022,174,5,CHI,6,6,Good
Dominique Rodgers-Cromartie,CB,Tennessee State,89.3,96.8,81.5,dominique rodgers-cromartie,CB,RodgDo99,Dominique Rodgers-Cromartie,2008,16,1,ARI,53,53,Good
Domonique Foxworth,DB,Maryland,78.3,93,67.9,domonique foxworth,CB,FoxwDo20,Domonique Foxworth,2005,97,3,DEN,19,19,Good
Donald Brown,RB,Connecticut,83.4,78.6,82,donald brown,RB,BrowDo00,Donald Brown,2009,27,1,IND,25,25,Good
Donald Butler,ILB,Washington,79,78.1,77.6,donald butler,LB,ButlDo99,Donald Butler,2010,79,3,SDG,29,29,Good
Donald Lee,TE,Mississippi State,67,66.8,60.9,donald lee,TE,LeexDo00,Donald Lee,2003,156,5,MIA,17,17,Average
Donald Stephenson,T,Oklahoma,75.7,87.3,66.8,donald stephenson,OT,StepDo00,Donald Stephenson,2012,74,3,KAN,18,18,Good
Donald Strickland,DB,Colorado,71,73.8,67.9,donald strickland,CB,StriDo20,Donald Strickland,2003,90,3,IND,12,12,Good
Donald Thomas,G,Connecticut,65.3,70.5,58.3,donald thomas,IOL,ThomDo26,Donald Thomas,2008,195,6,MIA,16,16,Average
Donald Washington,DB,Ohio State,66.6,81.2,56.2,donald washington,CB,WashDo98,Donald Washington,2009,102,4,KAN,4,4,Average
Donnel Pumphrey,RB,San Diego State,63.6,58.7,71.1,donnel pumphrey,RB,PumpDo00,Donnel Pumphrey,2017,132,4,PHI,NA,NA,Average
Donnell Washington,DT,Clemson,74.8,77.9,67.2,donnell washington,DL,NA,Donnell Washington,2004,72,3,GNB,NA,NA,Good
Donnie Avery,WR,Houston,78.4,69.3,77.8,donnie avery,WR,AverDo00,Donnie Avery,2008,33,2,STL,21,21,Good
Donovan Peoples-Jones,WR,Michigan,75,85.9,63.7,donovan peoples-jones,WR,PeopDo00,Donovan Peoples-Jones,2020,187,6,CLE,18,18,Good
Donovan Smith,T,Penn State,80,75.5,75.5,donovan smith,OT,SmitDo02,Donovan Smith,2015,34,2,TAM,57,57,Good
Donovan Wilson,SAF,Texas A&M,67.7,70.3,67.4,donovan wilson,S,WilsDo01,Donovan Wilson,2019,213,6,DAL,23,23,Average
Dontae Johnson,DB,N.C. State,75.3,74.2,76,dontae johnson,CB,JohnDo02,Dontae Johnson,2014,129,4,SFO,15,15,Good
Dontari Poe,DT,Memphis,80.4,88.4,70.3,dontari poe,DL,PoexDo00,Dontari Poe,2012,11,1,KAN,55,55,Good
Dontarrious Thomas,LB,Auburn,85,89.5,77.2,dontarrious thomas,LB,ThomDo21,Dontarrious Thomas,2004,48,2,MIN,8,8,Good
Dontavius Russell,NT,Auburn,54.9,56.9,57.2,dontavius russell,DL,RussDo00,Dontavius Russell,2019,235,7,JAX,0,0,Below Avg
Dontay Moch,LB,Nevada,76.4,81.2,73.1,dontay moch,LB,MochDo00,Dontay Moch,2011,66,3,CIN,0,0,Good
Donte Jackson,CB,LSU,82.2,90.7,71.3,donte jackson,CB,JackDo02,Donte Jackson,2018,55,2,CAR,34,34,Good
Donte Moncrief,WR,Mississippi,78.5,87.1,68.6,donte moncrief,WR,MoncDo00,Donte Moncrief,2014,90,3,IND,18,18,Good
Donte Nicholson,DB,Oklahoma,70.2,75.3,59.7,donte nicholson,CB,NichDo20,Donte Nicholson,2005,141,5,TAM,1,1,Good
Doran Grant,CB,Ohio State,70.1,68.9,70.4,doran grant,CB,GranDo00,Doran Grant,2015,121,4,PIT,0,0,Good
Dorance Armstrong,DE,Kansas,70.8,63.1,73.9,dorance armstrong,EDGE,ArmsDo00,Dorance Armstrong Jr.,2018,116,4,DAL,22,22,Good
Dorial Green-Beckham,WR,Oklahoma,77.9,72.5,76.8,dorial green-beckham,WR,GreeDo00,Dorial Green-Beckham,2015,40,2,TEN,7,7,Good
Dorian Johnson,OG,Pittsburgh,69.2,53.3,70.3,dorian johnson,IOL,JohnDo03,Dorian Johnson,2017,115,4,ARI,NA,NA,Average
Dorin Dickerson,WR,Pittsburgh,76.4,95.6,63.1,dorin dickerson,WR,DickDo00,Dorin Dickerson,2010,227,7,HOU,1,1,Good
Doug Free,T,Northern Illinois,72.8,79.7,61.9,doug free,OT,FreeDo20,Doug Free,2007,122,4,DAL,49,49,Good
Doug Gabriel,WR,UCF,70.2,67.6,75.6,doug gabriel,WR,GabrDo00,Doug Gabriel,2003,167,5,OAK,14,14,Good
Doug Hogue,LB,Syracuse,73.1,66.7,75.7,doug hogue,LB,HoguDo01,Doug Hogue,2011,157,5,DET,2,2,Good
Doug Martin,RB,Boise State,78.3,79.1,71.3,doug martin,RB,MartDo00,Doug Martin,2012,31,1,TAM,39,39,Good
Doug Worthington,DT,Ohio State,53.9,56.7,56,doug worthington,DL,WortDo99,Doug Worthington,2010,242,7,PIT,0,0,Below Avg
Drake Jackson,DE,USC,76.2,86.6,66.2,drake jackson,EDGE,JackDr01,Drake Jackson,2022,61,2,SFO,3,3,Good
Drake London,WR,USC,87.1,74.5,86.3,drake london,WR,LondDr00,Drake London,2022,8,1,ATL,32,32,Good
Drake Nevis,DT,LSU,78.6,73.8,76.9,drake nevis,DL,NeviDr00,Drake Nevis,2011,87,3,IND,4,4,Good
Drayton Florence,CB,Tuskegee University,79,81.9,76.1,drayton florence,CB,FlorDr20,Drayton Florence,2003,46,2,SDG,34,34,Good
Dre Greenlaw,LB,Arkansas,63.3,66.4,62,dre greenlaw,LB,GreeDr00,Dre Greenlaw,2019,148,5,SFO,31,31,Average
Dre Kirkpatrick,CB,Alabama,74.5,65.1,75.2,dre kirkpatrick,CB,KirkDr00,Dre Kirkpatrick,2012,17,1,CIN,31,31,Good
Dre Moore,DT,Maryland,78.3,82.6,76,dre moore,DL,MoorDr99,Dre Moore,2008,115,4,TAM,1,1,Good
Drew Carter,WR,Ohio State,73.7,95,52.7,drew carter,WR,CartDr00,Drew Carter,2004,163,5,CAR,8,8,Good
Drew Dalman,C,Stanford,69,70.5,62.7,drew dalman,IOL,DalmDr00,Drew Dalman,2021,114,4,ATL,25,25,Average
Drew Hodgdon,C,Arizona State,74.3,87.5,60.5,drew hodgdon,IOL,HodgDr20,Drew Hodgdon,2005,151,5,HOU,3,3,Good
Drew Lock,QB,Missouri,79.5,84.5,77.9,drew lock,QB,LockDr00,Drew Lock,2019,42,2,DEN,14,14,Good
Drew Sample,TE,Washington,71.6,76,57.2,drew sample,TE,SampDr00,Drew Sample,2019,52,2,CIN,7,7,Good
Drew Stanton,QB,Michigan State,71.9,73,61.2,drew stanton,QB,StanDr00,Drew Stanton,2007,43,2,DET,10,10,Good
Dru Samia,G,Oklahoma,70.2,65.1,66.7,dru samia,IOL,SamiDr00,Dru Samia,2019,114,4,MIN,2,2,Good
Drue Tranquill,LB,Notre Dame,76.6,86.2,70.1,drue tranquill,LB,TranDr00,Drue Tranquill,2019,130,4,LAC,32,32,Good
Duane Brown,T,Virginia Tech,80.8,78,80.1,duane brown,OT,BrowDu20,Duane Brown,2008,26,1,HOU,91,91,Good
Duke Dawson,CB,Florida,81.9,76.2,83.5,duke dawson,CB,DawsDu00,Duke Dawson,2018,56,2,NWE,3,3,Good
Duke Johnson,RB,Miami,81,68,84.1,duke johnson,RB,JohnDu00,Duke Johnson,2015,77,3,CLE,28,28,Good
Duke Preston,C,Illinois,72.3,81.4,63.1,duke preston,IOL,PresDu20,Duke Preston,2005,122,4,BUF,11,11,Good
Duke Riley,MLB,LSU,74.3,81.7,68,duke riley,LB,RileDu00,Duke Riley,2017,75,3,ATL,19,19,Good
Duke Robinson,G,Oklahoma,67.3,72.9,60.5,duke robinson,IOL,RobiDu21,Duke Robinson,2009,163,5,CAR,NA,NA,Average
Dunta Robinson,CB,South Carolina,85.7,83.3,94.4,dunta robinson,CB,RobiDu20,Dunta Robinson,2004,10,1,HOU,41,41,Good
Durham Smythe,TE,Notre Dame,64.8,59.3,55.2,durham smythe,TE,SmytDu00,Durham Smythe,2018,123,4,MIA,10,10,Average
Dustin Fox,DB,Ohio State,71.7,74.3,67.9,dustin fox,CB,FoxxDu20,Dustin Fox,2005,80,3,MIN,0,0,Good
Dustin Fry,C,Clemson,63.5,60.6,60.5,dustin fry,IOL,FryxDu20,Dustin Fry,2007,139,5,STL,0,0,Average
Dustin Keller,TE,Purdue,90.7,91.4,86.1,dustin keller,TE,KellDu00,Dustin Keller,2008,30,1,NYJ,22,22,Elite
Dusty Dvoracek,NT,Oklahoma,76.7,85.2,70.9,dusty dvoracek,DL,DvorDu99,Dusty Dvoracek,2006,73,3,CHI,6,6,Good
Dwan Edwards,DT,Oregon State,72.8,68.2,75.4,dwan edwards,DL,EdwaDw20,Dwan Edwards,2004,51,2,BAL,32,32,Good
Dwayne Allen,TE,Clemson,71.7,60.8,75,dwayne allen,TE,AlleDw00,Dwayne Allen,2012,64,3,IND,12,12,Good
Dwayne Bowe,WR,LSU,78,64.8,79.1,dwayne bowe,WR,BoweDw00,Dwayne Bowe,2007,23,1,KAN,50,50,Good
Dwayne Gratz,CB,Connecticut,73.3,75.3,71.6,dwayne gratz,CB,GratDw00,Dwayne Gratz,2013,64,3,JAX,10,10,Good
Dwayne Harris,WR,East Carolina,67.7,58.1,77,dwayne harris,WR,HarrDw00,Dwayne Harris,2011,176,6,DAL,12,12,Average
Dwayne Haskins,QB,Ohio State,77.4,54.9,87.8,dwayne haskins,QB,HaskDw00,Dwayne Haskins,2019,15,1,WAS,4,4,Good
Dwayne Jarrett,WR,USC,78.1,59,83.7,dwayne jarrett,WR,JarrDw00,Dwayne Jarrett,2007,45,2,CAR,4,4,Good
Dwayne Wright,RB,Fresno State,66.7,58.6,67.4,dwayne wright,RB,WrigDw01,Dwayne Wright,2007,111,4,BUF,1,1,Average
Dyami Brown,WR,North Carolina,78,74.8,76.9,dyami brown,WR,BrowDy00,Dyami Brown,2021,82,3,WAS,7,7,Good
Dylan Cantrell,WR,Texas Tech,73.4,84.6,65.8,dylan cantrell,WR,CantDy00,Dylan Cantrell,2018,191,6,LAC,NA,NA,Good
Dylan Gandy,C,Texas Tech,73.5,80.9,63.1,dylan gandy,IOL,GandDy20,Dylan Gandy,2005,129,4,IND,19,19,Good
Dylan McFarland,T,Montana,66.3,81.8,55.6,dylan mcfarland,OT,McFaDy20,Dylan McFarland,2004,207,7,BUF,0,0,Average
Dylan Parham,G,Memphis,77,77.6,69.2,dylan parham,IOL,ParhDy00,Dylan Parham,2022,90,3,LVR,20,20,Good
Earl Bennett,WR,Vanderbilt,74.6,71.4,73.2,earl bennett,WR,BennEa00,Earl Bennett,2008,70,3,CHI,19,19,Good
Earl Mitchell,NT,Arizona,75,77.4,71.1,earl mitchell,DL,MitcEa99,Earl Mitchell,2010,81,3,HOU,29,29,Good
Earl Watford,G,James Madison,67.8,66.9,63.1,earl watford,IOL,WatfEa00,Earl Watford,2013,116,4,ARI,15,15,Average
Earl Wolff,DB,N.C. State,81.3,97,69.4,earl wolff,CB,WolfEa00,Earl Wolff,2013,136,5,PHI,4,4,Good
Early Doucet,WR,LSU,69.4,58.6,68.6,early doucet,WR,DoucEa00,Early Doucet,2008,81,3,ARI,10,10,Average
Earnest Brown IV,DE,Northwestern,63.1,56.8,65,earnest brown,EDGE,BrowEa00,Earnest Brown IV,2021,174,5,LAR,1,1,Average
Easton Stick,QB,North Dakota State,60.2,86.2,52.4,easton stick,QB,SticEa00,Easton Stick,2019,166,5,LAC,4,4,Average
Eben Britton,T,Arizona,74,70.2,72,eben britton,OT,BritEb20,Eben Britton,2009,39,2,JAX,17,17,Good
Ed Dickson,TE,Oregon,69.8,61.9,70,ed dickson,TE,DickEd00,Ed Dickson,2010,70,3,BAL,16,16,Average
Ed Ingram,G,LSU,72.6,62.5,70.3,ed ingram,IOL,IngrEd00,Ed Ingram,2022,59,2,MIN,21,21,Good
Ed Oliver,DT,Houston,95.4,94.1,89.7,ed oliver,DL,OlivEd00,Ed Oliver,2019,9,1,BUF,43,43,Elite
Ed Stinson,DE,Alabama,69.9,75.5,61.7,ed stinson,EDGE,StinEd00,Ed Stinson,2014,160,5,ARI,5,5,Average
Ed Wang,T,Virginia Tech,67.7,71.3,59.5,ed wang,OT,WangEd20,Ed Wang,2010,140,5,BUF,0,0,Average
Eddie Goldman,NT,Florida State,70.9,60.6,71.1,eddie goldman,DL,GoldEd00,Eddie Goldman,2015,39,2,CHI,36,36,Good
Eddie Jackson,FS,Alabama,67.3,68.8,65.2,eddie jackson,S,JackEd01,Eddie Jackson,2017,112,4,CHI,45,45,Average
Eddie Lacy,RB,Alabama,76.9,64.9,84,eddie lacy,RB,LacyEd00,Eddie Lacy,2013,61,2,GNB,36,36,Good
Eddie Moore,LB,Tennessee,77.6,70.4,77.2,eddie moore,LB,MoorEd20,Eddie Moore,2003,49,2,MIA,3,3,Good
Eddie Royal,WR,Virginia Tech,74.2,83,56.9,eddie royal,WR,RoyaEd00,Eddie Royal,2008,42,2,DEN,35,35,Good
Eddie Vanderdoes,DT,UCLA,76.9,79.7,69.6,eddie vanderdoes,DL,VandEd00,Eddie Vanderdoes,2017,88,3,OAK,5,5,Good
Eddie Williams,FB,Idaho,57.8,59.7,56.3,eddie williams,RB,WillEd00,Eddie Williams,2009,221,7,WAS,0,0,Below Avg
Edwin Baker,RB,Michigan State,57.8,62.6,50.6,edwin baker,RB,BakeEd01,Edwin Baker,2012,250,7,SDG,1,1,Below Avg
Ego Ferguson,DT,LSU,71.4,63.6,74.8,ego ferguson,DL,FergEg00,Ego Ferguson,2014,51,2,CHI,2,2,Good
E.J. Gaines,CB,Missouri,72.4,63.7,78.6,ej gaines,CB,GainE.00,E.J. Gaines,2014,188,6,STL,13,13,Good
E.J. Henderson,MLB,Maryland,79.7,75.8,77.2,ej henderson,LB,HendE.20,E.J. Henderson,2003,40,2,MIN,47,47,Good
EJ Manuel,QB,Florida State,79.9,81.8,78.2,ej manuel,QB,ManuEJ00,EJ Manuel,2013,16,1,BUF,10,10,Good
E.J. Wilson,DE,North Carolina,69.9,68.4,70,ej wilson,EDGE,WilsE.99,E.J. Wilson,2010,127,4,SEA,0,0,Average
Ejuan Price,OLB,Pittsburgh,57.3,59.7,55.6,ejuan price,EDGE,PricEj00,Ejuan Price,2017,234,7,LAR,0,0,Below Avg
Elgton Jenkins,C,Mississippi State,81,71.4,76.9,elgton jenkins,IOL,JenkEl00,Elgton Jenkins,2019,44,2,GNB,48,48,Good
Eli Apple,CB,Ohio State,83.5,86.9,75,eli apple,CB,ApplEl00,Eli Apple,2016,10,1,NYG,28,28,Good
Eli Harold,DE,Virginia,74.1,84.2,69.8,eli harold,EDGE,HaroEl00,Eli Harold,2015,79,3,SFO,11,11,Good
Eli Manning,QB,Mississippi,79.4,62.3,81.9,eli manning,QB,MannEl00,Eli Manning,2004,1,1,SDG,121,121,Good
Elijah Hood,RB,North Carolina,65.4,70.1,66.8,elijah hood,RB,HoodEl00,Elijah Hood,2017,242,7,OAK,0,0,Average
Elijah McGuire,RB,Louisiana-Lafayette,55.9,65.8,53.7,elijah mcguire,RB,McGuEl00,Elijah McGuire,2017,188,6,NYJ,6,6,Below Avg
Elijah Mitchell,RB,Louisiana-Lafayette,74.4,89.6,66.7,elijah mitchell,RB,MitcEl00,Elijah Mitchell,2021,194,6,SFO,11,11,Good
Elijah Molden,CB,Washington,73.9,58.5,75.5,elijah molden,CB,MoldEl00,Elijah Molden,2021,100,3,TEN,16,16,Good
Elijah Moore,WR,Mississippi,87,88.6,89.6,elijah moore,WR,MoorEl00,Elijah Moore,2021,34,2,NYJ,15,15,Good
Elijah Qualls,DT,Washington,71.1,78.3,65.4,elijah qualls,DL,QualEl00,Elijah Qualls,2017,214,6,PHI,1,1,Good
Ellis Hobbs,CB,Iowa State,70.6,70.3,67.9,ellis hobbs,CB,HobbEl20,Ellis Hobbs,2005,84,3,NWE,28,28,Good
Elvis Dumervil,DE,Louisville,77.7,77.1,85.5,elvis dumervil,EDGE,DumeEl20,Elvis Dumervil,2006,126,4,DEN,63,63,Good
Emmanuel Acho,LB,Texas,71.3,71.1,68.7,emmanuel acho,LB,AchoEm00,Emmanuel Acho,2012,204,6,CLE,2,2,Good
Emmanuel Ogbah,DE,Oklahoma State,84.6,78.9,85.9,emmanuel ogbah,EDGE,OgbaEm00,Emmanuel Ogbah,2016,32,2,CLE,43,43,Good
Emmanuel Sanders,WR,SMU,82,93.5,76.8,emmanuel sanders,WR,SandEm00,Emmanuel Sanders,2010,82,3,PIT,63,63,Good
Eno Benjamin,RB,Arizona State,74.2,71.1,72.5,eno benjamin,RB,BenjEn00,Eno Benjamin,2020,222,7,ARI,4,4,Good
Equanimeous St. Brown,WR,Notre Dame,72.7,79.2,62,equanimeous st brown,WR,St.BEq00,Equanimeous St. Brown,2018,207,6,GNB,8,8,Good
Erasmus James,DE,Wisconsin,80.2,76.5,79.5,erasmus james,EDGE,JameEr20,Erasmus James,2005,18,1,MIN,6,6,Good
Ereck Flowers,OT,Miami,82.3,68.1,86,ereck flowers,OT,FlowEr00,Ereck Flowers,2015,9,1,NYG,35,35,Good
Eric Decker,WR,Minnesota,74.6,69.1,75.4,eric decker,WR,DeckEr00,Eric Decker,2010,87,3,DEN,45,45,Good
Eric Ebron,TE,North Carolina,90.6,79.5,94.6,eric ebron,TE,EbroEr00,Eric Ebron,2014,10,1,DET,29,29,Elite
Eric Fisher,OT,Central Michigan,91.6,85.7,95.8,eric fisher,OT,FishEr00,Eric Fisher,2013,1,1,KAN,62,62,Elite
Eric Ghiaciuc,C,Central Michigan,72.2,77.9,63.1,eric ghiaciuc,IOL,GhiaEr20,Eric Ghiaciuc,2005,119,4,CIN,19,19,Good
Eric Green,CB,Virginia Tech,69.6,68.5,67.9,eric green,CB,GreeEr20,Eric Green,2005,75,3,ARI,12,12,Average
Eric Herman,OL,Ohio,60.2,61.3,56.5,eric herman,IOL,HermEr00,Eric Herman,2013,225,7,NYG,NA,NA,Average
Eric Kendricks,MLB,UCLA,90,79.7,89.8,eric kendricks,LB,KendEr00,Eric Kendricks,2015,45,2,MIN,64,64,Elite
Eric King,DB,Wake Forest,68.5,74.6,60.4,eric king,CB,KingEr20,Eric King,2005,156,5,BUF,4,4,Average
Eric Moore,DE,Florida State,59.3,58.4,57.2,eric moore,EDGE,MoorEr21,Eric Moore,2005,186,6,NYG,5,5,Below Avg
Eric Olsen,G,Notre Dame,64.4,66.6,58.3,eric olsen,IOL,OlseEr20,Eric Olsen,2010,183,6,DEN,3,3,Average
Eric Saubert,TE,Drake,68,70,62.1,eric saubert,TE,SaubEr00,Eric Saubert,2017,174,5,ATL,2,2,Average
Eric Shelton,RB,Louisville,78.4,82.5,70.8,eric shelton,RB,ShelEr00,Eric Shelton,2005,54,2,CAR,0,0,Good
Eric Steinbach,G,Iowa,87.8,97.8,76.5,eric steinbach,IOL,SteiEr20,Eric Steinbach,2003,33,2,CIN,48,48,Good
Eric Stokes,CB,Georgia,92.7,88.2,84.5,eric stokes,CB,StokEr00,Eric Stokes,2021,29,1,GNB,14,14,Elite
Eric Wood,C,Louisville,85.6,83.3,81.9,eric wood,IOL,WoodEr20,Eric Wood,2009,28,1,BUF,47,47,Good
Eric Wright,DB,UNLV,75.5,73.2,76.1,eric wright,CB,WrigEr99,Eric Wright,2007,53,2,CLE,32,32,Good
Erik Ainge,QB,Tennessee,63.6,54.1,64.2,erik ainge,QB,AingEr00,Erik Ainge,2008,162,5,NYJ,NA,NA,Average
Erik Cook,C,New Mexico,52.7,51,56.5,erik cook,IOL,CookEr00,Erik Cook,2010,229,7,WAS,1,1,Below Avg
Erik Ezukanma,WR,Texas Tech,68.2,64.9,68.6,erik ezukanma,WR,EzukEr00,Erik Ezukanma,2022,125,4,MIA,0,0,Average
Erik McCoy,C,Texas A&M,79.6,67,84.1,erik mccoy,IOL,McCoEr01,Erik McCoy,2019,48,2,NOR,35,35,Good
Ernest Jones,LB,South Carolina,68.1,60.2,69.4,ernest jones,LB,JoneEr01,Ernest Jones,2021,103,3,LAR,37,37,Average
Ernest Wilford,WR,Virginia Tech,65,68.7,59.8,ernest wilford,WR,WilfEr00,Ernest Wilford,2004,120,4,JAX,22,22,Average
Ethan Pocic,C,LSU,76.5,71.4,75,ethan pocic,IOL,PociEt00,Ethan Pocic,2017,58,2,SEA,32,32,Good
Etric Pruitt,DB,Southern Mississippi,67.5,74.1,57.6,etric pruitt,CB,PruiEt20,Etric Pruitt,2004,186,6,ATL,0,0,Average
Eugene Monroe,T,Virginia,83.8,64.8,92.7,eugene monroe,OT,MonrEu20,Eugene Monroe,2009,8,1,JAX,32,32,Good
Evan Boehm,G,Missouri,68.2,67.6,63.1,evan boehm,IOL,BoehEv00,Evan Boehm,2016,128,4,ARI,12,12,Average
Evan Engram,TE,Mississippi,97.3,93.1,97.9,evan engram,TE,EngrEv00,Evan Engram,2017,23,1,NYG,37,37,Elite
Evan Mathis,G,Alabama,82.3,99,68.1,evan mathis,IOL,MathEv20,Evan Mathis,2005,79,3,CAR,46,46,Good
Evan Royster,RB,Penn State,61.1,53.4,62.9,evan royster,RB,RoysEv00,Evan Royster,2011,177,6,WAS,4,4,Average
Evan Weaver,LB,California,75.1,68.5,79,evan weaver,LB,WeavEv00,Evan Weaver,2020,202,6,ARI,NA,NA,Good
Everett Dawkins,DT,Florida State,56.1,59.9,54.2,everett dawkins,DL,DawkEv00,Everett Dawkins,2013,229,7,MIN,0,0,Below Avg
Everson Griffen,DE,USC,72.3,80.9,63.6,everson griffen,EDGE,GrifEv99,Everson Griffen,2010,100,4,MIN,67,67,Good
Ezekiel Ansah,DE,BYU,85.3,82.1,72.2,ezekiel ansah,EDGE,AnsaEz00,Ezekiel Ansah,2013,5,1,DET,39,39,Good
Ezekiel Elliott,RB,Ohio State,89.9,83.6,93.6,ezekiel elliott,RB,ElliEz00,Ezekiel Elliott,2016,4,1,DAL,68,68,Good
Fabian Moreau,CB,UCLA,78.3,89.9,67.9,fabian moreau,CB,MoreFa00,Fabian Moreau,2017,81,3,WAS,21,21,Good
Fabian Washington,CB,Nebraska,90.5,99,81.5,fabian washington,CB,WashFa20,Fabian Washington,2005,23,1,OAK,20,20,Elite
Fahn Cooper,OT,Mississippi,55.6,58.6,53.5,fahn cooper,OT,CoopFa00,Fahn Cooper,2016,174,5,SFO,NA,NA,Below Avg
Felix Jones,RB,Arkansas,82.3,76.5,79.7,felix jones,RB,JoneFe00,Felix Jones,2008,22,1,DAL,27,27,Good
Fletcher Cox,DT,Mississippi State,88.7,77.4,86.5,fletcher cox,DL,CoxxFl00,Fletcher Cox,2012,12,1,PHI,95,95,Good
Forrest Lamp,G,Western Kentucky,91.1,88.2,84.1,forrest lamp,IOL,LampFo00,Forrest Lamp,2017,38,2,LAC,8,8,Elite
Foster Moreau,TE,LSU,73.7,85.3,55.2,foster moreau,TE,MoreFo00,Foster Moreau,2019,137,4,OAK,13,13,Good
Frank Alexander,DE,Oklahoma,71.1,62.2,74.2,frank alexander,EDGE,AlexFr00,Frank Alexander,2012,103,4,CAR,6,6,Good
Frank Clark,OLB,Michigan,70.2,88.2,68.5,frank clark,EDGE,ClarFr01,Frank Clark,2015,63,2,SEA,49,49,Good
Frank Darby,WR,Arizona State,65.7,58.4,59.6,frank darby,WR,DarbFr00,Frank Darby,2021,187,6,ATL,0,0,Average
Frank Gore,RB,Miami,72.3,69,65,frank gore,RB,GoreFr00,Frank Gore,2005,65,3,SFO,94,94,Good
Frank Okam,DT,Texas,63.6,58.3,61.9,frank okam,DL,OkamFr99,Frank Okam,2008,151,5,HOU,3,3,Average
Frank Omiyale,T,Tennessee Technological Univ,65.4,64.6,59.5,frank omiyale,OT,OmiyFr20,Frank Omiyale,2005,163,5,ATL,17,17,Average
Frank Ragnow,G,Arkansas,81.9,77.1,77.6,frank ragnow,IOL,RagnFr00,Frank Ragnow,2018,20,1,DET,51,51,Good
Fred Bennett,DB,South Carolina,68.1,68.6,62.9,fred bennett,CB,BennFr99,Fred Bennett,2007,123,4,HOU,7,7,Average
Fred Davis,TE,USC,84.3,70.5,84.9,fred davis,TE,DaviFr01,Fred Davis,2008,48,2,WAS,14,14,Good
Fred Matua,G,USC,58.2,58.3,56.5,fred matua,IOL,NA,Fred Matua,2006,217,7,DET,NA,NA,Below Avg
Freddie Swain,WR,Florida,68.7,76.6,59.5,freddie swain,WR,SwaiFr00,Freddie Swain,2020,214,6,SEA,5,5,Average
Freddy Keiaho,MLB,San Diego State,72.8,71,68.4,freddy keiaho,LB,KeiaFr20,Freddy Keiaho,2006,94,3,IND,15,15,Good
Gabe Carimi,T,Wisconsin,81,73.8,80.1,gabe carimi,OT,CariGa00,Gabe Carimi,2011,29,1,CHI,12,12,Good
Gabe Jackson,G,Mississippi State,75.2,68.9,74.7,gabe jackson,IOL,JackGa00,Gabe Jackson,2014,81,3,OAK,47,47,Good
Gabe Watson,NT,Michigan,61.6,61.8,58.3,gabe watson,DL,WatsGa20,Gabe Watson,2006,107,4,ARI,11,11,Average
Gabe Wright,DT,Auburn,65,62,62.7,gabe wright,DL,WrigGa00,Gabe Wright,2015,113,4,DET,1,1,Average
Gaines Adams,DE,Clemson,85.8,75.5,85.3,gaines adams,EDGE,AdamGa99,Gaines Adams,2007,4,1,TAM,17,17,Good
Gardner Minshew,QB,Washington State,71.6,65.1,74.6,gardner minshew,QB,MinsGa00,Gardner Minshew II,2019,178,6,JAX,32,32,Good
Gareon Conley,CB,Ohio State,82,79.1,79.8,gareon conley,CB,ConlGa00,Gareon Conley,2017,24,1,OAK,9,9,Good
Garett Bolles,OT,Utah,84.1,82.5,84.7,garett bolles,OT,BollGa00,Garett Bolles,2017,20,1,DEN,56,56,Good
Garret Wallow,LB,TCU,69.6,74,66.3,garret wallow,LB,WallGa00,Garret Wallow,2021,170,5,HOU,5,5,Average
Garrett Bradbury,C,N.C. State,92.1,93,86.7,garrett bradbury,IOL,BradGa00,Garrett Bradbury,2019,18,1,MIN,41,41,Elite
Garrett Gilkey,T,Chadron State,65.2,76.7,56.5,garrett gilkey,OT,GilkGa00,Garrett Gilkey,2013,227,7,CLE,2,2,Average
Garrett Graham,TE,Wisconsin,69,66.9,67.3,garrett graham,TE,GrahGa00,Garrett Graham,2010,118,4,HOU,7,7,Average
Garrett Grayson,QB,Colorado State,74.6,78.9,70.9,garrett grayson,QB,GrayGa00,Garrett Grayson,2015,75,3,NOR,NA,NA,Good
Garrett Reynolds,T,North Carolina,60.6,51,60.5,garrett reynolds,OT,ReynGa20,Garrett Reynolds,2009,156,5,ATL,18,18,Average
Garrett Wilson,WR,Ohio State,90.3,83.8,86.5,garrett wilson,WR,WilsGa00,Garrett Wilson,2022,10,1,NYJ,27,27,Elite
Garrett Wolfe,RB,Northern Illinois,78.2,77.5,74.9,garrett wolfe,RB,WolfGa00,Garrett Wolfe,2007,93,3,CHI,2,2,Good
Gartrell Johnson,RB,Colorado State,60,51.9,67.5,gartrell johnson,RB,JohnGa01,Gartrell Johnson,2009,134,4,SDG,0,0,Average
Gary Barnidge,TE,Louisville,76,79.4,76.1,gary barnidge,TE,BarnGa01,Gary Barnidge,2008,141,5,CAR,14,14,Good
Gary Brightwell,RB,Arizona,58.8,66,55.2,gary brightwell,RB,BrigGa00,Gary Brightwell,2021,196,6,NYG,1,1,Below Avg
Gary Jennings,WR,West Virginia,74.5,78.2,70.5,gary jennings,WR,JennGa00,Gary Jennings Jr,2019,120,4,SEA,0,0,Good
Gavin Escobar,TE,San Diego State,77.6,71.3,77.4,gavin escobar,TE,EscoGa00,Gavin Escobar,2013,47,2,DAL,2,2,Good
Geneo Grissom,DE,Oklahoma,68,72.7,66.2,geneo grissom,EDGE,GrisGe00,Geneo Grissom,2015,97,3,NWE,3,3,Average
Geno Atkins,DT,Georgia,78.2,88.2,68.9,geno atkins,DL,AtkiGe99,Geno Atkins,2010,120,4,CIN,89,89,Good
Geno Smith,QB,West Virginia,83.6,83.6,86.7,geno smith,QB,SmitGe00,Geno Smith,2013,39,2,NYJ,57,57,Good
Geno Stone,SAF,Iowa,57.5,59.4,68.6,geno stone,S,StonGe00,Geno Stone,2020,219,7,BAL,22,22,Below Avg
Geoff Hangartner,G,Texas A&M,70.7,78,60.5,geoff hangartner,IOL,HangGe20,Geoff Hangartner,2005,169,5,CAR,36,36,Good
George Foster,T,Georgia,77.2,70,77.3,george foster,OT,FostGe20,George Foster,2003,20,1,DEN,31,31,Good
George Karlaftis,DE,Purdue,83.8,81.8,83.2,george karlaftis,EDGE,KarlGe00,George Karlaftis III,2022,30,1,KAN,27,27,Good
George Kittle,TE,Iowa,75.2,87.1,69,george kittle,TE,KittGe00,George Kittle,2017,146,5,SFO,60,60,Good
George Pickens,WR,Georgia,75,68.1,71.5,george pickens,WR,PickGe00,George Pickens,2022,52,2,PIT,36,36,Good
George Selvie,DE,University of South Florida,59.3,51,71.8,george selvie,EDGE,SelvGe99,George Selvie,2010,226,7,STL,17,17,Below Avg
George Wrighster,TE,Oregon,71.4,66.9,74.4,george wrighster,TE,WrigGe00,George Wrighster,2003,104,4,JAX,8,8,Good
Gerald Alexander,DB,Boise State,76.8,70.1,75.6,gerald alexander,CB,AlexGe99,Gerald Alexander,2007,61,2,DET,11,11,Good
Gerald Christian,TE,Louisville,62.7,51,70,gerald christian,TE,ChriGe00,Gerald Christian,2015,256,7,ARI,0,0,Average
Gerald Everett,TE,South Alabama,93.9,90.1,89.9,gerald everett,TE,EverGe00,Gerald Everett,2017,44,2,LAR,22,22,Elite
Gerald Hayes,LB,Pittsburgh,69.4,61.3,68.4,gerald hayes,LB,HayeGe20,Gerald Hayes,2003,70,3,ARI,27,27,Average
Gerald Hodges,ILB,Penn State,72.5,68.1,70.8,gerald hodges,LB,HodgGe00,Gerald Hodges,2013,120,4,MIN,18,18,Good
Gerald McCoy,DT,Oklahoma,83.8,73.7,86.8,gerald mccoy,DL,McCoGe99,Gerald McCoy,2010,3,1,TAM,69,69,Good
Gerald McRath,LB,Southern Mississippi,72.8,70.6,68.9,gerald mcrath,LB,McRaGe99,Gerald McRath,2009,130,4,TEN,7,7,Good
Geremy Davis,WR,Connecticut,66.3,76.1,55.4,geremy davis,WR,DaviGe00,Geremy Davis,2015,186,6,NYG,0,0,Average
Germaine Pratt,LB,N.C. State,78.5,76.3,78.3,germaine pratt,LB,PratGe00,Germaine Pratt,2019,72,3,CIN,45,45,Good
Gerome Sapp,DB,Notre Dame,63.3,63.2,57.6,gerome sapp,CB,SappGe20,Gerome Sapp,2003,182,6,BAL,6,6,Average
Geron Christian,OT,Louisville,65.7,57.4,67.8,geron christian,OT,ChriGe01,Geron Christian,2018,74,3,WAS,12,12,Average
Gerri Green,DE,Mississippi State,60.5,70.6,51.9,gerri green,EDGE,GreeGe00,Gerri Green,2019,199,6,IND,0,0,Average
Gibril Wilson,DB,Tennessee,67.6,72.3,59.7,gibril wilson,CB,WilsGi20,Gibril Wilson,2004,136,5,NYG,32,32,Average
Gilbert Gardner,LB,Purdue,73.9,74.5,68.4,gilbert gardner,LB,GardGi20,Gilbert Gardner,2004,69,3,IND,8,8,Good
Giovani Bernard,RB,North Carolina,79.4,68.3,82.5,giovani bernard,RB,BernGi00,Giovani Bernard,2013,37,2,CIN,42,42,Good
Glen Coffee,RB,Alabama,68.5,62.4,64.2,glen coffee,RB,CoffGl00,Glen Coffee,2009,74,3,SFO,2,2,Average
Glenn Dorsey,DT,LSU,81.5,54.5,93,glenn dorsey,DL,DorsGl99,Glenn Dorsey,2008,5,1,KAN,37,37,Good
Golden Tate,WR,Notre Dame,83.6,75.2,92.1,golden tate,WR,TateGo00,Golden Tate,2010,60,2,SEA,58,58,Good
Gosder Cherilus,T,Boston College,75.8,62.3,80.1,gosder cherilus,OT,CherGo20,Gosder Cherilus,2008,17,1,DET,48,48,Good
Grady Jarrett,DT,Clemson,80.4,84.8,75.4,grady jarrett,DL,JarrGr00,Grady Jarrett,2015,137,5,ATL,57,57,Good
Graham Glasgow,C,Michigan,76,73.5,69.2,graham glasgow,IOL,GlasGr00,Graham Glasgow,2016,95,3,DET,48,48,Good
Grant Calcaterra,TE,SMU,69.2,77.2,57.2,grant calcaterra,TE,CalcGr00,Grant Calcaterra,2022,198,6,PHI,5,5,Average
Grant Delpit,SAF,LSU,81.1,79.7,78.5,grant delpit,S,DelpGr00,Grant Delpit,2020,44,2,CLE,26,26,Good
Grant Stuard,LB,Houston,58.2,71.5,52.7,grant stuard,LB,StuaGr00,Grant Stuard,2021,259,7,TAM,7,7,Below Avg
Greedy Williams,CB,LSU,94.1,96.2,82.1,greedy williams,CB,WillGr00,Greedy Williams,2019,46,2,CLE,8,8,Elite
Greg Bell,RB,San Diego State,52.9,57.1,52.5,greg bell,RB,BellGr00,Greg Bell,1984,26,1,BUF,38,38,Below Avg
Greg Blue,DB,Georgia,71,65.5,71.3,greg blue,CB,BlueGr20,Greg Blue,2006,149,5,MIN,2,2,Good
Greg Dulcich,TE,UCLA,87.7,77.9,99,greg dulcich,TE,DulcGr00,Greg Dulcich,2022,80,3,DEN,6,6,Good
Greg Eslinger,C,Minnesota,66.8,70.7,58.3,greg eslinger,IOL,NA,Greg Eslinger,2006,198,6,DEN,NA,NA,Average
Greg Gaines,DT,Washington,74.3,71.3,71.9,greg gaines,DL,GainGr00,Greg Gaines,2019,134,4,LAR,19,19,Good
Greg Hardy,DE,Mississippi,64.7,63,70.7,greg hardy,EDGE,HardGr99,Greg Hardy,2010,175,6,CAR,33,33,Average
Greg Jennings,WR,Western Michigan,83.1,73.3,85.6,greg jennings,WR,JennGr00,Greg Jennings,2006,52,2,GNB,66,66,Good
Greg Little,T,Mississippi,74.3,62.7,75.2,greg little,OT,LittGr01,Greg Little,2019,37,2,CAR,8,8,Good
Greg Little,WR,North Carolina,75.1,73.4,66.8,greg little,WR,LittGr00,Greg Little,2011,59,2,CLE,12,12,Good
Greg Lloyd,LB,Connecticut,53.5,53.6,52.4,greg lloyd,LB,LloyGr01,Greg Lloyd,2011,237,7,PHI,0,0,Below Avg
Greg McElroy,QB,Alabama,64.8,61.9,68.7,greg mcelroy,QB,McElGr00,Greg McElroy,2011,208,7,NYJ,1,1,Average
Greg Newsome II,CB,Northwestern,83.3,85,73.6,greg newsome,CB,NewsGr00,Greg Newsome II,2021,26,1,CLE,19,19,Good
Greg Olsen,TE,Miami,83.6,82.8,74.9,greg olsen,TE,OlseGr00,Greg Olsen,2007,31,1,CHI,60,60,Good
Greg Robinson,OT,Auburn,86,85.4,84.3,greg robinson,OT,RobiGr01,Greg Robinson,2014,2,1,STL,24,24,Good
Greg Salas,WR,Hawaii,75.6,70.1,85.9,greg salas,WR,SalaGr00,Greg Salas,2011,112,4,STL,4,4,Good
Greg Senat,T,Wagner,55,57.6,52.5,greg senat,OT,SenaGr00,Greg Senat,2018,212,6,BAL,1,1,Below Avg
Greg Stroman,CB,Virginia Tech,62.4,57.1,63.2,greg stroman,CB,StroGr00,Greg Stroman,2018,241,7,WAS,4,4,Average
Guss Scott,DB,Florida,75.2,77.5,67.3,guss scott,CB,ScotGu20,Guss Scott,2004,95,3,NWE,1,1,Good
Hakeem Adeniji,OT,Kansas,72.6,80.1,60.5,hakeem adeniji,OT,AdenHa00,Hakeem Adeniji,2020,180,6,CIN,10,10,Good
Hakeem Butler,WR,Iowa State,76.8,78.4,73,hakeem butler,WR,ButlHa00,Hakeem Butler,2019,103,4,ARI,0,0,Good
Hakeem Nicks,WR,North Carolina,79.3,60.2,83.3,hakeem nicks,WR,NickHa01,Hakeem Nicks,2009,29,1,NYG,40,40,Good
Hall Davis,DE,Louisiana-Lafayette,62.2,63.1,52.5,hall davis,EDGE,DaviHa21,Hall Davis,2010,149,5,STL,0,0,Average
Haloti Ngata,DT,Oregon,86.7,86.3,85.4,haloti ngata,DL,NgatHa20,Haloti Ngata,2006,12,1,BAL,100,100,Good
Hamza Abdullah,DB,Washington State,63.2,64.6,55.8,hamza abdullah,CB,AbduHa20,Hamza Abdullah,2005,231,7,TAM,5,5,Average
Hanik Milligan,DB,Houston,70,79.8,57.6,hanik milligan,CB,MillHa99,Hanik Milligan,2003,188,6,SDG,6,6,Good
Hardy Nickerson,MLB,Illinois,58,59.8,59.5,hardy nickerson,LB,NickHa00,Hardy Nickerson,1987,122,5,PIT,97,97,Below Avg
Harlan Miller,CB,Southeastern Louisiana,62.9,51,65.7,harlan miller,CB,MillHa00,Harlan Miller,2016,205,6,ARI,2,2,Average
Harrison Bryant,TE,Florida Atlantic,77.6,55.8,93,harrison bryant,TE,BryaHa00,Harrison Bryant,2020,115,4,CLE,7,7,Good
Harrison Hand,CB,Temple,70.2,76.5,62.7,harrison hand,CB,HandHa00,Harrison Hand,2020,169,5,MIN,2,2,Good
Harrison Phillips,DT,Stanford,84.9,81.6,85.3,harrison phillips,DL,PhilHa00,Harrison Phillips,2018,96,3,BUF,35,35,Good
Harry Douglas,WR,Louisville,73.8,66.2,73.8,harry douglas,WR,DougHa00,Harry Douglas,2008,84,3,ATL,31,31,Good
Hassan Haskins,RB,Michigan,72.2,77.3,71.8,hassan haskins,RB,HaskHa00,Hassan Haskins,2022,131,4,TEN,2,2,Good
Hassan Ridgeway,DT,Texas,72.8,64.9,76.5,hassan ridgeway,DL,RidgHa00,Hassan Ridgeway,2016,116,4,IND,13,13,Good
Hau'oli Kikaha,DE,Washington,76.6,60.1,90.6,hau'oli kikaha,EDGE,KikaHa00,Hau'oli Kikaha,2015,44,2,NOR,5,5,Good
Hayden Hurst,TE,South Carolina,75,71.7,59.7,hayden hurst,TE,HursHa00,Hayden Hurst,2018,25,1,BAL,17,17,Good
Hayes Pullard,MLB,USC,67.6,60.7,71.9,hayes pullard,LB,PullHa00,Hayes Pullard,2015,219,7,CLE,9,9,Average
H.B. Blades,ILB,Pittsburgh,65.4,70.5,58,hb blades,LB,BladH.99,H.B. Blades,2007,179,6,WAS,9,9,Average
Heath Miller,TE,Virginia,78.8,70.7,74.2,heath miller,TE,MillHe00,Heath Miller,2005,30,1,PIT,45,45,Good
Henry Anderson,DE,Stanford,84.6,79.7,87.9,henry anderson,EDGE,AndeHe00,Henry Anderson,2015,93,3,IND,21,21,Good
Henry Ruggs III,WR,Alabama,89.9,99,76.5,henry ruggs,WR,RuggHe00,Henry Ruggs III,2020,12,1,LVR,8,8,Good
Hjalte Froholdt,C,Arkansas,72.8,81.7,61.3,hjalte froholdt,IOL,FrohHj00,Hjalte Froholdt,2019,118,4,NWE,24,24,Good
Howard Wilson,CB,Houston,71.4,67.2,69.9,howard wilson,CB,WilsHo00,Howard Wilson,2017,126,4,CLE,NA,NA,Good
Hroniss Grasu,C,Oregon,69.7,54.1,71.1,hroniss grasu,IOL,GrasHr00,Hroniss Grasu,2015,71,3,CHI,8,8,Average
Hugh Thornton,G,Illinois,78.6,91.5,68.1,hugh thornton,IOL,ThorHu00,Hugh Thornton,2013,86,3,IND,16,16,Good
Hunter Henry,TE,Arkansas,83.4,69.9,91.9,hunter henry,TE,HenrHu00,Hunter Henry,2016,35,2,SDG,37,37,Good
Hunter Long,TE,Boston College,78,72,81.6,hunter long,TE,LongHu00,Hunter Long,2021,81,3,MIA,2,2,Good
Hunter Renfrow,WR,Clemson,63.3,63.8,54.5,hunter renfrow,WR,RenfHu00,Hunter Renfrow,2019,149,5,OAK,22,22,Average
Ian Book,QB,Notre Dame,72.4,74.4,70.7,ian book,QB,BookIa00,Ian Book,2021,133,4,NOR,0,0,Good
Ian Scott,NT,Florida,64.7,60.1,62.2,ian scott,DL,ScotIa20,Ian Scott,2003,116,4,CHI,22,22,Average
Ian Thomas,TE,Indiana,70.5,73.1,56.3,ian thomas,TE,ThomIa00,Ian Thomas,2018,101,4,CAR,8,8,Good
Ifo Ekpre-Olomu,CB,Oregon,71.7,65.4,72.1,ifo ekpre-olomu,CB,EkprIf00,Ifo Ekpre-Olomu,2015,241,7,CLE,NA,NA,Good
Ihmir Smith-Marsette,WR,Iowa,67.9,69.6,64.5,ihmir smith-marsette,WR,SmitIh00,Ihmir Smith-Marsette,2021,157,5,MIN,4,4,Average
Ikem Ekwonu,OT,N.C. State,88.2,80.3,89.2,ikem ekwonu,OT,EkwoIk00,Ikem Ekwonu,2022,6,1,CAR,25,25,Good
Iman Marshall,CB,USC,71.3,66.6,68.9,iman marshall,CB,MarsIm00,Iman Marshall,2019,127,4,BAL,0,0,Good
Ingle Martin,QB,Furman,65.8,78.4,52.4,ingle martin,QB,MartIn00,Ingle Martin,2006,148,5,GNB,0,0,Average
Irv Smith,TE,Alabama,81.2,71.6,83.6,irv smith,TE,SmitIr01,Irv Smith Jr.,2019,50,2,MIN,9,9,Good
Isaac Asiata,G,Utah,71.1,71.2,65.2,isaac asiata,IOL,AsiaIs00,Isaac Asiata,2017,164,5,MIA,0,0,Good
Isaac Nauta,TE,Georgia,64.8,51,69.8,isaac nauta,TE,NautIs00,Isaac Nauta,2019,224,7,DET,0,0,Average
Isaac Seumalo,G,Oregon State,74.3,79.1,65.6,isaac seumalo,IOL,SeumIs00,Isaac Seumalo,2016,79,3,PHI,39,39,Good
Isaac Sopoaga,NT,Hawaii,72.2,79,62.2,isaac sopoaga,DL,SopoIs20,Isaac Sopoaga,2004,104,4,SFO,38,38,Good
Isaac Yiadom,CB,Boston College,68.5,64,67.2,isaac yiadom,CB,YiadIs00,Isaac Yiadom,2018,99,3,DEN,16,16,Average
Isaiah Buggs,DT,Alabama,67,51,74.8,isaiah buggs,DL,BuggIs00,Isaiah Buggs,2019,192,6,PIT,11,11,Average
Isaiah Coulter,WR,Rhode Island,70.1,73.4,62,isaiah coulter,WR,CoulIs00,Isaiah Coulter,2020,171,5,HOU,0,0,Good
Isaiah Ford,WR,Virginia Tech,72.8,66.9,74.8,isaiah ford,WR,FordIs00,Isaiah Ford,2017,237,7,MIA,5,5,Good
Isaiah Hodgins,WR,Oregon State,73.1,67.2,75.1,isaiah hodgins,WR,HodgIs00,Isaiah Hodgins,2020,207,6,BUF,6,6,Good
Isaiah Johnson,CB,Houston,73.6,89.2,62.8,isaiah johnson,CB,JohnIs02,Isaiah Johnson,2019,129,4,OAK,1,1,Good
Isaiah Likely,TE,Coastal Carolina,78.6,62.3,99,isaiah likely,TE,LikeIs00,Isaiah Likely,2022,139,4,BAL,15,15,Good
Isaiah McDuffie,LB,Boston College,66.1,68.9,59.8,isaiah mcduffie,LB,McDuIs00,Isaiah McDuffie,2021,220,6,GNB,19,19,Average
Isaiah McKenzie,WR,Georgia,73.5,85.1,63.1,isaiah mckenzie,WR,McKeIs00,Isaiah McKenzie,2017,172,5,DEN,15,15,Good
Isaiah Pead,RB,Cincinnati,75,67.7,74.8,isaiah pead,RB,PeadIs00,Isaiah Pead,2012,50,2,STL,1,1,Good
Isaiah Prince,OT,Ohio State,69.2,69.7,63,isaiah prince,OT,PrinIs00,Isaiah Prince,2019,202,6,MIA,4,4,Average
Isaiah Simmons,LB,Clemson,99,99,99,isaiah simmons,LB,SimmIs00,Isaiah Simmons,2020,8,1,ARI,20,20,Elite
Isaiah Spiller,RB,Texas A&M,73,64.5,71.6,isaiah spiller,RB,SpilIs00,Isaiah Spiller,2022,123,4,LAC,1,1,Good
Isaiah Thomas,DE,Oklahoma,68.3,74.7,63.8,isaiah thomas,EDGE,ThomIs01,Isaiah Thomas,2022,223,7,CLE,1,1,Average
Isaiah Wilson,OT,Georgia,74.8,71.9,72,isaiah wilson,OT,WilsIs00,Isaiah Wilson,2020,29,1,TEN,0,0,Good
Isiah Pacheco,RB,Rutgers,61.7,83.1,51.5,isiah pacheco,RB,PachIs00,Isiah Pacheco,2022,251,7,KAN,21,21,Average
Israel Mukuamu,CB,South Carolina,70.5,63.2,69.7,israel mukuamu,CB,MukuIs00,Israel Mukuamu,2021,227,6,DAL,4,4,Good
J'Mon Moore,WR,Missouri,73.9,70.3,73.3,j'mon moore,WR,MoorJM00,J'Mon Moore,2018,133,4,GNB,0,0,Good
Ja'Marr Chase,WR,LSU,96.9,95.7,96.5,ja'marr chase,WR,ChasJa00,Ja'Marr Chase,2021,5,1,CIN,58,58,Elite
Ja'Tyre Carter,G,Southern,67.2,73.3,56.6,ja'tyre carter,IOL,CartJa04,Ja'Tyre Carter,2022,226,7,CHI,2,2,Average
Ja'Wuan James,OT,Tennessee,75.9,66.5,75.9,ja'wuan james,OT,JameJa01,Ja'Wuan James,2014,19,1,MIA,27,27,Good
Jabaal Sheard,DE,Pittsburgh,71.7,65.6,72.5,jabaal sheard,EDGE,SheaJa00,Jabaal Sheard,2011,37,2,CLE,47,47,Good
Jabari Price,CB,North Carolina,62,71.8,54.3,jabari price,CB,PricJa00,Jabari Price,2014,225,7,MIN,1,1,Average
Jabari Zuniga,DE,Florida,77.4,81.6,71.8,jabari zuniga,EDGE,ZuniJa00,Jabari Zuniga,2020,79,3,NYJ,1,1,Good
Jabril Cox,ILB,LSU,78.4,78.4,77.1,jabril cox,LB,CoxxJa00,Jabril Cox,2021,115,4,DAL,3,3,Good
Jabrill Peppers,FS,Michigan,83.8,79.9,77,jabrill peppers,S,PeppJa00,Jabrill Peppers,2017,25,1,CLE,32,32,Good
Jace Amaro,TE,Texas Tech,82.3,73.5,91.4,jace amaro,TE,AmarJa00,Jace Amaro,2014,49,2,NYJ,4,4,Good
Jace Sternberger,TE,Texas A&M,77.5,67.2,89.6,jace sternberger,TE,SterJa00,Jace Sternberger,2019,75,3,GNB,1,1,Good
Jack Anderson,G,Texas Tech,65.8,68.5,59.4,jack anderson,IOL,AndeJa01,Jack Anderson,2021,236,7,BUF,2,2,Average
Jack Cichy,ILB,Wisconsin,73.8,74.5,68.8,jack cichy,LB,CichJa00,Jack Cichy,2018,202,6,TAM,0,0,Good
Jack Conklin,OT,Michigan State,88.9,80.5,91.3,jack conklin,OT,ConkJa00,Jack Conklin,2016,8,1,TEN,55,55,Good
Jack Ikegwuonu,CB,Wisconsin,60.7,58.6,58.1,jack ikegwuonu,CB,IkegJa99,Jack Ikegwuonu,2008,131,4,PHI,0,0,Average
Jack Jones,CB,Arizona State,62.3,69.3,53.3,jack jones,CB,JoneJa10,Jack Jones,2022,121,4,NWE,15,15,Average
Jack Tocho,CB,N.C. State,63.6,74.9,58.8,jack tocho,CB,TochJa00,Jack Tocho,2017,245,7,MIN,NA,NA,Average
Jack Williams,CB,Kent State,75.9,80.7,73.5,jack williams,CB,WillJa96,Jack Williams,2008,119,4,DEN,2,2,Good
Jackson Barton,OT,Utah,62.9,75.7,50,jackson barton,OT,BartJa00,Jackson Barton,2019,240,7,IND,1,1,Average
Jackson Carman,OT,Clemson,74,60.8,75,jackson carman,OT,CarmJa00,Jackson Carman,2021,46,2,CIN,5,5,Good
Jacob Bell,G,Miami (Ohio),67.5,71.1,60.5,jacob bell,IOL,BellJa20,Jacob Bell,2004,138,5,TEN,32,32,Average
Jacob Eason,QB,Washington,68.6,58,71.3,jacob eason,QB,EasoJa00,Jacob Eason,2020,122,4,IND,0,0,Average
Jacob Ford,DE,Central Arkansas,64.8,72.3,57.2,jacob ford,EDGE,FordJa99,Jacob Ford,2007,204,6,TEN,7,7,Average
Jacob Phillips,LB,LSU,73.8,73,71.1,jacob phillips,LB,PhilJa01,Jacob Phillips,2020,97,3,CLE,5,5,Good
Jacob Rogers,T,USC,78.3,78.6,74.8,jacob rogers,OT,RogeJa20,Jacob Rogers,2004,52,2,DAL,0,0,Good
Jacob Tamme,TE,Kentucky,72.3,73.2,68.7,jacob tamme,TE,TammJa00,Jacob Tamme,2008,127,4,IND,21,21,Good
Jacoby Brissett,QB,N.C. State,70,62,66.8,jacoby brissett,QB,BrisJa00,Jacoby Brissett,2016,91,3,NWE,42,42,Good
Jacoby Ford,WR,Clemson,74.4,80.6,68.6,jacoby ford,WR,FordJa01,Jacoby Ford,2010,108,4,OAK,12,12,Good
Jacoby Jones,WR,Lane College,70.2,62.7,66.4,jacoby jones,WR,JoneJa03,Jacoby Jones,2007,73,3,HOU,30,30,Good
JaCorey Shepherd,CB,Kansas,66.2,63.3,67.3,jacorey shepherd,CB,ShepJa00,JaCorey Shepherd,2015,191,6,PHI,1,1,Average
Jacquizz Rodgers,RB,Oregon State,64.7,51.7,76.8,jacquizz rodgers,RB,RodgJa00,Jacquizz Rodgers,2011,145,5,ATL,24,24,Average
Jadeveon Clowney,OLB,South Carolina,92.2,82.3,96.4,jadeveon clowney,EDGE,ClowJa00,Jadeveon Clowney,2014,1,1,HOU,63,63,Elite
Jaelen Strong,WR,Arizona State,82.7,84.3,78.8,jaelen strong,WR,StroJa01,Jaelen Strong,2015,70,3,HOU,2,2,Good
Jaelon Darden,WR,North Texas,76.4,74.3,84.3,jaelon darden,WR,DardJa00,Jaelon Darden,2021,129,4,TAM,0,0,Good
Jah Reid,OT,UCF,70.4,81.6,58.3,jah reid,OT,ReidJa00,Jah Reid,2011,85,3,BAL,10,10,Good
Jahan Dotson,WR,Penn State,81.7,68.3,82.5,jahan dotson,WR,DotsJa00,Jahan Dotson,2022,16,1,WAS,12,12,Good
Jahlani Tavai,LB,Hawaii,70.4,70.6,68.3,jahlani tavai,LB,TavaJa00,Jahlani Tavai,2019,43,2,DET,34,34,Good
Jahvid Best,RB,California,88.5,81,89.4,jahvid best,RB,BestJa00,Jahvid Best,2010,30,1,DET,13,13,Good
Jaire Alexander,CB,Louisville,87.6,85.2,85.1,jaire alexander,CB,AlexJa00,Jaire Alexander,2018,18,1,GNB,34,34,Good
Jake Bequette,DE,Arkansas,72.4,83.8,64.2,jake bequette,EDGE,BequJa00,Jake Bequette,2012,90,3,NWE,0,0,Good
Jake Butt,TE,Michigan,71.5,62,73.5,jake butt,TE,ButtJa00,Jake Butt,2017,145,5,DEN,1,1,Good
Jake Ferguson,TE,Wisconsin,75.3,69.6,80.2,jake ferguson,TE,FergJa00,Jake Ferguson,2022,129,4,DAL,19,19,Good
Jake Fisher,OT,Oregon,80.6,90.2,73.5,jake fisher,OT,FishJa00,Jake Fisher,2015,53,2,CIN,9,9,Good
Jake Fromm,QB,Georgia,68.4,58.2,69.6,jake fromm,QB,FromJa00,Jake Fromm,2020,167,5,BUF,1,1,Average
Jake Grove,C,Virginia Tech,76.2,65.4,76.5,jake grove,IOL,GrovJa20,Jake Grove,2004,45,2,OAK,20,20,Good
Jake Hanson,C,Oregon,52.7,53.5,55.4,jake hanson,IOL,HansJa00,Jake Hanson,2020,208,6,GNB,4,4,Below Avg
Jake Locker,QB,Washington,81.4,87.6,74.2,jake locker,QB,LockJa00,Jake Locker,2011,8,1,TEN,15,15,Good
Jake Long,T,Michigan,87.4,74.2,97.3,jake long,OT,LongJa20,Jake Long,2008,1,1,MIA,54,54,Good
Jake Luton,QB,Oregon State,61.1,61.9,63.3,jake luton,QB,LutoJa00,Jake Luton,2020,189,6,JAX,2,2,Average
Jake Matthews,OT,Texas A&M,91,82.1,94.1,jake matthews,OT,MattJa00,Jake Matthews,2014,6,1,ATL,75,75,Elite
Jake Scott,G,Idaho,65.5,59.6,60.5,jake scott,IOL,ScotJa21,Jake Scott,2004,141,5,IND,58,58,Average
Jaleel Johnson,DT,Iowa,66.7,53,73.6,jaleel johnson,DL,JohnJa09,Jaleel Johnson,2017,109,4,MIN,16,16,Average
Jaleel Scott,WR,New Mexico State,66.8,65,68,jaleel scott,WR,ScotJa02,Jaleel Scott,2018,132,4,BAL,0,0,Average
Jalen Collins,CB,LSU,78.9,67.3,81.7,jalen collins,CB,CollJa02,Jalen Collins,2015,42,2,ATL,4,4,Good
Jalen Hurd,WR,Baylor,73.7,65.3,72.8,jalen hurd,WR,HurdJa00,Jalen Hurd,2019,67,3,SFO,NA,NA,Good
Jalen Hurts,QB,Oklahoma,85.7,85.1,86.2,jalen hurts,QB,HurtJa00,Jalen Hurts,2020,53,2,PHI,79,79,Good
Jalen Jelks,DE,Oregon,63.9,56,66,jalen jelks,EDGE,JelkJa00,Jalen Jelks,2019,241,7,DAL,NA,NA,Average
Jalen Mayfield,G,Michigan,72.2,65.8,70.3,jalen mayfield,IOL,MayfJa00,Jalen Mayfield,2021,68,3,ATL,7,7,Good
Jalen Myrick,CB,Minnesota,69.1,87.2,61.3,jalen myrick,CB,MyriJa00,Jalen Myrick,2017,222,7,JAX,0,0,Average
Jalen Nailor,WR,Michigan State,69.7,71.3,68,jalen nailor,WR,NailJa00,Jalen Nailor,2022,191,6,MIN,9,9,Average
Jalen Parmele,RB,Toledo,74.1,89.1,61.5,jalen parmele,RB,ParmJa00,Jalen Parmele,2008,176,6,MIA,1,1,Good
Jalen Pitre,SAF,Baylor,80.8,85.4,78.9,jalen pitre,S,PitrJa00,Jalen Pitre,2022,37,2,HOU,21,21,Good
Jalen Ramsey,CB,Florida State,89.6,86.5,86.7,jalen ramsey,CB,RamsJa00,Jalen Ramsey,2016,5,1,JAX,84,84,Good
Jalen Reagor,WR,TCU,77.7,81.2,65.4,jalen reagor,WR,ReagJa00,Jalen Reagor,2020,21,1,PHI,10,10,Good
Jalen Reeves-Maybin,LB,Tennessee,61.2,54.8,64.9,jalen reeves-maybin,LB,ReevJa00,Jalen Reeves-Maybin,2017,124,4,DET,17,17,Average
Jalen Saunders,WR,Oklahoma,70.9,67.6,74.2,jalen saunders,WR,SaunJa00,Jalen Saunders,2014,104,4,NYJ,0,0,Good
Jalen Tolbert,WR,South Alabama,78.2,69.5,80.2,jalen tolbert,WR,TolbJa00,Jalen Tolbert,2022,88,3,DAL,9,9,Good
Jalil Brown,CB,Colorado,58.8,58.1,64.3,jalil brown,CB,BrowJa00,Jalil Brown,2011,118,4,KAN,4,4,Below Avg
Jalyn Armour-Davis,CB,Alabama,69.1,70,65.8,jalyn armour-davis,CB,ArmoJa00,Jalyn Armour-Davis,2022,119,4,BAL,5,5,Average
Jamaal Anderson,DE,Arkansas,84.1,73.5,91.4,jamaal anderson,EDGE,AndeJa98,Jamaal Anderson,2007,8,1,ATL,20,20,Good
Jamaal Charles,RB,Texas,81.8,78.8,80.8,jamaal charles,RB,CharJa00,Jamaal Charles,2008,73,3,KAN,66,66,Good
Jamaal Green,DE,Miami,75.5,84.8,61.7,jamaal green,EDGE,GreeJa20,Jamaal Green,2003,131,4,PHI,1,1,Good
Jamaal Williams,RB,BYU,62.7,60.2,62.7,jamaal williams,RB,WillJa06,Jamaal Williams,2017,134,4,GNB,33,33,Average
Jamaar Taylor,WR,Texas A&M,69.2,75,62.8,jamaar taylor,WR,TaylJa00,Jamaar Taylor,2004,168,6,NYG,1,1,Average
Jamar Chaney,LB,Mississippi State,73.2,87.4,59.9,jamar chaney,LB,ChanJa98,Jamar Chaney,2010,220,7,PHI,13,13,Good
Jamar Taylor,CB,Boise State,77.2,81.2,72.6,jamar taylor,CB,TaylJa01,Jamar Taylor,2013,54,2,MIA,18,18,Good
Jamar Wall,CB,Texas Tech,69.4,79.2,66.6,jamar wall,CB,WallJa99,Jamar Wall,2010,196,6,DAL,0,0,Average
Jamar Williams,LB,Arizona State,71.5,76.8,63,jamar williams,LB,WillJa21,Jamar Williams,2006,120,4,CHI,5,5,Good
Jamarco Jones,OT,Ohio State,63.8,51,67.1,jamarco jones,OT,JoneJa08,Jamarco Jones,2018,168,5,SEA,7,7,Average
JaMarcus Russell,QB,LSU,81.2,72.5,84.2,jamarcus russell,QB,RussJa00,JaMarcus Russell,2007,1,1,OAK,6,6,Good
Jamaree Salyer,G,Georgia,72,73,64.9,jamaree salyer,IOL,SalyJa00,Jamaree Salyer,2022,195,6,LAC,19,19,Good
Jameis Winston,QB,Florida State,76.7,61.3,81.8,jameis winston,QB,WinsJa00,Jameis Winston,2015,1,1,TAM,63,63,Good
Jamel Dean,CB,Auburn,86.9,98.5,76.1,jamel dean,CB,DeanJa00,Jamel Dean,2019,94,3,TAM,27,27,Good
Jamell Fleming,CB,Oklahoma,78,70.6,88,jamell fleming,CB,FlemJa00,Jamell Fleming,2012,80,3,ARI,5,5,Good
James Bradberry,CB,Samford,71.3,74.3,69.7,james bradberry,CB,BradJa00,James Bradberry,2016,62,2,CAR,46,46,Good
James Brown,T,Troy,56.6,63.5,54.7,james brown,OT,BrowJa21,James Brown,1992,82,3,DAL,39,39,Below Avg
James Conner,RB,Pittsburgh,72.8,65,78.3,james conner,RB,ConnJa00,James Conner,2017,105,3,PIT,49,49,Good
James Cook,RB,Georgia,77,73.8,74.7,james cook,RB,CookJa01,James Cook,2022,63,2,BUF,43,43,Good
James Daniels,G,Iowa,88,90.2,84.1,james daniels,IOL,DaniJa01,James Daniels,2018,39,2,CHI,29,29,Good
James Davis,RB,Clemson,65.1,62.3,64,james davis,RB,DaviJa03,James Davis,2009,195,6,CLE,1,1,Average
James Hanna,TE,Oklahoma,79.2,94.7,73.9,james hanna,TE,HannJa00,James Hanna,2012,186,6,DAL,3,3,Good
James Hardy,WR,Indiana,83.8,74.9,85,james hardy,WR,HardJa00,James Hardy,2008,41,2,BUF,1,1,Good
James Jones,WR,San Jose State,68.1,51.9,70,james jones,WR,JoneJa04,James Jones,2007,78,3,GNB,46,46,Average
James Laurinaitis,MLB,Ohio State,74.6,54.2,82.7,james laurinaitis,LB,LaurJa99,James Laurinaitis,2009,35,2,STL,51,51,Good
James Lee,DT,Oregon State,68.4,72.9,59.7,james lee,DL,LeexJa21,James Lee,2003,147,5,GNB,1,1,Average
James Lynch,DT,Baylor,77.1,76.7,77.8,james lynch,DL,LyncJa00,James Lynch,2020,130,4,MIN,6,6,Good
James Marten,OT,Boston College,74.6,81.5,66.8,james marten,OT,MartJa21,James Marten,2007,67,3,DAL,0,0,Good
James Mitchell,TE,Virginia Tech,71.7,80.4,60,james mitchell,TE,MitcJa00,James Mitchell,2022,177,5,DET,1,1,Good
James Morgan,QB,Florida International,66.3,58.6,63.5,james morgan,QB,MorgJa00,James Morgan,2020,125,4,NYJ,NA,NA,Average
James Proche,WR,SMU,71.2,64,78.2,james proche,WR,ProcJa00,James Proche,2020,201,6,BAL,4,4,Good
James Sample,FS,Louisville,72.6,67.1,77.7,james sample,S,SampJa00,James Sample,2015,104,4,JAX,1,1,Good
James Smith-Williams,DE,N.C. State,61.1,74.1,50,james smith-williams,EDGE,SmitJa08,James Smith-Williams,2020,229,7,WAS,15,15,Average
James Starks,RB,Buffalo,74.6,78.8,67.8,james starks,RB,StarJa00,James Starks,2010,193,6,GNB,26,26,Good
James Washington,WR,Oklahoma State,80.4,71.8,83.1,james washington,WR,WashJa00,James Washington,2018,60,2,PIT,11,11,Good
James White,RB,Wisconsin,66.1,60.7,71.2,james white,RB,WhitJa02,James White,2014,130,4,NWE,37,37,Average
James Wiggins,FS,Cincinnati,71.3,91.7,58.1,james wiggins,S,WiggJa00,James Wiggins,2021,243,7,ARI,0,0,Good
James Wilder Jr.,RB,Florida State,52.9,52.3,51,james wilder,RB,WildJa00,James Wilder,1981,34,2,TAM,63,63,Below Avg
James Williams,RB,Washington State,59.1,57,63.8,james williams,RB,NA,James Williams,1985,288,11,TAM,NA,NA,Below Avg
James Wyche,DE,Syracuse,65,67.7,68.6,james wyche,EDGE,WychJa00,James Wyche,2006,213,7,JAX,0,0,Average
James-Michael Johnson,LB,Nevada,66.7,66.2,63.2,james-michael johnson,LB,JohnJa04,James-Michael Johnson,2012,120,4,CLE,11,11,Average
Jameson Williams,WR,Alabama,95.8,94,91.2,jameson williams,WR,WillJa11,Jameson Williams,2022,12,1,DET,26,26,Elite
Jamie Harper,RB,Clemson,66.1,72.4,59.3,jamie harper,RB,HarpJa01,Jamie Harper,2011,130,4,TEN,1,1,Average
Jamil Douglas,G,Arizona State,65.5,61.9,61.3,jamil douglas,IOL,DougJa00,Jamil Douglas,2015,114,4,MIA,7,7,Average
Jamin Davis,LB,Kentucky,86.5,92.7,79.3,jamin davis,LB,DaviJa11,Jamin Davis,2021,19,1,WAS,16,16,Good
Jamison Crowder,WR,Duke,68.3,55.7,73.2,jamison crowder,WR,CrowJa00,Jamison Crowder,2015,105,4,WAS,33,33,Average
Jammal Brown,T,Oklahoma,82.5,81.7,80.1,jammal brown,OT,BrowJa55,Jammal Brown,2005,13,1,NOR,49,49,Good
Jammie Kirlew,DE,Indiana,60.9,51,73.5,jammie kirlew,EDGE,KirlJa99,Jammie Kirlew,2010,232,7,DEN,0,0,Average
Jamon Meredith,T,South Carolina,70.7,77.8,59.5,jamon meredith,OT,MereJa20,Jamon Meredith,2009,162,5,GNB,14,14,Good
Janarius Robinson,DE,Florida State,67.7,74.6,60.6,janarius robinson,EDGE,RobiJa04,Janarius Robinson,2021,134,4,MIN,2,2,Average
Jaquan Brisker,SAF,Penn State,85.8,81.5,85.1,jaquan brisker,S,BrisJa01,Jaquan Brisker,2022,48,2,CHI,15,15,Good
Jaquiski Tartt,SS,Samford,74.3,69,72.7,jaquiski tartt,S,TartJa00,Jaquiski Tartt,2015,46,2,SFO,21,21,Good
Jared Abbrederis,WR,Wisconsin,68.4,61.1,72.4,jared abbrederis,WR,AbbrJa00,Jared Abbrederis,2014,176,5,GNB,1,1,Average
Jared Allen,DE,Idaho State,70.3,73.9,61.7,jared allen,EDGE,AlleJa22,Jared Allen,2004,126,4,KAN,101,101,Good
Jared Clauss,DT,Iowa,52.3,51,55.7,jared clauss,DL,ClauJa20,Jared Clauss,2004,230,7,TEN,3,3,Below Avg
Jared Cook,TE,South Carolina,86.2,96.8,79.7,jared cook,TE,CookJa02,Jared Cook,2009,89,3,TEN,48,48,Good
Jared Crick,DE,Nebraska,66,55.3,68,jared crick,EDGE,CricJa00,Jared Crick,2012,126,4,HOU,28,28,Average
Jared Goff,QB,California,79.4,66.2,87.9,jared goff,QB,GoffJa00,Jared Goff,2016,1,1,LAR,106,106,Good
Jared Odrick,DE,Penn State,77.4,73.8,76.8,jared odrick,EDGE,OdriJa99,Jared Odrick,2010,28,1,MIA,29,29,Good
Jared Veldheer,T,Hillsdale,78,87.7,69.6,jared veldheer,OT,VeldJa20,Jared Veldheer,2010,69,3,OAK,45,45,Good
Jarett Dillard,WR,Rice,72,61.6,86.5,jarett dillard,WR,DillJa00,Jarett Dillard,2009,144,5,JAX,4,4,Good
Jarius Wright,WR,Arkansas,76.3,79.4,77,jarius wright,WR,WrigJa02,Jarius Wright,2012,118,4,MIN,24,24,Good
Jarrad Davis,ILB,Florida,81.1,83.2,77.5,jarrad davis,LB,DaviJa01,Jarrad Davis,2017,21,1,DET,22,22,Good
Jarran Reed,DT,Alabama,75.7,62.9,77.6,jarran reed,DL,ReedJa02,Jarran Reed,2016,49,2,SEA,48,48,Good
Jarret Johnson,OLB,Alabama,64.8,51,61.7,jarret johnson,EDGE,JohnJa23,Jarret Johnson,2003,109,4,BAL,55,55,Average
Jarrett Stidham,QB,Auburn,69.6,66.4,67.9,jarrett stidham,QB,StidJa00,Jarrett Stidham,2019,133,4,NWE,6,6,Average
Jarron Gilbert,DT,San Jose State,81.7,83,77.7,jarron gilbert,DL,GilbJa99,Jarron Gilbert,2009,68,3,CHI,0,0,Good
Jarvis Harrison,OG,Texas A&M,75.2,82,67.1,jarvis harrison,IOL,HarrJa02,Jarvis Harrison,2015,152,5,NYJ,NA,NA,Good
Jarvis Jones,LB,Georgia,85.7,76,97.7,jarvis jones,LB,JoneJa05,Jarvis Jones,2013,17,1,PIT,17,17,Good
Jarvis Landry,WR,LSU,70.7,51,74.6,jarvis landry,WR,LandJa00,Jarvis Landry,2014,63,2,MIA,56,56,Good
Jarvis Moss,DE,Florida,76.8,64.6,79.9,jarvis moss,EDGE,MossJa99,Jarvis Moss,2007,17,1,DEN,3,3,Good
Jason Allen,DB,Tennessee,82.7,85.4,81.5,jason allen,CB,AlleJa23,Jason Allen,2006,16,1,MIA,13,13,Good
Jason Avant,WR,Michigan,68.8,65.4,68.8,jason avant,WR,AvanJa00,Jason Avant,2006,109,4,PHI,29,29,Average
Jason Brown,C,North Carolina,72.3,80.6,63.1,jason brown,IOL,BrowJa23,Jason Brown,2005,124,4,BAL,30,30,Good
Jason Campbell,QB,Auburn,80.6,82.7,77.4,jason campbell,QB,CampJa00,Jason Campbell,2005,25,1,WAS,48,48,Good
Jason Fox,T,Miami,67.8,67,61.9,jason fox,OT,FoxxJa20,Jason Fox,2010,128,4,DET,9,9,Average
Jason Hatcher,DE,Grambling State,71.8,71.5,66.4,jason hatcher,EDGE,HatcJa20,Jason Hatcher,2006,92,3,DAL,34,34,Good
Jason Hill,WR,Washington State,79.3,83.9,75.3,jason hill,WR,HillJa00,Jason Hill,2007,76,3,SFO,9,9,Good
Jason Jefferson,DT,Wisconsin,66.3,70,57.5,jason jefferson,DL,JeffJa21,Jason Jefferson,2005,193,6,NOR,3,3,Average
Jason Jones,DE,Eastern Michigan,76.6,72.9,77.5,jason jones,EDGE,JoneJa99,Jason Jones,2008,54,2,TEN,32,32,Good
Jason Kelce,C,Cincinnati,73.5,92.2,58.3,jason kelce,IOL,KelcJa00,Jason Kelce,2011,191,6,PHI,102,102,Good
Jason Pierre-Paul,DE,University of South Florida,77.9,68.1,75.2,jason pierre-paul,EDGE,PierJa99,Jason Pierre-Paul,2010,15,1,NYG,74,74,Good
Jason Pociask,TE,Wisconsin,65,62.4,60.9,jason pociask,TE,PociJa00,Jason Pociask,2006,150,5,NYJ,0,0,Average
Jason Smith,T,Baylor,80.9,70.4,85.3,jason smith,OT,SmitJa22,Jason Smith,2009,2,1,STL,10,10,Good
Jason Spitz,C,Louisville,73.9,73.2,68.1,jason spitz,IOL,SpitJa20,Jason Spitz,2006,75,3,GNB,24,24,Good
Jason Spriggs,T,Indiana,80.3,91.2,71.7,jason spriggs,OT,SpriJa00,Jason Spriggs,2016,48,2,GNB,9,9,Good
Jason Strowbridge,DE,North Carolina,63.6,64.4,58.1,jason strowbridge,EDGE,StroJa02,Jason Strowbridge,2020,154,5,MIA,1,1,Average
Jason Verrett,CB,TCU,90.6,93.7,82.9,jason verrett,CB,VerrJa00,Jason Verrett,2014,25,1,SDG,17,17,Elite
Jason Witten,TE,Tennessee,79.3,80.1,78,jason witten,TE,WittJa00,Jason Witten,2003,69,3,DAL,80,80,Good
Jason Worilds,OLB,Virginia Tech,79.3,78.1,77,jason worilds,EDGE,WoriJa99,Jason Worilds,2010,52,2,PIT,22,22,Good
Jasper Brinkley,MLB,South Carolina,72.6,70.7,70.3,jasper brinkley,LB,BrinJa99,Jasper Brinkley,2009,150,5,MIN,21,21,Good
Jauan Jennings,WR,Tennessee,59.8,52.1,65.3,jauan jennings,WR,JennJa00,Jauan Jennings,2020,217,7,SFO,21,21,Below Avg
Javarris Williams,RB,Tennessee State,66.4,73,57.2,javarris williams,RB,WillJa05,Javarris Williams,2009,212,7,KAN,0,0,Average
Javier Arenas,CB,Alabama,77.4,57.7,92.6,javier arenas,CB,ArenJa99,Javier Arenas,2010,50,2,KAN,9,9,Good
Javon Hargrave,NT,South Carolina State,72,77.2,62.9,javon hargrave,DL,HargJa00,Javon Hargrave,2016,89,3,PIT,59,59,Good
Javon Kinlaw,DT,South Carolina,82.7,76.3,81.1,javon kinlaw,DL,KinlJa00,Javon Kinlaw,2020,14,1,SFO,27,27,Good
Javon Patterson,C,Mississippi,60.5,70.1,52.5,javon patterson,IOL,PattJa00,Javon Patterson,2019,246,7,IND,0,0,Average
Javon Ringer,RB,Michigan State,69.8,61.4,78.8,javon ringer,RB,RingJa00,Javon Ringer,2009,173,5,TEN,5,5,Average
Javon Wims,WR,Georgia,57.5,63.1,60.9,javon wims,WR,WimsJa00,Javon Wims,2018,224,7,CHI,1,1,Below Avg
Javonte Williams,RB,North Carolina,82.9,75.8,81.7,javonte williams,RB,WillJa10,Javonte Williams,2021,35,2,DEN,28,28,Good
Javorius Allen,RB,USC,75.7,75.7,73,javorius allen,RB,AlleJa01,Javorius Allen,2015,125,4,BAL,14,14,Good
Jawaan Taylor,OT,Florida,80.9,74,84,jawaan taylor,OT,TaylJa02,Jawaan Taylor,2019,35,2,JAX,42,42,Good
Jawan Jamison,RB,Rutgers,54.4,51,58.7,jawan jamison,RB,JamiJa00,Jawan Jamison,2013,228,7,WAS,NA,NA,Below Avg
Jay Ajayi,RB,Boise State,80.6,73.1,81.1,jay ajayi,RB,AjayJa00,Jay Ajayi,2015,149,5,MIA,19,19,Good
Jay Alford,NT,Penn State,65.1,53.6,67.2,jay alford,DL,AlfoJa99,Jay Alford,2007,81,3,NYG,4,4,Average
Jay Bromley,DT,Syracuse,73.4,71,73.6,jay bromley,DL,BromJa00,Jay Bromley,2014,74,3,NYG,5,5,Good
Jay Cutler,QB,Vanderbilt,78.2,74.6,76.4,jay cutler,QB,CutlJa00,Jay Cutler,2006,11,1,DEN,86,86,Good
Jay Tufele,DT,USC,72.2,70.8,69.6,jay tufele,DL,TufeJa00,Jay Tufele,2021,106,4,JAX,5,5,Good
Jaycee Horn,CB,South Carolina,91.6,86.6,86,jaycee horn,CB,HornJa00,Jaycee Horn,2021,8,1,CAR,22,22,Elite
Jaye Howard,DT,Florida,77.5,79.3,76.3,jaye howard,DL,HowaJa00,Jaye Howard,2012,114,4,SEA,17,17,Good
Jaylen Twyman,DT,Pittsburgh,74.7,80.6,69.4,jaylen twyman,DL,TwymJa00,Jaylen Twyman,2021,199,6,MIN,NA,NA,Good
Jaylen Waddle,WR,Alabama,88.5,88.2,83.3,jaylen waddle,WR,WaddJa00,Jaylen Waddle,2021,6,1,MIA,41,41,Good
Jaylen Watson,CB,Washington State,61.4,66.9,53.6,jaylen watson,CB,WatsJa02,Jaylen Watson,2022,243,7,KAN,13,13,Average
Jaylinn Hawkins,SAF,California,68.3,74.7,63.8,jaylinn hawkins,S,HawkJa00,Jaylinn Hawkins,2020,134,4,ATL,17,17,Average
Jaylon Ferguson,OLB,Louisiana Tech,71.5,59.4,79.7,jaylon ferguson,EDGE,FergJa02,Jaylon Ferguson,2019,85,3,BAL,8,8,Good
Jaylon Johnson,CB,Utah,77.7,71.4,78.2,jaylon johnson,CB,JohnJa13,Jaylon Johnson,2020,50,2,CHI,30,30,Good
Jaylon Moore,OT,Western Michigan,70.1,73,61.5,jaylon moore,OT,MoorJa04,Jaylon Moore,2021,155,5,SFO,11,11,Good
Jaymar Johnson,WR,Jackson State University,63.2,63.9,57.2,jaymar johnson,WR,JohnJa01,Jaymar Johnson,2008,193,6,MIN,0,0,Average
Jayon Brown,ILB,UCLA,68.4,64.8,74,jayon brown,LB,BrowJa06,Jayon Brown,2017,155,5,TEN,26,26,Average
Jayron Hosley,CB,Virginia Tech,74.8,72,77.1,jayron hosley,CB,HoslJa00,Jayron Hosley,2012,94,3,NYG,8,8,Good
Jayron Kearse,FS,Clemson,68.6,58.2,74.4,jayron kearse,S,KearJa00,Jayron Kearse,2016,244,7,MIN,18,18,Average
J.D. Walton,C,Baylor,72.2,68,68.1,jd walton,IOL,WaltJ.20,J.D. Walton,2010,80,3,DEN,22,22,Good
Jeb Terry,G,North Carolina,63.7,59.9,60.5,jeb terry,IOL,TerrJe20,Jeb Terry,2004,146,5,TAM,2,2,Average
Jedrick Wills,T,Alabama,92.4,83.5,89.9,jedrick wills,OT,WillJe04,Jedrick Wills Jr.,2020,10,1,CLE,24,24,Elite
Jeff Baca,G,UCLA,73.3,91.2,58.3,jeff baca,IOL,BacaJe00,Jeff Baca,2013,196,6,MIN,0,0,Good
Jeff Driskel,QB,Louisiana Tech,72.1,90.9,67,jeff driskel,QB,DrisJe00,Jeff Driskel,2016,207,6,SFO,7,7,Good
Jeff Dugan,TE,Maryland,53.8,51.4,61.7,jeff dugan,TE,DugaJe00,Jeff Dugan,2004,220,7,MIN,2,2,Below Avg
Jeff Faine,C,Notre Dame,82.1,72.4,81.9,jeff faine,IOL,FainJe20,Jeff Faine,2003,21,1,CLE,45,45,Good
Jeff Gladney,CB,TCU,74,60.9,74.5,jeff gladney,CB,GladJe00,Jeff Gladney,2020,31,1,MIN,5,5,Good
Jeff Gunter,DE,Coastal Carolina,68.4,80.3,57.9,jeff gunter,EDGE,GuntJe01,Jeff Gunter,2022,252,7,CIN,1,1,Average
Jeff Heuerman,TE,Ohio State,72.7,74.2,65.5,jeff heuerman,TE,HeueJe00,Jeff Heuerman,2015,92,3,DEN,5,5,Good
Jeff Janis,WR,Saginaw Valley State,73.5,93.2,56.9,jeff janis,WR,JaniJe00,Jeff Janis,2014,236,7,GNB,2,2,Good
Jeff King,TE,Virginia Tech,65.6,65.8,56.5,jeff king,TE,KingJe00,Jeff King,2006,155,5,CAR,10,10,Average
Jeff Okudah,CB,Ohio State,92.2,83.9,87.9,jeff okudah,CB,OkudJe00,Jeff Okudah,2020,3,1,DET,11,11,Elite
Jeff Otah,T,Pittsburgh,75.1,56.4,82.5,jeff otah,OT,OtahJe20,Jeff Otah,2008,19,1,CAR,14,14,Good
Jeff Owens,DT,Georgia,60.8,77.7,50.8,jeff owens,DL,OwenJe20,Jeff Owens,2010,243,7,PHI,0,0,Average
Jeff Rowe,QB,Nevada,64.9,65.3,66.5,jeff rowe,QB,RoweJe00,Jeff Rowe,2007,151,5,CIN,NA,NA,Average
Jeff Shoate,DB,San Diego State,63.1,57.3,60.4,jeff shoate,CB,ShoaJe20,Jeff Shoate,2004,152,5,DEN,0,0,Average
Jeff Smoker,QB,Michigan State,54.2,55.9,53.8,jeff smoker,QB,NA,Jeff Smoker,2004,201,6,STL,NA,NA,Below Avg
Jeff Webb,WR,San Diego State,77.8,87.2,74.8,jeff webb,WR,WebbJe00,Jeff Webb,2006,190,6,KAN,2,2,Good
Jehu Chesson,WR,Michigan,71.2,79,60.3,jehu chesson,WR,ChesJe00,Jehu Chesson,2017,139,4,KAN,0,0,Good
Jelani Woods,TE,Virginia,79.9,82.2,77.3,jelani woods,TE,WoodJe01,Jelani Woods,2022,73,3,IND,2,2,Good
Jemea Thomas,DB,Georgia Tech,67.1,71.5,69.8,jemea thomas,CB,ThomJe03,Jemea Thomas,2014,206,6,NWE,0,0,Average
Jeoffrey Pagan,DE,Alabama,67.4,79.4,57.2,jeoffrey pagan,EDGE,PagaJe00,Jeoffrey Pagan,2014,177,6,HOU,1,1,Average
Jerald Hawkins,T,LSU,63.2,55.9,65.4,jerald hawkins,OT,HawkJe00,Jerald Hawkins,2016,123,4,PIT,2,2,Average
Jerel Worthy,DT,Michigan State,72.3,73.4,71.2,jerel worthy,DL,WortJe00,Jerel Worthy,2012,51,2,GNB,4,4,Good
Jerell Adams,TE,South Carolina,73.8,76.6,72.8,jerell adams,TE,AdamJe01,Jerell Adams,2016,184,6,NYG,2,2,Good
Jeremiah Attaochu,LB,Georgia Tech,74.4,62.8,81.8,jeremiah attaochu,LB,AttaJe00,Jeremiah Attaochu,2014,50,2,SDG,15,15,Good
Jeremiah George,ILB,Iowa State,65.9,55.2,75.1,jeremiah george,LB,GeorJe01,Jeremiah George,2014,154,5,NYJ,3,3,Average
Jeremiah Ledbetter,DE,Arkansas,69.9,85.6,62.7,jeremiah ledbetter,EDGE,LedbJe00,Jeremiah Ledbetter,2017,205,6,DET,5,5,Average
Jeremiah Owusu-Koramoah,LB,Notre Dame,82.9,81.8,82.6,jeremiah owusu-koramoah,LB,OwusJe00,Jeremiah Owusu-Koramoah,2021,52,2,CLE,22,22,Good
Jeremiah Poutasi,G,Utah,65,61.6,64.3,jeremiah poutasi,IOL,PoutJe00,Jeremiah Poutasi,2015,66,3,TEN,3,3,Average
Jeremy Bridges,G,Southern Mississippi,62,62.1,57.4,jeremy bridges,IOL,BridJe20,Jeremy Bridges,2003,185,6,PHI,23,23,Average
Jeremy Chinn,SAF,Southern Illinois,85.7,93.4,76.3,jeremy chinn,S,ChinJe00,Jeremy Chinn,2020,64,2,CAR,41,41,Good
Jeremy Clark,CB,Michigan,59,63.1,58.6,jeremy clark,CB,ClarJe04,Jeremy Clark,2017,197,6,NYJ,0,0,Below Avg
Jeremy Hill,RB,LSU,80.7,66.5,90.2,jeremy hill,RB,HillJe01,Jeremy Hill,2014,55,2,CIN,21,21,Good
Jeremy Kerley,WR,TCU,63.9,59.2,65.9,jeremy kerley,WR,KerlJe00,Jeremy Kerley,2011,153,5,NYJ,23,23,Average
Jeremy Langford,RB,Michigan State,71.3,74,69.6,jeremy langford,RB,LangJe00,Jeremy Langford,2015,106,4,CHI,7,7,Good
Jeremy LeSueur,DB,Michigan,67.4,61.4,67.9,jeremy lesueur,CB,LeSuJe20,Jeremy LeSueur,2004,85,3,DEN,0,0,Average
Jeremy Maclin,WR,Missouri,83.2,68.2,92.2,jeremy maclin,WR,MaclJe00,Jeremy Maclin,2009,19,1,PHI,50,50,Good
Jeremy McNichols,RB,Boise State,77.3,77.8,78.2,jeremy mcnichols,RB,McNiJe00,Jeremy McNichols,2017,162,5,TAM,9,9,Good
Jeremy Mincey,DE,Florida,64.5,74.3,57.2,jeremy mincey,EDGE,MincJe99,Jeremy Mincey,2006,191,6,NWE,29,29,Average
Jeremy Parquet,T,Southern Mississippi,61.8,62.5,55.6,jeremy parquet,OT,NA,Jeremy Parquet,2005,238,7,KAN,NA,NA,Average
Jeremy Ruckert,TE,Ohio State,69.7,68.1,57.9,jeremy ruckert,TE,RuckJe00,Jeremy Ruckert,2022,101,3,NYJ,4,4,Average
Jeremy Sprinkle,TE,Arkansas,73.3,67.7,76.6,jeremy sprinkle,TE,SpriJe00,Jeremy Sprinkle,2017,154,5,WAS,2,2,Good
Jeremy Trueblood,T,Boston College,73,61,74.8,jeremy trueblood,OT,TrueJe20,Jeremy Trueblood,2006,59,2,TAM,35,35,Good
Jeremy Zuttah,G,Rutgers,76.8,80.5,68.1,jeremy zuttah,IOL,ZuttJe20,Jeremy Zuttah,2008,83,3,TAM,46,46,Good
Jerick McKinnon,RB,Georgia Southern,76.7,90.6,64.1,jerick mckinnon,RB,McKiJe00,Jerick McKinnon,2014,96,3,MIN,32,32,Good
Jerious Norwood,RB,Mississippi State,75.9,86.1,63.2,jerious norwood,RB,NorwJe00,Jerious Norwood,2006,79,3,ATL,20,20,Good
Jermaine Cunningham,LB,Florida,76.1,80.7,65.3,jermaine cunningham,LB,CunnJe99,Jermaine Cunningham,2010,53,2,NWE,8,8,Good
Jermaine Eluemunor,G,Texas A&M,70.7,78.1,61.6,jermaine eluemunor,IOL,ElueJe00,Jermaine Eluemunor,2017,159,5,BAL,30,30,Good
Jermaine Gresham,TE,Oklahoma,82,70.8,84.9,jermaine gresham,TE,GresJe00,Jermaine Gresham,2010,21,1,CIN,28,28,Good
Jermaine Johnson II,LB,Florida State,81.6,82,78.3,jermaine johnson,LB,JohnJe07,Jermaine Johnson II,2022,26,1,NYJ,19,19,Good
Jermale Hines,DB,Ohio State,52.2,56.2,50.5,jermale hines,CB,HineJe00,Jermale Hines,2011,158,5,STL,0,0,Below Avg
Jermar Jefferson,RB,Oregon State,68.9,60.7,67.5,jermar jefferson,RB,JeffJe00,Jermar Jefferson,2021,257,7,DET,1,1,Average
Jermichael Finley,TE,Texas,66.4,53.4,64.2,jermichael finley,TE,FinlJe00,Jermichael Finley,2008,91,3,GNB,27,27,Average
Jerod Mayo,MLB,Tennessee,94.9,86.9,99,jerod mayo,LB,MayoJe99,Jerod Mayo,2008,10,1,NWE,51,51,Elite
Jerome Baker,OLB,Ohio State,78.5,79.8,76.1,jerome baker,EDGE,BakeJe00,Jerome Baker,2018,73,3,MIA,39,39,Good
Jerome Carter,DB,Florida State,72.9,79.1,62.3,jerome carter,CB,CartJe20,Jerome Carter,2005,117,4,STL,3,3,Good
Jerome Collins,TE,Notre Dame,67.7,71.1,60.9,jerome collins,TE,CollJe00,Jerome Collins,2005,144,5,STL,0,0,Average
Jerome Ford,RB,Cincinnati,70,72.5,70.9,jerome ford,RB,FordJe00,Jerome Ford,2022,156,5,CLE,11,11,Good
Jerome Harrison,RB,Washington State,78.6,77.1,80.7,jerome harrison,RB,HarrJe00,Jerome Harrison,2006,145,5,CLE,12,12,Good
Jerome Mathis,WR,Hampton,73.5,83.5,61.7,jerome mathis,WR,MathJe00,Jerome Mathis,2005,114,4,HOU,4,4,Good
Jerome McDougle,DE,Miami,80.3,73.7,79.5,jerome mcdougle,EDGE,McDoJe20,Jerome McDougle,2003,15,1,PHI,3,3,Good
Jerome Murphy,DB,University of South Florida,73.1,65.7,76.4,jerome murphy,CB,MurpJe99,Jerome Murphy,2010,65,3,STL,3,3,Good
Jerome Simpson,WR,Coastal Carolina,77.4,75.8,74.3,jerome simpson,WR,SimpJe00,Jerome Simpson,2008,46,2,CIN,18,18,Good
Jerraud Powers,CB,Auburn,71.2,67.6,74.4,jerraud powers,CB,PoweJe99,Jerraud Powers,2009,92,3,IND,30,30,Good
Jerrel Jernigan,WR,Troy,75.7,68.4,77.6,jerrel jernigan,WR,JernJe00,Jerrel Jernigan,2011,83,3,NYG,2,2,Good
Jerrell Powe,NT,Mississippi,58.8,51,61.5,jerrell powe,DL,PoweJe00,Jerrell Powe,2011,199,6,KAN,5,5,Below Avg
Jerricho Cotchery,WR,N.C. State,72,69.1,76.5,jerricho cotchery,WR,CotcJe00,Jerricho Cotchery,2004,108,4,NYJ,51,51,Good
Jerry Hughes,DE,TCU,84,82.4,84,jerry hughes,EDGE,HughJe99,Jerry Hughes,2010,31,1,IND,68,68,Good
Jerry Jeudy,WR,Alabama,85.4,74,83,jerry jeudy,WR,JeudJe00,Jerry Jeudy,2020,15,1,DEN,31,31,Good
Jerry Tillery,DT,Notre Dame,86.8,78,83,jerry tillery,DL,TillJe00,Jerry Tillery,2019,28,1,LAC,26,26,Good
Jesse James,TE,Penn State,65.8,61.6,68.6,jesse james,TE,JameJe00,Jesse James,2015,160,5,PIT,12,12,Average
Jesse Luketa,LB,Penn State,70.4,64.6,66.9,jesse luketa,LB,LukeJe00,Jesse Luketa,2022,256,7,ARI,3,3,Good
Jesse Mahelona,DT,Tennessee,65.5,66.7,63.9,jesse mahelona,DL,MaheJe20,Jesse Mahelona,2006,169,5,TEN,1,1,Average
Jesse Williams,DT,Alabama,69.2,72,59.7,jesse williams,DL,WillJe02,Jesse Williams,2013,137,5,SEA,NA,NA,Average
Jessie Bates,FS,Wake Forest,82.6,77.6,82.3,jessie bates,S,BateJe00,Jessie Bates III,2018,54,2,CIN,55,55,Good
Jevon Holland,SAF,Oregon,79.9,83,76.7,jevon holland,S,HollJe02,Jevon Holland,2021,36,2,MIA,25,25,Good
Jim Dray,TE,Stanford,63.8,65.2,56.8,jim dray,TE,DrayJi00,Jim Dray,2010,233,7,ARI,3,3,Average
Jim Molinaro,T,Notre Dame,68.4,77.3,57.4,jim molinaro,OT,MoliJi20,Jim Molinaro,2004,180,6,WAS,1,1,Average
Jimmy Clausen,QB,Notre Dame,76.1,71.8,73.8,jimmy clausen,QB,ClauJi00,Jimmy Clausen,2010,48,2,CAR,3,3,Good
Jimmy Garoppolo,QB,Eastern Illinois,75.9,67.9,74,jimmy garoppolo,QB,GaroJi00,Jimmy Garoppolo,2014,62,2,NWE,47,47,Good
Jimmy Graham,TE,Miami,76.7,85.9,68.8,jimmy graham,TE,GrahJi00,Jimmy Graham,2010,95,3,NOR,61,61,Good
Jimmy Kennedy,DT,Penn State,81.2,76.3,80.8,jimmy kennedy,DL,KennJi21,Jimmy Kennedy,2003,12,1,STL,16,16,Good
Jimmy Morrissey,C,Pittsburgh,68.2,85.8,56.5,jimmy morrissey,IOL,MorrJi00,Jimmy Morrissey,2021,230,7,LVR,1,1,Average
Jimmy Smith,CB,Colorado,78.1,72.5,76.5,jimmy smith,CB,SmitJi03,Jimmy Smith,2011,27,1,BAL,33,33,Good
Jimmy Wilkerson,DE,Oklahoma,63.4,68.2,57.2,jimmy wilkerson,EDGE,WilkJi20,Jimmy Wilkerson,2003,189,6,KAN,17,17,Average
J.J. Arcega-Whiteside,WR,Stanford,78.6,71.2,79.6,jj arcega-whiteside,WR,ArceJJ00,JJ Arcega-Whiteside,2019,57,2,PHI,2,2,Good
J.J. Arrington,RB,California,88.6,89.3,88.7,jj arrington,RB,ArriJ.00,J.J. Arrington,2005,44,2,ARI,12,12,Good
J.J Dielman,C,Utah,65.7,65.5,59.8,jj dielman,IOL,DielJJ00,JJ Dielman,2017,176,5,CIN,NA,NA,Average
J.J. Nelson,WR,UAB,72.8,90.4,60,jj nelson,WR,NelsJJ00,JJ Nelson,2015,159,5,ARI,12,12,Good
J.J. Watt,DE,Wisconsin,86.4,78.7,81.6,jj watt,EDGE,WattJ.00,J.J. Watt,2011,11,1,HOU,110,110,Good
J.K. Dobbins,RB,Ohio State,89.3,88.1,92,jk dobbins,RB,DobbJK00,J.K. Dobbins,2020,55,2,BAL,22,22,Good
Joe Adams,WR,Arkansas,65.4,58.3,64.6,joe adams,WR,AdamJo01,Joe Adams,2012,104,4,CAR,0,0,Average
Joe Barksdale,T,LSU,65,69.5,55.6,joe barksdale,OT,BarkJo00,Joe Barksdale,2011,92,3,OAK,35,35,Average
Joe Burnett,CB,UCF,64.9,56.6,70.3,joe burnett,CB,BurnJo99,Joe Burnett,2009,168,5,PIT,1,1,Average
Joe Burrow,QB,LSU,90,74.2,99,joe burrow,QB,BurrJo01,Joe Burrow,2020,1,1,CIN,63,63,Elite
Joe Cohen,DT,Florida,64.2,67.8,55.4,joe cohen,DL,CoheJo00,Joe Cohen,2007,135,4,SFO,0,0,Average
Joe Dahl,G,Washington State,70.5,75.5,61.6,joe dahl,IOL,DahlJo00,Joe Dahl,2016,151,5,DET,11,11,Good
Joe Flacco,QB,Delaware,76.5,71.4,76.4,joe flacco,QB,FlacJo00,Joe Flacco,2008,18,1,BAL,97,97,Good
Joe Haden,CB,Florida,83.8,59.6,99,joe haden,CB,HadeJo99,Joe Haden,2010,7,1,CLE,62,62,Good
Joe Haeg,T,North Dakota State,70.8,80.8,59.8,joe haeg,OT,HaegJo00,Joe Haeg,2016,155,5,IND,22,22,Good
Joe Hawley,C,UNLV,67.7,67.2,63.1,joe hawley,IOL,HawlJo20,Joe Hawley,2010,117,4,ATL,27,27,Average
Joe Jackson,DE,Miami,68.2,60.5,75,joe jackson,EDGE,JackJo02,Joe Jackson,2019,165,5,DAL,1,1,Average
Joe Klopfenstein,TE,Colorado,78.2,82.9,72.6,joe klopfenstein,TE,KlopJo00,Joe Klopfenstein,2006,46,2,STL,3,3,Good
Joe Looney,C,Wake Forest,69.7,73.8,63.1,joe looney,IOL,LoonJo01,Joe Looney,2012,117,4,SFO,21,21,Average
Joe McKnight,RB,USC,70.9,70.4,71.6,joe mcknight,RB,McKnJo00,Joe McKnight,2010,112,4,NYJ,7,7,Good
Joe Odom,LB,Purdue,66.5,76.2,58,joe odom,LB,OdomJo20,Joe Odom,2003,191,6,CHI,6,6,Average
Joe Reed,WR,Virginia,71.1,79.7,60.5,joe reed,WR,ReedJo03,Joe Reed,2020,151,5,LAC,0,0,Good
Joe Staley,T,Central Michigan,88.6,94.5,84.3,joe staley,OT,StalJo20,Joe Staley,2007,28,1,SFO,81,81,Good
Joe Thomas,OT,Wisconsin,91.4,84.3,99,joe thomas,OT,ThomJo28,Joe Thomas,2007,3,1,CLE,85,85,Elite
Joe Thuney,G,N.C. State,79.2,82.4,70,joe thuney,IOL,ThunJo00,Joe Thuney,2016,78,3,NWE,84,84,Good
Joe Tryon-Shoyinka,DE,Washington,72.6,74.8,67.6,joe tryon-shoyinka,EDGE,TryoJo00,Joe Tryon-Shoyinka,2021,32,1,TAM,23,23,Good
Joe Williams,RB,Utah,73.8,79.5,67.9,joe williams,RB,WillJo12,Joe Williams,2017,121,4,SFO,NA,NA,Good
Joejuan Williams,CB,Vanderbilt,74.7,65.8,74.8,joejuan williams,CB,WillJo13,Joejuan Williams,2019,45,2,NWE,3,3,Good
Joel Bitonio,G,Nevada,88.5,89.7,76.9,joel bitonio,IOL,BitoJo00,Joel Bitonio,2014,35,2,CLE,75,75,Good
Joel Dreessen,TE,Colorado State,65.4,76.9,62.9,joel dreessen,TE,DreeJo00,Joel Dreessen,2005,198,6,NYJ,16,16,Average
Joel Iyiegbuniwe,ILB,Western Kentucky,68.7,74.9,59.2,joel iyiegbuniwe,LB,IyieJo00,Joel Iyiegbuniwe,2018,115,4,CHI,5,5,Average
Joey Bosa,DE,Ohio State,89.8,77.1,98.2,joey bosa,EDGE,BosaJo00,Joey Bosa,2016,3,1,SDG,62,62,Good
Joey Thomas,DB,Montana State,73.6,78.5,67.9,joey thomas,CB,ThomJo21,Joey Thomas,2004,70,3,GNB,3,3,Good
John Bates,TE,Boise State,65,71.2,52.1,john bates,TE,BateJo00,John Bates,2021,124,4,WAS,6,6,Average
John Beck,QB,BYU,77.9,76.2,77.9,john beck,QB,BeckJo00,John Beck,2007,40,2,MIA,4,4,Good
John Brown,WR,Pittsburg State (KS),68.9,84.8,55.5,john brown,WR,BrowJo02,John Brown,2014,91,3,ARI,36,36,Average
John Carlson,TE,Notre Dame,70.1,61.5,69,john carlson,TE,CarlJo00,John Carlson,2008,38,2,SEA,16,16,Good
John Cominsky,DE,Charleston,75.4,87.2,61.7,john cominsky,EDGE,ComiJo00,John Cominsky,2019,135,4,ATL,10,10,Good
John David Booty,QB,USC,65.3,61.2,63.2,john david booty,QB,NA,John David Booty,2008,137,5,MIN,NA,NA,Average
John Franklin-Myers,DE,Stephen F. Austin State,72.2,74.1,61.7,john franklin-myers,EDGE,FranJo02,John Franklin-Myers,2018,135,4,LAR,38,38,Good
John Hightower,WR,Boise State,71.9,82.1,65.9,john hightower,WR,HighJo00,John Hightower,2020,168,5,PHI,1,1,Good
John Hughes,DT,Cincinnati,74.2,79.9,68.7,john hughes,DL,HughJo00,John Hughes,2012,87,3,CLE,10,10,Good
John Jenkins,DT,Georgia,65.2,59,64.2,john jenkins,DL,JenkJo00,John Jenkins,2013,82,3,NOR,32,32,Average
John Johnson,SS,Boston College,75.7,72.7,73.3,john johnson,S,JohnJo10,John Johnson,2017,91,3,LAR,29,29,Good
John Kelly,RB,Tennessee,65.6,63.1,62.3,john kelly,RB,KellJo00,John Kelly,2018,176,6,LAR,1,1,Average
John McCargo,DT,N.C. State,74.1,70.3,72.5,john mccargo,DL,McCaJo22,John McCargo,2006,26,1,BUF,4,4,Good
John Metchie III,WR,Alabama,79.8,69.9,82,john metchie,WR,MetcJo00,John Metchie,2022,44,2,HOU,5,5,Good
John Miller,G,Louisville,69.3,55,69.2,john miller,IOL,MillJo04,John Miller,2015,81,3,BUF,31,31,Average
John Moffitt,OG,Wisconsin,69.9,77.3,60.2,john moffitt,IOL,MoffJo00,John Moffitt,2011,75,3,SEA,6,6,Average
John Navarre,QB,Michigan,54.2,51,56,john navarre,QB,NavaJo00,John Navarre,2004,202,7,ARI,0,0,Below Avg
John Penisini,NT,Utah,53.9,54.6,59.2,john penisini,DL,PeniJo00,John Penisini,2020,197,6,DET,6,6,Below Avg
John Phillips,TE,Virginia,68.2,70.9,63.8,john phillips,TE,PhilJo00,John Phillips,2009,208,6,DAL,2,2,Average
John Reid,CB,Penn State,72.2,75.9,68.2,john reid,CB,ReidJo00,John Reid,2020,141,4,HOU,2,2,Good
John Ridgeway,DT,Arkansas,63.4,62.3,61.7,john ridgeway,DL,RidgJo00,John Ridgeway,2022,178,5,DAL,7,7,Average
John Ross,WR,Washington,89.3,99,82.1,john ross,WR,RossJo00,John Ross,2017,9,1,CIN,7,7,Good
John Simon,DE,Ohio State,65.6,65.9,60.6,john simon,EDGE,SimoJo01,John Simon,2013,129,4,BAL,34,34,Average
John Simpson,G,Clemson,74,69,71.1,john simpson,IOL,SimpJo00,John Simpson,2020,109,4,LVR,28,28,Good
John Skelton,QB,Fordham,68.7,70.2,59.4,john skelton,QB,SkelJo00,John Skelton,2010,155,5,ARI,4,4,Average
John Sullivan,C,Notre Dame,67,73.2,58.3,john sullivan,IOL,SullJo24,John Sullivan,2008,187,6,MIN,54,54,Average
John Theus,OT,Georgia,63.9,66.2,55.3,john theus,OT,TheuJo00,John Theus,2016,145,5,SFO,1,1,Average
John Urschel,OG,Penn State,74.1,78.7,65.2,john urschel,IOL,UrscJo00,John Urschel,2014,175,5,BAL,7,7,Good
Johnathan Abram,SS,Mississippi State,82.3,77.4,78.3,johnathan abram,S,AbraJo01,Johnathan Abram,2019,27,1,OAK,13,13,Good
Johnathan Franklin,RB,UCLA,74.5,70.3,75.3,johnathan franklin,RB,FranJo01,Johnathan Franklin,2013,125,4,GNB,1,1,Good
Johnathan Hankins,DT,Ohio State,68.6,59.1,71.1,johnathan hankins,DL,HankJo00,Johnathan Hankins,2013,49,2,NYG,50,50,Average
Johnathan Joseph,CB,South Carolina,87.7,83.1,87.2,johnathan joseph,CB,JoseJo20,Johnathan Joseph,2006,24,1,CIN,67,67,Good
Johnathan Sullivan,DT,Georgia,83.2,72.6,90.8,johnathan sullivan,DL,SullJo23,Johnathan Sullivan,2003,6,1,NOR,10,10,Good
Johnnie Lee Higgins,WR,Texas-El Paso,75.6,67.8,79,johnnie lee higgins,WR,HiggJo00,Johnnie Lee Higgins,2007,99,3,OAK,9,9,Good
Johnnie Morant,WR,Syracuse,67.6,73.8,60.7,johnnie morant,WR,MoraJo00,Johnnie Morant,2004,134,5,OAK,0,0,Average
Johnnie Troutman,G,Penn State,62.4,57.8,60.5,johnnie troutman,IOL,TrouJo00,Johnnie Troutman,2012,149,5,SDG,14,14,Average
Johnny Knox,WR,Abilene Christian,71.7,81.4,59.3,johnny knox,WR,KnoxJo00,Johnny Knox,2009,140,5,CHI,20,20,Good
Johnny Manziel,QB,Texas A&M,81.6,76.1,89.8,johnny manziel,QB,ManzJo00,Johnny Manziel,2014,22,1,CLE,4,4,Good
Johnny Patrick,CB,Louisville,69.2,52.2,79.3,johnny patrick,CB,PatrJo00,Johnny Patrick,2011,88,3,NOR,4,4,Average
Johnny White,RB,North Carolina,56.4,55.1,56.7,johnny white,RB,WhitJo01,Johnny White,2011,133,5,BUF,0,0,Below Avg
Johnthan Banks,DB,Mississippi State,75,56.3,86,johnthan banks,CB,BankJo00,Johnthan Banks,2013,43,2,TAM,11,11,Good
Jon Asamoah,G,Illinois,70.2,62.1,68.1,jon asamoah,IOL,AsamJo20,Jon Asamoah,2010,68,3,KAN,21,21,Good
Jon Beason,MLB,Miami,74.7,59.9,75.9,jon beason,LB,BeasJo99,Jon Beason,2007,25,1,CAR,55,55,Good
Jon Feliciano,C,Miami,60.1,70.3,54.4,jon feliciano,IOL,FeliJo00,Jon Feliciano,2015,128,4,OAK,26,26,Average
Jon Halapio,C,Florida,52.5,56.4,51.5,jon halapio,IOL,HalaJo00,Jon Halapio,2014,179,6,NWE,10,10,Below Avg
Jonah Jackson,G,Ohio State,64.8,57.1,64.9,jonah jackson,IOL,JackJo03,Jonah Jackson,2020,75,3,DET,32,32,Average
Jonas Mouton,LB,Michigan,72.6,52.5,78.7,jonas mouton,LB,MoutJo00,Jonas Mouton,2011,61,2,SDG,0,0,Good
Jonathan Allen,DE,Alabama,88,66,99,jonathan allen,EDGE,AlleJo01,Jonathan Allen,2017,17,1,WAS,57,57,Good
Jonathan Brown,DE,Tennessee,60.6,51,72.8,jonathan brown,EDGE,BrowJo23,Jonathan Brown,1998,90,3,GNB,0,0,Average
Jonathan Cooper,G,North Carolina,84.5,74.8,89.9,jonathan cooper,IOL,CoopJo01,Jonathan Cooper,2013,7,1,ARI,16,16,Good
Jonathan Dowling,DB,Western Kentucky,64.1,63.6,66.1,jonathan dowling,CB,DowlJo00,Jonathan Dowling,2014,247,7,OAK,0,0,Average
Jonathan Dwyer,RB,Georgia Tech,65.5,62.1,69.8,jonathan dwyer,RB,DwyeJo00,Jonathan Dwyer,2010,188,6,PIT,8,8,Average
Jonathan Ford,DT,Miami,52.5,55.3,52.8,jonathan ford,DL,FordJo00,Jonathan Ford,2022,234,7,GNB,1,1,Below Avg
Jonathan Goff,LB,Vanderbilt,76.9,85.4,67.9,jonathan goff,LB,GoffJo99,Jonathan Goff,2008,165,5,NYG,9,9,Good
Jonathan Holland,WR,Louisiana Tech,55.4,64.8,51.7,jonathan holland,WR,HollJo01,Jonathan Holland,2007,254,7,OAK,1,1,Below Avg
Jonathan Lewis,DT,Virginia Tech,70.8,80.4,57.5,jonathan lewis,DL,LewiJo22,Jonathan Lewis,2006,177,6,ARI,0,0,Good
Jonathan Luigs,C,Arkansas,68.7,70.9,63.1,jonathan luigs,IOL,LuigJo20,Jonathan Luigs,2009,106,4,CIN,1,1,Average
Jonathan Marshall,DT,Arkansas,78.8,99,65.6,jonathan marshall,DL,MarsJo00,Jonathan Marshall,2021,207,6,NYJ,0,0,Good
Jonathan Martin,T,Stanford,76.2,72.9,74.8,jonathan martin,OT,MartJo01,Jonathan Martin,2012,42,2,MIA,14,14,Good
Jonathan Orr,WR,Wisconsin,71.2,77.4,64.1,jonathan orr,WR,NA,Jonathan Orr,2006,172,6,TEN,NA,NA,Good
Jonathan Scott,T,Texas,63.9,60.2,59.5,jonathan scott,OT,ScotJo22,Jonathan Scott,2006,141,5,DET,17,17,Average
Jonathan Smith,WR,Georgia Tech,56.1,51,63.8,jonathan smith,WR,SmitJo00,Jonathan Smith,2004,214,7,BUF,2,2,Below Avg
Jonathan Stewart,RB,Oregon,90.3,99,80.6,jonathan stewart,RB,StewJo00,Jonathan Stewart,2008,13,1,CAR,48,48,Elite
Jonathan Taylor,RB,Wisconsin,96.7,99,94.1,jonathan taylor,RB,TaylJo02,Jonathan Taylor,2020,41,2,IND,58,58,Elite
Jonathan Wade,DB,Tennessee,71.8,66.3,72.7,jonathan wade,CB,WadeJo99,Jonathan Wade,2007,84,3,STL,7,7,Good
Jonathan Welsh,DE,Wisconsin,69.1,73.1,59.3,jonathan welsh,EDGE,WelsJo20,Jonathan Welsh,2005,148,5,IND,0,0,Average
Jonathan Wilhite,DB,Auburn,73.5,84.7,67.3,jonathan wilhite,CB,WilhJo99,Jonathan Wilhite,2008,129,4,NWE,10,10,Good
Jonathan Williams,RB,Arkansas,72,68.9,69.3,jonathan williams,RB,WillJo07,Jonathan Williams,2016,156,5,BUF,5,5,Good
Jonnu Smith,TE,Florida International,80.6,89.4,73.5,jonnu smith,TE,SmitJo01,Jonnu Smith,2017,100,3,TEN,29,29,Good
Jordan Akins,TE,UCF,69.8,64.8,71.1,jordan akins,TE,AkinJo00,Jordan Akins,2018,98,3,HOU,16,16,Average
Jordan Beck,LB,Cal Poly (San Luis Obispo),77.6,86.7,68.4,jordan beck,LB,BeckJo20,Jordan Beck,2005,90,3,ATL,2,2,Good
Jordan Black,T,Notre Dame,70.1,77,59.5,jordan black,OT,BlacJo20,Jordan Black,2003,153,5,KAN,24,24,Good
Jordan Brown,DB,South Dakota State,71.4,77.6,63.2,jordan brown,CB,BrowJo04,Jordan Brown,2019,223,7,CIN,NA,NA,Good
Jordan Cameron,TE,USC,72.6,89.8,57.9,jordan cameron,TE,CameJo00,Jordan Cameron,2011,102,4,CLE,13,13,Good
Jordan Davis,DT,Georgia,82.1,88.8,72.5,jordan davis,DL,DaviJo03,Jordan Davis,2022,13,1,PHI,24,24,Good
Jordan Elliott,DT,Missouri,70.3,66.6,72.8,jordan elliott,DL,ElliJo02,Jordan Elliott,2020,88,3,CLE,27,27,Good
Jordan Fuller,SAF,Ohio State,61.5,59.3,66.7,jordan fuller,S,FullJo01,Jordan Fuller,2020,199,6,LAR,18,18,Average
Jordan Gross,T,Utah,94.5,87.1,92.7,jordan gross,OT,GrosJo20,Jordan Gross,2003,8,1,CAR,69,69,Elite
Jordan Hill,DT,Penn State,71.8,55.6,78.2,jordan hill,DL,HillJo01,Jordan Hill,2013,87,3,SEA,6,6,Good
Jordan Howard,RB,Indiana,78.3,82.5,72.4,jordan howard,RB,HowaJo00,Jordan Howard,2016,150,5,CHI,27,27,Good
Jordan Jackson,DT,Air Force,67.7,80.9,64.5,jordan jackson,DL,JackJo06,Jordan Jackson,2022,194,6,NOR,1,1,Average
Jordan Jenkins,OLB,Georgia,74.6,71.6,76.2,jordan jenkins,EDGE,JenkJo01,Jordan Jenkins,2016,83,3,NYJ,29,29,Good
Jordan Kent,WR,Oregon,69.2,81,52.2,jordan kent,WR,KentJo20,Jordan Kent,2007,210,6,SEA,0,0,Average
Jordan Lasley,WR,UCLA,72.4,62.8,83.1,jordan lasley,WR,LaslJo00,Jordan Lasley,2018,162,5,BAL,NA,NA,Good
Jordan Leggett,TE,Clemson,79.1,72.7,92.4,jordan leggett,TE,LeggJo00,Jordan Leggett,2017,150,5,NYJ,1,1,Good
Jordan Love,QB,Utah State,75.9,70.2,73,jordan love,QB,LoveJo03,Jordan Love,2020,26,1,GNB,42,42,Good
Jordan Lucas,S,Penn State,60,60.8,54.9,jordan lucas,S,LucaJo00,Jordan Lucas,2016,204,6,MIA,4,4,Average
Jordan Miller,DB,Washington,70.6,74,61.9,jordan miller,CB,MillJo05,Jordan Miller,2019,172,5,ATL,1,1,Good
Jordan Mills,T,Louisiana Tech,63.4,61.4,59.5,jordan mills,OT,MillJo02,Jordan Mills,2013,163,5,CHI,37,37,Average
Jordan Palmer,QB,Texas-El Paso,62.1,55.7,61.8,jordan palmer,QB,PalmJo20,Jordan Palmer,2007,205,6,WAS,0,0,Average
Jordan Payton,WR,UCLA,68.6,76.5,66.8,jordan payton,WR,PaytJo00,Jordan Payton,2016,154,5,CLE,0,0,Average
Jordan Reed,TE,Florida,71.5,64.6,70.9,jordan reed,TE,ReedJo02,Jordan Reed,2013,85,3,WAS,25,25,Good
Jordan Scarlett,RB,Florida,59.6,68.2,54.8,jordan scarlett,RB,ScarJo00,Jordan Scarlett,2019,154,5,CAR,0,0,Below Avg
Jordan Shipley,WR,Texas,74.6,57.7,85.5,jordan shipley,WR,ShipJo00,Jordan Shipley,2010,84,3,CIN,7,7,Good
Jordan Smith,OLB,UAB,69.5,70.4,69.7,jordan smith,EDGE,SmitJo03,Jordan Smith,2021,121,4,JAX,0,0,Average
Jordan Thomas,TE,Mississippi State,61.4,67,61.9,jordan thomas,TE,ThomJo05,Jordan Thomas,2018,211,6,HOU,2,2,Average
Jordan Todman,RB,Connecticut,72.2,70.5,70.4,jordan todman,RB,TodmJo00,Jordan Todman,2011,183,6,SDG,5,5,Good
Jordan Tripp,LB,Montana,67.7,77.3,55.7,jordan tripp,LB,TripJo00,Jordan Tripp,2014,171,5,MIA,3,3,Average
Jordan White,WR,Western Michigan,70.6,61.2,90.1,jordan white,WR,WhitJo02,Jordan White,2012,244,7,NYJ,0,0,Good
Jordan Whitehead,SS,Pittsburgh,61.6,61.1,59.9,jordan whitehead,S,WhitJo03,Jordan Whitehead,2018,117,4,TAM,32,32,Average
Jordan Wilkins,RB,Mississippi,71,72.3,69.2,jordan wilkins,RB,WilkJo01,Jordan Wilkins,2018,169,5,IND,8,8,Good
Jordan Willis,DE,Kansas State,80.8,92.3,77.6,jordan willis,EDGE,WillJo09,Jordan Willis,2017,73,3,CIN,8,8,Good
Jordy Nelson,WR,Kansas State,83.6,70.6,89.2,jordy nelson,WR,NelsJo00,Jordy Nelson,2008,36,2,GNB,73,73,Good
Jordyn Brooks,LB,Texas Tech,84.9,89.7,79.3,jordyn brooks,LB,BrooJo01,Jordyn Brooks,2020,27,1,SEA,43,43,Good
Jorge Cordova,LB,Nevada,73.6,72.8,68.4,jorge cordova,LB,CordJo20,Jorge Cordova,2004,86,3,JAX,1,1,Good
Joseph Addai,RB,LSU,79.2,87.2,67.1,joseph addai,RB,AddaJo00,Joseph Addai,2006,30,1,IND,50,50,Good
Joseph Randle,RB,Oklahoma State,64.9,54.7,76.6,joseph randle,RB,RandJo01,Joseph Randle,2013,151,5,DAL,7,7,Average
Josey Jewell,ILB,Iowa,72.3,63.9,75.8,josey jewell,LB,JeweJo00,Josey Jewell,2018,106,4,DEN,32,32,Good
Josh Allen,QB,Wyoming,76.8,76.4,73.8,josh allen,QB,AlleJo02,Josh Allen,2018,7,1,BUF,111,111,Good
Josh Beekman,G,Boston College,62.7,53.1,63.1,josh beekman,IOL,BeekJo20,Josh Beekman,2007,130,4,CHI,10,10,Average
Josh Boyce,WR,TCU,77,87.7,70.5,josh boyce,WR,BoycJo00,Josh Boyce,2013,102,4,NWE,1,1,Good
Josh Carraway,OLB,TCU,54.8,62.5,54.5,josh carraway,EDGE,CarrJo00,Josh Carraway,2017,227,7,TEN,0,0,Below Avg
Josh Chapman,NT,Alabama,64.7,76.7,52.7,josh chapman,DL,ChapJo00,Josh Chapman,2012,136,5,IND,7,7,Average
Josh Doctson,WR,TCU,85.9,88.1,83.6,josh doctson,WR,DoctJo00,Josh Doctson,2016,22,1,WAS,9,9,Good
Josh Forrest,LB,Kentucky,60.8,55.6,69.1,josh forrest,LB,ForrJo00,Josh Forrest,2016,190,6,LAR,2,2,Average
Josh Freeman,QB,Kansas State,73.9,69.6,69.7,josh freeman,QB,FreeJo00,Josh Freeman,2009,17,1,TAM,37,37,Good
Josh Harris,QB,Bowling Green,67.6,77.5,67.8,josh harris,QB,NA,Josh Harris,2004,187,6,BAL,NA,NA,Average
Josh Huff,WR,Oregon,70.9,66.4,75.9,josh huff,WR,HuffJo00,Josh Huff,2014,86,3,PHI,6,6,Good
Josh Hull,LB,Penn State,62.5,58,61.1,josh hull,LB,HullJo99,Josh Hull,2010,254,7,STL,3,3,Average
Josh Jackson,CB,Iowa,83.6,71.1,87,josh jackson,CB,JackJo01,Josh Jackson,2018,45,2,GNB,8,8,Good
Josh Jacobs,RB,Alabama,77.6,66.9,77.7,josh jacobs,RB,JacoJo01,Josh Jacobs,2019,24,1,OAK,57,57,Good
Josh Johnson,QB,San Diego,68.5,66.7,61.1,josh johnson,QB,JohnJo05,Josh Johnson,2008,160,5,TAM,9,9,Average
Josh Jones,OT,Houston,74.1,70.7,72,josh jones,OT,JoneJo07,Josh Jones,2020,72,3,ARI,17,17,Good
Josh Kaddu,LB,Oregon,64.8,70.8,56.6,josh kaddu,LB,KaddJo00,Josh Kaddu,2012,155,5,MIA,0,0,Average
Josh LeRibeus,G,SMU,74.1,72.3,68.1,josh leribeus,IOL,LeRiJo00,Josh LeRibeus,2012,71,3,WAS,11,11,Good
Josh Malone,WR,Tennessee,72.6,73.2,71,josh malone,WR,MaloJo00,Josh Malone,2017,128,4,CIN,1,1,Good
Josh Metellus,SAF,Michigan,74.9,74.8,74.7,josh metellus,S,MeteJo00,Josh Metellus,2020,205,6,MIN,20,20,Good
Josh Morgan,WR,Virginia Tech,63.8,73.6,57.5,josh morgan,WR,MorgJo00,Josh Morgan,2008,174,6,SFO,21,21,Average
Josh Myers,C,Ohio State,76.9,68.1,75.4,josh myers,IOL,MyerJo00,Josh Myers,2021,62,2,GNB,32,32,Good
Josh Norman,CB,Coastal Carolina,59.5,53.3,60.4,josh norman,CB,NormJo01,Josh Norman,2012,143,5,CAR,43,43,Below Avg
Josh Oliver,TE,San Jose State,76.2,79.9,67.2,josh oliver,TE,OlivJo00,Josh Oliver,2019,69,3,JAX,7,7,Good
Josh Palmer,WR,Tennessee,69.8,67.5,58.1,josh palmer,WR,PalmJo00,Josh Palmer,2021,77,3,LAC,21,21,Average
Josh Reynolds,WR,Texas A&M,76,70.5,76.4,josh reynolds,WR,ReynJo00,Josh Reynolds,2017,117,4,LAR,26,26,Good
Josh Robinson,CB,UCF,84.4,99,72.1,josh robinson,CB,RobiJo01,Josh Robinson,2012,66,3,MIN,10,10,Good
Josh Robinson,RB,Mississippi State,62.9,54.2,71.1,josh robinson,RB,RobiJo02,Josh Robinson,2015,205,6,IND,0,0,Average
Josh Rosen,QB,UCLA,76.4,69.8,77.3,josh rosen,QB,RoseJo01,Josh Rosen,2018,10,1,ARI,3,3,Good
Josh Sweat,OLB,Florida State,74.4,87.3,68.9,josh sweat,EDGE,SweaJo00,Josh Sweat,2018,130,4,PHI,37,37,Good
Josh Thomas,CB,Buffalo,63.2,62.8,60.2,josh thomas,CB,ThomJo01,Josh Thomas,2011,143,5,DAL,7,7,Average
Josh Wilson,CB,Maryland,72,63.8,69.7,josh wilson,CB,WilsJo99,Josh Wilson,2007,55,2,SEA,32,32,Good
Joshua Dobbs,QB,Tennessee,73.2,85.8,67.7,joshua dobbs,QB,DobbJo00,Joshua Dobbs,2017,135,4,PIT,9,9,Good
Joshua Ezeudu,G,North Carolina,77.9,78.9,71.1,joshua ezeudu,IOL,EzeuJo00,Joshua Ezeudu,2022,67,3,NYG,5,5,Good
Joshua Garnett,G,Stanford,82.6,75,77.2,joshua garnett,IOL,GarnJo00,Joshua Garnett,2016,28,1,SFO,5,5,Good
Joshua Kaindoh,DE,Florida State,64.8,81.4,52.2,joshua kaindoh,EDGE,KainJo00,Joshua Kaindoh,2021,144,4,KAN,0,0,Average
Joshua Kelley,RB,UCLA,74.1,75.6,71.8,joshua kelley,RB,KellJo01,Joshua Kelley,2020,112,4,LAC,9,9,Good
Joshua Miles,OT,Morgan State,66.6,73.6,57,joshua miles,OT,MileJo00,Joshua Miles,2019,248,7,ARI,2,2,Average
Joshua Moore,DB,Kansas State,70.1,65.7,70.2,joshua moore,CB,MoorJo99,Joshua Moore,2010,141,5,CHI,0,0,Good
Joshua Perry,LB,Ohio State,73.9,71.8,73.1,joshua perry,LB,PerrJo01,Joshua Perry,2016,102,4,SDG,1,1,Good
Joshua Uche,LB,Michigan,78.1,76.6,75.2,joshua uche,LB,UcheJo00,Joshua Uche,2020,60,2,NWE,9,9,Good
Joshua Williams,CB,Fayetteville State University,67,62.6,69.7,joshua williams,CB,WillJo03,Joshua Williams,2022,135,4,KAN,6,6,Average
Joshuah Bledsoe,SAF,Missouri,61.8,76.7,55.9,joshuah bledsoe,S,BledJo00,Joshuah Bledsoe,2021,188,6,NWE,0,0,Average
Josiah Deguara,TE,Cincinnati,79,73.4,82.3,josiah deguara,TE,DeguJo00,Josiah Deguara,2020,94,3,GNB,4,4,Good
Josiah Scott,CB,Michigan State,78.7,82.9,75.8,josiah scott,CB,ScotJo00,Josiah Scott,2020,137,4,JAX,3,3,Good
Jourdan Lewis,CB,Michigan,74.7,69.4,74.2,jourdan lewis,CB,LewiJo01,Jourdan Lewis,2017,92,3,DAL,26,26,Good
Jovan Haye,DE,Vanderbilt,77.5,97.1,57.5,jovan haye,EDGE,HayeJo20,Jovan Haye,2005,189,6,CAR,25,25,Good
J.P. Losman,QB,Tulane,78.3,84.7,72.1,jp losman,QB,LosmJ.00,J.P. Losman,2004,22,1,BUF,19,19,Good
J.R. Russell,WR,Louisville,64.5,66,69.6,jr russell,WR,NA,J.R. Russell,2005,253,7,TAM,NA,NA,Average
J.R. Tolver,WR,San Diego State,71.8,58.8,88.3,jr tolver,WR,NA,J.R. Tolver,2003,169,5,MIA,NA,NA,Good
JT Woods,SAF,Baylor,77.7,85.8,72.7,jt woods,S,WoodJT00,JT Woods,2022,79,3,LAC,1,1,Good
Juan Thornhill,SAF,Virginia,87.4,94,85.8,juan thornhill,S,ThorJu00,Juan Thornhill,2019,63,2,KAN,24,24,Good
Juaquin Iglesias,WR,Oklahoma,71.3,56.6,75.6,juaquin iglesias,WR,IgleJu00,Juaquin Iglesias,2009,99,3,CHI,0,0,Good
JuJu Smith-Schuster,WR,USC,78.5,67.3,82,juju smith-schuster,WR,SmitJu00,JuJu Smith-Schuster,2017,62,2,PIT,43,43,Good
Julian Battle,CB,Tennessee,67.4,63.8,67.9,julian battle,CB,BattJu20,Julian Battle,2003,92,3,KAN,2,2,Average
Julian Blackmon,SAF,Utah,75.3,71.5,76.2,julian blackmon,S,BlacJu01,Julian Blackmon,2020,85,3,IND,20,20,Good
Julian Jenkins,DE,Stanford,65.4,64,59.3,julian jenkins,EDGE,JenkJu20,Julian Jenkins,2006,156,5,TAM,1,1,Average
Julian Okwara,DE,Notre Dame,75.7,83.2,68.9,julian okwara,EDGE,OkwaJu00,Julian Okwara,2020,67,3,DET,5,5,Good
Julian Vandervelde,OG,Iowa,72.2,82.8,60.5,julian vandervelde,IOL,VandJu00,Julian Vandervelde,2011,161,5,PHI,1,1,Good
Julio Jones,WR,Alabama,90.8,88.7,82.2,julio jones,WR,JoneJu02,Julio Jones,2011,6,1,ATL,101,101,Elite
Julius Jones,RB,Notre Dame,77.8,82.9,69.2,julius jones,RB,JoneJu01,Julius Jones,2004,43,2,DAL,38,38,Good
Julius Thomas,TE,Portland State,70.2,75.3,63.6,julius thomas,TE,ThomJu00,Julius Thomas,2011,129,4,DEN,21,21,Good
Junior Hemingway,WR,Michigan,67.7,80.2,54.1,junior hemingway,WR,HemiJu00,Junior Hemingway,2012,238,7,KAN,2,2,Average
Junior Siavii,DT,Oregon,70.9,60.8,75.4,junior siavii,DL,SiavJu20,Junior Siavii,2004,36,2,KAN,6,6,Good
Junius Coston,C,North Carolina A&T,66.6,66.6,59.5,junius coston,IOL,CostJu20,Junius Coston,2005,143,5,GNB,5,5,Average
Juron Criner,WR,Arizona,68.1,56.2,77.9,juron criner,WR,CrinJu00,Juron Criner,2012,168,5,OAK,1,1,Average
Jurrell Casey,DT,USC,76,62.4,80.9,jurrell casey,DL,CaseJu00,Jurrell Casey,2011,77,3,TEN,72,72,Good
Justice Cunningham,TE,South Carolina,63.3,63.6,56.8,justice cunningham,TE,CunnJu00,Justice Cunningham,2013,254,7,IND,0,0,Average
Justice Hill,RB,Oklahoma State,76.2,83.9,69.6,justice hill,RB,HillJu00,Justice Hill,2019,113,4,BAL,17,17,Good
Justin Bethel,CB,Presbyterian College,64.1,67.2,58.2,justin bethel,CB,BethJu00,Justin Bethel,2012,177,6,ARI,20,20,Average
Justin Blackmon,WR,Oklahoma State,88.2,73.5,98.9,justin blackmon,WR,BlacJu00,Justin Blackmon,2012,5,1,JAX,9,9,Good
Justin Blalock,G,Texas,80.3,77.4,76.5,justin blalock,IOL,BlalJu20,Justin Blalock,2007,39,2,ATL,55,55,Good
Justin Ellis,DT,Louisiana Tech,53.4,57.7,54,justin ellis,DL,ElliJu01,Justin Ellis,2014,107,4,OAK,25,25,Below Avg
Justin Evans,FS,Texas A&M,78.8,72.2,74.2,justin evans,S,EvanJu00,Justin Evans,2017,50,2,TAM,10,10,Good
Justin Fargas,RB,USC,76.1,99,54.5,justin fargas,RB,FargJu00,Justin Fargas,2003,96,3,OAK,20,20,Good
Justin Fields,QB,Ohio State,89.4,93.3,92.3,justin fields,QB,FielJu00,Justin Fields,2021,11,1,CHI,44,44,Good
Justin Forsett,RB,California,62.4,59.2,70.8,justin forsett,RB,ForsJu00,Justin Forsett,2008,233,7,SEA,32,32,Average
Justin Gage,WR,Missouri,73.9,78.6,72.6,justin gage,WR,GageJu00,Justin Gage,2003,143,5,CHI,25,25,Good
Justin Gilbert,DB,Oklahoma State,91.4,83.7,89.5,justin gilbert,CB,GilbJu00,Justin Gilbert,2014,8,1,CLE,4,4,Elite
Justin Hardy,WR,East Carolina,73.5,67.3,81.5,justin hardy,WR,HardJu00,Justin Hardy,2015,107,4,ATL,8,8,Good
Justin Harper,WR,Virginia Tech,56.5,66.2,54.1,justin harper,WR,HarpJu01,Justin Harper,2008,215,7,BAL,0,0,Below Avg
Justin Harrell,DT,Tennessee,71.4,65.4,67.4,justin harrell,DL,HarrJu99,Justin Harrell,2007,16,1,GNB,2,2,Good
Justin Herbert,QB,Oregon,88.7,82.1,92.6,justin herbert,QB,HerbJu00,Justin Herbert,2020,6,1,LAC,74,74,Good
Justin Hollins,LB,Oregon,72.8,85.9,64.9,justin hollins,LB,HollJu00,Justin Hollins,2019,156,5,DEN,8,8,Good
Justin Hunter,WR,Tennessee,80.9,80.8,76.8,justin hunter,WR,HuntJu00,Justin Hunter,2013,34,2,TEN,9,9,Good
Justin Jackson,RB,Northwestern,71.5,72.4,66.9,justin jackson,RB,JackJu01,Justin Jackson,2018,251,7,LAC,12,12,Good
Justin Jefferson,WR,LSU,91,79.6,90,justin jefferson,WR,JeffJu00,Justin Jefferson,2020,22,1,MIN,65,65,Elite
Justin Jones,DT,N.C. State,65.1,63.4,64.3,justin jones,DL,JoneJu03,Justin Jones,2018,84,3,LAC,30,30,Average
Justin King,DB,Penn State,71.8,84.9,59.6,justin king,CB,KingJu99,Justin King,2008,101,4,STL,9,9,Good
Justin Layne,CB,Michigan State,78.4,78.2,74.7,justin layne,CB,LaynJu00,Justin Layne,2019,83,3,PIT,3,3,Good
Justin Miller,DB,Clemson,77.1,75.6,76.1,justin miller,CB,MillJu99,Justin Miller,2005,57,2,NYJ,15,15,Good
Justin Reid,S,Stanford,88.5,92.1,82.5,justin reid,S,ReidJu00,Justin Reid,2018,68,3,HOU,34,34,Good
Justin Rogers,DB,Richmond,57.7,52.9,56.4,justin rogers,CB,RogeJu00,Justin Rogers,2011,206,7,BUF,4,4,Below Avg
Justin Senior,OT,Mississippi State,58,55.2,57.7,justin senior,OT,SeniJu00,Justin Senior,2017,210,6,SEA,NA,NA,Below Avg
Justin Shaffer,G,Georgia,64.6,61.3,61.3,justin shaffer,IOL,ShafJu00,Justin Shaffer,2022,190,6,ATL,NA,NA,Average
Justin Simmons,FS,Boston College,77,81.9,75.8,justin simmons,S,SimmJu00,Justin Simmons,2016,98,3,DEN,60,60,Good
Justin Smiley,G,Alabama,81.3,79.9,76.5,justin smiley,IOL,SmilJu20,Justin Smiley,2004,46,2,SFO,30,30,Good
Justin Strnad,LB,Wake Forest,67,60.7,70.5,justin strnad,LB,StrnJu00,Justin Strnad,2020,178,5,DEN,14,14,Average
Justin Tryon,DB,Arizona State,68.2,65.3,70.9,justin tryon,CB,TryoJu99,Justin Tryon,2008,124,4,WAS,6,6,Average
Justin Tuck,DE,Notre Dame,76.1,81,66.4,justin tuck,EDGE,TuckJu20,Justin Tuck,2005,74,3,NYG,65,65,Good
Juston Burris,CB,N.C. State,65.4,68.3,60.2,juston burris,CB,BurrJu00,Juston Burris,2016,118,4,NYJ,14,14,Average
K'Von Wallace,SAF,Clemson,76.3,86,70.7,k'von wallace,S,WallKV00,K'Von Wallace,2020,127,4,PHI,9,9,Good
Ka'Deem Carey,RB,Arizona,71.5,51,86.6,ka'deem carey,RB,CareKa00,Ka'Deem Carey,2014,117,4,CHI,3,3,Good
Kadarius Toney,WR,Florida,85.7,89.4,79,kadarius toney,WR,ToneKa00,Kadarius Toney,2021,20,1,NYG,7,7,Good
Kadeem Edwards,OG,Tennessee State,56.5,62.7,54.4,kadeem edwards,IOL,EdwaKa00,Kadeem Edwards,2014,143,5,TAM,NA,NA,Below Avg
Kaden Smith,TE,Stanford,70.8,61.2,82.9,kaden smith,TE,SmitKa00,Kaden Smith,2019,176,6,SFO,3,3,Good
Kaelin Clay,WR,Utah,54.2,59.6,55,kaelin clay,WR,ClayKa00,Kaelin Clay,2015,184,6,TAM,3,3,Below Avg
Kahale Warring,TE,San Diego State,73.7,78.9,57.1,kahale warring,TE,WarrKa00,Kahale Warring,2019,86,3,HOU,0,0,Good
Kaiir Elam,CB,Florida,83.4,77.8,81.6,kaiir elam,CB,ElamKa00,Kaiir Elam,2022,23,1,BUF,9,9,Good
Kaleb McGary,OT,Washington,82,85.6,75.5,kaleb mcgary,OT,McGaKa00,Kaleb McGary,2019,31,1,ATL,39,39,Good
Kalen Ballage,RB,Arizona State,70.4,86.9,56.2,kalen ballage,RB,BallKa00,Kalen Ballage,2018,131,4,MIA,6,6,Good
Kalia Davis,DT,UCF,65.7,71.2,61.1,kalia davis,DL,DaviKa01,Kalia Davis,2022,220,6,SFO,9,9,Average
Kalon Barnes,CB,Baylor,64.6,87.9,52.4,kalon barnes,CB,BarnKa00,Kalon Barnes,2022,242,7,CAR,0,0,Average
Kamal Martin,LB,Minnesota,60.8,72.6,55.7,kamal martin,LB,MartKa01,Kamal Martin,2020,175,5,GNB,4,4,Average
Kamalei Correa,OLB,Boise State,70.2,65,70.5,kamalei correa,EDGE,CorrKa00,Kamalei Correa,2016,42,2,BAL,11,11,Good
Kamerion Wimbley,OLB,Florida State,77.5,78.3,68.9,kamerion wimbley,EDGE,WimbKa20,Kamerion Wimbley,2006,13,1,CLE,44,44,Good
Kapron Lewis-Moore,DE,Notre Dame,69.4,67.6,66.8,kapron lewis-moore,EDGE,LewiKa00,Kapron Lewis-Moore,2013,200,6,BAL,0,0,Average
Kareem Brown,DT,Miami,65.9,56.5,61.7,kareem brown,DL,BrowKa99,Kareem Brown,2007,127,4,NWE,0,0,Average
Kareem Hunt,RB,Toledo,72.4,61.5,71.7,kareem hunt,RB,HuntKa00,Kareem Hunt,2017,86,3,KAN,52,52,Good
Kareem Martin,OLB,North Carolina,80,82.2,80.3,kareem martin,EDGE,MartKa00,Kareem Martin,2014,84,3,ARI,12,12,Good
Karl Joseph,FS,West Virginia,81.3,69.7,84.6,karl joseph,S,JoseKa00,Karl Joseph,2016,14,1,OAK,16,16,Good
Karl Klug,DT,Iowa,65.9,64.6,74,karl klug,DL,KlugKa00,Karl Klug,2011,142,5,TEN,13,13,Average
Karl Paymah,DB,Washington State,79.2,95.1,67.9,karl paymah,CB,PaymKa20,Karl Paymah,2005,76,3,DEN,6,6,Good
Karlos Dansby,ILB,Auburn,80.3,79.1,77.2,karlos dansby,LB,DansKa20,Karlos Dansby,2004,33,2,ARI,81,81,Good
Karlos Williams,RB,Florida State,67.6,76.1,60.2,karlos williams,RB,WillKa01,Karlos Williams,2015,155,5,BUF,4,4,Average
Kary Vincent Jr.,CB,LSU,71.8,74.8,66.4,kary vincent,CB,VincKa00,Kary Vincent Jr.,2021,237,7,DEN,0,0,Good
Kasey Studdard,G,Texas,65.6,69.9,58.3,kasey studdard,IOL,StudKa20,Kasey Studdard,2007,183,6,HOU,8,8,Average
Kavell Conner,ILB,Clemson,64.2,63,60.3,kavell conner,LB,ConnKa99,Kavell Conner,2010,240,7,IND,20,20,Average
Kavon Frazier,FS,Central Michigan,66.2,73.6,59.3,kavon frazier,S,FrazKa00,Kavon Frazier,2016,212,6,DAL,4,4,Average
Kawann Short,DT,Purdue,74.5,66.4,74.5,kawann short,DL,ShorKa00,Kawann Short,2013,44,2,CAR,41,41,Good
Kayvon Webster,CB,University of South Florida,72.3,79.7,64.3,kayvon webster,CB,WebsKa00,Kayvon Webster,2013,90,3,DEN,9,9,Good
Ke'Shawn Vaughn,RB,Vanderbilt,71.6,70.9,68.2,ke'shawn vaughn,RB,VaugKe00,Ke'Shawn Vaughn,2020,76,3,TAM,2,2,Good
Kealoha Pilares,WR,Hawaii,77.8,81.8,80.7,kealoha pilares,WR,PilaKe00,Kealoha Pilares,2011,132,5,CAR,1,1,Good
Keanu Neal,FS,Florida,75.2,65.6,73.9,keanu neal,S,NealKe01,Keanu Neal,2016,17,1,ATL,25,25,Good
Keaontay Ingram,RB,USC,64.9,73.9,63.4,keaontay ingram,RB,IngrKe01,Keaontay Ingram,2022,201,6,ARI,2,2,Average
Keary Colbert,WR,USC,72.3,53.7,74.8,keary colbert,WR,ColbKe00,Keary Colbert,2004,62,2,CAR,14,14,Good
Kedric Golston,NT,Georgia,67.3,87.5,51.7,kedric golston,DL,GolsKe20,Kedric Golston,2006,196,6,WAS,27,27,Average
Keenan Allen,WR,California,72,57.8,78.7,keenan allen,WR,AlleKe00,Keenan Allen,2013,76,3,SDG,80,80,Good
Keenan Burton,WR,Kentucky,73.6,75.2,73.4,keenan burton,WR,BurtKe00,Keenan Burton,2008,128,4,STL,3,3,Good
Keenan Clayton,LB,Oklahoma,75.7,77.5,71.3,keenan clayton,LB,ClayKe99,Keenan Clayton,2010,121,4,PHI,3,3,Good
Keenan Howry,WR,Oregon,56.1,51,64.7,keenan howry,WR,HowrKe00,Keenan Howry,2003,221,7,MIN,0,0,Below Avg
Keenan Lewis,CB,Oregon State,67.8,65.4,71.3,keenan lewis,CB,LewiKe96,Keenan Lewis,2009,96,3,PIT,22,22,Average
KeeSean Johnson,WR,Fresno State,66.6,55.4,71.7,keesean johnson,WR,JohnKe07,KeeSean Johnson,2019,174,6,ARI,4,4,Average
Keishawn Bierria,LB,Washington,60,60.5,57.4,keishawn bierria,LB,BierKe00,Keishawn Bierria,2018,217,6,DEN,1,1,Average
Keith Ellison,ILB,Oregon State,63.7,66.9,58,keith ellison,LB,ElliKe20,Keith Ellison,2006,178,6,BUF,19,19,Average
Keith Ismael,C,San Diego State,70.2,66.7,65.2,keith ismael,IOL,IsmaKe00,Keith Ismael,2020,156,5,WAS,3,3,Good
Keith Lewis,DB,Oregon,66.3,70.8,57.6,keith lewis,CB,LewiKe20,Keith Lewis,2004,198,6,SFO,8,8,Average
Keith Marshall,RB,Georgia,70.6,94.2,54.8,keith marshall,RB,MarsKe00,Keith Marshall,2016,242,7,WAS,NA,NA,Good
Keith Mumphery,WR,Michigan State,54.1,61.4,52.8,keith mumphery,WR,MumpKe00,Keith Mumphery,2015,175,5,HOU,2,2,Below Avg
Keith Reaser,CB,Florida Atlantic,59.9,63.1,58,keith reaser,CB,ReasKe00,Keith Reaser,2014,170,5,SFO,2,2,Below Avg
Keith Smith,DB,McNeese State,68,64.1,67.9,keith smith,CB,SmitKe20,Keith Smith,2004,73,3,DET,6,6,Average
Keith Taylor,CB,Washington,53.8,62.3,50.9,keith taylor,CB,TaylKe03,Keith Taylor,2021,166,5,CAR,5,5,Below Avg
Keith Wenning,QB,Ball State,66.7,59.3,71.3,keith wenning,QB,WennKe00,Keith Wenning,2014,194,6,BAL,NA,NA,Average
Keith Williams,G,Nebraska,59.6,51,58.3,keith williams,IOL,WillKe04,Keith Williams,2011,196,6,PIT,0,0,Below Avg
KeiVarae Russell,CB,Notre Dame,72.5,68.8,71.4,keivarae russell,CB,RussKe00,KeiVarae Russell,2016,74,3,KAN,2,2,Good
Keiwan Ratliff,DB,Florida,77.8,79.1,76.1,keiwan ratliff,CB,RatlKe20,Keiwan Ratliff,2004,49,2,CIN,9,9,Good
Keke Coutee,WR,Texas Tech,77.9,73.2,86.3,keke coutee,WR,CoutKe00,Keke Coutee,2018,103,4,HOU,7,7,Good
Kellen Clemens,QB,Oregon,73,62.8,75.3,kellen clemens,QB,ClemKe00,Kellen Clemens,2006,49,2,NYJ,10,10,Good
Kellen Davis,TE,Michigan State,73.6,78.1,71.7,kellen davis,TE,DaviKe01,Kellen Davis,2008,158,5,CHI,5,5,Good
Kellen Mond,QB,Texas A&M,77,80.6,75.6,kellen mond,QB,MondKe00,Kellen Mond,2021,66,3,MIN,0,0,Good
Kellen Winslow,TE,Miami,85.3,91,75.7,kellen winslow,TE,WinsKe01,Kellen Winslow,2004,6,1,CLE,37,37,Good
Kelley Washington,WR,Tennessee,74.4,79.8,65.1,kelley washington,WR,WashKe00,Kelley Washington,2003,65,3,CIN,13,13,Good
Kelly Butler,T,Purdue,67.9,75.2,57.4,kelly butler,OT,ButlKe21,Kelly Butler,2004,172,6,DET,8,8,Average
Kelly Jennings,DB,Miami,81.1,79.9,81.5,kelly jennings,CB,JennKe20,Kelly Jennings,2006,31,1,SEA,18,18,Good
Kelvin Beachum,OT,SMU,57.4,56,55.6,kelvin beachum,OT,BeacKe00,Kelvin Beachum,2012,248,7,PIT,59,59,Below Avg
Kelvin Benjamin,WR,Florida State,76.6,51,79.6,kelvin benjamin,WR,BenjKe00,Kelvin Benjamin,2014,28,1,CAR,22,22,Good
Kelvin Harmon,WR,N.C. State,66.5,60.8,70.4,kelvin harmon,WR,HarmKe00,Kelvin Harmon,2019,206,6,WAS,3,3,Average
Kelvin Hayden,DB,Illinois,73.9,66,76.1,kelvin hayden,CB,HaydKe20,Kelvin Hayden,2005,60,2,IND,24,24,Good
Kelvin Joseph,CB,Kentucky,78.7,84.2,71.9,kelvin joseph,CB,JoseKe02,Kelvin Joseph,2021,44,2,DAL,2,2,Good
Kelvin Sheppard,MLB,LSU,74.1,67.2,71.8,kelvin sheppard,LB,ShepKe00,Kelvin Sheppard,2011,68,3,BUF,25,25,Good
Kelvin Smith,LB,Syracuse,56.2,59.5,54.2,kelvin smith,LB,SmitKe97,Kelvin Smith,2007,219,7,MIA,0,0,Below Avg
Kelvin Taylor,RB,Florida,61.1,58.9,62.3,kelvin taylor,RB,TaylKe01,Kelvin Taylor,2016,211,6,SFO,NA,NA,Average
Kemoko Turay,DE,Rutgers,75,82.8,67.8,kemoko turay,EDGE,TuraKe00,Kemoko Turay,2018,52,2,IND,5,5,Good
Ken Dorsey,QB,Miami,69.8,75.6,61.8,ken dorsey,QB,DorsKe00,Ken Dorsey,2003,241,7,SFO,2,2,Average
Ken Hamlin,DB,Arkansas,80.2,82.1,75.6,ken hamlin,CB,HamlKe20,Ken Hamlin,2003,42,2,SEA,37,37,Good
Ken Webster,DB,Mississippi,71.1,94.1,56.8,ken webster,CB,WebsKe00,Ken Webster,2019,252,7,NWE,3,3,Good
Kendall Fuller,CB,Virginia Tech,69.9,71.6,66.5,kendall fuller,CB,FullKe00,Kendall Fuller,2016,84,3,WAS,34,34,Average
Kendall Hunter,RB,Oklahoma State,70.5,64.8,76.7,kendall hunter,RB,HuntKe00,Kendall Hunter,2011,115,4,SFO,12,12,Good
Kendall Langford,DE,Hampton,70.6,69.5,67.2,kendall langford,EDGE,LangKe98,Kendall Langford,2008,66,3,MIA,43,43,Good
Kendall Reyes,DT,Connecticut,82.3,91.1,73.2,kendall reyes,DL,ReyeKe00,Kendall Reyes,2012,49,2,SDG,22,22,Good
Kendall Sheffield,DB,Ohio State,67.7,63.9,68.4,kendall sheffield,CB,ShefKe00,Kendall Sheffield,2019,111,4,ATL,6,6,Average
Kendall Wright,WR,Baylor,84.6,65.6,94.7,kendall wright,WR,WrigKe01,Kendall Wright,2012,20,1,TEN,28,28,Good
Kendrick Green,G,Illinois,79,80.5,69.6,kendrick green,IOL,GreeKe02,Kendrick Green,2021,87,3,PIT,7,7,Good
Kendrick Norton,DT,Miami,63.4,64.7,58,kendrick norton,DL,NortKe01,Kendrick Norton,2018,242,7,CAR,NA,NA,Average
Kendyll Pope,LB,Florida State,67.5,63.5,63,kendyll pope,LB,PopeKe20,Kendyll Pope,2004,107,4,IND,0,0,Average
Kenechi Udeze,DE,USC,76.3,63.9,79.5,kenechi udeze,EDGE,UdezKe20,Kenechi Udeze,2004,20,1,MIN,20,20,Good
Kenjon Barner,RB,Oregon,74.5,64.4,86,kenjon barner,RB,BarnKe00,Kenjon Barner,2013,182,6,CAR,4,4,Good
Kenneth Darby,RB,Alabama,53.6,51,61.5,kenneth darby,RB,DarbKe00,Kenneth Darby,2007,246,7,TAM,4,4,Below Avg
Kenneth Dixon,RB,Louisiana Tech,79.3,74.6,78.1,kenneth dixon,RB,DixoKe00,Kenneth Dixon,2016,134,4,BAL,5,5,Good
Kenneth Gainwell,RB,Memphis,72.3,67.1,73.4,kenneth gainwell,RB,GainKe00,Kenneth Gainwell,2021,150,5,PHI,24,24,Good
"Kenneth Murray, Jr.",LB,Oklahoma,88.1,98.6,81.1,kenneth murray,LB,MurrKe00,Kenneth Murray,2020,23,1,LAC,32,32,Good
Kenneth Walker III,RB,Michigan State,84.1,90.8,81.7,kenneth walker,RB,WalkKe00,Kenneth Walker III,2022,41,2,SEA,28,28,Good
Kenny Bell,WR,Nebraska,75.8,86.6,67.2,kenny bell,WR,BellKe02,Kenny Bell,2015,162,5,TAM,NA,NA,Good
Kenny Britt,WR,Rutgers,78.7,63.7,82.6,kenny britt,WR,BritKe00,Kenny Britt,2009,30,1,TEN,35,35,Good
Kenny Clark,NT,UCLA,81.3,70.1,86.2,kenny clark,DL,ClarKe01,Kenny Clark,2016,27,1,GNB,63,63,Good
Kenny Golladay,WR,Northern Illinois,77.8,75,79.5,kenny golladay,WR,GollKe00,Kenny Golladay,2017,96,3,DET,27,27,Good
Kenny Hilliard,RB,LSU,51.3,51,52,kenny hilliard,RB,HillKe01,Kenny Hilliard,2015,235,7,HOU,NA,NA,Below Avg
Kenny Iwebema,DE,Iowa,62.9,57.2,58,kenny iwebema,EDGE,IwebKe99,Kenny Iwebema,2008,116,4,ARI,2,2,Average
Kenny Lawler,WR,California,64.6,53.9,70.9,kenny lawler,WR,LawlKe00,Kenny Lawler,2016,243,7,SEA,NA,NA,Average
Kenny McKinley,WR,South Carolina,67.1,71.2,65.6,kenny mckinley,WR,McKiKe00,Kenny McKinley,2009,141,5,DEN,0,0,Average
Kenny Moore,WR,Wake Forest,69.9,65.8,71.9,kenny moore,WR,MoorKe00,Kenny Moore,2008,136,5,DET,1,1,Average
Kenny Pickett,QB,Pittsburgh,81,68.4,87.2,kenny pickett,QB,PickKe00,Kenny Pickett,2022,20,1,PIT,14,14,Good
Kenny Stills,WR,Oklahoma,73.9,76,74.8,kenny stills,WR,StilKe00,Kenny Stills,2013,144,5,NOR,35,35,Good
Kenny Willekes,DE,Michigan State,68.5,65.7,76.7,kenny willekes,EDGE,WillKe06,Kenny Willekes,2020,225,7,MIN,1,1,Average
Kenny Young,ILB,UCLA,73.4,76.1,70,kenny young,LB,YounKe03,Kenny Young,2018,122,4,BAL,18,18,Good
Kenrick Ellis,NT,Hampton,67.4,59.2,67.2,kenrick ellis,DL,ElliKe01,Kenrick Ellis,2011,94,3,NYJ,10,10,Average
Kenyan Drake,RB,Alabama,73.8,81.3,66.9,kenyan drake,RB,DrakKe00,Kenyan Drake,2016,73,3,MIA,33,33,Good
Kenyon Green,G,Texas A&M,79.3,63.8,85.2,kenyon green,IOL,GreeKe03,Kenyon Green,2022,15,1,HOU,8,8,Good
Kerry Meier,WR,Kansas,68,60.3,74.9,kerry meier,WR,MeieKe00,Kerry Meier,2010,165,5,ATL,0,0,Average
Kerryon Johnson,RB,Auburn,78.3,76.6,75.1,kerryon johnson,RB,JohnKe06,Kerryon Johnson,2018,43,2,DET,11,11,Good
Kerwynn Williams,RB,Utah State,67.5,63.5,72.2,kerwynn williams,RB,WillKe05,Kerwynn Williams,2013,230,7,IND,6,6,Average
Keshawn Martin,WR,Michigan State,70.7,74.7,62.8,keshawn martin,WR,MartKe01,Keshawn Martin,2012,121,4,HOU,7,7,Good
Kevin Barnes,DB,Maryland,73.7,75.6,71,kevin barnes,CB,BarnKe99,Kevin Barnes,2009,80,3,WAS,3,3,Good
Kevin Boss,TE,Western Oregon,67.9,72.8,60.9,kevin boss,TE,BossKe00,Kevin Boss,2007,153,5,NYG,17,17,Average
Kevin Curtis,WR,Utah State,83.4,88.3,88,kevin curtis,WR,CurtKe00,Kevin Curtis,2003,74,3,STL,25,25,Good
Kevin Dodd,OLB,Clemson,76.9,67.4,83.2,kevin dodd,EDGE,DoddKe00,Kevin Dodd,2016,33,2,TEN,2,2,Good
Kevin Everett,TE,Miami,70.5,68.8,65.3,kevin everett,TE,EverKe00,Kevin Everett,2005,86,3,BUF,0,0,Good
Kevin Garrett,DB,SMU,74.6,91.2,60.4,kevin garrett,CB,GarrKe20,Kevin Garrett,2003,172,5,STL,2,2,Good
Kevin Harris,RB,South Carolina,65.3,66.6,63.1,kevin harris,RB,HarrKe01,Kevin Harris,2022,183,6,NWE,1,1,Average
Kevin Hogan,QB,Stanford,71.5,75.7,72,kevin hogan,QB,HogaKe00,Kevin Hogan,2016,162,5,KAN,2,2,Good
Kevin Johnson,CB,Wake Forest,77.3,73.3,73.5,kevin johnson,CB,JohnKe04,Kevin Johnson,2015,16,1,HOU,11,11,Good
Kevin Jones,RB,Virginia Tech,88.7,89.8,85.4,kevin jones,RB,JoneKe02,Kevin Jones,2004,30,1,DET,27,27,Good
Kevin King,CB,Washington,81.3,86.3,72.9,kevin king,CB,KingKe01,Kevin King,2017,33,2,GNB,16,16,Good
Kevin Kolb,QB,Houston,76.9,72.4,80,kevin kolb,QB,KolbKe00,Kevin Kolb,2007,36,2,PHI,12,12,Good
Kevin Minter,LB,LSU,80.7,62.6,85.9,kevin minter,LB,MintKe00,Kevin Minter,2013,45,2,ARI,27,27,Good
Kevin Norwood,WR,Alabama,62.8,66.9,61.6,kevin norwood,WR,NorwKe00,Kevin Norwood,2014,123,4,SEA,1,1,Average
Kevin O'Connell,QB,San Diego State,75.5,81.1,67.6,kevin o'connell,QB,OConKe00,Kevin O'Connell,2008,94,3,NWE,0,0,Good
Kevin Pierre-Louis,LB,Boston College,73.3,87.9,63.9,kevin pierre-louis,LB,PierKe00,Kevin Pierre-Louis,2014,132,4,SEA,15,15,Good
Kevin Robinson,WR,Utah State,56.4,51,63.9,kevin robinson,WR,RobiKe00,Kevin Robinson,2008,182,6,KAN,0,0,Below Avg
Kevin Smith,RB,UCF,77.1,72,79.9,kevin smith,RB,SmitKe02,Kevin Smith,2008,64,3,DET,19,19,Good
Kevin Thomas,CB,USC,69,71.7,64.7,kevin thomas,CB,ThomKe99,Kevin Thomas,2010,94,3,IND,2,2,Average
Kevin Vickerson,DT,Michigan State,64.5,74.5,55.7,kevin vickerson,DL,VickKe99,Kevin Vickerson,2005,216,7,MIA,21,21,Average
Kevin White,WR,West Virginia,86.2,87.3,82.8,kevin white,WR,WhitKe00,Kevin White,2015,7,1,CHI,3,3,Good
Kevin Williams,DT,Oklahoma State,82.2,65.2,93.6,kevin williams,DL,WillKe98,Kevin Williams,2003,9,1,MIN,102,102,Good
Kevin Zeitler,G,Wisconsin,85.7,75.6,82.7,kevin zeitler,IOL,ZeitKe00,Kevin Zeitler,2012,27,1,CIN,67,67,Good
Kevon Seymour,CB,USC,62.5,77.3,56.6,kevon seymour,CB,SeymKe00,Kevon Seymour,2016,218,6,BUF,6,6,Average
Keyaron Fox,LB,Georgia Tech,73.8,73.9,68.4,keyaron fox,LB,FoxxKe20,Keyaron Fox,2004,93,3,KAN,13,13,Good
Keyon Whiteside,LB,Tennessee,63.3,61,60.3,keyon whiteside,LB,WhitKe20,Keyon Whiteside,2003,162,5,IND,0,0,Average
Khaled Holmes,C,USC,64.1,55.4,63.1,khaled holmes,IOL,HolmKh00,Khaled Holmes,2013,121,4,IND,4,4,Average
Khaleke Hudson,LB,Michigan,73.3,84.8,67.7,khaleke hudson,LB,HudsKh00,Khaleke Hudson,2020,162,5,WAS,7,7,Good
Khalen Saunders,DT,Western Illinois,73.7,76.6,68.2,khalen saunders,DL,SaunKh00,Khalen Saunders,2019,84,3,KAN,17,17,Good
Khalid Abdullah,LB,Mars Hill,68,76,60.3,khalid abdullah,LB,AbduKh20,Khalid Abdullah,2003,136,5,CIN,1,1,Average
Khalid Kareem,DE,Notre Dame,68.5,75.3,66.8,khalid kareem,EDGE,KareKh00,Khalid Kareem,2020,147,5,CIN,2,2,Average
Khalid Wooten,CB,Nevada,61.9,61.8,63.1,khalid wooten,CB,WootKh00,Khalid Wooten,2013,202,6,TEN,0,0,Average
Khalif Barnes,OT,Washington,79.5,83.1,74.8,khalif barnes,OT,BarnKh20,Khalif Barnes,2005,52,2,JAX,51,51,Good
Khalil Davis,DT,Nebraska,78.7,91.4,67.4,khalil davis,DL,DaviKh00,Khalil Davis,2020,194,6,TAM,3,3,Good
Khalil Herbert,RB,Virginia Tech,68.8,73.1,66.1,khalil herbert,RB,HerbKh00,Khalil Herbert,2021,217,6,CHI,13,13,Average
Khalil Shakir,WR,Boise State,77.5,77.1,80.7,khalil shakir,WR,ShakKh00,Khalil Shakir,2022,148,5,BUF,25,25,Good
Khari Long,DE,Baylor,68.8,84.6,57.2,khari long,EDGE,LongKh20,Khari Long,2005,199,6,KAN,0,0,Average
Khari Willis,SS,Michigan State,66.1,80.8,58.7,khari willis,S,WillKh00,Khari Willis,2019,109,4,IND,12,12,Average
Khaseem Greene,LB,Rutgers,74.2,64.4,76.5,khaseem greene,LB,GreeKh00,Khaseem Greene,2013,117,4,CHI,3,3,Good
Kheeston Randall,DT,Texas,59,68,54,kheeston randall,DL,RandKh00,Kheeston Randall,2012,215,7,MIA,1,1,Below Avg
Khyiris Tonga,DT,BYU,68.2,79.6,58.2,khyiris tonga,DL,TongKh00,Khyiris Tonga,2021,250,7,CHI,9,9,Average
Khyri Thornton,DT,Southern Mississippi,62.2,71.9,53.4,khyri thornton,DL,ThorKh00,Khyri Thornton,2014,85,3,GNB,3,3,Average
Kiko Alonso,ILB,Oregon,82.9,70.5,83.7,kiko alonso,LB,AlonKi00,Kiko Alonso,2013,46,2,BUF,33,33,Good
Kindal Moorehead,DT,Alabama,64.3,62.2,59.7,kindal moorehead,DL,MoorKi20,Kindal Moorehead,2003,145,5,CAR,14,14,Average
Kindle Vildor,CB,Georgia Southern,72.4,80.3,61.9,kindle vildor,CB,VildKi00,Kindle Vildor,2020,163,5,CHI,10,10,Good
King Dunlap,T,Auburn,63.7,65.8,55.6,king dunlap,OT,DunlKi20,King Dunlap,2008,230,7,PHI,32,32,Average
Kingsley Enagbare,DE,South Carolina,66.5,60.3,67.5,kingsley enagbare,EDGE,EnagKi00,Kingsley Enagbare,2022,179,5,GNB,12,12,Average
Kirk Barton,T,Ohio State,70.8,87.5,55.6,kirk barton,OT,BartKi20,Kirk Barton,2008,247,7,CHI,0,0,Good
Kirk Chambers,T,Stanford,63.3,63.7,57.4,kirk chambers,OT,ChamKi20,Kirk Chambers,2004,176,6,CLE,9,9,Average
Kirk Cousins,QB,Michigan State,70,60.1,65.2,kirk cousins,QB,CousKi00,Kirk Cousins,2012,102,4,WAS,102,102,Good
Kirk Morrison,LB,San Diego State,69,63.4,68.4,kirk morrison,LB,MorrKi20,Kirk Morrison,2005,78,3,OAK,38,38,Average
K.J. Britt,LB,Auburn,57.8,57.7,58.4,kj britt,LB,BritKJ00,K.J. Britt,2021,176,5,TAM,10,10,Below Avg
KJ Hamler,WR,Penn State,78.1,80.1,70.8,kj hamler,WR,HamlKJ00,KJ Hamler,2020,46,2,DEN,5,5,Good
K.J. Hill,WR,Ohio State,65.2,58.5,64.7,kj hill,WR,HillKJ00,K.J. Hill,2020,220,7,LAC,1,1,Average
K.J. Osborn,WR,Miami,67.1,83.1,57.1,kj osborn,WR,OsboKJ00,K.J. Osborn,2020,176,5,MIN,13,13,Average
Kliff Kingsbury,QB,Texas Tech,72.6,72.8,69.5,kliff kingsbury,QB,KingKl00,Kliff Kingsbury,2003,201,6,NWE,0,0,Good
Knile Davis,RB,Arkansas,76.9,92.1,61.7,knile davis,RB,DaviKn00,Knile Davis,2013,96,3,KAN,10,10,Good
Knowshon Moreno,RB,Georgia,80.8,67,84.9,knowshon moreno,RB,MoreKn00,Knowshon Moreno,2009,12,1,DEN,33,33,Good
Kolby Listenbee,WR,TCU,70.9,84.9,60.3,kolby listenbee,WR,ListKo00,Kolby Listenbee,2016,192,6,BUF,NA,NA,Good
Kolby Smith,RB,Louisville,64.4,71.2,56.1,kolby smith,RB,SmitKo00,Kolby Smith,2007,148,5,KAN,4,4,Average
Kolton Miller,OT,UCLA,84.9,92.9,77.3,kolton miller,OT,MillKo00,Kolton Miller,2018,15,1,OAK,42,42,Good
Kony Ealy,DE,Missouri,73.7,66.3,74.9,kony ealy,EDGE,EalyKo00,Kony Ealy,2014,60,2,CAR,12,12,Good
Kory Lichtensteiger,C,Bowling Green,68.4,64.3,63.1,kory lichtensteiger,IOL,LichKo20,Kory Lichtensteiger,2008,108,4,DEN,34,34,Average
Kris Boyd,CB,Texas,71.8,78.4,63,kris boyd,CB,BoydKr00,Kris Boyd,2019,217,7,MIN,6,6,Good
Kris Wilson,TE,Pittsburgh,86.6,89.1,79.3,kris wilson,TE,WilsKr00,Kris Wilson,2004,61,2,KAN,3,3,Good
Kristian Fulton,CB,LSU,75.4,74.8,72.9,kristian fulton,CB,FultKr00,Kristian Fulton,2020,61,2,TEN,18,18,Good
Kwame Harris,T,Stanford,81.9,83.4,78,kwame harris,OT,HarrKw20,Kwame Harris,2003,26,1,SFO,22,22,Good
Kwon Alexander,OLB,LSU,71.7,77.3,67.8,kwon alexander,EDGE,AlexKw00,Kwon Alexander,2015,124,4,TAM,43,43,Good
Kyle Boller,QB,California,74.4,75.4,67.1,kyle boller,QB,BollKy00,Kyle Boller,2003,19,1,BAL,16,16,Good
Kyle Dugger,SAF,Lenoir Rhyne,86.5,95.3,77.4,kyle dugger,S,DuggKy00,Kyle Dugger,2020,37,2,NWE,28,28,Good
Kyle Emanuel,OLB,North Dakota State,70,71.7,65.3,kyle emanuel,EDGE,EmanKy00,Kyle Emanuel,2015,153,5,SDG,16,16,Good
Kyle Fuller,CB,Virginia Tech,83,71.6,85.6,kyle fuller,CB,FullKy00,Kyle Fuller,2014,14,1,CHI,48,48,Good
Kyle Fuller,G,Baylor,63.4,63.2,58,kyle fuller,IOL,FullKy01,Kyle Fuller,2017,243,7,HOU,7,7,Average
Kyle Hamilton,SAF,Notre Dame,88.8,79.4,88.8,kyle hamilton,S,HamiKy00,Kyle Hamilton,2022,14,1,BAL,31,31,Good
Kyle Lauletta,QB,Richmond,70.6,74.4,60.8,kyle lauletta,QB,LaulKy00,Kyle Lauletta,2018,108,4,NYG,0,0,Good
Kyle Long,G,Oregon,87.2,80.9,81.9,kyle long,IOL,LongKy00,Kyle Long,2013,20,1,CHI,40,40,Good
Kyle Moore,DE,USC,62.1,56.5,55.8,kyle moore,EDGE,MoorKy99,Kyle Moore,2009,117,4,TAM,8,8,Average
Kyle Murphy,OT,Stanford,66.5,72,57.7,kyle murphy,OT,MurpKy00,Kyle Murphy,2016,200,6,GNB,2,2,Average
Kyle Orton,QB,Purdue,69,51,76.5,kyle orton,QB,OrtoKy00,Kyle Orton,2005,106,4,CHI,40,40,Average
Kyle Philips,WR,UCLA,67.9,65.8,66.3,kyle philips,WR,PhilKy01,Kyle Philips,2022,163,5,TEN,3,3,Average
Kyle Pitts,TE,Florida,95.5,85.1,99,kyle pitts,TE,PittKy00,Kyle Pitts,2021,4,1,ATL,28,28,Elite
Kyle Rudolph,TE,Notre Dame,73.5,60.7,69.8,kyle rudolph,TE,RudoKy00,Kyle Rudolph,2011,43,2,MIN,36,36,Good
Kyle Trask,QB,Florida,78.1,63.2,86.5,kyle trask,QB,TrasKy00,Kyle Trask,2021,64,2,TAM,0,0,Good
Kyle Van Noy,MLB,BYU,78.9,69.1,77.5,kyle van noy,LB,VanNKy00,Kyle Van Noy,2014,40,2,DET,62,62,Good
Kyle Wilber,LB,Wake Forest,68.2,62.1,70.2,kyle wilber,LB,WilbKy00,Kyle Wilber,2012,113,4,DAL,13,13,Average
Kyle Williams,DT,LSU,64.8,62.4,59.7,kyle williams,DL,WillKy20,Kyle Williams,2006,134,5,BUF,79,79,Average
Kyle Wilson,CB,Boise State,75.8,66.6,77.7,kyle wilson,CB,WilsKy99,Kyle Wilson,2010,29,1,NYJ,16,16,Good
Kylen Granson,TE,SMU,77.8,79.6,82,kylen granson,TE,GranKy00,Kylen Granson,2021,127,4,IND,8,8,Good
Kyler Gordon,CB,Washington,78.7,75,76.4,kyler gordon,CB,GordKy00,Kyler Gordon,2022,39,2,CHI,12,12,Good
Kyler Murray,QB,Oklahoma,98.5,99,99,kyler murray,QB,MurrKy00,Kyler Murray,2019,1,1,ARI,71,71,Elite
Kylin Hill,RB,Mississippi State,68.4,67.9,67.6,kylin hill,RB,HillKy00,Kylin Hill,2021,256,7,GNB,0,0,Average
Kyren Williams,RB,Notre Dame,68.6,57.2,71.9,kyren williams,RB,WillKy02,Kyren Williams,2022,164,5,LAR,31,31,Average
Kyshoen Jarrett,SS,Virginia Tech,60.5,60.4,63.7,kyshoen jarrett,S,JarrKy00,Kyshoen Jarrett,2015,181,6,WAS,3,3,Average
La'Mical Perine,RB,Florida,68.8,67.8,63.1,la'mical perine,RB,PeriLa00,La'Mical Perine,2020,120,4,NYJ,3,3,Average
LaBrandon Toefield,RB,LSU,71.5,76.2,63,labrandon toefield,RB,ToefLa00,LaBrandon Toefield,2003,132,4,JAX,5,5,Good
Lache Seastrunk,RB,Baylor,72.8,72.9,73.5,lache seastrunk,RB,SeasLa00,Lache Seastrunk,2014,186,6,WAS,NA,NA,Good
Ladarius Green,TE,Louisiana-Lafayette,75.7,78.8,72.9,ladarius green,TE,GreeLa00,Ladarius Green,2012,110,4,SDG,11,11,Good
Laken Tomlinson,G,Duke,74,62.3,75.8,laken tomlinson,IOL,TomlLa01,Laken Tomlinson,2015,28,1,DET,55,55,Good
Lamar Holmes,T,Southern Mississippi,67.5,62.5,66.8,lamar holmes,OT,HolmLa00,Lamar Holmes,2012,91,3,ATL,10,10,Average
Lamar Jackson,QB,Louisville,82.8,89.2,80.4,lamar jackson,QB,JackLa00,Lamar Jackson,2018,32,1,BAL,110,110,Good
Lamar Miller,RB,Miami,78,85.1,68,lamar miller,RB,MillLa01,Lamar Miller,2012,97,4,MIA,42,42,Good
Lamarr Houston,OLB,Texas,79.6,78.9,80.9,lamarr houston,EDGE,HousLa99,Lamarr Houston,2010,44,2,OAK,31,31,Good
LaMichael James,RB,Oregon,84.9,70.9,96.4,lamichael james,RB,JameLa00,LaMichael James,2012,61,2,SFO,2,2,Good
Lamin Barrow,LB,LSU,66.3,69.8,60.1,lamin barrow,LB,BarrLa00,Lamin Barrow,2014,156,5,DEN,2,2,Average
Lamont Gaillard,C,Georgia,70,67.3,64.2,lamont gaillard,IOL,GailLa00,Lamont Gaillard,2019,179,6,ARI,2,2,Good
Lance Kendricks,TE,Wisconsin,76.2,72.8,74.1,lance kendricks,TE,KendLa00,Lance Kendricks,2011,47,2,STL,16,16,Good
Lance Mitchell,LB,Oklahoma,56,51,60.3,lance mitchell,LB,MitcLa20,Lance Mitchell,2005,168,5,ARI,1,1,Below Avg
Lance Nimmo,T,West Virginia,61.4,55,61.9,lance nimmo,OT,NA,Lance Nimmo,2003,130,4,TAM,NA,NA,Average
Landon Collins,S,Alabama,86.1,68.2,92.2,landon collins,S,CollLa00,Landon Collins,2015,33,2,NYG,42,42,Good
Landon Dickerson,G,Alabama,79.8,67.8,79,landon dickerson,IOL,DickLa00,Landon Dickerson,2021,37,2,PHI,36,36,Good
Landon Johnson,MLB,Purdue,75,76.7,68.4,landon johnson,LB,JohnLa20,Landon Johnson,2004,96,3,CIN,28,28,Good
Landon Young,OT,Kentucky,72.1,81.9,59.5,landon young,OT,YounLa00,Landon Young,2021,206,6,NOR,9,9,Good
Landry Jones,QB,Oklahoma,69.3,59.1,69.1,landry jones,QB,JoneLa02,Landry Jones,2013,115,4,PIT,4,4,Average
Lane Johnson,OT,Oklahoma,96.7,96,92.7,lane johnson,OT,JohnLa01,Lane Johnson,2013,4,1,PHI,89,89,Elite
Langston Moore,DT,South Carolina,69.1,79.3,57.5,langston moore,DL,MoorLa20,Langston Moore,2003,174,6,CIN,7,7,Average
Laquon Treadwell,WR,Mississippi,79,52.8,83.5,laquon treadwell,WR,TreaLa00,Laquon Treadwell,2016,23,1,MIN,8,8,Good
Laremy Tunsil,OT,Mississippi,85.6,71.1,96.5,laremy tunsil,OT,TunsLa00,Laremy Tunsil,2016,13,1,MIA,60,60,Good
Larry Borom,G,Missouri,65.1,66.5,60.2,larry borom,IOL,BoroLa00,Larry Borom,2021,151,5,CHI,17,17,Average
Larry Fitzgerald,WR,Pittsburgh,89.4,75.4,98.7,larry fitzgerald,WR,FitzLa00,Larry Fitzgerald,2004,3,1,ARI,93,93,Good
Larry Grant,LB,Ohio State,61.5,70.8,53.1,larry grant,LB,GranLa99,Larry Grant,2008,214,7,SFO,10,10,Average
Larry Johnson,RB,Penn State,89.9,87.6,91.8,larry johnson,RB,JohnLa00,Larry Johnson,2003,27,1,KAN,51,51,Good
Larry Ogunjobi,DT,Charlotte,72.3,76.9,70.6,larry ogunjobi,DL,OgunLa00,Larry Ogunjobi,2017,65,3,CLE,44,44,Good
Larry Rountree,RB,Missouri,60.3,52.6,67.1,larry rountree,RB,RounLa00,Larry Rountree,2021,198,6,LAC,1,1,Average
Larry Warford,G,Kentucky,70.9,53.4,75.4,larry warford,IOL,WarfLa00,Larry Warford,2013,65,3,DET,52,52,Good
Larry Webster,DE,Bloomsburg,70.3,74.6,59.9,larry webster,EDGE,WebsLa00,Larry Webster,2014,136,4,DET,0,0,Good
LaTarence Dunbar,WR,TCU,57.8,60.1,57.1,latarence dunbar,WR,DunbLa20,LaTarence Dunbar,2003,196,6,ATL,0,0,Below Avg
Laurence Gibson,OT,Virginia Tech,68.3,86.9,50.4,laurence gibson,OT,GibsLa00,Laurence Gibson,2015,243,7,DAL,NA,NA,Average
Laurence Maroney,RB,Minnesota,82.1,80.5,76.8,laurence maroney,RB,MaroLa00,Laurence Maroney,2006,21,1,NWE,26,26,Good
Laurent Robinson,WR,Illinois State,76.8,84.6,66.4,laurent robinson,WR,RobiLa01,Laurent Robinson,2007,75,3,ATL,16,16,Good
Lauvale Sape,DT,Utah,68,75.6,57.5,lauvale sape,DL,SapeLa20,Lauvale Sape,2003,187,6,BUF,1,1,Average
Lavelle Hawkins,WR,California,64.6,53.4,66,lavelle hawkins,WR,HawkLa00,Lavelle Hawkins,2008,126,4,TEN,7,7,Average
Laviska Shenault Jr.,WR,Colorado,74.3,60.2,76.1,laviska shenault,WR,ShenLa00,Laviska Shenault Jr.,2020,42,2,JAX,13,13,Good
LaVon Brazill,WR,Ohio,70.6,68.7,73.6,lavon brazill,WR,BrazLa00,LaVon Brazill,2012,206,6,IND,3,3,Good
Lawrence Guy,DT,Arizona State,63.2,67.4,61.1,lawrence guy,DL,GuyxLa00,Lawrence Guy,2011,233,7,GNB,63,63,Average
Lawrence Jackson,DE,USC,79.3,67.2,85,lawrence jackson,EDGE,JackLa98,Lawrence Jackson,2008,28,1,SEA,15,15,Good
Lawrence Sidbury,DE,Richmond,73.1,76.8,61.7,lawrence sidbury,EDGE,SidbLa99,Lawrence Sidbury,2009,125,4,ATL,5,5,Good
Le Kevin Smith,DT,Nebraska,69.5,68.2,68.9,le kevin smith,DL,SmitLe20,Le Kevin Smith,2006,206,6,NWE,5,5,Average
Le'Raven Clark,T,Texas Tech,81.7,70.1,80.1,le'raven clark,OT,ClarLe01,Le'Raven Clark,2016,82,3,IND,12,12,Good
Le'Veon Bell,RB,Michigan State,78,76.6,73.8,le'veon bell,RB,BellLe00,Le'Veon Bell,2013,48,2,PIT,61,61,Good
Lecitus Smith,G,Virginia Tech,65.5,64.4,60.2,lecitus smith,IOL,SmitLe01,Lecitus Smith,2022,215,6,ARI,2,2,Average
Lee Evans,WR,Wisconsin,82.8,75.6,82.7,lee evans,WR,EvanLe00,Lee Evans,2004,13,1,BUF,47,47,Good
Lee Smith,TE,Marshall,63.6,60.8,61.3,lee smith,TE,SmitLe00,Lee Smith,2011,159,5,NWE,5,5,Average
Lee Suggs,RB,Virginia Tech,76.3,79.2,70.5,lee suggs,RB,SuggLe00,Lee Suggs,2003,115,4,CLE,8,8,Good
Lee Ziemba,T,Auburn,57.6,59.8,55.6,lee ziemba,OT,ZiemLe00,Lee Ziemba,2011,244,7,CAR,1,1,Below Avg
Legedu Naanee,WR,Boise State,71.7,83.4,59.2,legedu naanee,WR,NaanLe00,Legedu Naanee,2007,172,5,SDG,13,13,Good
Leki Fotu,DT,Utah,61.9,57.2,64.1,leki fotu,DL,FotuLe00,Leki Fotu,2020,114,4,ARI,11,11,Average
LenDale White,RB,USC,86.7,88.3,84.1,lendale white,RB,WhitLe01,LenDale White,2006,45,2,TEN,14,14,Good
Leo Chenal,LB,Wisconsin,83.6,95.1,77.9,leo chenal,LB,ChenLe00,Leo Chenal,2022,103,3,KAN,20,20,Good
Leodis McKelvin,CB,Troy,82.4,82.4,81.5,leodis mckelvin,CB,McKeLe99,Leodis McKelvin,2008,11,1,BUF,29,29,Good
Leon Hall,CB,Michigan,81.5,84.3,81.5,leon hall,CB,HallLe98,Leon Hall,2007,18,1,CIN,51,51,Good
Leon Jacobs,OLB,Wisconsin,73.6,78.6,69.6,leon jacobs,EDGE,JacoLe00,Leon Jacobs,2018,230,7,JAX,7,7,Good
Leon Joe,LB,Maryland,75.4,88.8,63,leon joe,LB,JoexLe20,Leon Joe,2004,112,4,CHI,4,4,Good
Leon McFadden,CB,San Diego State,69,60.3,73.3,leon mcfadden,CB,McFaLe00,Leon McFadden,2013,68,3,CLE,2,2,Average
Leon Washington,RB,Florida State,62.2,68.7,52.8,leon washington,RB,WashLe00,Leon Washington,2006,117,4,NYJ,30,30,Average
Leon Williams,LB,Miami,72,87.6,56.6,leon williams,LB,WillLe20,Leon Williams,2006,110,4,CLE,9,9,Good
Leonard Floyd,DE,Georgia,84.7,76.1,88.5,leonard floyd,EDGE,FloyLe00,Leonard Floyd,2016,9,1,CHI,63,63,Good
Leonard Fournette,RB,LSU,89.7,79.9,90.6,leonard fournette,RB,FourLe00,Leonard Fournette,2017,4,1,JAX,38,38,Good
Leonard Hankerson,WR,Miami,75.4,67.8,78.1,leonard hankerson,WR,HankLe00,Leonard Hankerson,2011,79,3,WAS,12,12,Good
Leonard Pope,TE,Georgia,75.4,78.7,73.3,leonard pope,TE,PopeLe00,Leonard Pope,2006,72,3,ARI,6,6,Good
Leonard Williams,DE,USC,92.9,74.7,99,leonard williams,EDGE,WillLe02,Leonard Williams,2015,6,1,NYJ,78,78,Elite
Leonte Carroo,WR,Rutgers,73.8,74,77,leonte carroo,WR,CarrLe00,Leonte Carroo,2016,86,3,MIA,2,2,Good
LeRon McCoy,WR,"Indiana PA,  University of",68.5,77.4,55.5,leron mccoy,WR,McCoLe00,LeRon McCoy,2005,226,7,ARI,1,1,Average
Leroy Harris,C,N.C. State,63.8,55.7,63.1,leroy harris,IOL,HarrLe21,Leroy Harris,2007,115,4,TEN,19,19,Average
LeSean McCoy,RB,Pittsburgh,78.8,66.6,83.6,lesean mccoy,RB,McCoLe01,LeSean McCoy,2009,53,2,PHI,83,83,Good
LeShaun Sims,CB,Southern Utah State,65.4,63.6,61.4,leshaun sims,CB,SimsLe00,LeShaun Sims,2016,157,5,TEN,11,11,Average
Letroy Guion,DT,Florida State,61.1,59.5,58.3,letroy guion,DL,GuioLe99,Letroy Guion,2008,152,5,MIN,28,28,Average
Levi Brown,T,Penn State,82.7,60.8,92.7,levi brown,OT,BrowLe20,Levi Brown,2007,5,1,ARI,34,34,Good
Levi Brown,QB,Troy,56.9,65.6,53,levi brown,QB,BrowLe00,Levi Brown,2010,209,7,BUF,0,0,Below Avg
Levi Onwuzurike,DT,Washington,79.1,86.4,74.8,levi onwuzurike,DL,OnwuLe00,Levi Onwuzurike,2021,41,2,DET,7,7,Good
Levine Toilolo,TE,Stanford,70.3,67.5,74.3,levine toilolo,TE,ToilLe00,Levine Toilolo,2013,133,4,ATL,8,8,Good
Lex Hilliard,FB,Montana,68.4,66.9,59,lex hilliard,RB,HillLe00,Lex Hilliard,2008,204,6,MIA,3,3,Average
Limas Sweed,WR,Texas,74.1,68.8,66.7,limas sweed,WR,SweeLi00,Limas Sweed,2008,53,2,PIT,1,1,Good
Linval Joseph,NT,East Carolina,74.5,75.3,73.8,linval joseph,DL,JoseLi99,Linval Joseph,2010,46,2,NYG,70,70,Good
Lionel Dotson,DT,Arizona,62.3,51,74.6,lionel dotson,DL,DotsLi99,Lionel Dotson,2008,245,7,MIA,0,0,Average
Lionel Gates,RB,Louisville,58.7,59.6,52,lionel gates,RB,GateLi00,Lionel Gates,2005,236,7,BUF,0,0,Below Avg
L.J. Collier,DE,TCU,68,61.5,67.1,lj collier,EDGE,CollLJ00,L.J. Collier,2019,29,1,SEA,16,16,Average
L.J. Smith,TE,Rutgers,80.8,86.8,68.8,lj smith,TE,SmitL.00,L.J. Smith,2003,61,2,PHI,21,21,Good
Lloyd Cushenberry III,C,LSU,73.2,63.1,73.2,lloyd cushenberry,IOL,CushLl00,Lloyd Cushenberry III,2020,83,3,DEN,26,26,Good
Lofa Tatupu,MLB,USC,74.7,61.4,79.9,lofa tatupu,LB,TatuLo99,Lofa Tatupu,2005,45,2,SEA,49,49,Good
Logan Bruss,G,Wisconsin,73,86.9,59.4,logan bruss,IOL,BrusLo00,Logan Bruss,2022,104,3,LAR,2,2,Good
Logan Hall,DE,Houston,75.8,84.9,72,logan hall,EDGE,HallLo00,Logan Hall,2022,33,2,TAM,19,19,Good
Logan Mankins,G,Fresno State,87.3,84.8,84.5,logan mankins,IOL,MankLo20,Logan Mankins,2005,32,1,NWE,102,102,Good
Logan Stenberg,G,Kentucky,66.6,62.8,64.5,logan stenberg,IOL,StenLo00,Logan Stenberg,2020,121,4,DET,3,3,Average
Logan Wilson,LB,Wyoming,82.7,81.3,80.8,logan wilson,LB,WilsLo00,Logan Wilson,2020,65,3,CIN,32,32,Good
Logan Woodside,QB,Toledo,65.5,70.5,60.2,logan woodside,QB,WoodLo00,Logan Woodside,2018,249,7,CIN,0,0,Average
Lorenzo Booker,RB,Florida State,66.8,64.3,61.1,lorenzo booker,RB,BookLo00,Lorenzo Booker,2007,71,3,MIA,4,4,Average
Lorenzo Doss,CB,Tulane,65.1,57.8,67.2,lorenzo doss,CB,DossLo00,Lorenzo Doss,2015,164,5,DEN,0,0,Average
Lorenzo Mauldin,OLB,Louisville,67.6,56.3,73.1,lorenzo mauldin,EDGE,MaulLo00,Lorenzo Mauldin,2015,82,3,NYJ,4,4,Average
Lorenzo Taliaferro,RB,Coastal Carolina,68.8,77,56.6,lorenzo taliaferro,RB,TaliLo00,Lorenzo Taliaferro,2014,138,4,BAL,3,3,Average
Louis Murphy,WR,Florida,67.1,75.4,60.6,louis murphy,WR,MurpLo00,Louis Murphy,2009,124,4,OAK,19,19,Average
Louis Nix,DT,Notre Dame,66.9,53.2,68.2,louis nix,DL,NixILo00,Louis Nix,2014,83,3,HOU,0,0,Average
Louis Vasquez,G,Texas Tech,73,71.8,68.1,louis vasquez,IOL,VasqLo20,Louis Vasquez,2009,78,3,SDG,59,59,Good
Lucas Niang,OT,TCU,71.7,62.8,71,lucas niang,OT,NianLu00,Lucas Niang,2020,96,3,KAN,8,8,Good
Luis Castillo,DE,Northwestern,90,99,80.8,luis castillo,EDGE,CastLu20,Luis Castillo,2005,28,1,SDG,33,33,Elite
Luke Falk,QB,Washington State,71.3,65.9,71.9,luke falk,QB,FalkLu00,Luke Falk,2018,199,6,TEN,1,1,Good
Luke Farrell,TE,Ohio State,65.2,69.4,53,luke farrell,TE,FarrLu00,Luke Farrell,2021,145,5,JAX,3,3,Average
Luke Fortner,C,Kentucky,72.5,62.8,71.4,luke fortner,IOL,FortLu01,Luke Fortner,2022,65,3,JAX,20,20,Good
Luke Kuechly,ILB,Boston College,92.3,83.8,95.9,luke kuechly,LB,KuecLu00,Luke Kuechly,2012,9,1,CAR,91,91,Elite
Luke McCown,QB,Louisiana Tech,71.2,80.2,60.6,luke mccown,QB,McCoLu00,Luke McCown,2004,106,4,CLE,8,8,Good
Luke Stocker,TE,Tennessee,70.2,70.4,67.9,luke stocker,TE,StocLu00,Luke Stocker,2011,104,4,TAM,5,5,Good
Luke Wattenberg,C,Washington,68.8,86.7,56.9,luke wattenberg,IOL,WattLu00,Luke Wattenberg,2022,171,5,DEN,12,12,Average
Lydon Murtha,T,Nebraska,74.2,98.1,55.6,lydon murtha,OT,MurtLy20,Lydon Murtha,2009,228,7,DET,2,2,Good
Lynn Bowden,WR,Kentucky,77,77,72.5,lynn bowden,WR,BowdLy00,Lynn Bowden Jr.,2020,80,3,LVR,3,3,Good
Mac Jones,QB,Alabama,85.1,70,95.5,mac jones,QB,JoneMa05,Mac Jones,2021,15,1,NWE,34,34,Good
Mack Hollins,WR,North Carolina,70.7,69.7,65.5,mack hollins,WR,HollMa00,Mack Hollins,2017,118,4,PHI,21,21,Good
Mack Wilson,LB,Alabama,69,66.3,71.1,mack wilson,LB,WilsMa03,Mack Wilson,2019,155,5,CLE,25,25,Average
Mackensie Alexander,CB,Clemson,72,67.1,70.1,mackensie alexander,CB,AlexMa01,Mackensie Alexander,2016,54,2,MIN,12,12,Good
Major Wright,DB,Florida,71.3,72,63.1,major wright,CB,WrigMa99,Major Wright,2010,75,3,CHI,20,20,Good
Makoa Freitas,T,Arizona,67.5,76.1,57.4,makoa freitas,OT,FreiMa20,Makoa Freitas,2003,208,6,IND,7,7,Average
Malachi Dupre,WR,LSU,67.2,67.8,64.3,malachi dupre,WR,DuprMa01,Malachi Dupre,2017,247,7,GNB,0,0,Average
Malcolm Kelly,WR,Oklahoma,78.5,77.8,74,malcolm kelly,WR,KellMa01,Malcolm Kelly,2008,51,2,WAS,3,3,Good
Malcolm Koonce,DE,Buffalo,66.2,68.3,63.6,malcolm koonce,EDGE,KoonMa00,Malcolm Koonce,2021,79,3,LVR,9,9,Average
Malcolm Mitchell,WR,Georgia,74.6,85.3,66.7,malcolm mitchell,WR,MitcMa01,Malcolm Mitchell,2016,112,4,NWE,4,4,Good
Malcolm Perry,RB,Navy,70.3,57.2,84.8,malcolm perry,RB,PerrMa00,Malcolm Perry,2020,246,7,MIA,1,1,Good
Malcolm Rodriguez,LB,Oklahoma State,77.4,92.1,71.5,malcolm rodriguez,LB,RodrMa00,Malcolm Rodriguez,2022,188,6,DET,12,12,Good
Malcom Brown,DT,Texas,82.7,64.5,87.1,malcom brown,DL,BrowMa01,Malcom Brown,2015,32,1,NWE,43,43,Good
Maliek Collins,DT,Nebraska,67,69.1,65.8,maliek collins,DL,CollMa00,Maliek Collins,2016,67,3,DAL,51,51,Average
Malik Harrison,LB,Ohio State,84.7,82.1,80.4,malik harrison,LB,HarrMa06,Malik Harrison,2020,98,3,BAL,19,19,Good
Malik Hooker,FS,Ohio State,88.1,79.6,83.5,malik hooker,S,HookMa00,Malik Hooker,2017,15,1,IND,26,26,Good
Malik Jackson,DT,Tennessee,74.8,75.1,73.5,malik jackson,DL,JackMa02,Malik Jackson,2012,137,5,DEN,45,45,Good
Malik Jefferson,OLB,Texas,76.8,81,71.6,malik jefferson,EDGE,JeffMa00,Malik Jefferson,2018,78,3,CIN,3,3,Good
Malik McDowell,DT,Michigan State,80,75.2,80.1,malik mcdowell,DL,McDoMa00,Malik McDowell,2017,35,2,SEA,6,6,Good
Malik Willis,QB,Liberty,84.3,98,78.1,malik willis,QB,WillMa12,Malik Willis,2022,86,3,TEN,6,6,Good
Malliciah Goodman,DE,Clemson,63.9,65.7,54.2,malliciah goodman,EDGE,GoodMa01,Malliciah Goodman,2013,127,4,ATL,5,5,Average
Manny Lawson,OLB,N.C. State,68.4,91.1,53.8,manny lawson,EDGE,LawsMa20,Manny Lawson,2006,22,1,SFO,47,47,Average
Mansfield Wrotto,OG,Georgia Tech,63.7,54.7,63.1,mansfield wrotto,IOL,WrotMa20,Mansfield Wrotto,2007,124,4,SEA,6,6,Average
Manti Te'o,ILB,Notre Dame,83.2,63.8,89.4,manti te'o,LB,TeoxMa00,Manti Te'o,2013,38,2,SDG,20,20,Good
Manuel Johnson,WR,Oklahoma,67.1,69.8,65.1,manuel johnson,WR,JohnMa04,Manuel Johnson,2009,229,7,DAL,0,0,Average
Marcedes Lewis,TE,UCLA,78.1,61.6,86.1,marcedes lewis,TE,LewiMa00,Marcedes Lewis,2006,28,1,JAX,35,35,Good
Marcell Ateman,WR,Oklahoma State,67.8,62,70.4,marcell ateman,WR,AtemMa00,Marcell Ateman,2018,228,7,OAK,2,2,Average
Marcell Dareus,DT,Alabama,79,67.3,81.9,marcell dareus,DL,DareMa00,Marcell Dareus,2011,3,1,BUF,56,56,Good
Marco Wilson,CB,Florida,78.8,99,63.3,marco wilson,CB,WilsMa04,Marco Wilson,2021,136,4,ARI,12,12,Good
Marcus Cannon,OT,TCU,69.4,77.6,59.5,marcus cannon,OT,CannMa00,Marcus Cannon,2011,138,5,NWE,43,43,Average
Marcus Davenport,DE,Texas-San Antonio,79.6,79.1,75.1,marcus davenport,EDGE,DaveMa00,Marcus Davenport,2018,14,1,NOR,22,22,Good
Marcus Easley,WR,Connecticut,71,77,62.1,marcus easley,WR,EaslMa00,Marcus Easley,2010,107,4,BUF,1,1,Good
Marcus Gilbert,T,Florida,76,63.9,77.3,marcus gilbert,OT,GilbMa00,Marcus Gilbert,2011,63,2,PIT,36,36,Good
Marcus Harrison,DT,Arkansas,75.2,73.5,72.7,marcus harrison,DL,HarrMa98,Marcus Harrison,2008,90,3,CHI,6,6,Good
Marcus Henry,WR,Kansas,64.5,62,67.3,marcus henry,WR,HenrMa00,Marcus Henry,2008,171,6,NYJ,NA,NA,Average
Marcus Johnson,G,Mississippi,79.3,74.3,76.5,marcus johnson,IOL,JohnMa20,Marcus Johnson,2005,49,2,MIN,8,8,Good
Marcus Jones,CB,Houston,79.1,78.4,77.2,marcus jones,CB,JoneMa06,Marcus Jones,2022,85,3,NWE,26,26,Good
Marcus Mariota,QB,Oregon,91.5,92.6,94.3,marcus mariota,QB,MariMa01,Marcus Mariota,2015,2,1,TEN,60,60,Elite
Marcus Martin,C,USC,72.9,66,69.2,marcus martin,IOL,MartMa01,Marcus Martin,2014,70,3,SFO,11,11,Good
Marcus Maxey,CB,Miami,69.7,73,60.4,marcus maxey,CB,MaxeMa20,Marcus Maxey,2006,154,5,KAN,0,0,Average
Marcus Maye,FS,Florida,78.8,69.5,79.5,marcus maye,S,MayeMa00,Marcus Maye,2017,39,2,NYJ,29,29,Good
Marcus McCauley,DB,Fresno State,71.7,75.1,67.9,marcus mccauley,CB,McCaMa99,Marcus McCauley,2007,72,3,MIN,4,4,Good
Marcus McNeill,T,Auburn,77.3,76.8,74.8,marcus mcneill,OT,McNeMa20,Marcus McNeill,2006,50,2,SDG,48,48,Good
Marcus Murphy,RB,Missouri,55.9,51,61.7,marcus murphy,RB,MurpMa03,Marcus Murphy,2015,230,7,NOR,2,2,Below Avg
Marcus Peters,CB,Washington,79.5,66.4,84.1,marcus peters,CB,PeteMa00,Marcus Peters,2015,18,1,KAN,63,63,Good
Marcus Smith,LB,Louisville,74.6,68.7,78.8,marcus smith,LB,SmitMa03,Marcus Smith,2014,26,1,PHI,4,4,Good
Marcus Smith,WR,New Mexico,70.4,69.8,66.7,marcus smith,WR,SmitMa01,Marcus Smith,2008,106,4,BAL,0,0,Good
Marcus Spears,DE,LSU,80.7,78.1,80.8,marcus spears,EDGE,SpeaMa21,Marcus Spears,2005,20,1,DAL,36,36,Good
Marcus Thomas,DT,Florida,68.8,67,68.9,marcus thomas,DL,ThomMa99,Marcus Thomas,2007,121,4,DEN,14,14,Average
Marcus Thomas,RB,Texas-El Paso,63.9,58.5,65.2,marcus thomas,RB,ThomMa01,Marcus Thomas,2008,166,5,SDG,0,0,Average
Marcus Trufant,CB,Washington State,80.8,78.8,81.5,marcus trufant,CB,TrufMa20,Marcus Trufant,2003,11,1,SEA,49,49,Good
Marcus Tubbs,DT,Texas,83.1,82.3,80.8,marcus tubbs,DL,TubbMa20,Marcus Tubbs,2004,23,1,SEA,9,9,Good
Marcus Williams,FS,Utah,83.3,75.8,84.9,marcus williams,S,WillMa06,Marcus Williams,2017,42,2,NOR,32,32,Good
Mardy Gilyard,WR,Cincinnati,70.8,64.4,77.1,mardy gilyard,WR,GilyMa00,Mardy Gilyard,2010,99,4,STL,1,1,Good
Margus Hunt,DE,SMU,77.6,87.5,64.6,margus hunt,EDGE,HuntMa00,Margus Hunt,2013,53,2,CIN,18,18,Good
Mario Alford,WR,West Virginia,66.6,67.1,69.3,mario alford,WR,AlfoMa00,Mario Alford,2015,238,7,CIN,0,0,Average
Mario Edwards,DT,Florida State,68.5,69.5,65,mario edwards,DL,EdwaMa01,Mario Edwards,2015,35,2,OAK,25,25,Average
Mario Manningham,WR,Michigan,71.4,51.2,81.2,mario manningham,WR,MannMa01,Mario Manningham,2008,95,3,NYG,22,22,Good
Mario Urrutia,WR,Louisville,56.9,56.4,60.5,mario urrutia,WR,UrruMa00,Mario Urrutia,2008,246,7,CIN,NA,NA,Below Avg
Mario Williams,DE,N.C. State,98,95,99,mario williams,EDGE,WillMa22,Mario Williams,2006,1,1,HOU,79,79,Elite
Marion Barber,RB,Minnesota,77.5,88.5,68.2,marion barber,RB,BarbMa01,Marion Barber III,2005,109,4,DAL,39,39,Good
Marion Grice,RB,Arizona State,60.6,51,77,marion grice,RB,GricMa00,Marion Grice,2014,201,6,SDG,0,0,Average
Mark Anderson,DE,Alabama,73.5,90.1,59.3,mark anderson,EDGE,AndeMa21,Mark Anderson,2006,159,5,CHI,21,21,Good
Mark Andrews,TE,Oklahoma,78.3,59.5,95.5,mark andrews,TE,AndrMa00,Mark Andrews,2018,86,3,BAL,51,51,Good
Mark Asper,OG,Oregon,62.9,62.3,57.4,mark asper,IOL,AspeMa00,Mark Asper,2012,178,6,BUF,0,0,Average
Mark Bradley,WR,Oklahoma,80.6,86.5,74.3,mark bradley,WR,BradMa00,Mark Bradley,2005,39,2,CHI,10,10,Good
Mark Clayton,WR,Oklahoma,82.4,75.9,81.2,mark clayton,WR,ClayMa01,Mark Clayton,2005,22,1,BAL,28,28,Good
Mark Glowinski,G,West Virginia,73.9,81.8,63.1,mark glowinski,IOL,GlowMa00,Mark Glowinski,2015,134,4,SEA,41,41,Good
Mark Ingram,RB,Alabama,77.2,58.1,83.9,mark ingram,RB,IngrMa01,Mark Ingram,2011,28,1,NOR,66,66,Good
Mark Nzeocha,OLB,Wyoming,58.1,71.6,58.8,mark nzeocha,EDGE,NzeoMa00,Mark Nzeocha,2015,236,7,DAL,5,5,Below Avg
Mark Sanchez,QB,USC,78.7,67.5,84.2,mark sanchez,QB,SancMa00,Mark Sanchez,2009,5,1,NYJ,32,32,Good
Mark Setterstrom,G,Minnesota,63.9,72.5,56.5,mark setterstrom,IOL,SettMa20,Mark Setterstrom,2006,242,7,STL,5,5,Average
Mark Walton,HB,Miami,62.4,56.2,65.9,mark walton,RB,WaltMa00,Mark Walton,2018,112,4,CIN,3,3,Average
Marko Cavka,T,Sacramento State,69.3,78.2,57.4,marko cavka,OT,NA,Marko Cavka,2004,178,6,NYJ,NA,NA,Average
Marko Mitchell,WR,Nevada,64.6,63.5,71.5,marko mitchell,WR,MitcMa00,Marko Mitchell,2009,243,7,WAS,0,0,Average
Markus Bailey,ILB,Purdue,65.1,66.2,64,markus bailey,LB,BailMa01,Markus Bailey,2020,215,7,CIN,7,7,Average
Markus Golden,OLB,Missouri,74.3,61.9,85.3,markus golden,EDGE,GoldMa00,Markus Golden,2015,58,2,ARI,33,33,Good
Markus Kuhn,DT,N.C. State,70.5,83.9,62,markus kuhn,DL,KuhnMa00,Markus Kuhn,2012,239,7,NYG,6,6,Good
Markus Wheaton,WR,Oregon State,76.8,70.6,82.3,markus wheaton,WR,WheaMa00,Markus Wheaton,2013,79,3,PIT,13,13,Good
Marlin Jackson,CB,Michigan,76.9,69.5,81.5,marlin jackson,CB,JackMa22,Marlin Jackson,2005,29,1,IND,14,14,Good
Marlon Davidson,DE,Auburn,77.2,61.4,84,marlon davidson,EDGE,DaviMa01,Marlon Davidson,2020,47,2,ATL,5,5,Good
Marlon Humphrey,CB,Alabama,85.8,83.2,87.3,marlon humphrey,CB,HumpMa00,Marlon Humphrey,2017,16,1,BAL,62,62,Good
Marlon Mack,RB,University of South Florida,71.7,79.1,64.9,marlon mack,RB,MackMa00,Marlon Mack,2017,143,4,IND,20,20,Good
Marlon Tuipulotu,DT,USC,70.4,74,64.8,marlon tuipulotu,DL,TuipMa00,Marlon Tuipulotu,2021,189,6,PHI,2,2,Good
Marqise Lee,WR,USC,82.1,69.2,82.3,marqise lee,WR,LeexMa00,Marqise Lee,2014,39,2,JAX,17,17,Good
Marques Colston,WR,Hofstra,65,74.6,55.5,marques colston,WR,ColsMa00,Marques Colston,2006,252,7,NOR,72,72,Average
Marques Hagans,WR,Virginia,61.7,55.8,59.3,marques hagans,WR,HagaMa00,Marques Hagans,2006,144,5,STL,1,1,Average
Marquess Wilson,WR,Washington State,69,67.1,76.5,marquess wilson,WR,WilsMa02,Marquess Wilson,2013,236,7,CHI,6,6,Average
Marqueston Huff,DB,Wyoming,71.9,71.1,67.8,marqueston huff,CB,HuffMa00,Marqueston Huff,2014,122,4,TEN,4,4,Good
Marquez Stevenson,WR,Houston,75.8,77.6,76.4,marquez stevenson,WR,StevMa00,Marquez Stevenson,2021,203,6,BUF,0,0,Good
Marquez Valdes-Scantling,WR,University of South Florida,72.9,81.7,63.9,marquez valdes-scantling,WR,ValdMa00,Marquez Valdes-Scantling,2018,174,5,GNB,29,29,Good
Marquez White,CB,Florida State,65.2,63,60.9,marquez white,CB,WhitMa03,Marquez White,2017,216,6,DAL,NA,NA,Average
Marquis Cooper,LB,Washington,75.8,79.6,68.4,marquis cooper,LB,CoopMa21,Marquis Cooper,2004,79,3,TAM,2,2,Good
Marquis Hayes,G,Oklahoma,66.2,61.5,63.4,marquis hayes,IOL,HayeMa00,Marquis Hayes,2022,257,7,ARI,NA,NA,Average
Marquis Haynes,OLB,Mississippi,68,59.8,73.4,marquis haynes,EDGE,HaynMa01,Marquis Haynes,2018,136,4,CAR,7,7,Average
Marquise Blair,FS,Utah,77.1,79.4,75.2,marquise blair,S,BlaiMa01,Marquise Blair,2019,47,2,SEA,2,2,Good
Marquise Brown,WR,Oklahoma,87,80.8,88.1,marquise brown,WR,BrowMa04,Marquise Brown,2019,25,1,BAL,39,39,Good
Marquise Goodwin,WR,Texas,77.9,99,58.5,marquise goodwin,WR,GoodMa00,Marquise Goodwin,2013,78,3,BUF,24,24,Good
Marquise Hill,DE,LSU,71.9,65.8,75.4,marquise hill,EDGE,HillMa21,Marquise Hill,2004,63,2,NWE,1,1,Good
Marquiss Spencer,DE,Mississippi State,62.8,76.4,57.4,marquiss spencer,EDGE,SpenMa00,Marquiss Spencer,2021,253,7,DEN,0,0,Average
Marshawn Lynch,RB,California,82.6,74.5,86.2,marshawn lynch,RB,LyncMa00,Marshawn Lynch,2007,12,1,BUF,74,74,Good
Marshon Lattimore,CB,Ohio State,92.4,89.1,89.3,marshon lattimore,CB,LattMa01,Marshon Lattimore,2017,11,1,NOR,43,43,Elite
Martavis Bryant,WR,Clemson,72.2,78.3,64,martavis bryant,WR,BryaMa00,Martavis Bryant,2014,118,4,PIT,19,19,Good
Martellus Bennett,TE,Texas A&M,80.2,79.1,76.7,martellus bennett,TE,BennMa00,Martellus Bennett,2008,61,2,DAL,35,35,Good
Martez Wilson,LB,Illinois,80.3,88.2,70.9,martez wilson,LB,WilsMa01,Martez Wilson,2011,72,3,NOR,2,2,Good
Martin Emerson,CB,Mississippi State,69.5,68,67.9,martin emerson,CB,EmerMa00,Martin Emerson,2022,68,3,CLE,13,13,Average
Martin Ifedi,DE,Memphis,54.6,62.8,53.6,martin ifedi,EDGE,IfedMa00,Martin Ifedi,2015,227,7,STL,NA,NA,Below Avg
Martin Rucker,TE,Missouri,73.2,69.3,78.3,martin rucker,TE,RuckMa00,Martin Rucker,2008,111,4,CLE,0,0,Good
Martinas Rankin,T,Mississippi State,74.8,75.2,69.6,martinas rankin,OT,RankMa00,Martinas Rankin,2018,80,3,HOU,7,7,Good
Martrez Milner,TE,Georgia,64.9,60.3,67,martrez milner,TE,MilnMa00,Martrez Milner,2007,133,4,ATL,0,0,Average
Marviel Underwood,DB,San Diego State,70.6,75.3,62.3,marviel underwood,CB,UndeMa20,Marviel Underwood,2005,115,4,GNB,1,1,Good
Marvin Austin,DT,North Carolina,82.7,95.4,73.4,marvin austin,DL,AustMa00,Marvin Austin,2011,52,2,NYG,2,2,Good
Marvin Jones,WR,California,70.2,75.6,60.8,marvin jones,WR,JoneMa02,Marvin Jones,2012,166,5,CIN,53,53,Good
Marvin McNutt,WR,Iowa,69.8,64.6,79.9,marvin mcnutt,WR,McNuMa00,Marvin McNutt,2012,194,6,PHI,0,0,Average
Marvin Philip,C,California,64.9,66.7,58.3,marvin philip,IOL,NA,Marvin Philip,2006,201,6,PIT,NA,NA,Average
Marvin White,DB,TCU,68.6,57.9,72.4,marvin white,CB,WhitMa99,Marvin White,2007,114,4,CIN,8,8,Average
Mason Cole,C,Michigan,72.2,62.2,69.2,mason cole,IOL,ColeMa02,Mason Cole,2018,97,3,ARI,25,25,Good
Mason Foster,ILB,Washington,75.4,60.9,87.6,mason foster,LB,FostMa00,Mason Foster,2011,84,3,TAM,40,40,Good
Mason Rudolph,QB,Oklahoma State,70.3,59.9,69.8,mason rudolph,QB,RudoMa00,Mason Rudolph,2018,76,3,PIT,10,10,Good
Mathias Kiwanuka,DE,Boston College,80.4,77.5,79.5,mathias kiwanuka,EDGE,KiwaMa20,Mathias Kiwanuka,2006,32,1,NYG,37,37,Good
Matt Barkley,QB,USC,68.5,58.4,69.1,matt barkley,QB,BarkMa00,Matt Barkley,2013,98,4,PHI,5,5,Average
Matt Corral,QB,Mississippi,84.3,80.5,84.1,matt corral,QB,CorrMa00,Matt Corral,2022,94,3,CAR,NA,NA,Good
Matt Flynn,QB,LSU,67,68.3,60.5,matt flynn,QB,FlynMa00,Matt Flynn,2008,209,7,GNB,8,8,Average
Matt Forte,RB,Tulane,82.7,81.5,80.7,matt forte,RB,FortMa00,Matt Forte,2008,44,2,CHI,84,84,Good
Matt Hazel,WR,Coastal Carolina,60.4,65.7,54.1,matt hazel,WR,HazeMa01,Matt Hazel,2014,190,6,MIA,0,0,Average
Matt Hennessy,C,Temple,80.2,87.7,71.1,matt hennessy,IOL,HennMa00,Matt Hennessy,2020,78,3,ATL,11,11,Good
Matt Jones,RB,Florida,66.2,68.3,59.8,matt jones,RB,JoneMa04,Matt Jones,2015,95,3,WAS,9,9,Average
Matt Jones,WR,Arkansas,82.3,86.8,79.5,matt jones,WR,JoneMa00,Matt Jones,2005,21,1,JAX,22,22,Good
Matt Kalil,T,USC,85.9,72.5,91.7,matt kalil,OT,KaliMa00,Matt Kalil,2012,4,1,MIN,34,34,Good
Matt Leinart,QB,USC,81.5,71.2,84.8,matt leinart,QB,LeinMa00,Matt Leinart,2006,10,1,ARI,12,12,Good
Matt Mauck,QB,LSU,65,70.5,63.9,matt mauck,QB,MaucMa00,Matt Mauck,2004,225,7,DEN,1,1,Average
Matt McCants,OT,UAB,55.6,51,57.4,matt mccants,OT,McCaMa00,Matt McCants,2012,201,6,NYG,3,3,Below Avg
Matt Paradis,C,Boise State,61.7,74.5,53.3,matt paradis,IOL,ParaMa00,Matt Paradis,2014,207,6,DEN,34,34,Average
Matt Peart,OT,Connecticut,74.7,79.6,68.5,matt peart,OT,PearMa00,Matt Peart,2020,99,3,NYG,7,7,Good
Matt Roth,DE,Iowa,75.1,69.8,74.3,matt roth,EDGE,RothMa20,Matt Roth,2005,46,2,MIA,27,27,Good
Matt Ryan,QB,Boston College,74.5,57.9,79.2,matt ryan,QB,RyanMa00,Matt Ryan,2008,3,1,ATL,146,146,Good
Matt Schaub,QB,Virginia,70.7,56.7,74.6,matt schaub,QB,SchaMa00,Matt Schaub,2004,90,3,ATL,68,68,Good
Matt Shaughnessy,DE,Wisconsin,64.4,51,66.3,matt shaughnessy,EDGE,ShauMa99,Matt Shaughnessy,2009,71,3,OAK,22,22,Average
Matt Slauson,G,Nebraska,66.5,74,58.3,matt slauson,IOL,SlauMa20,Matt Slauson,2009,193,6,NYJ,43,43,Average
Matt Spaeth,TE,Minnesota,73.7,72.2,70.6,matt spaeth,TE,SpaeMa00,Matt Spaeth,2007,77,3,PIT,2,2,Good
Matt Tennant,C,Boston College,68.4,71.8,60.5,matt tennant,IOL,TennMa20,Matt Tennant,2010,158,5,NOR,3,3,Average
Matt Toeaina,DT,Oregon,62.5,72.7,55.3,matt toeaina,DL,ToeaMa99,Matt Toeaina,2007,187,6,CIN,12,12,Average
Matt Walters,DE,Miami,66.8,62.7,59.3,matt walters,EDGE,WaltMa20,Matt Walters,2003,150,5,NYJ,1,1,Average
Matt Ware,DB,UCLA,72.9,70.8,67.3,matt ware,CB,WareMa20,Matt Ware,2004,89,3,PHI,6,6,Good
Matt Wilhelm,LB,Ohio State,66.2,65.4,63,matt wilhelm,LB,WilhMa20,Matt Wilhelm,2003,112,4,SDG,18,18,Average
Matthew Butler,DT,Tennessee,69.7,65.7,69.9,matthew butler,DL,ButlMa02,Matthew Butler,2022,175,5,LVR,2,2,Average
Matthew Stafford,QB,Georgia,81.1,68.9,85.3,matthew stafford,QB,StafMa00,Matthew Stafford,2009,1,1,DET,133,133,Good
Matthias Askew,DT,Michigan State,65.1,61,62.2,matthias askew,DL,AskeMa20,Matthias Askew,2004,114,4,CIN,0,0,Average
Maurice Canady,CB,Virginia,63.2,72.8,55,maurice canady,CB,CanaMa00,Maurice Canady,2016,209,6,BAL,3,3,Average
Maurice Hurst,DT,Michigan,82.9,75.9,85.2,maurice hurst,DL,HursMa00,Maurice Hurst Jr.,2018,140,5,OAK,11,11,Good
Maurice Jones-Drew,RB,UCLA,80.5,79.4,77.5,maurice jones-drew,RB,DrewMa00,Maurice Jones-Drew,2006,60,2,JAX,74,74,Good
Maurice Mann,WR,Nevada,65.9,70.3,57,maurice mann,WR,MannMa00,Maurice Mann,2004,149,5,CIN,0,0,Average
Maurice Stovall,WR,Notre Dame,74.9,67.9,77.1,maurice stovall,WR,StovMa00,Maurice Stovall,2006,90,3,TAM,5,5,Good
Maurkice Pouncey,C,Florida,77,59.1,88.5,maurkice pouncey,IOL,PounMa20,Maurkice Pouncey,2010,18,1,PIT,78,78,Good
Max Garcia,G,Florida,66.9,69.2,61.3,max garcia,IOL,GarcMa00,Max Garcia,2015,133,4,DEN,26,26,Average
Max Jean-Gilles,OG,Georgia,63.9,57.9,63.1,max jean-gilles,IOL,JeanMa20,Max Jean-Gilles,2006,99,4,PHI,14,14,Average
Max Mitchell,OT,Louisiana-Lafayette,67.4,60.1,67.5,max mitchell,OT,MitcMa02,Max Mitchell,2022,111,4,NYJ,7,7,Average
Max Starks,T,Florida,67.8,65,66.8,max starks,OT,StarMa21,Max Starks,2004,75,3,PIT,44,44,Average
Max Tuerk,C,USC,71.4,62,69.2,max tuerk,IOL,TuerMa00,Max Tuerk,2016,66,3,SDG,0,0,Good
Max Unger,C,Oregon,80.1,72.7,77.2,max unger,IOL,UngeMa20,Max Unger,2009,49,2,SEA,69,69,Good
Max Valles,OLB,Virginia,60.8,62.9,59.6,max valles,EDGE,VallMa00,Max Valles,2015,179,6,OAK,NA,NA,Average
Maxx Crosby,DE,Eastern Michigan,75.2,87.7,69.6,maxx crosby,EDGE,CrosMa00,Maxx Crosby,2019,106,4,OAK,61,61,Good
Maxx Williams,TE,Minnesota,74.5,57.2,84.1,maxx williams,TE,WillMa04,Maxx Williams,2015,55,2,BAL,8,8,Good
McTelvin Agim,DT,Arkansas,75,76.1,71.8,mctelvin agim,DL,AgimMc00,McTelvin Agim,2020,95,3,DEN,2,2,Good
Mecole Hardman,WR,Georgia,75.3,86.1,59.3,mecole hardman,WR,HardMe00,Mecole Hardman,2019,56,2,KAN,23,23,Good
Melvin Gordon,RB,Wisconsin,88.2,75.4,97,melvin gordon,RB,GordMe00,Melvin Gordon,2015,15,1,SDG,51,51,Good
Melvin Ingram,OLB,South Carolina,83.3,86.4,76.1,melvin ingram,EDGE,IngrMe00,Melvin Ingram,2012,18,1,SDG,57,57,Good
Melvin Oliver,DE,LSU,63,72.4,57.2,melvin oliver,EDGE,OlivMe20,Melvin Oliver,2006,197,6,SFO,5,5,Average
Melvin Williams,DE,Kansas State,71.2,78.4,59.3,melvin williams,EDGE,WillMe20,Melvin Williams,2003,155,5,NOR,2,2,Good
Menelik Watson,OT,Florida State,71.2,52.6,74.8,menelik watson,OT,WatsMe00,Menelik Watson,2013,42,2,OAK,9,9,Good
Mewelde Moore,RB,Tulane,66.3,63,70.7,mewelde moore,RB,MoorMe00,Mewelde Moore,2004,119,4,MIN,29,29,Average
Micah Kiser,LB,Virginia,74.3,73.7,74.3,micah kiser,LB,KiseMi00,Micah Kiser,2018,147,5,LAR,8,8,Good
Micah McFadden,LB,Indiana,75,84.6,70.5,micah mcfadden,LB,McFaMi01,Micah McFadden,2022,146,5,NYG,18,18,Good
Michael Allan,TE,Whitworth College,64.9,67,56.8,michael allan,TE,NA,Michael Allan,2007,231,7,KAN,NA,NA,Average
Michael Bennett,DT,Ohio State,79.4,79.5,76.5,michael bennett,DL,BennMi01,Michael Bennett,2015,180,6,JAX,1,1,Good
Michael Boley,LB,Southern Mississippi,69.1,77.4,60.3,michael boley,LB,BoleMi20,Michael Boley,2005,160,5,ATL,41,41,Average
Michael Boulware,DB,Florida State,83,90.3,75.6,michael boulware,CB,BoulMi20,Michael Boulware,2004,53,2,SEA,16,16,Good
Michael Buchanan,DE,Illinois,62.2,68.8,64.3,michael buchanan,EDGE,BuchMi00,Michael Buchanan,2013,226,7,NWE,2,2,Average
Michael Bush,RB,Louisville,75,81.6,71.8,michael bush,RB,BushMi00,Michael Bush,2007,100,4,OAK,25,25,Good
Michael Campanaro,WR,Wake Forest,69.9,78.5,71.1,michael campanaro,WR,CampMi02,Michael Campanaro,2014,218,7,BAL,4,4,Average
Michael Carter,RB,North Carolina,74.4,72.1,71.8,michael carter,RB,CartMi03,Michael Carter,2021,107,4,NYJ,16,16,Good
Michael Clayton,WR,LSU,77.4,62.8,76.4,michael clayton,WR,ClayMi00,Michael Clayton,2004,15,1,TAM,22,22,Good
Michael Coe,CB,Alabama State,62.3,57.5,60.4,michael coe,CB,CoexMi99,Michael Coe,2007,173,5,IND,2,2,Average
Michael Crabtree,WR,Texas Tech,86.3,65.3,99,michael crabtree,WR,CrabMi00,Michael Crabtree,2009,10,1,SFO,53,53,Good
Michael Deiter,C,Wisconsin,73.1,65,71.1,michael deiter,IOL,DeitMi00,Michael Deiter,2019,78,3,MIA,16,16,Good
Michael Egnew,TE,Missouri,81.2,83.2,80.4,michael egnew,TE,EgneMi00,Michael Egnew,2012,78,3,MIA,0,0,Good
Michael Floyd,WR,Notre Dame,84.7,78.2,85.4,michael floyd,WR,FloyMi00,Michael Floyd,2012,13,1,ARI,28,28,Good
Michael Gaines,TE,UCF,62.5,60.4,56.8,michael gaines,TE,GainMi00,Michael Gaines,2004,232,7,CAR,7,7,Average
Michael Gallup,WR,Colorado State,79.7,76.8,83.3,michael gallup,WR,GallMi00,Michael Gallup,2018,81,3,DAL,30,30,Good
Michael Haynes,DE,Penn State,79,67.3,79.5,michael haynes,EDGE,HaynMi20,Michael Haynes,2003,14,1,CHI,8,8,Good
Michael Hoomanawanui,TE,Illinois,63.7,58.7,65.2,michael hoomanawanui,TE,HoomMi00,Michael Hoomanawanui,2010,132,5,STL,5,5,Average
Michael Jenkins,WR,Ohio State,79.2,78.9,74.3,michael jenkins,WR,JenkMi00,Michael Jenkins,2004,29,1,ATL,39,39,Good
Michael Johnson,DE,Georgia Tech,73.2,79.1,67.8,michael johnson,EDGE,JohnMi98,Michael Johnson,2009,70,3,CIN,54,54,Good
Michael Lehan,CB,Minnesota,65.7,68.5,60.4,michael lehan,CB,LehaMi20,Michael Lehan,2003,152,5,CLE,9,9,Average
Michael Mauti,MLB,Penn State,67,66.5,62.9,michael mauti,LB,MautMi00,Michael Mauti,2013,213,7,MIN,6,6,Average
Michael Oher,T,Mississippi,77.9,63.5,84.3,michael oher,OT,OherMi20,Michael Oher,2009,23,1,BAL,42,42,Good
Michael Ojemudia,CB,Iowa,72.1,69,70.1,michael ojemudia,CB,OjemMi00,Michael Ojemudia,2020,77,3,DEN,4,4,Good
Michael Otto,T,Purdue,61.9,63.2,55.6,michael otto,OT,OttoMi20,Michael Otto,2007,223,7,TEN,7,7,Average
Michael Pittman,WR,USC,80.6,79.8,75.6,michael pittman,WR,PittMi01,Michael Pittman Jr.,2020,34,2,IND,44,44,Good
Michael Roberts,TE,Toledo,73,69,77.3,michael roberts,TE,RobeMi01,Michael Roberts,2017,127,4,DET,1,1,Good
Michael Roos,T,Eastern Washington,74.9,67.4,74.8,michael roos,OT,RoosMi20,Michael Roos,2005,41,2,TEN,63,63,Good
Michael Schofield,G,Michigan,70.1,68.6,63.8,michael schofield,IOL,SchoMi00,Michael Schofield,2014,95,3,DEN,38,38,Good
Michael Thomas,WR,Ohio State,81.8,71.9,74.3,michael thomas,WR,ThomMi05,Michael Thomas,2016,47,2,NOR,60,60,Good
Michael Turner,RB,Northern Illinois,77.9,86.7,70,michael turner,RB,TurnMi00,Michael Turner,2004,154,5,SDG,55,55,Good
Michael Waddell,DB,North Carolina,73.6,86.4,62.9,michael waddell,CB,WaddMi20,Michael Waddell,2004,124,4,TEN,4,4,Good
Michal Menet,C,Penn State,69.5,65.1,65.2,michal menet,IOL,MeneMi00,Michal Menet,2021,247,7,ARI,NA,NA,Average
Mike Adams,T,Ohio State,72.9,60.6,74.8,mike adams,OT,AdamMi02,Mike Adams,2012,56,2,PIT,11,11,Good
Mike Davis,RB,South Carolina,73.5,71.2,69.9,mike davis,RB,DaviMi01,Mike Davis,2015,126,4,SFO,20,20,Good
Mike Doss,DB,Ohio State,78.2,75.4,75.6,mike doss,CB,DossMi20,Mike Doss,2003,58,2,IND,17,17,Good
Mike Edwards,SAF,Kentucky,63.4,70.2,59.2,mike edwards,S,EdwaMi01,Mike Edwards,2019,99,3,TAM,16,16,Average
Mike Evans,WR,Texas A&M,84.4,70,87.1,mike evans,WR,EvanMi00,Mike Evans,2014,7,1,TAM,80,80,Good
Mike Gesicki,TE,Penn State,88.8,99,78.9,mike gesicki,TE,GesiMi00,Mike Gesicki,2018,42,2,MIA,28,28,Good
Mike Gibson,T,California,71.9,85.6,58.3,mike gibson,OT,GibsMi20,Mike Gibson,2008,184,6,PHI,5,5,Good
Mike Gillislee,RB,Florida,64.2,63.9,59.6,mike gillislee,RB,GillMi00,Mike Gillislee,2013,164,5,MIA,11,11,Average
Mike Glennon,QB,N.C. State,66.8,51,67.1,mike glennon,QB,GlenMi00,Mike Glennon,2013,73,3,TAM,9,9,Average
Mike Goodson,RB,Texas A&M,69.6,72.3,61.4,mike goodson,RB,GoodMi00,Mike Goodson,2009,111,4,CAR,7,7,Average
Mike Harris,DB,Florida State,61.3,51,66.1,mike harris,CB,HarrMi00,Mike Harris,2012,176,6,JAX,6,6,Average
Mike Hart,RB,Michigan,60.9,52.4,74.3,mike hart,RB,HartMi00,Mike Hart,2008,202,6,IND,3,3,Average
Mike Hass,WR,Oregon State,70.9,61.8,81.4,mike hass,WR,HassMi00,Mike Hass,2006,171,6,NOR,0,0,Good
Mike Hughes,CB,UCF,82.1,72.1,82.4,mike hughes,CB,HughMi00,Mike Hughes,2018,30,1,MIN,17,17,Good
Mike Iupati,G,Idaho,82.8,68,91.7,mike iupati,IOL,IupaMi20,Mike Iupati,2010,17,1,SFO,67,67,Good
Mike James,RB,Miami,62.9,70.6,53.8,mike james,RB,JameMi00,Mike James,2013,189,6,TAM,2,2,Average
Mike Jenkins,DB,University of South Florida,75.4,71.9,74,mike jenkins,CB,JenkMi99,Mike Jenkins,2008,25,1,DAL,27,27,Good
Mike Johnson,G,Alabama,66.5,51,68.1,mike johnson,IOL,JohnMi23,Mike Johnson,2010,98,3,ATL,2,2,Average
Mike Kafka,QB,Northwestern,65.9,63.4,62.9,mike kafka,QB,KafkMi00,Mike Kafka,2010,122,4,PHI,0,0,Average
Mike Martin,DT,Michigan,83.8,94.7,74.9,mike martin,DL,MartMi01,Mike Martin,2012,82,3,TEN,6,6,Good
Mike McGlinchey,OT,Notre Dame,81,72.3,85,mike mcglinchey,OT,McGlMi00,Mike McGlinchey,2018,9,1,SFO,46,46,Good
Mike Mickens,CB,Cincinnati,73.9,72.9,72.9,mike mickens,CB,MickMi99,Mike Mickens,2009,227,7,DAL,NA,NA,Good
Mike Montgomery,DT,Texas A&M,61.9,61,57.2,mike montgomery,DL,MontMi20,Mike Montgomery,2005,180,6,GNB,8,8,Average
Mike Neal,OLB,Purdue,77.1,83.6,72.2,mike neal,EDGE,NealMi99,Mike Neal,2010,56,2,GNB,17,17,Good
Mike Patterson,DT,USC,77.9,69.7,80.8,mike patterson,DL,PattMi20,Mike Patterson,2005,31,1,PHI,48,48,Good
Mike Pouncey,C,Florida,81.5,63.5,88.1,mike pouncey,IOL,PounMi00,Mike Pouncey,2011,15,1,MIA,52,52,Good
Mike Seidman,TE,UCLA,75.6,74.9,79.1,mike seidman,TE,SeidMi00,Mike Seidman,2003,76,3,CAR,1,1,Good
Mike Sims-Walker,WR,UCF,76.7,79.2,72.5,mike sims-walker,WR,WalkMi01,Mike Sims-Walker,2007,79,3,JAX,16,16,Good
Mike Strachan,WR,Charleston,66.8,79,53.1,mike strachan,WR,StraMi03,Mike Strachan,2021,229,7,IND,0,0,Average
Mike Thomas,WR,Arizona,74.6,81.6,71.8,mike thomas,WR,ThomMi04,Mike Thomas,2016,206,6,LAR,2,2,Good
Mike Wallace,WR,Mississippi,76.2,86.3,65.9,mike wallace,WR,WallMi00,Mike Wallace,2009,84,3,PIT,57,57,Good
Mike Weber,RB,Ohio State,68.9,78.9,60.1,mike weber,RB,WebeMi00,Mike Weber,2019,218,7,DAL,NA,NA,Average
Mike White,QB,Western Kentucky,66.2,53.1,69.5,mike white,QB,WhitMi01,Mike White,2018,171,5,DAL,5,5,Average
Mike Williams,WR,Clemson,83.7,69.1,83.4,mike williams,WR,WillMi07,Mike Williams,2017,7,1,LAC,38,38,Good
Mikel Leshoure,RB,Illinois,81.9,75.1,82,mikel leshoure,RB,LeshMi00,Mikel Leshoure,2011,57,2,DET,5,5,Good
Miles Boykin,WR,Notre Dame,80.4,97.7,66.1,miles boykin,WR,BoykMi00,Miles Boykin,2019,93,3,BAL,6,6,Good
Miles Burris,MLB,San Diego State,71.3,70,69.3,miles burris,LB,BurrMi00,Miles Burris,2012,129,4,OAK,14,14,Good
Miles Killebrew,SAF,Southern Utah State,71.8,65.1,67.7,miles killebrew,S,KillMi00,Miles Killebrew,2016,111,4,DET,18,18,Good
Miles Sanders,RB,Penn State,76.3,79.6,68.7,miles sanders,RB,SandMi01,Miles Sanders,2019,53,2,PHI,34,34,Good
Minkah Fitzpatrick,FS,Alabama,87,70.6,89.3,minkah fitzpatrick,S,FitzMi00,Minkah Fitzpatrick,2018,11,1,MIA,61,61,Good
Mitch Morse,C,Missouri,80.9,83.8,74,mitch morse,IOL,MorsMi00,Mitch Morse,2015,49,2,KAN,55,55,Good
Mitch Petrus,G,Arkansas,66.7,69.4,60.5,mitch petrus,IOL,PetrMi20,Mitch Petrus,2010,147,5,NYG,4,4,Average
Mitchell Schwartz,T,California,71.1,54.8,74.8,mitchell schwartz,OT,SchwMi00,Mitchell Schwartz,2012,37,2,CLE,75,75,Good
Mitchell Trubisky,QB,North Carolina,84.5,84.1,88,mitchell trubisky,QB,TrubMi00,Mitchell Trubisky,2017,2,1,CHI,40,40,Good
Mohamed Massaquoi,WR,Georgia,73.7,64.2,70.6,mohamed massaquoi,WR,MassMo00,Mohamed Massaquoi,2009,50,2,CLE,11,11,Good
Mohamed Sanu,WR,Rutgers,72.7,65.3,73.4,mohamed sanu,WR,SanuMo00,Mohamed Sanu,2012,83,3,CIN,41,41,Good
Moise Fokou,LB,Maryland,65.1,61.7,64.5,moise fokou,LB,FokoMo99,Moise Fokou,2009,230,7,PHI,18,18,Average
Montae Nicholson,FS,Michigan State,63.1,77.9,58.8,montae nicholson,S,NichMo00,Montae Nicholson,2017,123,4,WAS,10,10,Average
Montaric Brown,CB,Arkansas,64.7,57,67.8,montaric brown,CB,BrowMo00,Montaric Brown,2022,222,7,JAX,11,11,Average
Montario Hardesty,RB,Tennessee,82.2,92.8,72.9,montario hardesty,RB,HardMo00,Montario Hardesty,2010,59,2,CLE,4,4,Good
Montavious Stanley,DT,Louisville,64.5,66.7,57.5,montavious stanley,DL,StanMo20,Montavious Stanley,2006,182,6,DAL,5,5,Average
Montee Ball,RB,Wisconsin,75.9,59.4,85.1,montee ball,RB,BallMo00,Montee Ball,2013,58,2,DEN,7,7,Good
Montez Sweat,DE,Mississippi State,88,84.9,88,montez sweat,EDGE,SweaMo00,Montez Sweat,2019,26,1,WAS,48,48,Good
Montori Hughes,DT,Tennessee-Martin,62.5,57.5,59.7,montori hughes,DL,HughMo00,Montori Hughes,2013,139,5,IND,2,2,Average
Montrae Holland,G,Florida State,62.7,54.2,63.1,montrae holland,IOL,HollMo20,Montrae Holland,2003,102,4,NOR,30,30,Average
Montravius Adams,NT,Auburn,74.2,66.8,75.3,montravius adams,DL,AdamMo00,Montravius Adams,2017,93,3,GNB,15,15,Good
Monty Rice,LB,Georgia,70.1,71.7,62.9,monty rice,LB,RiceMo00,Monty Rice,2021,92,3,TEN,7,7,Good
Morgan Trent,CB,Michigan,68.6,72.5,68.1,morgan trent,CB,TrenMo99,Morgan Trent,2009,179,6,CIN,4,4,Average
Morris Claiborne,CB,LSU,82,65.5,94,morris claiborne,CB,ClaiMo00,Morris Claiborne,2012,6,1,DAL,25,25,Good
Musa Smith,RB,Georgia,77.3,91.8,63,musa smith,RB,SmitMu00,Musa Smith,2003,77,3,BAL,6,6,Good
Mychal Kendricks,LB,California,89.7,89,85.7,mychal kendricks,LB,KendMy00,Mychal Kendricks,2012,46,2,PHI,38,38,Good
Mychal Rivera,TE,Tennessee,64.9,54.5,71.4,mychal rivera,TE,RiveMy00,Mychal Rivera,2013,184,6,OAK,10,10,Average
MyCole Pruitt,TE,Southern Illinois,66.1,84,54.5,mycole pruitt,TE,PruiMy00,MyCole Pruitt,2015,143,5,MIN,7,7,Average
Myjai Sanders,OLB,Cincinnati,64.5,57.3,63,myjai sanders,EDGE,SandMy00,Myjai Sanders,2022,100,3,ARI,3,3,Average
Mykal Walker,LB,Fresno State,66.8,73.8,62.2,mykal walker,LB,WalkMy00,Mykal Walker,2020,119,4,ATL,16,16,Average
Myles Garrett,DE,Texas A&M,95.5,91.7,99,myles garrett,EDGE,GarrMy00,Myles Garrett,2017,1,1,CLE,104,104,Elite
Myles Gaskin,RB,Washington,68.7,60,72,myles gaskin,RB,GaskMy00,Myles Gaskin,2019,234,7,MIA,13,13,Average
Myron Lewis,DB,Vanderbilt,79,73.1,86.2,myron lewis,CB,LewiMy99,Myron Lewis,2010,67,3,TAM,1,1,Good
Myron Pryor,DT,Kentucky,67.2,67.8,67.1,myron pryor,DL,PryoMy99,Myron Pryor,2009,207,6,NWE,3,3,Average
Nahshon Wright,CB,Oregon State,61.3,55,61.7,nahshon wright,CB,WrigNa00,Nahshon Wright,2021,99,3,DAL,11,11,Average
Najee Harris,RB,Alabama,93.9,87.1,93,najee harris,RB,HarrNa00,Najee Harris,2021,24,1,PIT,30,30,Elite
Nakobe Dean,LB,Georgia,85.9,83.1,84.9,nakobe dean,LB,DeanNa00,Nakobe Dean,2022,83,3,PHI,14,14,Good
Nat Dorsey,T,Georgia Tech,66.8,66.8,61.9,nat dorsey,OT,DorsNa20,Nat Dorsey,2004,115,4,MIN,7,7,Average
Nate Burleson,WR,Nevada,80.6,72.6,91.8,nate burleson,WR,BurlNa00,Nate Burleson,2003,71,3,MIN,45,45,Good
Nate Byham,TE,Pittsburgh,59.9,51,58.7,nate byham,TE,ByhaNa00,Nate Byham,2010,182,6,SFO,0,0,Below Avg
Nate Davis,G,Charlotte,72.6,65.3,71.1,nate davis,IOL,DaviNa01,Nate Davis,2019,82,3,TEN,27,27,Good
Nate Davis,QB,Ball State,64.7,54.2,68.6,nate davis,QB,DaviNa00,Nate Davis,2009,171,5,SFO,NA,NA,Average
Nate Hairston,CB,Temple,67.2,70.3,62.5,nate hairston,CB,HairNa00,Nate Hairston,2017,158,5,IND,9,9,Average
Nate Irving,LB,N.C. State,74.1,64.4,75.9,nate irving,LB,IrviNa00,Nate Irving,2011,67,3,DEN,9,9,Good
Nate Orchard,DE,Utah,76.4,60.9,88.9,nate orchard,EDGE,OrchNa00,Nate Orchard,2015,51,2,CLE,8,8,Good
Nate Potter,OT,Boise State,58.7,59.4,55.6,nate potter,OT,PottNa00,Nate Potter,2012,221,7,ARI,3,3,Below Avg
Nate Salley,DB,Ohio State,73.1,80.1,62.3,nate salley,CB,SallNa20,Nate Salley,2006,121,4,CAR,1,1,Good
Nate Solder,OT,Colorado,84.4,84.4,83.3,nate solder,OT,SoldNa00,Nate Solder,2011,17,1,NWE,64,64,Good
Nate Stanley,QB,Iowa,66.9,66.3,62.5,nate stanley,QB,StanNa00,Nate Stanley,2020,244,7,MIN,NA,NA,Average
Nate Sudfeld,QB,Indiana,66.5,58.9,67.3,nate sudfeld,QB,SudfNa00,Nate Sudfeld,2016,187,6,WAS,1,1,Average
Nate Triplett,LB,Minnesota,64.4,63.2,59.3,nate triplett,LB,TripNa99,Nate Triplett,2010,167,5,MIN,0,0,Average
Nathan Enderle,QB,Idaho,52.4,52.5,52.1,nathan enderle,QB,EndeNa00,Nathan Enderle,2011,160,5,CHI,NA,NA,Below Avg
Nathan Peterman,QB,Pittsburgh,72.8,71.5,72.5,nathan peterman,QB,PeteNa00,Nathan Peterman,2017,171,5,BUF,3,3,Good
Nathan Shepherd,DT,Fort Hays,74.2,74.6,70,nathan shepherd,DL,ShepNa00,Nathan Shepherd,2018,72,3,NYJ,25,25,Good
Nathan Vasher,CB,Texas,63.4,58.8,62.9,nathan vasher,CB,VashNa99,Nathan Vasher,2004,110,4,CHI,30,30,Average
NaVorro Bowman,MLB,Penn State,70.7,58.5,74.4,navorro bowman,LB,BowmNa99,NaVorro Bowman,2010,91,3,SFO,71,71,Good
Nazair Jones,DT,North Carolina,70.4,54.4,74.9,nazair jones,DL,JoneNa00,Nazair Jones,2017,102,3,SEA,3,3,Good
Ndamukong Suh,NT,Nebraska,90.7,82,96.6,ndamukong suh,DL,SuhxNd99,Ndamukong Suh,2010,2,1,DET,100,100,Elite
Neil Farrell,DT,LSU,64.6,51,69.5,neil farrell,DL,FarrNe00,Neil Farrell,2022,126,4,LVR,2,2,Average
Neiron Ball,OLB,Florida,56.4,69.3,54.1,neiron ball,EDGE,BallNe00,Neiron Ball,2015,161,5,OAK,1,1,Below Avg
Nelson Agholor,WR,USC,83.5,75.3,84.7,nelson agholor,WR,AghoNe00,Nelson Agholor,2015,20,1,PHI,36,36,Good
Netane Muti,G,Fresno State,71.1,75.3,62.3,netane muti,IOL,MutiNe00,Netane Muti,2020,181,6,DEN,3,3,Good
Neville Gallimore,DT,Oklahoma,67.8,65.2,70.4,neville gallimore,DL,GallNe00,Neville Gallimore,2020,82,3,DAL,14,14,Average
Nevin Lawson,CB,Utah State,63.8,56,72.8,nevin lawson,CB,LawsNe00,Nevin Lawson,2014,133,4,DET,22,22,Average
Nicholas Petit-Frere,T,Ohio State,72.6,66.2,71,nicholas petit-frere,OT,PetiNi00,Nicholas Petit-Frere,2022,69,3,TEN,11,11,Good
Nick Barnett,LB,Oregon State,84.9,74.6,82.9,nick barnett,LB,BarnNi20,Nick Barnett,2003,29,1,GNB,60,60,Good
Nick Bolton,LB,Missouri,77.6,63.7,82.9,nick bolton,LB,BoltNi00,Nick Bolton,2021,58,2,KAN,30,30,Good
Nick Bosa,DE,Ohio State,85.4,80.4,87.4,nick bosa,EDGE,BosaNi00,Nick Bosa,2019,2,1,SFO,58,58,Good
Nick Boyle,TE,Delaware,64.9,62.5,60.2,nick boyle,TE,BoylNi00,Nick Boyle,2015,171,5,BAL,9,9,Average
Nick Chubb,RB,Georgia,86.6,85.4,83.5,nick chubb,RB,ChubNi00,Nick Chubb,2018,35,2,CLE,49,49,Good
Nick Fairley,DT,Auburn,88,84.6,90.8,nick fairley,DL,FairNi00,Nick Fairley,2011,13,1,DET,23,23,Good
Nick Foles,QB,Arizona,66.2,51,66,nick foles,QB,FoleNi00,Nick Foles,2012,88,3,PHI,32,32,Average
Nick Hardwick,C,Purdue,74.2,75.1,68.1,nick hardwick,IOL,HardNi55,Nick Hardwick,2004,66,3,SDG,67,67,Good
Nick Harris,C,Washington,72.9,76.9,65.6,nick harris,IOL,HarrNi01,Nick Harris,2020,160,5,CLE,5,5,Good
Nick Hayden,DT,Wisconsin,68.8,70.7,67.7,nick hayden,DL,HaydNi99,Nick Hayden,2008,181,6,CAR,25,25,Average
Nick Kaczur,T,Toledo,70,69.5,66.8,nick kaczur,OT,KaczNi20,Nick Kaczur,2005,100,3,NWE,37,37,Good
Nick Kasa,TE,Colorado,68.7,75.8,58.7,nick kasa,TE,KasaNi00,Nick Kasa,2013,172,6,OAK,0,0,Average
Nick Kwiatkoski,ILB,West Virginia,69,68.4,70.1,nick kwiatkoski,LB,KwiaNi00,Nick Kwiatkoski,2016,113,4,CHI,20,20,Average
Nick Leckey,C,Kansas State,64.3,63.4,58.3,nick leckey,IOL,LeckNi20,Nick Leckey,2004,167,6,ARI,14,14,Average
Nick Mangold,C,Ohio State,90.3,82.3,88.1,nick mangold,IOL,MangNi20,Nick Mangold,2006,29,1,NYJ,73,73,Elite
Nick Martin,C,Notre Dame,76.2,69.3,75,nick martin,IOL,MartNi00,Nick Martin,2016,50,2,HOU,29,29,Good
Nick Moody,ILB,Florida State,62.2,69.3,53.6,nick moody,LB,MoodNi00,Nick Moody,2013,180,6,SFO,2,2,Average
Nick Nelson,CB,Wisconsin,74,71.8,72.5,nick nelson,CB,NelsNi00,Nick Nelson,2018,110,4,OAK,1,1,Good
Nick O'Leary,TE,Florida State,65.6,51,77.9,nick o'leary,TE,OLeaNi00,Nick O'Leary,2015,194,6,BUF,6,6,Average
Nick Perry,OLB,USC,82.7,83.5,81,nick perry,EDGE,PerrNi00,Nick Perry,2012,28,1,GNB,22,22,Good
Nick Toon,WR,Wisconsin,70.3,68,71.6,nick toon,WR,ToonNi00,Nick Toon,2012,122,4,NOR,3,3,Good
Nick Vannett,TE,Ohio State,72.4,66.5,69.7,nick vannett,TE,VannNi00,Nick Vannett,2016,94,3,SEA,7,7,Good
Nick Vigil,ILB,Utah State,75.9,75.1,76.9,nick vigil,LB,VigiNi00,Nick Vigil,2016,87,3,CIN,27,27,Good
Nico Collins,WR,Michigan,76.7,81.8,68.6,nico collins,WR,CollNi00,Nico Collins,2021,89,3,HOU,33,33,Good
Nico Johnson,LB,Alabama,65.4,71.1,56.6,nico johnson,LB,JohnNi00,Nico Johnson,2013,99,4,KAN,3,3,Average
Nico Siragusa,OG,San Diego State,76.3,84.9,66.7,nico siragusa,IOL,SiraNi00,Nico Siragusa,2017,122,4,BAL,NA,NA,Good
Niko Koutouvides,LB,Purdue,70.6,73.1,63,niko koutouvides,LB,KoutNi20,Niko Koutouvides,2004,116,4,SEA,8,8,Good
Nnamdi Asomugha,CB,California,78,69.9,81.5,nnamdi asomugha,CB,AsomNn20,Nnamdi Asomugha,2003,31,1,OAK,64,64,Good
Nnamdi Madubuike,DT,Texas A&M,85.1,88.6,80.4,nnamdi madubuike,DL,MaduJu00,Nnamdi Madubuike,2020,71,3,BAL,38,38,Good
Noah Brown,WR,Ohio State,68.1,73.8,55.9,noah brown,WR,BrowNo00,Noah Brown,2017,239,7,DAL,19,19,Average
Noah Fant,TE,Iowa,90.6,92,89.6,noah fant,TE,FantNo00,Noah Fant,2019,20,1,DEN,26,26,Elite
Noah Gray,TE,Duke,69.7,75.4,61,noah gray,TE,GrayNo00,Noah Gray,2021,162,5,KAN,11,11,Average
Noah Herron,RB,Northwestern,70.4,69.7,70.6,noah herron,RB,HerrNo00,Noah Herron,2005,244,7,PIT,3,3,Good
Noah Igbinoghene,CB,Auburn,75,73.8,71.5,noah igbinoghene,CB,IgbiNo00,Noah Igbinoghene,2020,30,1,MIA,7,7,Good
Noah Spence,DE,Eastern Kentucky,75.1,70.8,69.6,noah spence,EDGE,SpenNo00,Noah Spence,2016,39,2,TAM,5,5,Good
Nolan Carroll,CB,Maryland,66.7,82,54,nolan carroll,CB,CarrNo00,Nolan Carroll,2010,145,5,MIA,20,20,Average
Norman LeJeune,DB,LSU,58.8,55.2,55.8,norman lejeune,CB,LeJeNo20,Norman LeJeune,2003,244,7,PHI,0,0,Below Avg
Nyheim Hines,RB,N.C. State,69,72.8,60.6,nyheim hines,RB,HineNy00,Nyheim Hines,2018,104,4,IND,25,25,Average
O'Brien Schofield,DE,Wisconsin,68.7,62.9,67.7,o'brien schofield,EDGE,SchoOB99,O'Brien Schofield,2010,130,4,ARI,15,15,Average
Odell Beckham,WR,LSU,85.1,85,75.5,odell beckham,WR,BeckOd00,Odell Beckham Jr.,2014,12,1,NYG,59,59,Good
Odell Thurman,MLB,Georgia,76.7,69.5,77.2,odell thurman,LB,ThurOd20,Odell Thurman,2005,48,2,CIN,7,7,Good
O.J. Howard,TE,Alabama,85.6,84.2,83.1,oj howard,TE,HowaO.00,O.J. Howard,2017,19,1,TAM,13,13,Good
Omar Gaither,MLB,Tennessee,61.6,61.1,60.3,omar gaither,LB,GaitOm20,Omar Gaither,2006,168,5,PHI,25,25,Average
Onterrio Smith,RB,Oregon,76.1,82.3,70.6,onterrio smith,RB,SmitOn00,Onterrio Smith,2003,105,4,MIN,14,14,Good
Oren Burks,ILB,Vanderbilt,74.8,87.3,62.8,oren burks,LB,BurkOr00,Oren Burks,2018,88,3,GNB,16,16,Good
Orien Harris,DT,Miami,64.5,60.3,67.9,orien harris,DL,HarrOr20,Orien Harris,2006,133,4,PIT,1,1,Average
Orlando Brown,OT,Oklahoma,71.3,51,75.5,orlando brown,OT,BrowOr00,Orlando Brown Jr.,2018,83,3,BAL,69,69,Good
Orlando Franklin,T,Miami,80,77,76.5,orlando franklin,OT,FranOr00,Orlando Franklin,2011,46,2,DEN,42,42,Good
Orlando Scandrick,CB,Boise State,74.6,87.6,63.2,orlando scandrick,CB,ScanOr99,Orlando Scandrick,2008,143,5,DAL,26,26,Good
Orson Charles,TE,Georgia,71.5,63.4,75.7,orson charles,TE,CharOr00,Orson Charles,2012,116,4,CIN,2,2,Good
Osa Odighizuwa,DT,UCLA,79.2,83.1,74.2,osa odighizuwa,DL,OdigOs00,Osa Odighizuwa,2021,75,3,DAL,31,31,Good
Oshane Ximines,OLB,Old Dominion,68.7,65.5,69.1,oshane ximines,EDGE,XimiOs00,Oshane Ximines,2019,95,3,NYG,8,8,Average
Otito Ogbonnia,DT,UCLA,61.1,65,56.3,otito ogbonnia,DL,OgboOt00,Otito Ogbonnia,2022,160,5,LAC,12,12,Average
Owen Daniels,TE,Wisconsin,73.8,81.8,59.6,owen daniels,TE,DaniOw00,Owen Daniels,2006,98,4,HOU,41,41,Good
Paris Warren,WR,Utah,65.6,51,81.2,paris warren,WR,WarrPa00,Paris Warren,2005,225,7,TAM,0,0,Average
Parker Ehinger,G,Cincinnati,58.2,66,54,parker ehinger,IOL,EhinPa00,Parker Ehinger,2016,105,4,KAN,4,4,Below Avg
Parris Campbell,WR,Ohio State,87,99,78,parris campbell,WR,CampPa00,Parris Campbell,2019,59,2,IND,9,9,Good
Parry Nickerson,CB,Tulane,75.4,82.8,67.8,parry nickerson,CB,NickPa00,Parry Nickerson,2018,179,6,NYJ,2,2,Good
Parys Haralson,OLB,Tennessee,63.8,61.7,59.3,parys haralson,EDGE,HaraPa20,Parys Haralson,2006,140,5,SFO,38,38,Average
Pat Angerer,ILB,Iowa,73.9,64.3,69.4,pat angerer,LB,AngePa99,Pat Angerer,2010,63,2,IND,18,18,Good
Pat Elflein,C,Ohio State,69.9,51.3,72.9,pat elflein,IOL,ElflPa00,Pat Elflein,2017,70,3,MIN,26,26,Average
Pat Freiermuth,TE,Penn State,81.9,69.4,89.7,pat freiermuth,TE,FreiPa00,Pat Freiermuth,2021,55,2,PIT,22,22,Good
Pat Lee,CB,Auburn,80.4,79.9,76.8,pat lee,CB,LeexPa99,Pat Lee,2008,60,2,GNB,4,4,Good
Pat Sims,DT,Auburn,69.1,60.1,72.6,pat sims,DL,SimsPa99,Pat Sims,2008,77,3,CIN,27,27,Average
Pat Watkins,DB,Florida State,72.3,83.4,59.7,pat watkins,CB,WatkPa20,Pat Watkins,2006,138,5,DAL,6,6,Good
Pat White,QB,West Virginia,76.5,74.9,77.5,pat white,QB,WhitPa01,Pat White,2009,44,2,MIA,1,1,Good
Patrick Mahomes,QB,Texas Tech,87.8,76.9,92.6,patrick mahomes,QB,MahoPa00,Patrick Mahomes,2017,10,1,KAN,115,115,Good
Patrick Peterson,CB,LSU,92.4,88.7,93.6,patrick peterson,CB,PetePa00,Patrick Peterson,2011,5,1,ARI,103,103,Elite
Patrick Queen,LB,LSU,85.3,86.5,84.7,patrick queen,LB,QueePa00,Patrick Queen,2020,28,1,BAL,54,54,Good
Patrick Robinson,CB,Florida State,76.1,71.5,75.2,patrick robinson,CB,RobiPa99,Patrick Robinson,2010,32,1,NOR,25,25,Good
Patrick Turner,WR,USC,75.9,79.5,72.7,patrick turner,WR,TurnPa00,Patrick Turner,2009,87,3,MIA,1,1,Good
Patrick Willis,ILB,Mississippi,87,77.6,97.1,patrick willis,LB,WillPa98,Patrick Willis,2007,11,1,SFO,93,93,Good
Paul Fanaika,G,Arizona State,62.7,71,56.5,paul fanaika,IOL,FanaPa20,Paul Fanaika,2009,213,7,PHI,13,13,Average
Paul Hubbard,WR,Wisconsin,62.8,74.1,52.2,paul hubbard,WR,HubbPa00,Paul Hubbard,2008,191,6,CLE,0,0,Average
Paul Kruger,OLB,Utah,69.9,51.7,74.9,paul kruger,EDGE,KrugPa99,Paul Kruger,2009,57,2,BAL,29,29,Average
Paul Perkins,RB,UCLA,77.1,70.2,78.5,paul perkins,RB,PerkPa00,Paul Perkins,2016,149,5,NYG,5,5,Good
Paul Posluszny,MLB,Penn State,79.1,73.6,77.2,paul posluszny,LB,PoluPa99,Paul Posluszny,2007,34,2,BUF,58,58,Good
Paul Richardson,WR,Colorado,76.9,72.5,79.6,paul richardson,WR,RichPa01,Paul Richardson,2014,45,2,SEA,14,14,Good
Paul Soliai,NT,Utah,63.7,74.4,54,paul soliai,DL,SoliPa99,Paul Soliai,2007,108,4,MIA,41,41,Average
Paul Williams,WR,Fresno State,68.9,67.4,54.7,paul williams,WR,WillPa00,Paul Williams,2007,80,3,TEN,0,0,Average
Paulson Adebo,CB,Stanford,81.9,76.6,83.4,paulson adebo,CB,AdebPa00,Paulson Adebo,2021,76,3,NOR,22,22,Good
Paxton Lynch,QB,Memphis,79.2,73.5,84,paxton lynch,QB,LyncPa00,Paxton Lynch,2016,26,1,DEN,2,2,Good
Payton Turner,DE,Houston,72.1,63.7,74.5,payton turner,EDGE,TurnPa02,Payton Turner,2021,28,1,NOR,3,3,Good
Percy Butler,SAF,Louisiana-Lafayette,66.2,74.3,64.1,percy butler,S,ButlPe00,Percy Butler,2022,113,4,WAS,7,7,Average
Percy Harvin,WR,Florida,89.4,76.6,92.8,percy harvin,WR,HarvPe00,Percy Harvin,2009,22,1,MIN,43,43,Good
Peria Jerry,DT,Mississippi,85.9,72.2,91.7,peria jerry,DL,JerrPe99,Peria Jerry,2009,24,1,ATL,13,13,Good
Perrion Winfrey,DT,Oklahoma,73.2,81.8,69.5,perrion winfrey,DL,WinfPe00,Perrion Winfrey,2022,108,4,CLE,1,1,Good
Perrish Cox,CB,Oklahoma State,60.8,51,71,perrish cox,CB,CoxxPe99,Perrish Cox,2010,137,5,DEN,19,19,Average
Perry Riley,ILB,LSU,69.2,69.8,62.9,perry riley,LB,RilePe00,Perry Riley,2010,103,4,WAS,30,30,Average
Pete Werner,LB,Ohio State,75.7,80.2,69.8,pete werner,LB,WernPe00,Pete Werner,2021,60,2,NOR,30,30,Good
Peter Kalambayi,LB,Stanford,67.2,79.7,58.4,peter kalambayi,LB,KalaPe00,Peter Kalambayi,2018,214,6,HOU,3,3,Average
Peter Konz,C,Wisconsin,75.1,65.9,74.7,peter konz,IOL,KonzPe00,Peter Konz,2012,55,2,ATL,16,16,Good
Peyton Hillis,RB,Arkansas,57.9,69.4,51.1,peyton hillis,RB,HillPe00,Peyton Hillis,2008,227,7,DEN,21,21,Below Avg
Pharoh Cooper,WR,South Carolina,73.2,55.3,81.5,pharoh cooper,WR,CoopPh00,Pharoh Cooper,2016,117,4,LAR,6,6,Good
Phidarian Mathis,DT,Alabama,74.2,57.4,79,phidarian mathis,DL,MathPh00,Phidarian Mathis,2022,47,2,WAS,2,2,Good
Phil Haynes,G,Wake Forest,73.8,76.6,66.7,phil haynes,IOL,HaynPh00,Phil Haynes,2019,124,4,SEA,6,6,Good
Phil Loadholt,T,Oklahoma,72.2,58.7,74.8,phil loadholt,OT,LoadPh20,Phil Loadholt,2009,54,2,MIN,36,36,Good
Philip Blake,C,Baylor,71.1,74.7,63.1,philip blake,IOL,BlakPh00,Philip Blake,2012,108,4,DEN,NA,NA,Good
Philip Rivers,QB,N.C. State,78.3,54.4,91.5,philip rivers,QB,RivePh00,Philip Rivers,2004,4,1,NYG,150,150,Good
Philip Wheeler,LB,Georgia Tech,75.6,67.7,74.9,philip wheeler,LB,WheePh99,Philip Wheeler,2008,93,3,IND,29,29,Good
Phillip Dillard,LB,Nebraska,67.8,62.3,66.2,phillip dillard,LB,DillPh99,Phillip Dillard,2010,115,4,NYG,0,0,Average
Phillip Dorsett,WR,Miami,82.6,89.1,73.6,phillip dorsett,WR,DorsPh00,Phillip Dorsett,2015,29,1,IND,16,16,Good
Phillip Gaines,CB,Rice,73.1,88.9,66,phillip gaines,CB,GainPh00,Phillip Gaines,2014,87,3,KAN,10,10,Good
Phillip Merling,DE,Clemson,74.4,67.9,75.9,phillip merling,EDGE,MerlPh99,Phillip Merling,2008,32,2,MIA,6,6,Good
Phillip Thomas,DB,Fresno State,64.5,52.8,76.2,phillip thomas,CB,ThomPh00,Phillip Thomas,2013,119,4,WAS,2,2,Average
Pierre Desir,CB,Lindenwood,65.6,64.2,61.1,pierre desir,CB,DesiPi00,Pierre Desir,2014,127,4,CLE,18,18,Average
Pierre Garcon,WR,Mount Union College,68.3,76.2,57.2,pierre garcon,WR,GarcPi00,Pierre Garcon,2008,205,6,IND,54,54,Average
Pierre Strong,RB,South Dakota State,76.5,91.4,66.2,pierre strong,RB,StroPi00,Pierre Strong,2022,127,4,NWE,4,4,Good
Pita Taumoepenu,OLB,Utah,55,66.6,51.5,pita taumoepenu,EDGE,TaumPi00,Pita Taumoepenu,2017,202,6,SFO,0,0,Below Avg
P.J. Daniels,RB,Georgia Tech,68.4,64.7,64.3,pj daniels,RB,DaniP.00,P.J. Daniels,2006,132,4,BAL,NA,NA,Average
P.J. Williams,CB,Florida State,74.6,66.9,70.1,pj williams,CB,WillP.00,P.J. Williams,2015,78,3,NOR,19,19,Good
P.K. Sam,WR,Florida State,62.8,67.6,58.5,pk sam,WR,SamxP.20,P.K. Sam,2004,164,5,NWE,0,0,Average
Prescott Burgess,LB,Michigan,56.9,51,57.2,prescott burgess,LB,BurgPr99,Prescott Burgess,2007,207,6,BAL,2,2,Below Avg
Preston Brown,MLB,Louisville,71.2,63.7,72.1,preston brown,LB,BrowPr00,Preston Brown,2014,73,3,BUF,34,34,Good
Preston Smith,DE,Mississippi State,78.1,81.7,75.7,preston smith,EDGE,SmitPr00,Preston Smith,2015,38,2,WAS,55,55,Good
Prince Amukamara,CB,Nebraska,77.2,70.5,76.8,prince amukamara,CB,AmukPr00,Prince Amukamara,2011,19,1,NYG,36,36,Good
Prince Tega Wanogho,T,Auburn,77.5,92,65.8,prince tega wanogho,OT,WanoTe00,Prince Tega Wanogho,2020,210,6,PHI,1,1,Good
Qadree Ollison,RB,Pittsburgh,63.5,69.9,60.3,qadree ollison,RB,OlliQa00,Qadree Ollison,2019,152,5,ATL,1,1,Average
Quanterus Smith,DE,Western Kentucky,67.5,75.2,58.7,quanterus smith,EDGE,SmitQu00,Quanterus Smith,2013,146,5,DEN,1,1,Average
Quay Walker,LB,Georgia,80.8,80.8,77,quay walker,LB,WalkQu00,Quay Walker,2022,22,1,GNB,22,22,Good
Quentin Griffin,RB,Oklahoma,79.4,82.4,77.9,quentin griffin,RB,GrifQu00,Quentin Griffin,2003,108,4,DEN,6,6,Good
Quentin Groves,OLB,Auburn,73.4,73,68.4,quentin groves,EDGE,GrovQu99,Quentin Groves,2008,52,2,JAX,17,17,Good
Quenton Nelson,G,Notre Dame,90.6,81.4,99,quenton nelson,IOL,NelsQu00,Quenton Nelson,2018,6,1,IND,79,79,Elite
Quez Watkins,WR,Southern Mississippi,73.2,80,65.3,quez watkins,WR,WatkQu00,Quez Watkins,2020,200,6,PHI,13,13,Good
Quincy Enunwa,WR,Nebraska,64.4,73.5,66.6,quincy enunwa,WR,EnunQu00,Quincy Enunwa,2014,209,6,NYJ,13,13,Average
Quincy Wilson,CB,Florida,72.1,64.6,72.9,quincy wilson,CB,WilsQu01,Quincy Wilson,2017,46,2,IND,4,4,Good
Quincy Wilson,RB,West Virginia,66.9,69.8,67.4,quincy wilson,RB,WilsQu00,Quincy Wilson,2004,219,7,ATL,0,0,Average
Quinn Meinerz,G,Wisconsin-Whitewater,83.8,92.6,72.9,quinn meinerz,IOL,MeinQu02,Quinn Meinerz,2021,98,3,DEN,34,34,Good
Quinn Ojinnaka,G,Syracuse,60.5,51,60.5,quinn ojinnaka,IOL,OjinQu20,Quinn Ojinnaka,2006,139,5,ATL,11,11,Average
Quinn Pitcock,DT,Ohio State,75.2,78.7,67.2,quinn pitcock,DL,PitcQu99,Quinn Pitcock,2007,98,3,IND,1,1,Good
Quinn Sypniewski,TE,Colorado,66.8,71,59.9,quinn sypniewski,TE,SypnQu00,Quinn Sypniewski,2006,166,5,BAL,2,2,Average
Quinnen Williams,DT,Alabama,93.8,82.7,94.4,quinnen williams,DL,WillQu00,Quinnen Williams,2019,3,1,NYJ,57,57,Elite
Quinten Lawrence,WR,McNeese State,63.4,64.4,57.2,quinten lawrence,WR,LawrQu00,Quinten Lawrence,2009,175,6,KAN,0,0,Average
Quinten Rollins,CB,Miami (Ohio),78.6,60,84.2,quinten rollins,CB,RollQu00,Quinten Rollins,2015,62,2,GNB,7,7,Good
Quintez Cephus,WR,Wisconsin,68.8,59.8,68.4,quintez cephus,WR,CephQu00,Quintez Cephus,2020,166,5,DET,5,5,Average
Quinton Bohanna,DT,Kentucky,57.2,54.7,51.7,quinton bohanna,DL,BohaQu00,Quinton Bohanna,2021,192,6,DAL,8,8,Below Avg
Quinton Coples,OLB,North Carolina,76.2,66.5,77.1,quinton coples,EDGE,CoplQu00,Quinton Coples,2012,16,1,NYJ,17,17,Good
Quinton Patton,WR,Louisiana Tech,73,62.5,83.7,quinton patton,WR,PattQu00,Quinton Patton,2013,128,4,SFO,6,6,Good
Ra'Shede Hageman,DT,Minnesota,83.9,84,78.4,ra'shede hageman,DL,HageRa00,Ra'Shede Hageman,2014,37,2,ATL,8,8,Good
Ra'Shon Harris,DT,Oregon,61.4,59.5,62.4,ra'shon harris,DL,HarrRa99,Ra'Shon Harris,2009,205,6,PIT,0,0,Average
Racey McMath,WR,LSU,67.4,74.4,52.6,racey mcmath,WR,McMaRa00,Racey McMath,2021,205,6,TEN,0,0,Average
Rachaad White,RB,Arizona State,74.5,79.7,74.5,rachaad white,RB,WhitRa01,Rachaad White,2022,91,3,TAM,26,26,Good
Rachad Wildgoose,CB,Wisconsin,55.5,69.8,50.3,rachad wildgoose,CB,WildRa00,Rachad Wildgoose,2021,213,6,BUF,2,2,Below Avg
Raekwon Davis,NT,Alabama,74.9,57.8,82.5,raekwon davis,DL,DaviRa03,Raekwon Davis,2020,56,2,MIA,23,23,Good
Raekwon McMillan,ILB,Ohio State,79,75,78.3,raekwon mcmillan,LB,McMiRa02,Raekwon McMillan,2017,54,2,MIA,15,15,Good
Rakeem Nunez-Roches,DT,Southern Mississippi,65.4,74.8,62,rakeem nunez-roches,DL,NuneRa00,Rakeem Nunez-Roches,2015,217,6,KAN,31,31,Average
Ramik Wilson,ILB,Georgia,66.2,57.2,72.3,ramik wilson,LB,WilsRa00,Ramik Wilson,2015,118,4,KAN,14,14,Average
Ramses Barden,WR,Cal Poly (San Luis Obispo),67.1,51.3,66.4,ramses barden,WR,BardRa00,Ramses Barden,2009,85,3,NYG,5,5,Average
Randall Cobb,WR,Kentucky,75.8,55.2,85.6,randall cobb,WR,CobbRa00,Randall Cobb,2011,64,2,GNB,64,64,Good
Randall Telfer,TE,USC,64.6,64,63.1,randall telfer,TE,TelfRa00,Randall Telfer,2015,198,6,CLE,0,0,Average
Randy Gregory,OLB,Nebraska,81,71,82.4,randy gregory,EDGE,GregRa00,Randy Gregory,2015,60,2,DAL,15,15,Good
Ras-I Dowling,DB,Virginia,71.9,61.4,72.3,ras-i dowling,CB,DowlRa00,Ras-I Dowling,2011,33,2,NWE,1,1,Good
Rashaad Penny,RB,San Diego State,79.6,80.7,76.9,rashaad penny,RB,PennRa00,Rashaad Penny,2018,27,1,SEA,13,13,Good
Rashaan Evans,ILB,Alabama,77.1,60.6,87.9,rashaan evans,LB,EvanRa01,Rashaan Evans,2018,22,1,TEN,32,32,Good
Rashad Butler,T,Miami,69.7,64.7,66.8,rashad butler,OT,ButlRa20,Rashad Butler,2006,89,3,CAR,7,7,Average
Rashad Fenton,CB,South Carolina,55.9,62.9,55.5,rashad fenton,CB,FentRa00,Rashad Fenton,2019,201,6,KAN,7,7,Below Avg
Rashad Greene,WR,Florida State,72.1,65.7,75.1,rashad greene,WR,GreeRa00,Rashad Greene,2015,139,5,JAX,2,2,Good
Rashad Jennings,RB,Liberty,63.5,74.1,50.6,rashad jennings,RB,JennRa00,Rashad Jennings,2009,250,7,JAX,31,31,Average
Rashad Moore,DT,Tennessee,69.5,79.2,57.5,rashad moore,DL,MoorRa21,Rashad Moore,2003,183,6,SEA,11,11,Average
Rashad Washington,DB,Kansas State,66.8,72.4,55.8,rashad washington,CB,WashRa20,Rashad Washington,2004,236,7,NYJ,3,3,Average
Rashard Higgins,WR,Colorado State,66.8,52.4,81.7,rashard higgins,WR,HiggRa00,Rashard Higgins,2016,172,5,CLE,13,13,Average
Rashard Lawrence,NT,LSU,65.6,61.3,67.6,rashard lawrence,DL,LawrRa01,Rashard Lawrence,2020,131,4,ARI,6,6,Average
Rashard Mendenhall,RB,Illinois,89.9,84,88.9,rashard mendenhall,RB,MendRa00,Rashard Mendenhall,2008,23,1,PIT,29,29,Good
Rashard Robinson,CB,LSU,62.2,63.2,60.2,rashard robinson,CB,RobiRa00,Rashard Robinson,2016,133,4,SFO,9,9,Average
Rashaun Woods,WR,Oklahoma State,84.4,72.2,88.1,rashaun woods,WR,WoodRa00,Rashaun Woods,2004,31,1,SFO,1,1,Good
Rashean Mathis,CB,Bethune-Cookman College,81.8,87.3,76.1,rashean mathis,CB,MathRa99,Rashean Mathis,2003,39,2,JAX,64,64,Good
Rasheed Marshall,WR,West Virginia,67.7,68.6,59.3,rasheed marshall,WR,MarsRa00,Rasheed Marshall,2005,174,5,SFO,0,0,Average
Rashod Bateman,WR,Minnesota,83,78.9,77.7,rashod bateman,WR,BateRa00,Rashod Bateman,2021,27,1,BAL,20,20,Good
Rasul Douglas,CB,West Virginia,72.8,61.2,75.7,rasul douglas,CB,DougRa00,Rasul Douglas,2017,99,3,PHI,31,31,Good
Ray Edwards,DE,Purdue,69.5,72,61.7,ray edwards,EDGE,EdwaRa21,Ray Edwards,2006,127,4,MIN,37,37,Average
Ray McDonald,DE,Florida,66.7,72.7,55.5,ray mcdonald,EDGE,McDoRa99,Ray McDonald,2007,97,3,SFO,35,35,Average
Ray Rice,RB,Rutgers,79.7,71.8,83.2,ray rice,RB,RiceRa00,Ray Rice,2008,55,2,BAL,63,63,Good
Ray Willis,T,Florida State,69.6,69.8,61.9,ray willis,OT,WillRa22,Ray Willis,2005,105,4,SEA,10,10,Average
Ray-Ray McCloud,WR,Clemson,55.6,64,50.4,ray-ray mccloud,WR,McClRa00,Ray-Ray McCloud,2018,187,6,BUF,14,14,Below Avg
Raymond Calais,RB,Louisiana-Lafayette,66.4,72.7,60.4,raymond calais,RB,CalaRa00,Raymond Calais,2020,245,7,TAM,0,0,Average
Rayshawn Jenkins,SAF,Miami,70.3,77.2,64.5,rayshawn jenkins,S,JenkRa00,Rayshawn Jenkins,2017,113,4,LAC,32,32,Good
Reggie Brown,WR,Georgia,77.4,79.9,68.9,reggie brown,WR,BrowRe01,Reggie Brown,2005,35,2,PHI,20,20,Good
Reggie Bush,RB,USC,93.7,86,96.8,reggie bush,RB,BushRe00,Reggie Bush,2006,2,1,NOR,61,61,Elite
Reggie Ragland,ILB,Alabama,80.3,66.1,84.9,reggie ragland,LB,RaglRe00,Reggie Ragland,2016,41,2,BUF,22,22,Good
Reggie Robinson,CB,Tulsa,72.6,79.8,63.3,reggie robinson,CB,RobiRe00,Reggie Robinson II,2020,123,4,DAL,0,0,Good
Reggie Smith,DB,Oklahoma,77.7,67.9,85,reggie smith,CB,SmitRe99,Reggie Smith,2008,75,3,SFO,5,5,Good
Reggie Williams,WR,Washington,82.5,72.4,84.4,reggie williams,WR,WillRe00,Reggie Williams,2004,9,1,JAX,23,23,Good
Renell Wren,DT,Arizona State,74.6,83.7,65.7,renell wren,DL,WrenRe00,Renell Wren,2019,125,4,CIN,2,2,Good
Rennie Curran,LB,Georgia,68.6,54.5,72.9,rennie curran,LB,CurrRe99,Rennie Curran,2010,97,3,TEN,1,1,Average
Reuben Foster,ILB,Alabama,84.2,62,94.9,reuben foster,LB,FostRe00,Reuben Foster,2017,31,1,SFO,8,8,Good
Rex Burkhead,RB,Nebraska,64.1,55.2,68.5,rex burkhead,RB,BurkRe00,Rex Burkhead,2013,190,6,CIN,21,21,Average
Rex Grossman,QB,Florida,68.3,51,66.7,rex grossman,QB,GrosRe00,Rex Grossman,2003,22,1,CHI,23,23,Average
Rex Hadnot,G,Houston,63,61.8,58.3,rex hadnot,IOL,HadnRe20,Rex Hadnot,2004,174,6,MIA,35,35,Average
Rhamondre Stevenson,RB,Oklahoma,74.4,71.9,74.2,rhamondre stevenson,RB,StevRh00,Rhamondre Stevenson,2021,120,4,NWE,28,28,Good
Rhett Bomar,QB,Sam Houston State,64.3,71.6,52.1,rhett bomar,QB,BomaRh00,Rhett Bomar,2009,151,5,NYG,NA,NA,Average
Rian Wallace,LB,Temple,65.7,66.1,60.3,rian wallace,LB,WallRi20,Rian Wallace,2005,166,5,PIT,2,2,Average
Ricardo Colclough,DB,Tusculum College,76.2,73.4,76.1,ricardo colclough,CB,ColcRi20,Ricardo Colclough,2004,38,2,PIT,2,2,Good
Ricardo Louis,WR,Auburn,72.2,87.8,61.6,ricardo louis,WR,LouiRi00,Ricardo Louis,2016,114,4,CLE,3,3,Good
Rich Gardner,DB,Penn State,71.9,73.5,67.9,rich gardner,CB,GardRi20,Rich Gardner,2004,92,3,TEN,2,2,Good
Richard Marshall,CB,Fresno State,77.8,77.7,76.1,richard marshall,CB,MarsRi20,Richard Marshall,2006,58,2,CAR,31,31,Good
Richard Quinn,TE,North Carolina,74.2,57.1,77.5,richard quinn,TE,QuinRi00,Richard Quinn,2009,64,2,DEN,0,0,Good
Richard Rodgers,TE,California,66.8,56.3,63,richard rodgers,TE,RodgRi00,Richard Rodgers,2014,98,3,GNB,14,14,Average
Richard Seigler,LB,Oregon State,68.8,69.7,63,richard seigler,LB,SeigRi20,Richard Seigler,2004,127,4,SFO,0,0,Average
Richard Sherman,CB,Stanford,63.2,60.7,62.6,richard sherman,CB,SherRi00,Richard Sherman,2011,154,5,SEA,97,97,Average
Richie Incognito,C,Nebraska,79.5,83,71.8,richie incognito,IOL,IncoRi20,Richie Incognito,2005,81,3,STL,62,62,Good
Richie James,WR,Middle Tennessee State,72.1,68.4,80.7,richie james,WR,JameRi00,Richie James,2018,240,7,SFO,13,13,Good
Rick Leonard,T,Florida State,65,72.5,53.1,rick leonard,OT,LeonRi00,Rick Leonard,2018,127,4,NOR,0,0,Average
Ricky Manning,DB,UCLA,67.7,64.2,67.9,ricky manning,CB,MannRi20,Ricky Manning,2003,82,3,CAR,22,22,Average
Ricky Stanzi,QB,Iowa,60.3,64.4,59.8,ricky stanzi,QB,StanRi00,Ricky Stanzi,2011,135,5,KAN,NA,NA,Average
Rien Long,DT,Washington State,65.7,62.7,62.2,rien long,DL,LongRi20,Rien Long,2003,126,4,TEN,5,5,Average
Riley Cooper,WR,Florida,63.8,58.7,66.9,riley cooper,WR,CoopRi00,Riley Cooper,2010,159,5,PHI,17,17,Average
Riley Reiff,T,Iowa,77.3,62.2,82.5,riley reiff,OT,ReifRi00,Riley Reiff,2012,23,1,DET,60,60,Good
Riley Ridley,WR,Georgia,68.3,58.5,61.8,riley ridley,WR,RidlRi00,Riley Ridley,2019,126,4,CHI,1,1,Average
Riq Woolen,CB,Texas-San Antonio,70.8,92.3,55.3,riq woolen,CB,WoolTa00,Riq Woolen,2022,153,5,SEA,22,22,Good
Rishard Matthews,WR,Nevada,63.3,62.6,70.2,rishard matthews,WR,MattRi00,Rishard Matthews,2012,227,7,MIA,22,22,Average
R.J. McIntosh,DT,Miami,73.7,74.3,68.3,rj mcintosh,DL,McInR.00,R.J. McIntosh,2018,139,5,NYG,1,1,Good
Rob Gronkowski,TE,Arizona,81,76.4,75.9,rob gronkowski,TE,GronRo00,Rob Gronkowski,2010,42,2,NWE,78,78,Good
Rob Havenstein,OT,Wisconsin,69.9,52.7,73.5,rob havenstein,OT,HaveRo00,Rob Havenstein,2015,57,2,STL,58,58,Average
Rob Housler,TE,Florida Atlantic,81.4,88.4,70.6,rob housler,TE,HousRo01,Rob Housler,2011,69,3,ARI,9,9,Good
Rob Ninkovich,OLB,Purdue,68.5,65.2,71.7,rob ninkovich,EDGE,NinkRo20,Rob Ninkovich,2006,135,5,NOR,51,51,Average
Rob Petitti,T,Pittsburgh,66.4,71.6,57.4,rob petitti,OT,PetiRo20,Rob Petitti,2005,209,6,DAL,9,9,Average
Rob Sims,G,Ohio State,71.6,76.5,63.1,rob sims,IOL,SimsRo20,Rob Sims,2006,128,4,SEA,46,46,Good
Robert Alford,CB,Southeastern Louisiana,79.7,84.6,76.1,robert alford,CB,AlfoRo00,Robert Alford,2013,60,2,ATL,26,26,Good
Robert Ayers,DE,Tennessee,70.8,51,70.3,robert ayers,EDGE,AyerRo99,Robert Ayers,2009,18,1,DEN,27,27,Good
Robert Blanton,DB,Notre Dame,75.1,70.9,76.9,robert blanton,CB,BlanRo00,Robert Blanton,2012,139,5,MIN,9,9,Good
Robert Brewster,OT,Ball State,69.8,66.4,66.8,robert brewster,OT,BrewRo20,Robert Brewster,2009,75,3,DAL,0,0,Average
Robert Davis,WR,Georgia State,75.5,89.5,64.8,robert davis,WR,DaviRo00,Robert Davis,2017,209,6,WAS,0,0,Good
Robert Geathers,DE,Georgia,66,58.9,61.7,robert geathers,EDGE,GeatRo21,Robert Geathers,2004,117,4,CIN,46,46,Average
Robert Griffin,QB,Baylor,98.6,99,97.5,robert griffin,QB,GrifRo01,Robert Griffin III,2012,2,1,WAS,36,36,Elite
Robert Hainsey,C,Notre Dame,72.2,74.4,64.3,robert hainsey,IOL,HainRo00,Robert Hainsey,2021,95,3,TAM,23,23,Good
Robert Herron,WR,Wyoming,69.5,69.3,70.1,robert herron,WR,HerrRo00,Robert Herron,2014,185,6,TAM,0,0,Average
Robert James,LB,Arizona State,66.4,53.8,77.2,robert james,LB,JameRo99,Robert James,2008,138,5,ATL,1,1,Average
Robert McCune,LB,Louisville,71.1,83.4,60.3,robert mccune,LB,McCuRo20,Robert McCune,2005,154,5,WAS,0,0,Good
Robert Meachem,WR,Tennessee,84.7,83.3,80.8,robert meachem,WR,MeacRo00,Robert Meachem,2007,27,1,NOR,26,26,Good
Robert Nkemdiche,DT,Mississippi,80.8,84.5,75.8,robert nkemdiche,DL,NkemRo00,Robert Nkemdiche,2016,29,1,ARI,6,6,Good
Robert Quinn,DE,North Carolina,78.5,70.3,80.3,robert quinn,EDGE,QuinRo00,Robert Quinn,2011,14,1,STL,69,69,Good
Robert Rochell,CB,Central Arkansas,77.9,90.3,68.6,robert rochell,CB,RochRo00,Robert Rochell,2021,130,4,LAR,4,4,Good
Robert Sands,DB,West Virginia,73.9,72.4,68.4,robert sands,CB,SandRo00,Robert Sands,2011,134,5,CIN,0,0,Good
Robert Turbin,RB,Utah State,72.6,75.9,69.8,robert turbin,RB,TurbRo00,Robert Turbin,2012,106,4,SEA,16,16,Good
Robert Woods,WR,USC,76.2,52.2,85,robert woods,WR,WoodRo02,Robert Woods,2013,41,2,BUF,59,59,Good
Roc Carmichael,DB,Virginia Tech,61.8,51,65.7,roc carmichael,CB,CarmRo00,Roc Carmichael,2011,127,4,HOU,2,2,Average
Rock Ya-Sin,CB,Temple,74.4,60.7,74.9,rock ya-sin,CB,Ya-SRo00,Rock Ya-Sin,2019,34,2,IND,17,17,Good
Rocky McIntosh,LB,Miami,86.9,78.7,77.8,rocky mcintosh,LB,McInRo20,Rocky McIntosh,2006,35,2,WAS,38,38,Good
Rod Davis,LB,Southern Mississippi,68.4,72.3,60.3,rod davis,LB,DaviRo21,Rod Davis,2004,155,5,MIN,3,3,Average
Rod Taylor,G,Mississippi,61.7,71.5,51.8,rod taylor,IOL,TaylRo01,Rod Taylor,2018,252,7,CIN,NA,NA,Average
Rodarius Williams,CB,Oklahoma State,66.7,69.1,60.9,rodarius williams,CB,WillRo07,Rodarius Williams,2021,201,6,NYG,1,1,Average
Roddrick Muckelroy,LB,Texas,64.5,56.4,67.3,roddrick muckelroy,LB,MuckRo99,Roddrick Muckelroy,2010,131,4,CIN,1,1,Average
Roddy White,WR,UAB,86.2,79.7,86,roddy white,WR,WhitRo00,Roddy White,2005,27,1,ATL,88,88,Good
Roderick Green,LB,Central Missouri,70.6,79.7,59.3,roderick green,LB,GreeRo20,Roderick Green,2004,153,5,BAL,6,6,Good
Roderick Johnson,T,Florida State,69.8,68.2,64,roderick johnson,OT,JohnRo06,Roderick Johnson,2017,160,5,CLE,5,5,Average
Rodney Adams,WR,University of South Florida,75.2,80.9,71.6,rodney adams,WR,AdamRo01,Rodney Adams,2017,170,5,MIN,0,0,Good
Rodney Anderson,RB,Oklahoma,74.5,70.7,76.7,rodney anderson,RB,AndeRo02,Rodney Anderson,2019,211,6,CIN,NA,NA,Good
Rodney Hudson,C,Florida State,72.7,51,80.9,rodney hudson,IOL,HudsRo00,Rodney Hudson,2011,55,2,KAN,61,61,Good
Rodney Leisle,DT,UCLA,69.8,75.4,59.7,rodney leisle,DL,LeisRo20,Rodney Leisle,2004,139,5,NOR,2,2,Average
Roger McCreary,CB,Auburn,73.6,52.7,84.5,roger mccreary,CB,McCrRo01,Roger McCreary,2022,35,2,TEN,13,13,Good
Rokevious Watkins,G,South Carolina,67.5,71.2,60.5,rokevious watkins,IOL,WatkRo00,Rokevious Watkins,2012,150,5,STL,1,1,Average
Rolando McClain,ILB,Alabama,90.9,71.2,94.2,rolando mcclain,LB,McClRo00,Rolando McClain,2010,8,1,OAK,25,25,Elite
Romeo Doubs,WR,Nevada,75,76.2,76.6,romeo doubs,WR,DoubRo00,Romeo Doubs,2022,132,4,GNB,23,23,Good
Ron Bartell,CB,Howard,80.6,86.1,76.1,ron bartell,CB,BartRo20,Ron Bartell,2005,50,2,STL,25,25,Good
Ron Brace,DT,Boston College,67,62.6,66.6,ron brace,DL,BracRo99,Ron Brace,2009,40,2,NWE,6,6,Average
Ron Brooks,CB,LSU,64.2,64.3,56.9,ron brooks,CB,BrooRo01,Ron Brooks,2012,124,4,BUF,6,6,Average
Ronald Blair,DE,Appalachian State,64.8,54.6,69.3,ronald blair,EDGE,BlaiRo00,Ronald Blair,2016,142,5,SFO,7,7,Average
Ronald Darby,CB,Florida State,80.4,89.5,69.5,ronald darby,CB,DarbRo00,Ronald Darby,2015,50,2,BUF,34,34,Good
Ronald Fields,DT,Mississippi State,64,61.9,59.7,ronald fields,DL,FielRo20,Ronald Fields,2005,137,5,SFO,13,13,Average
Ronald Johnson,WR,USC,63.8,60.8,65.9,ronald johnson,WR,JohnRo05,Ronald Johnson,2011,182,6,SFO,NA,NA,Average
Ronald Jones,RB,USC,76.8,56.6,88.6,ronald jones,RB,JoneRo01,Ronald Jones II,2018,38,2,TAM,18,18,Good
Ronald Powell,LB,Florida,63.6,63.6,56.6,ronald powell,LB,PoweRo01,Ronald Powell,2014,169,5,NOR,1,1,Average
Rondale Moore,WR,Purdue,85.8,90.7,84.1,rondale moore,WR,MoorRo02,Rondale Moore,2021,49,2,ARI,12,12,Good
Ronnie Brown,RB,Auburn,82.7,84.1,77,ronnie brown,RB,BrowRo05,Ronnie Brown,2005,2,1,MIA,41,41,Good
Ronnie Hillman,RB,San Diego State,76.6,74.8,74.4,ronnie hillman,RB,HillRo00,Ronnie Hillman,2012,67,3,DEN,17,17,Good
Ronnie Stanley,OT,Notre Dame,83.1,64.4,94.8,ronnie stanley,OT,StanRo00,Ronnie Stanley,2016,6,1,BAL,64,64,Good
Roquan Smith,ILB,Georgia,94.1,84.9,99,roquan smith,LB,SmitRo07,Roquan Smith,2018,8,1,CHI,84,84,Elite
Rory Anderson,TE,South Carolina,66.3,65.9,60.2,rory anderson,TE,AndeRo01,Rory Anderson,2015,254,7,SFO,NA,NA,Average
Roscoe Parrish,WR,Miami,76.5,78.3,69,roscoe parrish,WR,ParrRo00,Roscoe Parrish,2005,55,2,BUF,14,14,Good
Ross Blacklock,DT,TCU,72.3,75.8,72.6,ross blacklock,DL,BlacRo00,Ross Blacklock,2020,40,2,HOU,4,4,Good
Ross Cockrell,CB,Duke,65.1,56.2,71,ross cockrell,CB,CockRo00,Ross Cockrell,2014,109,4,BUF,20,20,Average
Ross Pierschbacher,C,Alabama,63.3,58.1,59.8,ross pierschbacher,IOL,PierRo00,Ross Pierschbacher,2019,153,5,WAS,0,0,Average
Roy Helu,RB,Nebraska,78,96,65.8,roy helu,RB,HeluRo00,Roy Helu,2011,105,4,WAS,13,13,Good
Roy Miller,DT,Texas,72.9,76.4,68.5,roy miller,DL,MillRo99,Roy Miller,2009,81,3,TAM,33,33,Good
Roy Schuening,OG,Oregon State,64.8,65.2,60.5,roy schuening,IOL,SchuRo20,Roy Schuening,2008,157,5,STL,0,0,Average
Roy Williams,WR,Texas,87.3,76.9,82.3,roy williams,WR,WillRo04,Roy Williams,2004,7,1,DET,42,42,Good
Royce Freeman,RB,Oregon,84.2,83,82.2,royce freeman,RB,FreeRo00,Royce Freeman,2018,71,3,DEN,13,13,Good
Royce Newman,G,Mississippi,72.2,68.4,68.1,royce newman,IOL,NewmRo00,Royce Newman,2021,142,4,GNB,14,14,Good
Rudy Ford,FS,Auburn,67,66.1,64.6,rudy ford,S,FordRu00,Rudy Ford,2017,208,6,ARI,11,11,Average
Rueben Randle,WR,LSU,72.8,63.2,70.2,rueben randle,WR,RandRu00,Rueben Randle,2012,63,2,NYG,21,21,Good
Rufus Alexander,LB,Oklahoma,59.8,59.2,58,rufus alexander,LB,AlexRu20,Rufus Alexander,2007,176,6,MIN,0,0,Below Avg
Russell Bodine,C,North Carolina,66.2,62.9,61.3,russell bodine,IOL,BodiRu00,Russell Bodine,2014,111,4,CIN,30,30,Average
Russell Okung,T,Oklahoma State,87.9,77.3,93.8,russell okung,OT,OkunRu20,Russell Okung,2010,6,1,SEA,56,56,Good
Russell Wilson,QB,Wisconsin,86.8,82.3,91.1,russell wilson,QB,WilsRu00,Russell Wilson,2012,75,3,SEA,140,140,Good
Ryan Broyles,WR,Oklahoma,80.3,55.8,94.8,ryan broyles,WR,BroyRy00,Ryan Broyles,2012,54,2,DET,3,3,Good
Ryan Carrethers,NT,Arkansas State,61.4,56.3,70.7,ryan carrethers,DL,CarrRy00,Ryan Carrethers,2014,165,5,SDG,3,3,Average
Ryan Clady,T,Boise State,84.1,75.6,89.9,ryan clady,OT,CladRy20,Ryan Clady,2008,12,1,DEN,65,65,Good
Ryan Cook,C,New Mexico,77.7,70.6,76.5,ryan cook,IOL,CookRy20,Ryan Cook,2006,51,2,MIN,23,23,Good
Ryan Finley,QB,N.C. State,75.2,72.9,77.2,ryan finley,QB,FinlRy00,Ryan Finley,2019,104,4,CIN,2,2,Good
Ryan Fitzpatrick,QB,Harvard,69.9,74.1,59.4,ryan fitzpatrick,QB,FitzRy00,Ryan Fitzpatrick,2005,250,7,STL,78,78,Average
Ryan Glasgow,DT,Michigan,67.5,57.6,70,ryan glasgow,DL,GlasRy00,Ryan Glasgow,2017,138,4,CIN,3,3,Average
Ryan Grant,WR,Tulane,61.7,62.2,69.4,ryan grant,WR,GranRy01,Ryan Grant,2014,142,5,WAS,10,10,Average
Ryan Harris,T,Notre Dame,69.4,67.8,66.8,ryan harris,OT,HarrRy20,Ryan Harris,2007,70,3,DEN,33,33,Average
Ryan Hoag,WR,Gustavus Adolphus College,67.2,74.6,55.5,ryan hoag,WR,NA,Ryan Hoag,2003,262,7,OAK,NA,NA,Average
Ryan Izzo,TE,Florida State,61.4,57.9,56,ryan izzo,TE,IzzoRy00,Ryan Izzo,2018,250,7,NWE,3,3,Average
Ryan Kalil,C,USC,85.8,83.6,79.4,ryan kalil,IOL,KaliRy20,Ryan Kalil,2007,59,2,CAR,72,72,Good
Ryan Kelly,C,Alabama,85.1,80.2,79.4,ryan kelly,IOL,KellRy00,Ryan Kelly,2016,18,1,IND,56,56,Good
Ryan Kerrigan,DE,Purdue,90.5,72.8,95.2,ryan kerrigan,EDGE,KerrRy00,Ryan Kerrigan,2011,16,1,WAS,63,63,Elite
Ryan Krause,TE,Nebraska-Omaha,72,84.7,58.7,ryan krause,TE,KrauRy00,Ryan Krause,2004,169,6,SDG,1,1,Good
Ryan LaCasse,LB,Syracuse,64.6,76.2,55.5,ryan lacasse,LB,LaCaRy20,Ryan LaCasse,2006,219,7,BAL,1,1,Average
Ryan Lindley,QB,San Diego State,64.2,57.8,58.1,ryan lindley,QB,LindRy00,Ryan Lindley,2012,185,6,ARI,-4,-4,Average
Ryan Mallett,QB,Arkansas,68,51,71.6,ryan mallett,QB,MallRy00,Ryan Mallett,2011,74,3,NWE,4,4,Average
Ryan Mathews,RB,Fresno State,82.4,83.4,79,ryan mathews,RB,MathRy00,Ryan Mathews,2010,12,1,SDG,44,44,Good
Ryan Miller,G,Colorado,68.5,72,59.5,ryan miller,IOL,MillRy00,Ryan Miller,2012,160,5,CLE,1,1,Average
Ryan Moats,RB,Louisiana Tech,77.8,73.3,79.8,ryan moats,RB,MoatRy00,Ryan Moats,2005,77,3,PHI,7,7,Good
Ryan Mouton,DB,Hawaii,68.5,72,64.2,ryan mouton,CB,MoutRy99,Ryan Mouton,2009,94,3,TEN,4,4,Average
Ryan Nassib,QB,Syracuse,65.6,51,68.1,ryan nassib,QB,NassRy00,Ryan Nassib,2013,110,4,NYG,0,0,Average
Ryan O'Callaghan,OT,California,63.2,59.8,59.5,ryan o'callaghan,OT,OCalRy20,Ryan O'Callaghan,2006,136,5,NWE,11,11,Average
Ryan Ramczyk,T,Wisconsin,77.1,61.9,84.7,ryan ramczyk,OT,RamcRy00,Ryan Ramczyk,2017,32,1,NOR,64,64,Good
Ryan Russell,DE,Purdue,59.9,73.3,52.5,ryan russell,EDGE,RussRy00,Ryan Russell,2015,163,5,DAL,4,4,Below Avg
Ryan Shazier,ILB,Ohio State,94.8,94.2,97.5,ryan shazier,LB,ShazRy00,Ryan Shazier,2014,15,1,PIT,27,27,Elite
Ryan Smith,CB,North Carolina Central,64.2,69.7,57.5,ryan smith,CB,SmitRy00,Ryan Smith,2016,108,4,TAM,8,8,Average
Ryan Switzer,WR,North Carolina,70.8,67.7,71.9,ryan switzer,WR,SwitRy00,Ryan Switzer,2017,133,4,DAL,3,3,Good
Ryan Tannehill,QB,Texas A&M,81.7,77.6,83.2,ryan tannehill,QB,TannRy00,Ryan Tannehill,2012,8,1,MIA,91,91,Good
Ryan Torain,RB,Arizona State,65.4,58.9,67.8,ryan torain,RB,ToraRy00,Ryan Torain,2008,139,5,DEN,5,5,Average
Ryan Whalen,WR,Stanford,63.5,68.9,53.4,ryan whalen,WR,WhalRy00,Ryan Whalen,2011,167,6,CIN,0,0,Average
Ryan Williams,RB,Virginia Tech,75.8,63.7,78.7,ryan williams,RB,WillRy00,Ryan Williams,2011,38,2,ARI,1,1,Good
Ryne Robinson,WR,Miami (Ohio),70,64.3,72.9,ryne robinson,WR,RobiRy00,Ryne Robinson,2007,118,4,CAR,0,0,Good
Ryon Bingham,DT,Nebraska,66.2,81,55.7,ryon bingham,DL,BingRy20,Ryon Bingham,2004,204,7,SDG,6,6,Average
Ryquell Armstead,RB,Temple,70.7,82.7,59.3,ryquell armstead,RB,ArmsRy00,Ryquell Armstead,2019,140,5,JAX,2,2,Good
Saahdiq Charles,OT,LSU,75.4,82.7,67.2,saahdiq charles,OT,CharSa00,Saahdiq Charles,2020,108,4,WAS,8,8,Good
Sam Acho,OLB,Texas,72.3,73.6,71.7,sam acho,EDGE,AchoSa00,Sam Acho,2011,103,4,ARI,30,30,Good
Sam Aiken,WR,North Carolina,64.5,56.9,65.1,sam aiken,WR,AikeSa00,Sam Aiken,2003,127,4,BUF,7,7,Average
Sam Baker,T,USC,80.6,74.5,80.1,sam baker,OT,BakeSa21,Sam Baker,2008,21,1,ATL,32,32,Good
Sam Barrington,LB,University of South Florida,58.9,59.6,56.5,sam barrington,LB,BarrSa00,Sam Barrington,2013,232,7,GNB,4,4,Below Avg
Sam Bradford,QB,Oklahoma,83.6,75.9,81,sam bradford,QB,BradSa00,Sam Bradford,2010,1,1,STL,44,44,Good
Sam Darnold,QB,USC,78,69.1,80.3,sam darnold,QB,DarnSa00,Sam Darnold,2018,3,1,NYJ,49,49,Good
Sam Ehlinger,QB,Texas,70.7,69.2,70.2,sam ehlinger,QB,EhliSa00,Sam Ehlinger,2021,218,6,IND,2,2,Good
Sam Howell,QB,North Carolina,77.4,77.9,78,sam howell,QB,HoweSa00,Sam Howell,2022,144,5,WAS,12,12,Good
Sam Hubbard,DE,Ohio State,73.1,67.9,73.2,sam hubbard,EDGE,HubbSa00,Sam Hubbard,2018,77,3,CIN,40,40,Good
Sam Jones,G,Arizona State,57.5,59.7,53.3,sam jones,IOL,JoneSa00,Sam Jones,2018,183,6,DEN,0,0,Below Avg
Sam Tevi,OT,Utah,56.9,59.9,50.7,sam tevi,OT,TeviSa00,Sam Tevi,2017,190,6,LAC,23,23,Below Avg
Sam Williams,DE,Mississippi,82.3,84.3,83.1,sam williams,EDGE,WillSa00,Sam Williams,2022,56,2,DAL,7,7,Good
Sam Young,T,Notre Dame,68.3,74.1,57.4,sam young,OT,YounSa21,Sam Young,2010,179,6,DAL,16,16,Average
Samaje Perine,RB,Oklahoma,75.5,67.5,79.2,samaje perine,RB,PeriSa00,Samaje Perine,2017,114,4,WAS,26,26,Good
Samie Parker,WR,Oregon,74.8,80.5,70.4,samie parker,WR,ParkSa00,Samie Parker,2004,105,4,KAN,13,13,Good
Sammie Coates,WR,Auburn,77.7,89,66.2,sammie coates,WR,CoatSa00,Sammie Coates,2015,87,3,PIT,4,4,Good
Sammie Lee Hill,NT,Stillman College,66.2,63.7,62.2,sammie lee hill,DL,HillSa99,Sammie Lee Hill,2009,115,4,DET,21,21,Average
Sammie Stroughter,WR,Oregon State,55.3,51,68.3,sammie stroughter,WR,StroSa00,Sammie Stroughter,2009,233,7,TAM,5,5,Below Avg
Sammy Davis,DB,Texas A&M,82.3,81.5,81.5,sammy davis,CB,DaviSa21,Sammy Davis,2003,30,1,SDG,12,12,Good
Sammy Watkins,WR,Clemson,88.6,77.3,94.4,sammy watkins,WR,WatkSa00,Sammy Watkins,2014,4,1,BUF,43,43,Good
Samson Satele,C,Hawaii,82.3,85.1,76.5,samson satele,IOL,SateSa20,Samson Satele,2007,60,2,MIA,48,48,Good
Sanders Commings,CB,Georgia,70,76.3,67.7,sanders commings,CB,CommSa00,Sanders Commings,2013,134,5,KAN,0,0,Good
Santonio Holmes,WR,Ohio State,84.3,86.2,80,santonio holmes,WR,HolmSa00,Santonio Holmes,2006,25,1,PIT,47,47,Good
Saquan Hampton,SAF,Rutgers,69.2,78.7,65.3,saquan hampton,S,HampSa00,Saquan Hampton,2019,177,6,NOR,0,0,Average
Saquon Barkley,RB,Penn State,96.1,93.3,93.4,saquon barkley,RB,BarkSa00,Saquon Barkley,2018,2,1,NYG,65,65,Elite
Sauce Gardner,CB,Cincinnati,87.1,72.2,91.7,sauce gardner,CB,GardSa00,Sauce Gardner,2022,4,1,NYJ,33,33,Good
Scooby Wright,ILB,Arizona,69.4,52.7,71.4,scooby wright,LB,WrigSc00,Scooby Wright III,2016,250,7,CLE,1,1,Average
Scott Chandler,TE,Iowa,67.4,56.7,73.4,scott chandler,TE,ChanSc00,Scott Chandler,2007,129,4,SDG,18,18,Average
Scott Crichton,DE,Oregon State,74,67.7,78.3,scott crichton,EDGE,CricSc00,Scott Crichton,2014,72,3,MIN,2,2,Good
Scott Kooistra,T,N.C. State,69.4,78.9,55.6,scott kooistra,OT,KooiSc20,Scott Kooistra,2003,215,7,CIN,6,6,Average
Scott McKillop,LB,Pittsburgh,74.3,67.9,80.2,scott mckillop,LB,McKiSc99,Scott McKillop,2009,146,5,SFO,2,2,Good
Scott Mruczkowski,G,Bowling Green,65.3,78.9,56.5,scott mruczkowski,IOL,MrucSc20,Scott Mruczkowski,2005,242,7,SDG,15,15,Average
Scott Quessenberry,C,UCLA,75.2,83.9,65.2,scott quessenberry,IOL,QuesSc00,Scott Quessenberry,2018,155,5,LAC,13,13,Good
Scott Solomon,OLB,Rice,64.7,65.8,64.9,scott solomon,EDGE,SoloSc00,Scott Solomon,2012,211,7,TEN,2,2,Average
Scott Starks,DB,Wisconsin,74.8,83.4,67.9,scott starks,CB,StarSc20,Scott Starks,2005,87,3,JAX,4,4,Good
Scott Tercero,G,California,68.7,77,58.3,scott tercero,IOL,TercSc20,Scott Tercero,2003,184,6,STL,2,2,Average
Scott Wells,C,Tennessee,66.7,80.2,56.5,scott wells,IOL,WellSc20,Scott Wells,2004,251,7,GNB,64,64,Average
Scott Young,G,BYU,77.7,99,60.5,scott young,IOL,YounSc20,Scott Young,2005,172,5,PHI,1,1,Good
Sean Bubin,T,Illinois,65.5,64.2,59.5,sean bubin,OT,NA,Sean Bubin,2004,159,5,JAX,NA,NA,Average
Sean Canfield,QB,Oregon State,57.9,56.5,57.4,sean canfield,QB,CanfSe00,Sean Canfield,2010,239,7,NOR,NA,NA,Below Avg
Sean Considine,DB,Iowa,73.6,83.5,62.3,sean considine,CB,ConsSe20,Sean Considine,2005,102,4,PHI,15,15,Good
Sean Harlow,C,Oregon State,63.2,63.7,57.6,sean harlow,IOL,HarlSe00,Sean Harlow,2017,136,4,ATL,5,5,Average
Sean Mahan,C,Notre Dame,68.3,73.3,60.5,sean mahan,IOL,MahaSe20,Sean Mahan,2003,168,5,TAM,24,24,Average
Sean Mannion,QB,Oregon State,65.5,53.9,65.5,sean mannion,QB,MannSe00,Sean Mannion,2015,89,3,STL,2,2,Average
Sean Murphy-Bunting,CB,Central Michigan,81.1,85.6,74.1,sean murphy-bunting,CB,BuntSe00,Sean Murphy-Bunting,2019,39,2,TAM,24,24,Good
Sean Porter,LB,Texas A&M,73.9,68.2,73.5,sean porter,LB,PortSe00,Sean Porter,2013,118,4,CIN,0,0,Good
Sean Renfree,QB,Duke,60.9,75.1,52.8,sean renfree,QB,RenfSe00,Sean Renfree,2013,249,7,ATL,0,0,Average
Sean Ryan,TE,Boston College,71.1,71.4,69.6,sean ryan,TE,RyanSe00,Sean Ryan,2004,144,5,DAL,1,1,Good
Sean Smith,CB,Utah,72.4,62.4,75.9,sean smith,CB,SmitSe99,Sean Smith,2009,61,2,MIA,38,38,Good
Sean Spence,ILB,Miami,71.6,59,76.6,sean spence,LB,SpenSe00,Sean Spence,2012,86,3,PIT,13,13,Good
Sean Tufts,LB,Colorado,69,78.7,58,sean tufts,LB,TuftSe20,Sean Tufts,2004,196,6,CAR,1,1,Average
Sebastian Tretola,OG,Arkansas,60.5,51,60.5,sebastian tretola,IOL,TretSe00,Sebastian Tretola,2016,193,6,TEN,0,0,Average
Sedrick Ellis,DT,USC,85,62.8,95.3,sedrick ellis,DL,ElliSe99,Sedrick Ellis,2008,7,1,NOR,26,26,Good
Selvish Capers,T,West Virginia,65.1,77.1,56.5,selvish capers,OT,CapeSe20,Selvish Capers,2010,231,7,WAS,0,0,Average
Sen'Derrick Marks,DT,Auburn,75.2,78.9,70.6,sen'derrick marks,DL,MarkSe99,Sen'Derrick Marks,2009,62,2,TEN,27,27,Good
Seneca Wallace,QB,Iowa State,72,87.9,56.2,seneca wallace,QB,WallSe00,Seneca Wallace,2003,110,4,SEA,14,14,Good
Senio Kelemete,G,Washington,64.1,60.2,60.5,senio kelemete,IOL,KeleSe00,Senio Kelemete,2012,151,5,ARI,25,25,Average
Senquez Golson,CB,Mississippi,76.3,67.7,80.2,senquez golson,CB,GolsSe00,Senquez Golson,2015,56,2,PIT,NA,NA,Good
Sergio Kindle,LB,Texas,76,68.4,76.4,sergio kindle,LB,KindSe99,Sergio Kindle,2010,43,2,BAL,0,0,Good
Seth Olsen,G,Iowa,66.8,63.8,63.1,seth olsen,IOL,OlseSe20,Seth Olsen,2009,132,4,DEN,3,3,Average
Seth Wand,T,NW Missouri State University,74.8,82,66.8,seth wand,OT,WandSe20,Seth Wand,2003,75,3,HOU,10,10,Good
Seth Williams,WR,Auburn,65.5,65.9,63.5,seth williams,WR,WillSe00,Seth Williams,2021,219,6,DEN,0,0,Average
Shaka Toney,DE,Penn State,71.2,86.3,63.5,shaka toney,EDGE,ToneSh00,Shaka Toney,2021,246,7,WAS,2,2,Good
Shalom Luani,FS,Washington State,59.7,59,61.2,shalom luani,S,LuanSh00,Shalom Luani,2017,221,7,OAK,2,2,Below Avg
Shamar Stephen,DT,Connecticut,65.1,61.6,66.6,shamar stephen,DL,StepSh00,Shamar Stephen,2014,220,7,MIN,32,32,Average
Shane Lemieux,G,Oregon,66.2,59.2,66.7,shane lemieux,IOL,LemiSh00,Shane Lemieux,2020,150,5,NYG,5,5,Average
Shane Olivea,T,Ohio State,60,64.3,55.6,shane olivea,OT,OlivSh20,Shane Olivea,2004,209,7,SDG,31,31,Average
Shane Ray,OLB,Missouri,79.5,61.4,89.4,shane ray,EDGE,RayxSh00,Shane Ray,2015,23,1,DEN,12,12,Good
Shane Vereen,RB,California,75.1,69.4,72.2,shane vereen,RB,VereSh00,Shane Vereen,2011,56,2,NWE,25,25,Good
Shane Walton,CB,Notre Dame,59,51,60.4,shane walton,CB,WaltSh20,Shane Walton,2003,170,5,STL,0,0,Below Avg
Shaq Lawson,DE,Clemson,86.1,81.3,86.2,shaq lawson,EDGE,LawsSh00,Shaq Lawson,2016,19,1,BUF,24,24,Good
Shaq Thompson,OLB,Washington,84.8,72.7,88.5,shaq thompson,EDGE,ThomSh01,Shaq Thompson,2015,25,1,CAR,43,43,Good
Shaquem Griffin,OLB,UCF,74.3,86,67.1,shaquem griffin,EDGE,GrifSh01,Shaquem Griffin,2018,141,5,SEA,4,4,Good
Shaquill Griffin,CB,UCF,78.7,91,68.5,shaquill griffin,CB,GrifSh00,Shaquill Griffin,2017,90,3,SEA,30,30,Good
Shaquille Leonard,MLB,South Carolina State,78.8,72.9,77.6,shaquille leonard,LB,LeonDa00,Shaquille Leonard,2018,36,2,IND,60,60,Good
Shaquille Quarterman,ILB,Miami,71.1,63.4,71.5,shaquille quarterman,LB,QuarSh00,Shaquille Quarterman,2020,140,4,JAX,5,5,Good
Shareece Wright,CB,USC,55.3,60.3,53.1,shareece wright,CB,WrigSh00,Shareece Wright,2011,89,3,SDG,21,21,Below Avg
Shareef Miller,DE,Penn State,66.8,62.7,67.8,shareef miller,EDGE,MillSh00,Shareef Miller,2019,138,4,PHI,0,0,Average
Sharrif Floyd,DT,Florida,79.6,77,72.8,sharrif floyd,DL,FloySh00,Sharrif Floyd,2013,23,1,MIN,13,13,Good
Shaun Bradley,ILB,Temple,69.2,83,60.1,shaun bradley,LB,BradSh00,Shaun Bradley,2020,196,6,PHI,3,3,Average
Shaun Cody,NT,USC,72.3,62.9,75.4,shaun cody,DL,CodySh20,Shaun Cody,2005,37,2,DET,28,28,Good
Shaun Dion Hamilton,ILB,Alabama,61.3,68.2,60.1,shaun dion hamilton,LB,DionSh00,Shaun Dion Hamilton,2018,197,6,WAS,8,8,Average
Shaun McDonald,WR,Arizona State,75.1,72.2,82.2,shaun mcdonald,WR,McDoSh00,Shaun McDonald,2003,106,4,STL,19,19,Good
Shaun Phillips,OLB,Purdue,68,67.5,61.7,shaun phillips,EDGE,PhilSh20,Shaun Phillips,2004,98,4,SDG,54,54,Average
Shaun Prater,CB,Iowa,72,84.8,62.6,shaun prater,CB,PratSh00,Shaun Prater,2012,156,5,CIN,2,2,Good
Shaun Wade,CB,Ohio State,70.5,68.1,69.5,shaun wade,CB,WadeSh00,Shaun Wade,2021,160,5,BAL,3,3,Good
Shawn Lauvao,OG,Arizona State,75.1,77.5,68.1,shawn lauvao,IOL,LauvSh20,Shawn Lauvao,2010,92,3,CLE,36,36,Good
Shawn Nelson,TE,Southern Mississippi,74,77.1,78.4,shawn nelson,TE,NelsSh00,Shawn Nelson,2009,121,4,BUF,1,1,Good
Shea McClellin,OLB,Boise State,73.7,72.9,67.9,shea mcclellin,EDGE,McClSh00,Shea McClellin,2012,19,1,CHI,17,17,Good
Sheldon Day,DT,Notre Dame,69.4,63.1,71.7,sheldon day,DL,DayxSh00,Sheldon Day,2016,103,4,JAX,9,9,Average
Sheldon Rankins,DT,Louisville,89.3,77.5,87.1,sheldon rankins,DL,RankSh00,Sheldon Rankins,2016,12,1,NOR,41,41,Good
Sheldon Richardson,DT,Missouri,82.6,77.3,78.6,sheldon richardson,DL,RichSh00,Sheldon Richardson,2013,13,1,NYJ,61,61,Good
Sheldrick Redwine,FS,Miami,75.4,87.6,66.8,sheldrick redwine,S,RedwSh00,Sheldrick Redwine,2019,119,4,CLE,4,4,Good
Shelley Smith,G,Colorado State,69.3,78.7,58.3,shelley smith,IOL,SmitSh22,Shelley Smith,2010,187,6,HOU,7,7,Average
Shelton Gibson,WR,West Virginia,71.2,65.4,71.2,shelton gibson,WR,GibsSh00,Shelton Gibson,2017,166,5,PHI,0,0,Good
Shi Smith,WR,South Carolina,70.3,71.3,66.4,shi smith,WR,SmitSh03,Shi Smith,2021,204,6,CAR,4,4,Good
Shilique Calhoun,OLB,Michigan State,70.8,68.7,73.5,shilique calhoun,EDGE,CalhSh00,Shilique Calhoun,2016,75,3,OAK,5,5,Good
Shon Coleman,T,Auburn,72.1,63.6,71.3,shon coleman,OT,ColeSh00,Shon Coleman,2016,76,3,CLE,6,6,Good
Shonn Greene,RB,Iowa,75.6,66.8,79.5,shonn greene,RB,GreeSh00,Shonn Greene,2009,65,3,NYJ,23,23,Good
Shurron Pierson,DE,University of South Florida,73.9,79,61.7,shurron pierson,EDGE,PierSh20,Shurron Pierson,2003,129,4,OAK,0,0,Good
Sidney Jones,CB,Washington,79.8,68.8,80.4,sidney jones,CB,JoneSi00,Sidney Jones,2017,43,2,PHI,12,12,Good
Sidney Rice,WR,South Carolina,78.3,64.3,81.2,sidney rice,WR,RiceSi01,Sidney Rice,2007,44,2,MIN,33,33,Good
Simi Fehoko,WR,Stanford,74.1,79.3,70.6,simi fehoko,WR,FehoSi00,Simi Fehoko,2021,179,5,DAL,1,1,Good
Sinorice Moss,WR,Miami,76.1,81.2,65,sinorice moss,WR,MossSi00,Sinorice Moss,2006,44,2,NYG,4,4,Good
Sio Moore,LB,Connecticut,75.8,75.9,69,sio moore,LB,MoorSi00,Sio Moore,2013,66,3,OAK,14,14,Good
Sione Fua,DT,Stanford,67.1,57,66.2,sione fua,DL,FuaxSi00,Sione Fua,2011,97,3,CAR,5,5,Average
Sione Takitaki,LB,BYU,74.5,82.5,68.1,sione takitaki,LB,TakiSi00,Sione Takitaki,2019,80,3,CLE,19,19,Good
Siran Neal,CB,Jacksonville State,69.5,71.2,60.8,siran neal,CB,NealSi00,Siran Neal,2018,154,5,BUF,7,7,Average
Skylar Thompson,QB,Kansas State,68.1,70.1,70.3,skylar thompson,QB,ThomSk00,Skylar Thompson,2022,247,7,MIA,3,3,Average
Skyler Green,WR,LSU,62.8,63.1,53.4,skyler green,WR,GreeSk20,Skyler Green,2006,125,4,DAL,0,0,Average
Skyy Moore,WR,Western Michigan,81.1,81.3,81.7,skyy moore,WR,MoorSk01,Skyy Moore,2022,54,2,KAN,5,5,Good
Sloan Thomas,WR,Texas,60.1,71.5,51.7,sloan thomas,WR,ThomSl00,Sloan Thomas,2004,211,7,HOU,0,0,Average
Snoop Conner,RB,Mississippi,63.7,67.5,62.2,snoop conner,RB,ConnSn00,Snoop Conner,2022,154,5,JAX,0,0,Average
Solomon Bates,LB,Arizona State,61.8,57.4,63,solomon bates,LB,BateSo20,Solomon Bates,2003,135,4,SEA,2,2,Average
Solomon Kindley,G,Georgia,66.3,69.2,61.3,solomon kindley,IOL,KindSo00,Solomon Kindley,2020,111,4,MIA,6,6,Average
Solomon Thomas,DE,Stanford,87.8,89,84.8,solomon thomas,EDGE,ThomSo00,Solomon Thomas,2017,3,1,SFO,21,21,Good
Sony Michel,RB,Georgia,80.3,75.2,79.6,sony michel,RB,MichSo00,Sony Michel,2018,31,1,NWE,21,21,Good
Spencer Long,C,Nebraska,69.2,71.5,63.8,spencer long,IOL,LongSp00,Spencer Long,2014,78,3,WAS,22,22,Average
Stacy Andrews,T,Mississippi,74.6,86.4,61.9,stacy andrews,OT,AndrSt21,Stacy Andrews,2004,123,4,CIN,23,23,Good
Stacy Coley,WR,Miami,70.6,72.8,66.6,stacy coley,WR,ColeSt00,Stacy Coley,2017,219,7,MIN,0,0,Good
Stanford Keglar,LB,Purdue,75.9,93.8,59.3,stanford keglar,LB,KeglSt99,Stanford Keglar,2008,134,4,TEN,3,3,Good
Stanford Routt,CB,Houston,85.4,95.6,76.1,stanford routt,CB,RoutSt20,Stanford Routt,2005,38,2,OAK,22,22,Good
Stanley Arnoux,LB,Wake Forest,70.3,68.2,65.8,stanley arnoux,LB,ArnoSt99,Stanley Arnoux,2009,118,4,NOR,1,1,Good
Stanley Jean-Baptiste,CB,Nebraska,68.2,61,69.8,stanley jean-baptiste,CB,JeanSt00,Stanley Jean-Baptiste,2014,58,2,NOR,0,0,Average
Stanley McClover,DE,Auburn,64,69.3,62.4,stanley mcclover,EDGE,McClSt20,Stanley McClover,2006,237,7,CAR,1,1,Average
Stanley Wilson,CB,Stanford,74.8,85.8,67.9,stanley wilson,CB,WilsSt20,Stanley Wilson,2005,72,3,DET,5,5,Good
Stansly Maponga,DE,TCU,63.9,66.3,58,stansly maponga,EDGE,MapoSt00,Stansly Maponga,2013,153,5,ATL,2,2,Average
Stantley Thomas-Oliver,CB,Florida International,63.3,75.8,55.3,stantley thomas-oliver,CB,ThomSt00,Stantley Thomas-Oliver,2020,221,7,CAR,2,2,Average
Star Lotulelei,DT,Utah,74.9,63.1,73,star lotulelei,DL,LotuSt00,Star Lotulelei,2013,14,1,CAR,48,48,Good
Stedman Bailey,WR,West Virginia,77.5,62.6,94.6,stedman bailey,WR,BailSt01,Stedman Bailey,2013,92,3,STL,7,7,Good
Stefan LeFors,QB,Louisville,73.2,79.6,73.2,stefan lefors,QB,NA,Stefan Lefors,2005,121,4,CAR,NA,NA,Good
Stefen Wisniewski,G,Penn State,74.7,77.2,67.8,stefen wisniewski,IOL,WisnSt01,Stefen Wisniewski,2011,48,2,OAK,41,41,Good
Stefon Diggs,WR,Maryland,81.2,72.3,75.7,stefon diggs,WR,DiggSt00,Stefon Diggs,2015,146,5,MIN,90,90,Good
Stepfan Taylor,RB,Stanford,63.3,51,74.1,stepfan taylor,RB,TaylSt00,Stepfan Taylor,2013,140,5,ARI,3,3,Average
Stephen Burton,WR,West Texas State,58.4,64.4,55.5,stephen burton,WR,BurtSt00,Stephen Burton,2011,236,7,MIN,0,0,Below Avg
Stephen Hill,WR,Georgia Tech,77.9,91.8,60.3,stephen hill,WR,HillSt00,Stephen Hill,2012,43,2,NYJ,4,4,Good
Stephen McGee,QB,Texas A&M,65.7,65.6,62.4,stephen mcgee,QB,McGeSt00,Stephen McGee,2009,101,4,DAL,2,2,Average
Stephen Paea,DT,Oregon State,79.2,77.2,79.4,stephen paea,DL,PaeaSt00,Stephen Paea,2011,53,2,CHI,19,19,Good
Stephen Peterman,G,LSU,69.3,58.8,68.1,stephen peterman,IOL,PeteSt20,Stephen Peterman,2004,83,3,DAL,34,34,Average
Stephen Schilling,C,Michigan,66.7,70,58.3,stephen schilling,IOL,SchiSt00,Stephen Schilling,2011,201,6,SDG,5,5,Average
Stephen Sullivan,TE,LSU,62.7,73.4,52.3,stephen sullivan,TE,SullSt00,Stephen Sullivan,2020,251,7,SEA,1,1,Average
Stephen Tulloch,MLB,N.C. State,75.7,61.8,83.8,stephen tulloch,LB,TullSt20,Stephen Tulloch,2006,116,4,TEN,49,49,Good
Stephen Weatherly,DE,Vanderbilt,67.7,74.9,68.2,stephen weatherly,EDGE,WeatSt00,Stephen Weatherly,2016,227,7,MIN,12,12,Average
Stephon Gilmore,CB,South Carolina,91.7,83.6,99,stephon gilmore,CB,GilmSt00,Stephon Gilmore,2012,10,1,BUF,75,75,Elite
Stephon Tuitt,DE,Notre Dame,89.4,82.8,86.6,stephon tuitt,EDGE,TuitSt00,Stephon Tuitt,2014,46,2,PIT,38,38,Good
Sterling Shepard,WR,Oklahoma,83.2,80.3,82.3,sterling shepard,WR,ShepSt00,Sterling Shepard,2016,40,2,NYG,32,32,Good
Stevan Ridley,RB,LSU,61.1,62.5,58.9,stevan ridley,RB,RidlSt00,Stevan Ridley,2011,73,3,NWE,25,25,Average
Steve Beauharnais,LB,Rutgers,64.5,65.7,61.5,steve beauharnais,LB,BeauSt00,Steve Beauharnais,2013,235,7,NWE,0,0,Average
Steve Breaston,WR,Michigan,69.2,77.2,57.6,steve breaston,WR,BreaSt00,Steve Breaston,2007,142,5,ARI,26,26,Average
Steve Justice,C,Wake Forest,64.7,62.7,58.3,steve justice,IOL,JustSt20,Steve Justice,2008,201,6,IND,1,1,Average
Steve Sciullo,G,Marshall,71.7,76.8,63.1,steve sciullo,IOL,SciuSt20,Steve Sciullo,2003,122,4,IND,13,13,Good
Steve Slaton,RB,West Virginia,73.4,62.9,78.2,steve slaton,RB,SlatSt00,Steve Slaton,2008,89,3,HOU,21,21,Good
Steve Smith,WR,USC,82.2,82.7,75.8,steve smith,WR,SmitSt02,Steve Smith,2007,51,2,NYG,23,23,Good
Steve Williams,CB,California,76,79.6,74.1,steve williams,CB,WillSt02,Steve Williams,2013,145,5,SDG,4,4,Good
Steven Daniels,ILB,Boston College,59.7,54,67.5,steven daniels,LB,DaniSt00,Steven Daniels,2016,232,7,WAS,NA,NA,Below Avg
Steven Jackson,RB,Oregon State,89.4,87.4,87.4,steven jackson,RB,JackSt00,Steven Jackson,2004,24,1,STL,75,75,Good
Steven Nelson,CB,Oregon State,73.9,64.2,77.6,steven nelson,CB,NelsSt01,Steven Nelson,2015,98,3,KAN,36,36,Good
Stevenson Sylvester,LB,Utah,60.3,57.8,60.8,stevenson sylvester,LB,SylvSt99,Stevenson Sylvester,2010,166,5,PIT,6,6,Average
Stevie Tu'ikolovatu,NT,USC,64.5,51.6,70.3,stevie tu'ikolovatu,DL,TuikSt00,Stevie Tu'ikolovatu,2017,223,7,TAM,NA,NA,Average
Stewart Bradley,LB,Nebraska,72.9,70.1,65.9,stewart bradley,LB,BradSt99,Stewart Bradley,2007,87,3,PHI,19,19,Good
Storm Johnson,RB,UCF,65.6,62.6,64.1,storm johnson,RB,JohnSt03,Storm Johnson,2014,222,7,JAX,0,0,Average
Stuart Schweigert,DB,Purdue,82,98.2,67.3,stuart schweigert,CB,SchwSt20,Stuart Schweigert,2004,67,3,OAK,15,15,Good
Syd'Quan Thompson,DB,California,69.4,57.5,76.3,syd'quan thompson,CB,ThomSy99,Syd'Quan Thompson,2010,225,7,DEN,1,1,Average
Sylvester Williams,DT,North Carolina,72.9,62.8,71.4,sylvester williams,DL,WillSy00,Sylvester Williams,2013,28,1,DEN,29,29,Good
Syndric Steptoe,WR,Arizona,51.5,51,52.8,syndric steptoe,WR,StepSy20,Syndric Steptoe,2007,234,7,CLE,1,1,Below Avg
Ta'Quon Graham,DT,Texas,66.5,93,53.9,ta'quon graham,DL,GrahTa00,Ta'Quon Graham,2021,148,5,ATL,9,9,Average
Tab Perry,WR,UCLA,63.5,71.8,52.2,tab perry,WR,PerrTa00,Tab Perry,2005,190,6,CIN,1,1,Average
Taco Charlton,DE,Michigan,79.6,68.9,77.7,taco charlton,EDGE,CharTa00,Taco Charlton,2017,28,1,DAL,9,9,Good
Taiwan Jones,RB,Eastern Washington,75.4,85.3,63.5,taiwan jones,RB,JoneTa00,Taiwan Jones,2011,125,4,OAK,3,3,Good
Tajae Sharpe,WR,UMass Amherst,66,61,69.5,tajae sharpe,WR,SharTa00,Tajae Sharpe,2016,140,5,TEN,12,12,Average
Talanoa Hufanga,SAF,USC,74.3,62.3,81.8,talanoa hufanga,S,HufaTa00,Talanoa Hufanga,2021,180,5,SFO,29,29,Good
Talman Gardner,WR,Florida State,66,70.5,63.6,talman gardner,WR,GardTa00,Talman Gardner,2003,231,7,NOR,0,0,Average
Tamba Hali,OLB,Penn State,79.3,58.1,85.3,tamba hali,EDGE,HaliTa20,Tamba Hali,2006,20,1,KAN,75,75,Good
Tanard Jackson,DB,Syracuse,67.4,67.6,62.3,tanard jackson,CB,JackTa99,Tanard Jackson,2007,106,4,TAM,24,24,Average
Tandon Doss,WR,Indiana,71.8,74.2,69.5,tandon doss,WR,DossTa00,Tandon Doss,2011,123,4,BAL,4,4,Good
Tank Carder,ILB,TCU,69.6,72.8,62.9,tank carder,LB,CardTa00,Tank Carder,2012,147,5,BUF,5,5,Average
Tank Carradine,DE,Florida State,73.4,64.7,74.1,tank carradine,EDGE,CarrCo00,Tank Carradine,2013,40,2,SFO,7,7,Good
Tank Johnson,DT,Washington,80.7,87.2,75.4,tank johnson,DL,JohnTa20,Tank Johnson,2004,47,2,CHI,22,22,Good
Tank Tyler,DT,N.C. State,70.3,71,67.5,tank tyler,DL,TyleTa99,Tank Tyler,2007,82,3,KAN,11,11,Good
Tanner Hawkinson,T,Kansas,72.6,83.2,59.5,tanner hawkinson,OT,HawkTa00,Tanner Hawkinson,2013,156,5,CIN,0,0,Good
Tanner Lee,QB,Nebraska,57,66.6,53.8,tanner lee,QB,LeexTa00,Tanner Lee,2018,203,6,JAX,NA,NA,Below Avg
Tanner Vallejo,ILB,Boise State,61.2,64,61.2,tanner vallejo,LB,VallTa00,Tanner Vallejo,2017,195,6,BUF,7,7,Average
Tanoh Kpassagnon,DE,Villanova,76.5,77.8,71.2,tanoh kpassagnon,EDGE,KpasTa00,Tanoh Kpassagnon,2017,59,2,KAN,21,21,Good
Tanzel Smart,DT,Tulane,65.5,56.8,69.2,tanzel smart,DL,SmarTa00,Tanzel Smart,2017,189,6,LAR,4,4,Average
Tarell Basham,DE,Ohio,69.7,76.3,64.8,tarell basham,EDGE,BashTa00,Tarell Basham,2017,80,3,IND,13,13,Average
Tarell Brown,CB,Texas,60.6,55.3,60.4,tarell brown,CB,BrowTa99,Tarell Brown,2007,147,5,SFO,24,24,Average
Tarik Cohen,RB,North Carolina A&T,62.6,60.9,63.5,tarik cohen,RB,CoheTa00,Tarik Cohen,2017,119,4,CHI,21,21,Average
Tariq Castro-Fields,CB,Penn State,71.5,85.9,58.1,tariq castro-fields,CB,CastTa00,Tariq Castro-Fields,2022,221,6,SFO,1,1,Good
Taron Johnson,CB,Weber State,62.6,61.8,62.9,taron johnson,CB,JohnTa01,Taron Johnson,2018,121,4,BUF,36,36,Average
Tarron Jackson,DE,Coastal Carolina,63.5,60.2,64,tarron jackson,EDGE,JackTa02,Tarron Jackson,2021,191,6,PHI,1,1,Average
Tarvaris Jackson,QB,Alabama State,70.7,62.7,68.8,tarvaris jackson,QB,JackTa00,Tarvaris Jackson,2006,64,2,MIN,22,22,Good
Tashard Choice,RB,Georgia Tech,74,77.3,67.7,tashard choice,RB,ChoiTa00,Tashard Choice,2008,122,4,DAL,13,13,Good
Tatum Bell,RB,Oklahoma State,80.6,85.6,75.1,tatum bell,RB,BellTa00,Tatum Bell,2004,41,2,DEN,22,22,Good
Tavares Gooden,LB,Miami,75.8,79.5,65.2,tavares gooden,LB,GoodTa99,Tavares Gooden,2008,71,3,BAL,9,9,Good
Tavarres King,WR,Georgia,69.5,70,68.3,tavarres king,WR,KingTa00,Tavarres King,2013,161,5,DEN,2,2,Average
Taven Bryan,DT,Florida,81.1,93.5,72,taven bryan,DL,BryaTa00,Taven Bryan,2018,29,1,JAX,22,22,Good
Tavon Austin,WR,West Virginia,89.3,82.4,93.1,tavon austin,WR,AustTa00,Tavon Austin,2013,8,1,STL,26,26,Good
Tavon Young,CB,Temple,64.7,70.2,61.6,tavon young,CB,YounTa01,Tavon Young,2016,104,4,BAL,14,14,Average
Tay Gowan,CB,UCF,55.3,64.6,54.4,tay gowan,CB,GowaTa00,Tay Gowan,2021,223,6,ARI,0,0,Below Avg
Taylor Decker,OT,Ohio State,76.7,66.9,77.7,taylor decker,OT,DeckTa00,Taylor Decker,2016,16,1,DET,59,59,Good
Taylor Jacobs,WR,Florida,81.6,83.7,76.4,taylor jacobs,WR,JacoTa00,Taylor Jacobs,2003,44,2,WAS,2,2,Good
Taylor Lewan,OT,Michigan,92.9,91.6,86,taylor lewan,OT,LewaTa00,Taylor Lewan,2014,11,1,TEN,48,48,Elite
Taylor Price,WR,Ohio,75.1,83.6,63.5,taylor price,WR,PricTa00,Taylor Price,2010,90,3,NWE,1,1,Good
Taylor Rapp,SAF,Washington,79,59.6,88.8,taylor rapp,S,RappTa00,Taylor Rapp,2019,61,2,LAR,25,25,Good
Taylor Whitley,G,Texas A&M,75.5,78.5,68.1,taylor whitley,IOL,WhitTa21,Taylor Whitley,2003,87,3,MIA,4,4,Good
Tayo Fabuluje,T,TCU,62.6,65.7,57.7,tayo fabuluje,OT,FabuTa00,Tayo Fabuluje,2015,183,6,CHI,0,0,Average
Taywan Taylor,WR,Western Kentucky,80.4,76,84.1,taywan taylor,WR,TaylTa00,Taywan Taylor,2017,72,3,TEN,6,6,Good
Teagan Quitoriano,TE,Oregon State,62.1,58.5,53.7,teagan quitoriano,TE,QuitTe00,Teagan Quitoriano,2022,170,5,HOU,1,1,Average
Ted Ginn,WR,Ohio State,81.5,84.1,73.6,ted ginn,WR,GinnTe00,Ted Ginn Jr.,2007,9,1,MIA,52,52,Good
Ted Larsen,G,N.C. State,64,63.6,58.3,ted larsen,IOL,LarsTe20,Ted Larsen,2010,205,6,NWE,36,36,Average
Tedarrell Slaton,DT,Florida,62.7,73.6,54.9,tedarrell slaton,DL,SlatTe00,Tedarrell Slaton,2021,173,5,GNB,23,23,Average
Teddy Bridgewater,QB,Louisville,82.1,70.6,89.4,teddy bridgewater,QB,BridTe00,Teddy Bridgewater,2014,32,1,MIN,49,49,Good
Teddy Lehman,LB,Oklahoma,82.8,82.9,77.2,teddy lehman,LB,LehmTe20,Teddy Lehman,2004,37,2,DET,9,9,Good
Tedric Thompson,FS,Colorado,66.5,58,70.4,tedric thompson,S,ThomTe00,Tedric Thompson,2017,111,4,SEA,9,9,Average
Tee Higgins,WR,Clemson,75.6,55,81.6,tee higgins,WR,HiggTe00,Tee Higgins,2020,33,2,CIN,43,43,Good
Temarrick Hemingway,TE,South Carolina State,63.1,70.3,53.4,temarrick hemingway,TE,HemiTe00,Temarrick Hemingway,2016,177,6,LAR,0,0,Average
Terence Newman,CB,Kansas State,90.8,89.7,96.5,terence newman,CB,NewmTe20,Terence Newman,2003,5,1,DAL,70,70,Elite
Terna Nande,LB,Miami (Ohio),71.8,83.9,60.3,terna nande,LB,NandTe20,Terna Nande,2006,137,5,TEN,0,0,Good
Terrace Marshall Jr.,WR,LSU,82.8,82.8,83.2,terrace marshall,WR,MarsTe00,Terrace Marshall Jr.,2021,59,2,CAR,6,6,Good
Terrance Ganaway,RB,Baylor,70.1,71.4,69.7,terrance ganaway,RB,GanaTe00,Terrance Ganaway,2012,202,6,NYJ,0,0,Good
Terrance Knighton,DT,Temple,73.5,63.2,75.2,terrance knighton,DL,KnigTe99,Terrance Knighton,2009,72,3,JAX,37,37,Good
Terrance Mitchell,CB,Oregon,69.1,60.5,74.4,terrance mitchell,CB,MitcTe00,Terrance Mitchell,2014,254,7,DAL,20,20,Average
Terrance Pennington,T,New Mexico,65.2,68.9,55.6,terrance pennington,OT,PennTe20,Terrance Pennington,2006,216,7,BUF,4,4,Average
Terrance West,RB,Towson State,70.7,71.6,65.9,terrance west,RB,WestTe00,Terrance West,2014,94,3,CLE,11,11,Good
Terrance Williams,WR,Baylor,73.7,59.7,83.1,terrance williams,WR,WillTe01,Terrance Williams,2013,74,3,DAL,27,27,Good
Terrel Bernard,LB,Baylor,75.4,77.9,71.3,terrel bernard,LB,BernTe00,Terrel Bernard,2022,89,3,BUF,25,25,Good
Terrell Burgess,SAF,Utah,74.1,74.9,71.1,terrell burgess,S,BurgTe00,Terrell Burgess,2020,104,3,LAR,4,4,Good
Terrell Edmunds,S,Virginia Tech,82.5,88.5,76.1,terrell edmunds,S,EdmuTe00,Terrell Edmunds,2018,28,1,PIT,27,27,Good
Terrell Manning,LB,N.C. State,64.3,56.8,70.1,terrell manning,LB,MannTe00,Terrell Manning,2012,163,5,GNB,0,0,Average
Terrell McClain,DT,University of South Florida,68,71.4,61.3,terrell mcclain,DL,McClTe00,Terrell McClain,2011,65,3,CAR,17,17,Average
Terrell Thomas,CB,USC,80.7,74.5,81.8,terrell thomas,CB,ThomTe99,Terrell Thomas,2008,63,2,NYG,18,18,Good
Terrence Cody,NT,Alabama,59.8,51,61.2,terrence cody,DL,CodyTe99,Terrence Cody,2010,57,2,BAL,14,14,Below Avg
Terrence Frederick,CB,Texas A&M,72.1,69.6,77,terrence frederick,CB,FredTe00,Terrence Frederick,2012,246,7,PIT,1,1,Good
Terrence Holt,DB,N.C. State,73.5,82.9,59.7,terrence holt,CB,HoltTe20,Terrence Holt,2003,137,5,DET,18,18,Good
Terrence McGee,CB,Northwestern State (LA),68.1,69.9,62.9,terrence mcgee,CB,McGeTe99,Terrence McGee,2003,111,4,BUF,49,49,Average
Terrence Murphy,WR,Texas A&M,77.2,83.5,63.6,terrence murphy,WR,MurpTe00,Terrence Murphy,2005,58,2,GNB,0,0,Good
Terrence Wheatley,DB,Colorado,87.4,90.5,78,terrence wheatley,CB,WheaTe99,Terrence Wheatley,2008,62,2,NWE,1,1,Good
Terron Armstead,T,University of Arkansas at Pine Bluff,85.6,95.2,75.5,terron armstead,OT,ArmsTe00,Terron Armstead,2013,75,3,NOR,67,67,Good
Terry Beckner,DT,Missouri,57.3,51.4,62.4,terry beckner,DL,BeckTe00,Terry Beckner,2019,215,7,TAM,NA,NA,Below Avg
Terry Godwin,WR,Georgia,55,65.4,52.7,terry godwin,WR,GodwTe00,Terry Godwin,2019,237,7,CAR,0,0,Below Avg
Terry McLaurin,WR,Ohio State,77.6,87.4,65.9,terry mclaurin,WR,McLaTe00,Terry McLaurin,2019,76,3,WAS,51,51,Good
Terry Pierce,LB,Kansas State,72.3,58.2,77.2,terry pierce,LB,PierTe20,Terry Pierce,2003,51,2,DEN,1,1,Good
Teven Jenkins,G,Oklahoma State,83,83,77,teven jenkins,IOL,JenkTe00,Teven Jenkins,2021,39,2,CHI,17,17,Good
Tevin Coleman,RB,Indiana,86,84.9,86.9,tevin coleman,RB,ColeTe01,Tevin Coleman,2015,73,3,ATL,33,33,Good
Teyo Johnson,TE,Stanford,77.6,68.3,79,teyo johnson,TE,JohnTe00,Teyo Johnson,2003,63,2,OAK,2,2,Good
Thaddeus Gibson,DE,Ohio State,67.8,66.4,63.8,thaddeus gibson,EDGE,GibsTh99,Thaddeus Gibson,2010,116,4,PIT,0,0,Average
Thakarius Keyes,CB,Tulane,59.5,71.2,55.2,thakarius keyes,CB,KeyeTh00,Thakarius Keyes,2020,237,7,KAN,1,1,Below Avg
Tharold Simon,CB,LSU,68.9,69.5,69.5,tharold simon,CB,SimoTh00,Tharold Simon,2013,138,5,SEA,4,4,Average
Theo Riddick,RB,Notre Dame,52.6,51,51.2,theo riddick,RB,RiddTh00,Theo Riddick,2013,199,6,DET,24,24,Below Avg
Thomas Brown,RB,Georgia,63.2,61.1,63.4,thomas brown,RB,BrowTh01,Thomas Brown,2008,172,6,ATL,NA,NA,Average
Thomas Clayton,RB,Kansas State,63.1,66,52.4,thomas clayton,RB,NA,Thomas Clayton,2007,186,6,SFO,NA,NA,Average
Thomas Duarte,TE,UCLA,80.5,73.9,94.4,thomas duarte,TE,DuarTh00,Thomas Duarte,2016,231,7,MIA,0,0,Good
Thomas Graham Jr.,CB,Oregon,65.6,66.1,61.1,thomas graham,CB,GrahTh00,Thomas Graham,2021,228,6,CHI,0,0,Average
Thomas Howard,LB,Texas-El Paso,83.3,88.3,77.2,thomas howard,LB,HowaTh20,Thomas Howard,2006,38,2,OAK,33,33,Good
Thomas Welch,T,Vanderbilt,65.8,70.3,55.6,thomas welch,OT,WelcTh20,Thomas Welch,2010,208,7,NWE,2,2,Average
Thomas Williams,LB,USC,57.6,52.8,60.1,thomas williams,LB,WillTh99,Thomas Williams,2008,155,5,JAX,1,1,Below Avg
Tim Anderson,DT,Ohio State,73,75.2,67.2,tim anderson,DL,AndeTi20,Tim Anderson,2004,74,3,BUF,7,7,Good
Tim Brown,WR,Notre Dame,57.6,60.4,54.7,tim brown,WR,BrowTi00,Tim Brown,1988,6,1,RAI,105,105,Below Avg
Tim Crowder,DE,Texas,76.6,71.8,74.3,tim crowder,EDGE,CrowTi99,Tim Crowder,2007,56,2,DEN,11,11,Good
Tim Dobbins,LB,Iowa State,65.4,71.9,60.3,tim dobbins,LB,DobbTi20,Tim Dobbins,2006,151,5,SDG,19,19,Average
Tim Euhus,TE,Oregon State,73.5,76.7,71.8,tim euhus,TE,EuhuTi00,Tim Euhus,2004,109,4,BUF,1,1,Good
Tim Jennings,CB,Georgia,80.6,86.8,76.1,tim jennings,CB,JennTi20,Tim Jennings,2006,62,2,IND,43,43,Good
Tim Massaquoi,TE,Michigan,65.1,68.4,56.8,tim massaquoi,TE,MassTi20,Tim Massaquoi,2006,244,7,TAM,0,0,Average
Tim McGarigle,LB,Northwestern,65.6,73.7,56.1,tim mcgarigle,LB,McGaTi99,Tim McGarigle,2006,221,7,STL,1,1,Average
Tim Settle,DT,Virginia Tech,61.8,51,67.7,tim settle,DL,SettTi00,Tim Settle,2018,163,5,WAS,20,20,Average
Tim Shaw,LB,Penn State,70.3,80.1,58.8,tim shaw,LB,ShawTi99,Tim Shaw,2007,164,5,CAR,6,6,Good
Tim Williams,OLB,Alabama,76.1,63.5,82.2,tim williams,EDGE,WillTi00,Tim Williams,2017,78,3,BAL,2,2,Good
Timmy Jernigan,DT,Florida State,73.8,67,78,timmy jernigan,DL,JernTi00,Timmy Jernigan,2014,48,2,BAL,25,25,Good
Tiquan Underwood,WR,Rutgers,69.2,80.7,58,tiquan underwood,WR,UndeTi00,Tiquan Underwood,2009,253,7,JAX,9,9,Average
Titus Adams,DT,Nebraska,60.6,66.5,55.7,titus adams,DL,AdamTi00,Titus Adams,2006,220,7,NYJ,0,0,Average
Titus Young,WR,Boise State,77.8,65.5,80,titus young,WR,YounTi00,Titus Young,2011,44,2,DET,8,8,Good
T.J. Carrie,DB,Ohio,74.3,80.9,72.6,tj carrie,CB,CarrTr00,T.J. Carrie,2014,219,7,OAK,22,22,Good
T.J. Clemmings,OT,Pittsburgh,76.4,77.7,72,tj clemmings,OT,ClemT.00,T.J. Clemmings,2015,110,4,MIN,15,15,Good
T.J. Hockenson,TE,Iowa,88.7,82.4,92.2,tj hockenson,TE,HockTJ00,T.J. Hockenson,2019,8,1,DET,33,33,Good
T.J. Johnson,C,South Carolina,61.9,64.8,56.5,tj johnson,IOL,JohnTJ00,T.J. Johnson,2013,251,7,CIN,5,5,Average
T.J. Jones,WR,Notre Dame,66.8,68,56.9,tj jones,WR,JoneT.00,T.J. Jones,2014,189,6,DET,7,7,Average
T.J. Logan,RB,North Carolina,64.1,77.1,55.9,tj logan,RB,LogaT.00,T.J. Logan,2017,179,5,ARI,0,0,Average
T.J. Watt,OLB,Wisconsin,85.5,96.2,81.2,tj watt,EDGE,WattT.00,T.J. Watt,2017,30,1,PIT,96,96,Good
T.J. Yates,QB,North Carolina,63.7,56.3,55.8,tj yates,QB,YateT.00,T.J. Yates,2011,152,5,HOU,6,6,Average
T.J. Yeldon,RB,Alabama,76.2,67.2,75.1,tj yeldon,RB,YeldT.00,T.J. Yeldon,2015,36,2,JAX,20,20,Good
Toby Gerhart,RB,Stanford,85,80.4,86.2,toby gerhart,RB,GerhTo00,Toby Gerhart,2010,51,2,MIN,16,16,Good
Todd Gurley,RB,Georgia,88.5,74.3,92.3,todd gurley,RB,GurlTo01,Todd Gurley,2015,10,1,STL,54,54,Good
Todd Johnson,DB,Florida,69.7,68.9,62.3,todd johnson,CB,JohnTo20,Todd Johnson,2003,100,4,CHI,13,13,Average
Todd Washington,C,Virginia Tech,53.7,58,54.6,todd washington,IOL,WashTo20,Todd Washington,1998,104,4,TAM,12,12,Below Avg
Todd Watkins,WR,BYU,72.5,78.5,67.1,todd watkins,WR,WatkTo20,Todd Watkins,2006,218,7,ARI,1,1,Good
Todd Williams,G,Florida State,72.3,89.1,55.6,todd williams,IOL,WillTo21,Todd Williams,2003,225,7,TEN,0,0,Good
Tom Brandstater,QB,Fresno State,61,63.6,53.2,tom brandstater,QB,BranTo00,Tom Brandstater,2009,174,6,DEN,0,0,Average
Tom Santi,TE,Virginia,64.6,74.4,61.4,tom santi,TE,SantTo00,Tom Santi,2008,196,6,IND,2,2,Average
Tom Savage,QB,Pittsburgh,62.7,58.5,57,tom savage,QB,SavaTo00,Tom Savage,2014,135,4,HOU,3,3,Average
Tommie Harris,DT,Oklahoma,84.3,85.8,80.8,tommie harris,DL,HarrTo99,Tommie Harris,2004,14,1,CHI,56,56,Good
Tommy Streeter,WR,Miami,68.6,74.5,61.7,tommy streeter,WR,StreTo00,Tommy Streeter,2012,198,6,BAL,0,0,Average
Tommy Sweeney,TE,Boston College,66.6,61.1,69.5,tommy sweeney,TE,SweeTo00,Tommy Sweeney,2019,228,7,BUF,1,1,Average
Tommy Togiai,DT,Ohio State,80.3,89.9,70.1,tommy togiai,DL,TogiTo00,Tommy Togiai,2021,132,4,CLE,7,7,Good
Tommy Tremble,TE,Notre Dame,73.9,79.8,58.8,tommy tremble,TE,TremTo00,Tommy Tremble,2021,83,3,CAR,7,7,Good
Tony Brown,CB,Alabama,63.2,82.4,54.3,tony brown,CB,BrowTo24,Tony Brown,1992,135,5,HOU,6,6,Average
Tony Bua,LB,Arkansas,69,72.6,59.7,tony bua,LB,BuaxTo20,Tony Bua,2004,160,5,MIA,1,1,Average
Tony Fields II,LB,West Virginia,61.7,61.9,59.5,tony fields,LB,FielTo00,Tony Fields,2021,153,5,CLE,9,9,Average
Tony Gilbert,LB,Georgia,56.9,57.8,58,tony gilbert,LB,GilbTo20,Tony Gilbert,2003,210,6,ARI,6,6,Below Avg
Tony Hills,T,Texas,69.8,68.4,61.9,tony hills,OT,HillTo21,Tony Hills,2008,130,4,PIT,3,3,Average
Tony Moeaki,TE,Iowa,71.2,68.6,67.3,tony moeaki,TE,MoeaTo00,Tony Moeaki,2010,93,3,KAN,10,10,Good
Tony Pashos,T,Illinois,73.2,86.6,59.5,tony pashos,OT,PashTo20,Tony Pashos,2003,173,5,BAL,34,34,Good
Tony Pike,QB,Cincinnati,68,66.5,68.9,tony pike,QB,PikeTo00,Tony Pike,2010,204,6,CAR,0,0,Average
Tony Pollard,RB,Memphis,63.4,66.7,60.3,tony pollard,RB,PollTo00,Tony Pollard,2019,128,4,DAL,45,45,Average
Tony Scheffler,TE,Western Michigan,81.1,85.7,70.9,tony scheffler,TE,ScheTo00,Tony Scheffler,2006,61,2,DEN,24,24,Good
Torell Troup,DT,UCF,68.7,69,65.8,torell troup,DL,TrouTo00,Torell Troup,2010,41,2,BUF,2,2,Average
Torrey Smith,WR,Maryland,81.7,84.5,77.1,torrey smith,WR,SmitTo02,Torrey Smith,2011,58,2,BAL,37,37,Good
Torrie Cox,DB,Pittsburgh,61,59.8,58.2,torrie cox,CB,CoxxTo21,Torrie Cox,2003,205,6,TAM,5,5,Average
Tourek Williams,OLB,Florida International,53.7,56.1,53.6,tourek williams,EDGE,WillTo00,Tourek Williams,2013,179,6,SDG,5,5,Below Avg
Trace McSorley,QB,Penn State,62.8,86,61.5,trace mcsorley,QB,McSoTr00,Trace McSorley,2019,197,6,BAL,1,1,Average
Tracy Porter,CB,Indiana,86.2,82.3,84.2,tracy porter,CB,PortTr99,Tracy Porter,2008,40,2,NOR,31,31,Good
Tracy Walker III,FS,Louisiana-Lafayette,69.4,69.2,68.3,tracy walker,S,WalkTr01,Tracy Walker,2018,82,3,DET,13,13,Average
Trae Waynes,CB,Michigan State,86.9,85.1,83.1,trae waynes,CB,WaynTr00,Trae Waynes,2015,11,1,MIN,18,18,Good
Trae Williams,CB,University of South Florida,65,56.5,72.7,trae williams,CB,WillTr97,Trae Williams,2008,159,5,JAX,NA,NA,Average
Trai Essex,T,Northwestern,68.8,58.2,68.1,trai essex,OT,EsseTr20,Trai Essex,2005,93,3,PIT,19,19,Average
Trai Turner,G,LSU,75.5,84.5,66.3,trai turner,IOL,TurnTr01,Trai Turner,2014,92,3,CAR,51,51,Good
Travian Robertson,NT,South Carolina,62.2,58.7,66,travian robertson,DL,RobeTr00,Travian Robertson,2012,249,7,ATL,1,1,Average
Travis Beckum,TE,Wisconsin,75.3,63.9,82.1,travis beckum,TE,BeckTr00,Travis Beckum,2009,100,3,NYG,2,2,Good
Travis Benjamin,WR,Miami,71.3,78.3,59.3,travis benjamin,WR,BenjTr00,Travis Benjamin,2012,100,4,CLE,25,25,Good
Travis Bond,OG,North Carolina,59.3,59.1,56.5,travis bond,IOL,BondTr00,Travis Bond,2013,214,7,MIN,0,0,Below Avg
Travis Daniels,DB,LSU,64.1,59.4,62.9,travis daniels,CB,DaniTr20,Travis Daniels,2005,104,4,MIA,13,13,Average
Travis Etienne,RB,Clemson,91.8,79,90.2,travis etienne,RB,EtieTr00,Travis Etienne,2021,25,1,JAX,33,33,Elite
Travis Feeney,OLB,Washington,69.5,80.6,64.5,travis feeney,EDGE,FeenTr00,Travis Feeney,2016,220,6,PIT,NA,NA,Average
Travis Frederick,C,Wisconsin,75.1,55.6,81.9,travis frederick,IOL,FredTr00,Travis Frederick,2013,31,1,DAL,60,60,Good
Travis Fulgham,WR,Old Dominion,67.7,68.9,65,travis fulgham,WR,FulgTr00,Travis Fulgham,2019,184,6,DET,4,4,Average
Travis Goethel,LB,Arizona State,59.1,58.1,56.3,travis goethel,LB,GoetTr99,Travis Goethel,2010,190,6,OAK,1,1,Below Avg
Travis Homer,RB,Miami,68.3,74.1,62.6,travis homer,RB,HomeTr00,Travis Homer,2019,204,6,SEA,8,8,Average
Travis Jones,DT,Connecticut,76.5,82.2,74.3,travis jones,DL,JoneTr00,Travis Jones,2022,76,3,BAL,15,15,Good
Travis Kelce,TE,Cincinnati,82.5,83.7,76.4,travis kelce,TE,KelcTr00,Travis Kelce,2013,63,3,KAN,94,94,Good
Travis LaBoy,OLB,Hawaii,83.3,98,74.3,travis laboy,EDGE,LaBoTr20,Travis LaBoy,2004,42,2,TEN,21,21,Good
Travis Swanson,C,Arkansas,73.7,67.5,69.2,travis swanson,IOL,SwanTr00,Travis Swanson,2014,76,3,DET,23,23,Good
Travis Wilson,WR,Oklahoma,71.9,72.7,61.8,travis wilson,WR,WilsTr00,Travis Wilson,2006,78,3,CLE,0,0,Good
Travon Walker,DE,Georgia,84.4,92.7,70,travon walker,EDGE,WalkTr03,Travon Walker,2022,1,1,JAX,26,26,Good
Trayveon Williams,RB,Texas A&M,74.3,65.7,79.6,trayveon williams,RB,WillTr06,Trayveon Williams,2019,182,6,CIN,4,4,Good
Trayvon Mullen,CB,Clemson,78.9,76.5,75.1,trayvon mullen,CB,MullTr00,Trayvon Mullen,2019,40,2,OAK,11,11,Good
Tre Brown,CB,Oklahoma,74.5,73.6,72.2,tre brown,CB,BrowTr03,Tre Brown,2021,137,4,SEA,6,6,Good
Tre Mason,RB,Auburn,83.4,78.4,86.3,tre mason,RB,MasoTr00,Tre Mason,2014,75,3,STL,8,8,Good
Tre McBride,WR,William & Mary,74.5,86.9,65.7,tre mcbride,WR,McBrTr00,Tre McBride,2015,245,7,TEN,1,1,Good
Tre Nixon,WR,UCF,65.9,73.9,62.7,tre nixon,WR,NixoTr01,Tre Nixon,2021,242,7,NWE,NA,NA,Average
Tre' McKitty,TE,Georgia,66.2,65.5,62.1,tre' mckitty,TE,McKiTr00,Tre' McKitty,2021,97,3,LAC,1,1,Average
Tre'Davious White,CB,LSU,79.2,59.9,85.2,tre'davious white,CB,WhitTr01,Tre'Davious White,2017,27,1,BUF,53,53,Good
Tre'Quan Smith,WR,UCF,78.7,76.4,79,tre'quan smith,WR,SmitTr03,Tre'Quan Smith,2018,91,3,NOR,15,15,Good
Tre'von Moehrig,SAF,TCU,79.2,73.8,78.7,tre'von moehrig,S,MoehTr00,Tre'von Moehrig,2021,43,2,LVR,25,25,Good
Tremaine Edmunds,MLB,Virginia Tech,87.6,84,91.7,tremaine edmunds,LB,EdmuTr01,Tremaine Edmunds,2018,16,1,BUF,62,62,Good
Tremayne Anchrum,G,Clemson,65.9,66.9,58.8,tremayne anchrum,IOL,AnchTr00,Tremayne Anchrum,2020,250,7,LAR,2,2,Average
Trent Cole,OLB,Cincinnati,69.3,75.9,59.3,trent cole,EDGE,ColeTr20,Trent Cole,2005,146,5,PHI,68,68,Average
Trent Edwards,QB,Stanford,66.8,67.8,56.5,trent edwards,QB,EdwaTr01,Trent Edwards,2007,92,3,BUF,16,16,Average
Trent McDuffie,CB,Washington,83.2,75.4,80.6,trent mcduffie,CB,McDuTr00,Trent McDuffie,2022,21,1,KAN,33,33,Good
Trent Smith,TE,Oklahoma,66.6,68.9,74.9,trent smith,TE,SmitTr01,Trent Smith,2003,223,7,BAL,0,0,Average
Trent Taylor,WR,Louisiana Tech,69.8,62.1,81.4,trent taylor,WR,TaylTr02,Trent Taylor,2017,177,5,SFO,7,7,Average
Trent Williams,OT,Oklahoma,89.3,84.7,95.8,trent williams,OT,WillTr21,Trent Williams,2010,4,1,WAS,109,109,Good
Trestan Ebner,RB,Baylor,58.8,69,56.1,trestan ebner,RB,EbneTr00,Trestan Ebner,2022,203,6,CHI,0,0,Below Avg
Trevard Lindley,DB,Kentucky,66.4,56.3,70.4,trevard lindley,CB,LindTr99,Trevard Lindley,2010,105,4,PHI,1,1,Average
Trevardo Williams,OLB,Connecticut,72,85.8,56.6,trevardo williams,EDGE,WillTr02,Trevardo Williams,2013,124,4,HOU,0,0,Good
Trevin Wade,DB,Arizona,64.4,60.5,68.8,trevin wade,CB,WadeTr00,Trevin Wade,2012,245,7,CLE,5,5,Average
Trevis Gipson,DE,Tulsa,66.1,68.1,65.6,trevis gipson,EDGE,GipsTr00,Trevis Gipson,2020,155,5,CHI,11,11,Average
Trevon Diggs,CB,Alabama,74.8,67.9,75.4,trevon diggs,CB,DiggTr00,Trevon Diggs,2020,51,2,DAL,33,33,Good
Trevon Wesco,TE,West Virginia,64.8,64.6,54,trevon wesco,TE,WescTr00,Trevon Wesco,2019,121,4,NYJ,0,0,Average
Trevon Young,OLB,Louisville,66.4,73.9,61.4,trevon young,EDGE,YounTr00,Trevon Young,2018,205,6,LAR,0,0,Average
Trevor Canfield,G,Cincinnati,59.2,61.9,56.5,trevor canfield,IOL,CanfTr20,Trevor Canfield,2009,254,7,ARI,NA,NA,Below Avg
Trevor Davis,WR,California,70.1,86.6,56.4,trevor davis,WR,DaviTr03,Trevor Davis,2016,163,5,GNB,2,2,Good
Trevor Johnson,DE,Nebraska,64.4,79.4,55.5,trevor johnson,EDGE,JohnTr21,Trevor Johnson,2004,234,7,NYJ,4,4,Average
Trevor Lawrence,QB,Clemson,90.9,77,96.3,trevor lawrence,QB,LawrTr00,Trevor Lawrence,2021,1,1,JAX,52,52,Elite
Trevor Laws,DT,Notre Dame,83,81.7,84,trevor laws,DL,LawsTr99,Trevor Laws,2008,47,2,PHI,7,7,Good
Trevor Penning,OT,Northern Iowa,86.7,89.4,81.2,trevor penning,OT,PennTr00,Trevor Penning,2022,19,1,NOR,15,15,Good
Trey Darilek,C,Texas-El Paso,70.3,73.6,63.1,trey darilek,IOL,DariTr20,Trey Darilek,2004,131,4,PHI,1,1,Good
Trey Flowers,OLB,Arkansas,72.7,65.1,79.2,trey flowers,EDGE,FlowTr00,Trey Flowers,2015,101,4,NWE,34,34,Good
Trey Hendrickson,DE,Florida Atlantic,77.8,88.4,75.8,trey hendrickson,EDGE,HendTr00,Trey Hendrickson,2017,103,3,NOR,58,58,Good
Trey Hill,C,Georgia,59.8,51,58.7,trey hill,IOL,HillTr03,Trey Hill,2021,190,6,CIN,3,3,Below Avg
Trey Lance,QB,North Dakota State,85.9,92,80.9,trey lance,QB,LancTr00,Trey Lance,2021,3,1,SFO,6,6,Good
Trey McBride,TE,Colorado State,83.9,75.8,90.6,trey mcbride,TE,McBrTr01,Trey McBride,2022,55,2,ARI,29,29,Good
Trey Pipkins,OT,Sioux Falls,74.6,79,67.8,trey pipkins,OT,PipkTr00,Trey Pipkins,2019,91,3,LAC,33,33,Good
Trey Quinn,WR,SMU,69.1,67.6,76,trey quinn,WR,QuinTr00,Trey Quinn,2018,256,7,WAS,2,2,Average
Trey Sermon,RB,Ohio State,77.5,75,74.3,trey sermon,RB,SermTr00,Trey Sermon,2021,88,3,SFO,4,4,Good
Trey Smith,G,Tennessee,75.8,84.4,66.7,trey smith,IOL,SmitTr05,Trey Smith,2021,226,6,KAN,36,36,Good
Treylon Burks,WR,Arkansas,83.5,68.3,87.1,treylon burks,WR,BurkTr00,Treylon Burks,2022,18,1,TEN,7,7,Good
Treyvon Hester,DT,Toledo,57.4,56.2,60.6,treyvon hester,DL,HestTr00,Treyvon Hester,2017,244,7,OAK,3,3,Below Avg
Triandos Luke,WR,Alabama,70,82.2,52.9,triandos luke,WR,LukeTr00,Triandos Luke,2004,171,6,DEN,0,0,Good
Trindon Holliday,WR,LSU,73.3,89.6,57.2,trindon holliday,WR,HollTr00,Trindon Holliday,2010,197,6,HOU,4,4,Good
Tristan Wirfs,OT,Iowa,90.1,88.6,86,tristan wirfs,OT,WirfTr00,Tristan Wirfs,2020,13,1,TAM,64,64,Elite
Tron LaFavor,DT,Florida,67.5,70.6,59.7,tron lafavor,DL,LaFaTr20,Tron LaFavor,2003,171,5,CHI,0,0,Average
Troy Andersen,LB,Montana State,81.1,99,62.6,troy andersen,LB,AndeTr00,Troy Andersen,2022,58,2,ATL,6,6,Good
Troy Apke,FS,Penn State,70.4,99,56.8,troy apke,S,ApkeTr00,Troy Apke,2018,109,4,WAS,6,6,Good
Troy Dye,LB,Oregon,78.9,77.1,77.9,troy dye,LB,DyexTr00,Troy Dye,2020,132,4,MIN,14,14,Good
Troy Fumagalli,TE,Wisconsin,65.8,62.9,64,troy fumagalli,TE,FumaTr00,Troy Fumagalli,2018,156,5,DEN,1,1,Average
Troy Kropog,T,Tulane,66,61.8,61.9,troy kropog,OT,KropTr20,Troy Kropog,2009,135,4,TEN,0,0,Average
Troy Niklas,TE,Notre Dame,77.8,72.5,76.6,troy niklas,TE,NiklTr00,Troy Niklas,2014,52,2,ARI,1,1,Good
Troy Nolan,DB,Arizona State,62.9,51.3,72,troy nolan,CB,NolaTr99,Troy Nolan,2009,223,7,HOU,5,5,Average
Troy Pride,CB,Notre Dame,70.6,74.4,66.7,troy pride,CB,PridTr00,Troy Pride Jr.,2020,113,4,CAR,3,3,Good
Troy Smith,QB,Ohio State,79,82.6,79.3,troy smith,QB,SmitTr02,Troy Smith,2007,174,5,BAL,6,6,Good
Troy Williamson,WR,South Carolina,80.9,85.7,72.2,troy williamson,WR,WillTr01,Troy Williamson,2005,7,1,MIN,8,8,Good
Trumaine Johnson,CB,Montana,64.9,57.9,67.9,trumaine johnson,CB,JohnTr05,Trumaine Johnson,2012,65,3,STL,30,30,Average
Trumaine McBride,CB,Mississippi,60,59.1,56.4,trumaine mcbride,CB,McBrTr99,Trumaine McBride,2007,221,7,CHI,14,14,Average
Trysten Hill,DT,UCF,70,81.6,65.7,trysten hill,DL,HillTr00,Trysten Hill,2019,58,2,DAL,5,5,Good
Tua Tagovailoa,QB,Alabama,88.7,78.7,97.5,tua tagovailoa,QB,TagoTu00,Tua Tagovailoa,2020,5,1,MIA,52,52,Good
Tutu Atwell,WR,Louisville,81.4,83.9,79.2,tutu atwell,WR,AtweTu00,Tutu Atwell,2021,57,2,LAR,14,14,Good
Ty Chandler,RB,North Carolina,68.2,74.2,66.9,ty chandler,RB,ChanTy01,Ty Chandler,2022,169,5,MIN,6,6,Average
T.Y. Hilton,WR,Florida International,76.4,78.9,74.1,ty hilton,WR,HiltT.00,T.Y. Hilton,2012,92,3,IND,72,72,Good
Ty Montgomery,WR,Stanford,74.7,75.8,67.6,ty montgomery,WR,MontTy01,Ty Montgomery,2015,94,3,GNB,17,17,Good
Ty Sambrailo,OT,Colorado State,72.3,64.1,71.7,ty sambrailo,OT,SambTy00,Ty Sambrailo,2015,59,2,DEN,14,14,Good
Ty Summers,LB,TCU,67.3,81.3,60.2,ty summers,LB,SummTy00,Ty Summers,2019,226,7,GNB,6,6,Average
Tycen Anderson,SAF,Toledo,69.7,87,63.1,tycen anderson,S,AndeTy00,Tycen Anderson,2022,166,5,CIN,2,2,Average
Tye Hill,DB,Clemson,83.6,87.8,73.1,tye hill,CB,HillTy20,Tye Hill,2006,15,1,STL,9,9,Good
Tye Smith,CB,Towson State,57.6,66.2,52.5,tye smith,CB,SmitTy01,Tye Smith,2015,170,5,SEA,3,3,Below Avg
Tyeler Davison,DT,Fresno State,71.7,78.4,64,tyeler davison,DL,DaviTy01,Tyeler Davison,2015,154,5,NOR,31,31,Good
Tylan Wallace,WR,Oklahoma State,78.6,69.5,82,tylan wallace,WR,WallTy00,Tylan Wallace,2021,131,4,BAL,3,3,Good
Tyler Allgeier,RB,BYU,73.7,71.6,72.7,tyler allgeier,RB,AllgTy00,Tyler Allgeier,2022,151,5,ATL,20,20,Good
Tyler Badie,RB,Missouri,69.7,71.1,72.6,tyler badie,RB,BadiTy00,Tyler Badie,2022,196,6,BAL,2,2,Average
Tyler Biadasz,C,Wisconsin,67.6,64.7,64.2,tyler biadasz,IOL,BiadTy00,Tyler Biadasz,2020,146,4,DAL,36,36,Average
Tyler Boyd,WR,Pittsburgh,78.3,62.6,81.2,tyler boyd,WR,BoydTy00,Tyler Boyd,2016,55,2,CIN,48,48,Good
Tyler Conklin,TE,Central Michigan,76.7,74.1,82.5,tyler conklin,TE,ConkTy00,Tyler Conklin,2018,157,5,MIN,20,20,Good
Tyler Eifert,TE,Notre Dame,85.2,78.5,86.2,tyler eifert,TE,EifeTy00,Tyler Eifert,2013,21,1,CIN,19,19,Good
Tyler Ervin,RB,San Jose State,72.2,79.6,65.4,tyler ervin,RB,ErviTy00,Tyler Ervin,2016,119,4,HOU,2,2,Good
Tyler Gaffney,RB,Stanford,77.8,86.6,74.6,tyler gaffney,RB,GaffTy00,Tyler Gaffney,2014,204,6,CAR,NA,NA,Good
Tyler Higbee,TE,Western Kentucky,73.9,64.1,83.1,tyler higbee,TE,HigbTy00,Tyler Higbee,2016,110,4,LAR,31,31,Good
Tyler Johnson,WR,Minnesota,73.3,68.1,80.5,tyler johnson,WR,JohnTy00,Tyler Johnson,2020,161,5,TAM,9,9,Good
Tyler Kroft,TE,Rutgers,70,67.6,63,tyler kroft,TE,KrofTy00,Tyler Kroft,2015,85,3,CIN,9,9,Good
Tyler Linderbaum,C,Iowa,94.8,94.3,87,tyler linderbaum,IOL,LindTy00,Tyler Linderbaum,2022,25,1,BAL,34,34,Elite
Tyler Lockett,WR,Kansas State,83.6,78.4,84.3,tyler lockett,WR,LockTy00,Tyler Lockett,2015,69,3,SEA,68,68,Good
Tyler Sash,DB,Iowa,67.3,57.2,75.1,tyler sash,CB,SashTy00,Tyler Sash,2011,198,6,NYG,1,1,Average
Tyler Shelvin,NT,LSU,62.6,55.1,63.2,tyler shelvin,DL,ShelTy00,Tyler Shelvin,2021,122,4,CIN,0,0,Average
Tyler Starr,LB,South Dakota,57.5,59.1,50,tyler starr,LB,StarTy00,Tyler Starr,2014,255,7,ATL,0,0,Below Avg
Tyler Wilson,QB,Arkansas,58.9,59.8,57,tyler wilson,QB,WilsTy00,Tyler Wilson,2013,112,4,OAK,NA,NA,Below Avg
Tyquan Lewis,DE,Ohio State,77.1,83.4,70.5,tyquan lewis,EDGE,LewiTy00,Tyquan Lewis,2018,64,2,IND,13,13,Good
Tyquan Thornton,WR,Baylor,75.8,84.9,68.8,tyquan thornton,WR,ThorTy00,Tyquan Thornton,2022,50,2,NWE,7,7,Good
Tyree Gillespie,SS,Missouri,64.2,67.4,62.2,tyree gillespie,S,GillTy00,Tyree Gillespie,2021,143,4,LVR,1,1,Average
Tyrell Johnson,DB,Arkansas State,77.8,71.7,75.6,tyrell johnson,CB,JohnTy99,Tyrell Johnson,2008,43,2,MIN,10,10,Good
Tyrie Cleveland,WR,Florida,63.9,80.9,51.1,tyrie cleveland,WR,ClevTy00,Tyrie Cleveland,2020,252,7,DEN,0,0,Average
Tyrion Davis-Price,RB,LSU,59.6,70,54,tyrion davis-price,RB,DaviTy03,Tyrion Davis-Price,2022,93,3,SFO,1,1,Below Avg
Tyrod Taylor,QB,Virginia Tech,78.8,94.1,70.7,tyrod taylor,QB,TaylTy00,Tyrod Taylor,2011,180,6,BAL,50,50,Good
Tyron Smith,T,USC,89.8,84.1,93.4,tyron smith,OT,SmitTy00,Tyron Smith,2011,9,1,DAL,91,91,Good
Tyrone Calico,WR,Middle Tennessee State,81.2,92.9,66.9,tyrone calico,WR,CaliTy00,Tyrone Calico,2003,60,2,TEN,5,5,Good
Tyrone Crawford,DE,Boise State,67.2,65.3,64.7,tyrone crawford,EDGE,CrawTy00,Tyrone Crawford,2012,81,3,DAL,34,34,Average
Tyrone McKenzie,LB,University of South Florida,69.4,53.1,77.8,tyrone mckenzie,LB,McKeTy99,Tyrone McKenzie,2009,97,3,NWE,1,1,Average
Tyronne Green,G,Auburn,65.5,62.6,63.1,tyronne green,IOL,GreeTy20,Tyronne Green,2009,133,4,SDG,15,15,Average
Tyrus Thompson,OT,Oklahoma,65.5,67.2,60.5,tyrus thompson,OT,ThomTy01,Tyrus Thompson,2015,185,6,MIN,NA,NA,Average
Tyson Alualu,NT,California,86.7,72.3,93,tyson alualu,DL,AluaTy99,Tyson Alualu,2010,10,1,JAX,45,45,Good
Tyson Campbell,CB,Georgia,76.1,75.2,70.8,tyson campbell,CB,CampTy01,Tyson Campbell,2021,33,2,JAX,25,25,Good
Tyson Jackson,DE,LSU,78.8,65.3,83.3,tyson jackson,EDGE,JackTy98,Tyson Jackson,2009,3,1,KAN,34,34,Good
Tytus Howard,OT,Alabama State,77.4,66.1,77.7,tytus howard,OT,HowaTy00,Tytus Howard,2019,23,1,HOU,36,36,Good
Tyus Bowser,OLB,Houston,81.9,95.6,73.2,tyus bowser,EDGE,BowsTy00,Tyus Bowser,2017,47,2,BAL,21,21,Good
Uche Nwaneri,G,Purdue,66.4,69.3,60.5,uche nwaneri,IOL,NwanUc20,Uche Nwaneri,2007,149,5,JAX,37,37,Average
Van Jefferson,WR,Florida,72.1,65.2,65.7,van jefferson,WR,JeffVa00,Van Jefferson,2020,57,2,LAR,19,19,Good
Vance McDonald,TE,Rice,78.7,75.7,77.9,vance mcdonald,TE,McDoVa00,Vance McDonald,2013,55,2,SFO,14,14,Good
Vernand Morency,RB,Oklahoma State,69.5,58.3,73.8,vernand morency,RB,MoreVe00,Vernand Morency,2005,73,3,HOU,8,8,Average
Vernon Butler,DT,Louisiana Tech,69.1,58.5,68.6,vernon butler,DL,ButlVe00,Vernon Butler,2016,30,1,CAR,13,13,Average
Vernon Davis,TE,Maryland,97,99,98.8,vernon davis,TE,DaviVe00,Vernon Davis,2006,6,1,SFO,51,51,Elite
Vernon Gholston,DE,Ohio State,87.9,85.2,86.2,vernon gholston,EDGE,GholVe99,Vernon Gholston,2008,6,1,NYJ,6,6,Good
Vernon Hargreaves III,CB,Florida,86.4,78.9,87,vernon hargreaves,CB,HargVe00,Vernon Hargreaves III,2016,11,1,TAM,18,18,Good
Vic Beasley,OLB,Clemson,93.8,94.4,84.8,vic beasley,EDGE,BeasVi00,Vic Beasley,2015,8,1,ATL,32,32,Elite
Vick Ballard,RB,Mississippi State,70.1,63.2,70.9,vick ballard,RB,BallVi00,Vick Ballard,2012,170,5,IND,5,5,Good
Victor Abiamiri,DE,Notre Dame,76.1,68.6,77.6,victor abiamiri,EDGE,AbiaVi99,Victor Abiamiri,2007,57,2,PHI,5,5,Good
Victor Adeyanju,DE,Indiana,67.3,64.5,61.7,victor adeyanju,EDGE,AdeyVi20,Victor Adeyanju,2006,113,4,STL,13,13,Average
Victor Butler,LB,Oregon State,73.3,61.3,83.9,victor butler,LB,ButlVi99,Victor Butler,2009,110,4,DAL,6,6,Good
Victor Hobson,LB,Michigan,74.4,62.7,77.2,victor hobson,LB,HobsVi20,Victor Hobson,2003,53,2,NYJ,26,26,Good
Vince Biegel,LB,Wisconsin,65.6,75.1,60.7,vince biegel,LB,BiegVi00,Vince Biegel,2017,108,4,GNB,5,5,Average
Vince Manuwai,G,Hawaii,78.1,86.1,68.1,vince manuwai,IOL,ManuVi20,Vince Manuwai,2003,72,3,JAX,49,49,Good
Vince Mayle,WR,Washington State,83.7,74.7,96.4,vince mayle,WR,MaylVi00,Vince Mayle,2015,123,4,CLE,0,0,Good
Vince Wilfork,NT,Miami,80.3,75.7,80.8,vince wilfork,DL,WilfVi20,Vince Wilfork,2004,21,1,NWE,90,90,Good
Vince Young,QB,Texas,85.3,89.6,82.4,vince young,QB,YounVi00,Vince Young,2006,3,1,TEN,33,33,Good
Vincent Brown,WR,San Diego State,72.2,59.4,75.7,vincent brown,WR,BrowVi00,Vincent Brown,2011,82,3,SDG,9,9,Good
Vincent Burns,DE,Kentucky,73.7,74.4,66.4,vincent burns,EDGE,NA,Vincent Burns,2005,92,3,IND,NA,NA,Good
Vincent Fuller,DB,Virginia Tech,71.8,75.7,62.3,vincent fuller,CB,FullVi20,Vincent Fuller,2005,108,4,TEN,8,8,Good
Vincent Jackson,WR,Northern Colorado,79.3,82.3,74.3,vincent jackson,WR,JackVi00,Vincent Jackson,2005,61,2,SDG,77,77,Good
Vincent Taylor,DT,Oklahoma State,75.5,70.9,75,vincent taylor,DL,TaylVi00,Vincent Taylor,2017,194,6,MIA,5,5,Good
Vincent Valentine,DT,Nebraska,61.9,57.1,61.4,vincent valentine,DL,ValeVi00,Vincent Valentine,2016,96,3,NWE,2,2,Average
Vinnie Sunseri,DB,Alabama,62.3,64.9,58,vinnie sunseri,CB,SunsVi00,Vinnie Sunseri,2014,167,5,NOR,0,0,Average
Vinny Curry,DE,Marshall,75.2,57,85.1,vinny curry,EDGE,CurrVi00,Vinny Curry,2012,59,2,PHI,22,22,Good
Virgil Green,TE,Nevada,75.4,86.4,69.1,virgil green,TE,GreeVi00,Virgil Green,2011,204,7,DEN,8,8,Good
Visanthe Shiancoe,TE,Morgan State,79.2,87.3,68.8,visanthe shiancoe,TE,ShiaVi00,Visanthe Shiancoe,2003,91,3,NYG,23,23,Good
Vita Vea,DT,Washington,84.8,78.6,85,vita vea,DL,VeaxVi00,Vita Vea,2018,12,1,TAM,51,51,Good
Vonn Bell,SS,Ohio State,74,55.9,81.4,vonn bell,S,BellVo00,Vonn Bell,2016,61,2,NOR,37,37,Good
Vontae Davis,CB,Illinois,83.9,73.5,91.4,vontae davis,CB,DaviVo99,Vontae Davis,2009,25,1,MIA,45,45,Good
Vosean Joseph,LB,Florida,71,68.7,71.5,vosean joseph,LB,JoseVo00,Vosean Joseph,2019,147,5,BUF,NA,NA,Good
Wade Smith,T,Memphis,75.4,79.1,68.1,wade smith,OT,SmitWa21,Wade Smith,2003,78,3,MIA,43,43,Good
Wali Lundy,RB,Virginia,70.8,76.9,63.9,wali lundy,RB,LundWa00,Wali Lundy,2006,170,6,HOU,5,5,Good
Walker Little,OT,Stanford,76.6,75.9,72.8,walker little,OT,LittWa00,Walker Little,2021,45,2,JAX,18,18,Good
Walt Powell,WR,Murray State,54.8,55.2,51,walt powell,WR,PoweWa00,Walt Powell,2014,196,6,ARI,1,1,Below Avg
Walter Young,WR,Illinois,64.5,70.2,64.4,walter young,WR,YounWa00,Walter Young,2003,226,7,CAR,0,0,Average
Wan'Dale Robinson,WR,Kentucky,78.6,66.8,81.5,wan'dale robinson,WR,RobiWa01,Wan'Dale Robinson,2022,43,2,NYG,20,20,Good
Wayne Gallman,RB,Clemson,66.8,64.2,69,wayne gallman,RB,GallWa00,Wayne Gallman,2017,140,4,NYG,12,12,Average
Wayne Hunter,T,Hawaii,75.3,82.4,66.8,wayne hunter,OT,HuntWa20,Wayne Hunter,2003,73,3,SEA,13,13,Good
Wayne Lucier,G,Colorado,57.8,63.3,56.5,wayne lucier,IOL,LuciWa20,Wayne Lucier,2003,249,7,NYG,9,9,Below Avg
Wendell Smallwood,RB,West Virginia,68.4,78.7,64.2,wendell smallwood,RB,SmalWe00,Wendell Smallwood,2016,153,5,PHI,10,10,Average
Wes Sims,G,Oklahoma,72,83.5,58.3,wes sims,IOL,SimsWe20,Wes Sims,2005,177,6,SDG,0,0,Good
Wesley Britt,T,Alabama,67.7,68.5,59.5,wesley britt,OT,BritWe20,Wesley Britt,2005,164,5,SDG,3,3,Average
Wesley Johnson,C,Vanderbilt,69.5,78.5,59.8,wesley johnson,IOL,JohnWe00,Wesley Johnson,2014,173,5,PIT,11,11,Average
Weston Richburg,C,Colorado State,74.3,62.9,75.4,weston richburg,IOL,RichWe00,Weston Richburg,2014,43,2,NYG,33,33,Good
Whitney Mercilus,OLB,Illinois,81.1,72.2,86.6,whitney mercilus,EDGE,MercWh00,Whitney Mercilus,2012,26,1,HOU,49,49,Good
Will Beatty,T,Connecticut,77.4,81,72,will beatty,OT,BeatWi20,Will Beatty,2009,60,2,NYG,30,30,Good
Will Clapp,C,LSU,60.8,55.2,58,will clapp,IOL,ClapWi00,Will Clapp,2018,245,7,NOR,12,12,Average
Will Clarke,DE,West Virginia,65.1,69.2,68.1,will clarke,EDGE,ClarWi00,Will Clarke,2014,88,3,CIN,6,6,Average
Will Davis,DB,Utah State,76.7,77.1,78.4,will davis,CB,DaviWi02,Will Davis,2013,93,3,MIA,0,0,Good
Will Davis,OLB,Illinois,55.7,56.9,54.7,will davis,EDGE,DaviWi99,Will Davis,2009,204,6,ARI,3,3,Below Avg
Will Dissly,TE,Washington,62.5,58.9,54,will dissly,TE,DissWi00,Will Dissly,2018,120,4,SEA,16,16,Average
Will Franklin,WR,Missouri,72,79.9,59.6,will franklin,WR,FranWi00,Will Franklin,2008,105,4,KAN,1,1,Good
Will Fries,G,Penn State,66.6,73.8,55.6,will fries,IOL,FrieWi00,Will Fries,2021,248,7,IND,17,17,Average
Will Fuller,WR,Notre Dame,87.9,84.1,84.3,will fuller,WR,FullWi01,Will Fuller,2016,21,1,HOU,24,24,Good
Will Grier,QB,West Virginia,78.7,76.6,83.5,will grier,QB,GrieWi00,Will Grier,2019,100,3,CAR,1,1,Good
Will Harris,SAF,Boston College,73.9,86.2,67.7,will harris,S,HarrWi02,Will Harris,2019,81,3,DET,18,18,Good
Will Hernandez,G,Texas-El Paso,85.6,79.7,84.1,will hernandez,IOL,HernWi00,Will Hernandez,2018,34,2,NYG,38,38,Good
Will Montgomery,C,Virginia Tech,70.6,93.8,56.5,will montgomery,IOL,MontWi20,Will Montgomery,2006,234,7,CAR,34,34,Good
Will Poole,CB,USC,68,69.4,62.9,will poole,CB,PoolWi20,Will Poole,2004,102,4,MIA,1,1,Average
Will Rackley,G,Lehigh University,67.4,54.3,68.1,will rackley,IOL,RackWi01,Will Rackley,2011,76,3,JAX,8,8,Average
Will Redmond,CB,Mississippi State,70.8,64.5,72.4,will redmond,CB,RedmWi00,Will Redmond,2016,68,3,SFO,3,3,Good
Will Richardson,T,N.C. State,69.5,67.4,67.2,will richardson,OT,RichWi01,Will Richardson,2018,129,4,JAX,4,4,Average
Will Smith,DE,Ohio State,82.7,84.5,79.5,will smith,EDGE,SmitWi99,Will Smith,2004,18,1,NOR,52,52,Good
Will Sutton,DT,Arizona State,77,55.2,87.7,will sutton,DL,SuttWi00,Will Sutton,2014,82,3,CHI,8,8,Good
William Gholston,DE,Michigan State,64.6,57.1,63.7,william gholston,EDGE,GholWi00,William Gholston,2013,126,4,TAM,39,39,Average
William Jackson,CB,Houston,79.3,82.8,69.6,william jackson,CB,JackWi02,William Jackson III,2016,24,1,CIN,19,19,Good
William Joseph,DT,Miami,78.5,69,80.8,william joseph,DL,JoseWi20,William Joseph,2003,25,1,NYG,11,11,Good
Willie Andrews,CB,Baylor,66.2,74,55.8,willie andrews,CB,AndrWi20,Willie Andrews,2006,229,7,NWE,3,3,Average
Willie Gay Jr.,LB,Mississippi State,81.5,99,70.6,willie gay,LB,GayJWi00,Willie Gay Jr.,2020,63,2,KAN,27,27,Good
Willie Henry,DT,Michigan,69.3,75.1,69.9,willie henry,DL,HenrWi00,Willie Henry,2016,132,4,BAL,4,4,Average
Willie Pile,DB,Virginia Tech,72.3,84.9,55.8,willie pile,CB,PileWi20,Willie Pile,2003,252,7,KAN,3,3,Good
Willie Reid,WR,Florida State,72.5,82.8,54.7,willie reid,WR,ReidWi00,Willie Reid,2006,95,3,PIT,1,1,Good
Willie Snead,WR,Ball State,59.8,51,80.2,willie snead,WR,NA,Willie Snead,1989,321,12,NYJ,NA,NA,Below Avg
Willie Young,OLB,N.C. State,61.6,60.2,69,willie young,EDGE,YounWi99,Willie Young,2010,213,7,DET,22,22,Average
Willis McGahee,RB,Miami,90.3,85.7,89.6,willis mcgahee,RB,McGaWi00,Willis McGahee,2003,23,1,BUF,56,56,Elite
Winston Justice,OT,USC,80.6,88.4,74.8,winston justice,OT,JustWi20,Winston Justice,2006,39,2,PHI,21,21,Good
Wyatt Davis,G,Ohio State,78.1,74.1,72.1,wyatt davis,IOL,DaviWy00,Wyatt Davis,2021,86,3,MIN,0,0,Good
Wyatt Hubert,DE,Kansas State,64.9,60,68,wyatt hubert,EDGE,HubeWy00,Wyatt Hubert,2021,235,7,CIN,NA,NA,Average
Wyatt Teller,G,Virginia Tech,73.5,79.3,65.2,wyatt teller,IOL,TellWy00,Wyatt Teller,2018,166,5,BUF,39,39,Good
Xavien Howard,CB,Baylor,78.6,64.7,81.9,xavien howard,CB,HowaXa00,Xavien Howard,2016,38,2,MIA,58,58,Good
Xavier Adibi,LB,Virginia Tech,67.7,54.5,72,xavier adibi,LB,AdibXa99,Xavier Adibi,2008,118,4,HOU,4,4,Average
Xavier Cooper,DT,Washington State,78.2,87,69.7,xavier cooper,DL,CoopXa00,Xavier Cooper,2015,96,3,CLE,4,4,Good
Xavier Crawford,DB,Central Michigan,68.9,72.7,62.1,xavier crawford,CB,CrawXa00,Xavier Crawford,2019,195,6,HOU,1,1,Average
Xavier McKinney,SAF,Alabama,79.8,61.6,87.4,xavier mckinney,S,McKiXa00,Xavier McKinney,2020,36,2,NYG,39,39,Good
Xavier Omon,RB,NW Missouri State University,67.3,68,59,xavier omon,RB,OmonXa00,Xavier Omon,2008,179,6,BUF,0,0,Average
Xavier Rhodes,CB,Florida State,82.7,80.9,81.7,xavier rhodes,CB,RhodXa00,Xavier Rhodes,2013,25,1,MIN,49,49,Good
Xavier Su'a-Filo,G,UCLA,77.8,75.3,75,xavier su'a-filo,IOL,Sua-Xa00,Xavier Su'a-Filo,2014,33,2,HOU,24,24,Good
Xavier Woods,FS,Louisiana Tech,71.8,75.2,69.7,xavier woods,S,WoodXa00,Xavier Woods,2017,191,6,DAL,38,38,Good
Yamon Figurs,WR,Kansas State,72.7,82.5,55,yamon figurs,WR,FiguYa00,Yamon Figurs,2007,74,3,BAL,2,2,Good
Yannick Ngakoue,DE,Maryland,66.6,64.9,70.4,yannick ngakoue,EDGE,NgakYa00,Yannick Ngakoue,2016,69,3,JAX,50,50,Average
Yetur Gross-Matos,DE,Penn State,81.1,79.8,79.6,yetur gross-matos,EDGE,GrosYe00,Yetur Gross-Matos,2020,38,2,CAR,18,18,Good
Yodny Cajuste,OT,West Virginia,74.7,80,67.8,yodny cajuste,OT,CajuYo00,Yodny Cajuste,2019,101,3,NWE,4,4,Good
Za'Darius Smith,DE,Kentucky,65.4,62.6,65.5,za'darius smith,EDGE,SmitZa00,Za'Darius Smith,2015,122,4,BAL,57,57,Average
Zac Dysert,QB,Miami (Ohio),64.8,67,65.9,zac dysert,QB,DyseZa00,Zac Dysert,2013,234,7,DEN,NA,NA,Average
Zac Robinson,QB,Oklahoma State,65,68,61,zac robinson,QB,RobiZa00,Zac Robinson,2010,250,7,NWE,NA,NA,Average
Zac Stacy,RB,Vanderbilt,73,76.2,67.2,zac stacy,RB,StacZa00,Zac Stacy,2013,160,5,STL,11,11,Good
Zach Allen,DE,Boston College,62.3,69.7,54.7,zach allen,EDGE,AlleZa01,Zach Allen,2019,65,3,ARI,52,52,Average
Zach Banner,OT,USC,63.9,54,67.2,zach banner,OT,BannZa00,Zach Banner,2017,137,4,IND,2,2,Average
Zach Brown,ILB,North Carolina,86.1,80.6,84.9,zach brown,LB,BrowZa00,Zach Brown,2012,52,2,TEN,41,41,Good
Zach Cunningham,ILB,Vanderbilt,82.1,72.5,84.1,zach cunningham,LB,CunnZa00,Zach Cunningham,2017,57,2,HOU,36,36,Good
Zach Davidson,TE,Central Missouri,70.2,75.9,60.9,zach davidson,TE,DaviZa00,Zach Davidson,2021,168,5,MIN,0,0,Good
Zach Ertz,TE,Stanford,80.6,63.1,86.2,zach ertz,TE,ErtzZa00,Zach Ertz,2013,35,2,PHI,57,57,Good
Zach Fulton,G,Tennessee,60.6,54.9,58.7,zach fulton,IOL,FultZa00,Zach Fulton,2014,193,6,KAN,39,39,Average
Zach Gentry,TE,Michigan,54.4,54.8,50.8,zach gentry,TE,GentZa00,Zach Gentry,2019,141,5,PIT,2,2,Below Avg
Zach Mettenberger,QB,LSU,63.5,51.8,61.6,zach mettenberger,QB,MettZa00,Zach Mettenberger,2014,178,6,TEN,1,1,Average
Zach Miller,TE,Arizona State,77.1,70.9,80.5,zach miller,TE,MillZa02,Zach Miller,2009,180,6,JAX,12,12,Good
Zach Moore,DE,Concordia College St. Paul,66.2,72.1,57.5,zach moore,EDGE,MoorZa00,Zach Moore,2014,198,6,NWE,3,3,Average
Zach Tom,G,Wake Forest,74.4,93.4,56.6,zach tom,IOL,TomxZa00,Zach Tom,2022,140,4,GNB,26,26,Good
Zach Wilson,QB,BYU,85.8,73.2,94.2,zach wilson,QB,WilsZa00,Zach Wilson,2021,2,1,NYJ,13,13,Good
Zack Baun,LB,Wisconsin,80.9,78.8,80.2,zack baun,LB,BaunZa00,Zack Baun,2020,74,3,NOR,39,39,Good
Zack Martin,G,Notre Dame,86.6,74.9,89.2,zack martin,IOL,MartZa00,Zack Martin,2014,16,1,DAL,103,103,Good
Zack Moss,RB,Utah,77.9,65.9,78.3,zack moss,RB,MossZa00,Zack Moss,2020,86,3,BUF,18,18,Good
Zack Sanchez,CB,Oklahoma,65.8,55.8,70.5,zack sanchez,CB,SancZa00,Zack Sanchez,2016,141,5,CAR,1,1,Average
Zamir White,RB,Georgia,77.2,93.7,64.9,zamir white,RB,WhitZa01,Zamir White,2022,122,4,LVR,5,5,Good
Zane Beadles,G,Utah,77.7,71.7,76.5,zane beadles,IOL,BeadZa20,Zane Beadles,2010,45,2,DEN,53,53,Good
Zaven Collins,LB,Tulsa,81.5,77.1,83.2,zaven collins,LB,CollZa00,Zaven Collins,2021,16,1,ARI,24,24,Good
Zaviar Gooden,LB,Missouri,81.7,93.4,71.7,zaviar gooden,LB,GoodZa00,Zaviar Gooden,2013,97,3,TEN,4,4,Good
Zay Jones,WR,East Carolina,85.3,90.2,81.7,zay jones,WR,JoneZa00,Zay Jones,2017,37,2,BUF,25,25,Good
Zech McPhearson,CB,Texas Tech,74.2,76,68.7,zech mcphearson,CB,McPhZe00,Zech McPhearson,2021,123,4,PHI,2,2,Good
Zion Johnson,G,Boston College,94.3,96.9,82.3,zion johnson,IOL,JohnZi00,Zion Johnson,2022,17,1,LAC,25,25,Elite
Zyon McCollum,CB,Sam Houston State,76.9,94.6,66.1,zyon mccollum,CB,McCoZy02,Zyon McCollum,2022,157,5,TAM,17,17,Good
Kyu Blu Kelly,CB,Stanford,69.1,74.9,60.9,kyu blu kelly,CB,BluxKy00,Kyu Blu Kelly,2023,157,5,BAL,NA,NA,Average
Malaesala Aumavae-Laulu,OT,Oregon,NA,NA,NA,malaesala aumavaelaulu,OT,AumaMa00,Malaesala Aumavae-Laulu,2023,199,6,BAL,NA,NA,Below Avg
Andrew Vorhees,G,USC,74.9,66.3,75,andrew vorhees,IOL,VorhAn00,Andrew Vorhees,2023,229,7,BAL,NA,NA,Good
Jalen Carter,DT,Georgia,86.5,82.7,85.7,jalen carter,DL,CartJa05,Jalen Carter,2023,9,1,PHI,NA,NA,Good
Colby Wooden,DE,Auburn,73.5,70.8,80.9,colby wooden,EDGE,WoodCo01,Colby Wooden,2023,116,4,GNB,NA,NA,Good
Darius Rush,CB,South Carolina,76,81.5,71.4,darius rush,CB,RushDa00,Darius Rush,2023,138,5,IND,NA,NA,Good
Israel Abanikanda,RB,Pittsburgh,77.4,68.9,77.1,israel abanikanda,RB,AbanIs00,Israel Abanikanda,2023,143,5,NYJ,NA,NA,Good
Noah Sewell,LB,Oregon,73.6,78.4,66.8,noah sewell,LB,SeweNo00,Noah Sewell,2023,148,5,CHI,NA,NA,Good
Sean Clifford,QB,Penn State,NA,NA,NA,sean clifford,QB,ClifSe00,Sean Clifford,2023,149,5,GNB,NA,NA,Below Avg
Daniel Scott,SAF,California,73,86.7,64.4,daniel scott,S,ScotDa03,Daniel Scott,2023,158,5,IND,NA,NA,Good
Dontayvion Wicks,WR,Virginia,70.3,69.3,62.6,dontayvion wicks,WR,WickDo00,Dontayvion Wicks,2023,159,5,GNB,NA,NA,Good
Will Mallory,TE,Miami,74.9,84.3,69.3,will mallory,TE,MallWi00,Will Mallory,2023,162,5,IND,NA,NA,Good
Terell Smith,CB,Minnesota,66.7,79.8,57.4,terell smith,CB,SmitTe05,Terell Smith,2023,165,5,CHI,NA,NA,Average
Eric Gray,RB,Oklahoma,77.5,75.6,72.3,eric gray,RB,GrayEr01,Eric Gray,2023,172,5,NYG,NA,NA,Good
Evan Hull,RB,Northwestern,73,78.7,66.2,evan hull,RB,HullEv00,Evan Hull,2023,176,5,IND,NA,NA,Good
Karl Brooks,DT,Bowling Green,NA,NA,NA,karl brooks,DL,BrooKa00,Karl Brooks,2023,179,6,GNB,NA,NA,Below Avg
Zaire Barnes,LB,Western Michigan,NA,NA,NA,zaire barnes,LB,BarnZa00,Zaire Barnes,2023,184,6,NYJ,NA,NA,Below Avg
Tanner McKee,QB,Stanford,68.2,66.9,61.2,tanner mckee,QB,McKeTa01,Tanner McKee,2023,188,6,PHI,NA,NA,Average
Jarrick Bernard-Converse,CB,LSU,NA,NA,NA,jarrick bernardconverse,CB,BernJa01,Jarrick Bernard-Converse,2023,204,6,NYJ,NA,NA,Below Avg
Tre Hawkins,CB,Old Dominion,NA,NA,NA,tre hawkins,CB,HawkTr00,Tre Hawkins,2023,209,6,NYG,NA,NA,Below Avg
Titus Leo,DE,Wagner,NA,NA,NA,titus leo,EDGE,LeoxTi00,Titus Leo,2023,211,6,IND,NA,NA,Below Avg
Travis Bell,DT,Kennesaw State,NA,NA,NA,travis bell,DL,BellTr01,Travis Bell,2023,218,7,CHI,NA,NA,Below Avg
Zack Kuntz,TE,Old Dominion,77.1,94.3,66.8,zack kuntz,TE,KuntZa00,Zack Kuntz,2023,220,7,NYJ,NA,NA,Good
Jaylon Jones,DB,Texas A&M,70,68.2,67.3,jaylon jones,CB,JoneJa13,Jaylon Jones,2023,221,7,IND,NA,NA,Good
Carrington Valentine,DB,Kentucky,63.5,71.9,54.8,carrington valentine,CB,ValeCa00,Carrington Valentine,2023,232,7,GNB,NA,NA,Average
Lew Nichols,RB,Central Michigan,NA,NA,NA,lew nichols,RB,NichLe00,Lew Nichols,2023,235,7,GNB,NA,NA,Below Avg
Jake Witt,T,Northern Michigan University,NA,NA,NA,jake witt,OT,WittJa01,Jake Witt,2023,236,7,IND,NA,NA,Below Avg
Anthony Johnson,SAF,Iowa State,NA,NA,NA,anthony johnson,S,JohnAn08,Anthony Johnson,2023,242,7,GNB,NA,NA,Below Avg
Moro Ojomo,DT,Texas,67.3,77.7,62.1,moro ojomo,DL,OjomMo00,Moro Ojomo,2023,249,7,PHI,NA,NA,Average
Gervarrius Owens,SAF,Houston,63.5,75.8,57.1,gervarrius owens,S,OwenGe00,Gervarrius Owens,2023,254,7,NYG,NA,NA,Average
Kendall Williamson,DB,Stanford,NA,NA,NA,kendall williamson,CB,WillKe07,Kendall Williamson,2023,258,7,CHI,NA,NA,Below Avg
Trenton Simpson,LB,Clemson,81.9,88.3,76.1,trenton simpson,LB,SimpTr00,Trenton Simpson,2023,86,3,BAL,NA,NA,Good
Tavius Robinson,LB,Mississippi,69.1,69.1,64.9,tavius robinson,LB,RobiTa00,Tavius Robinson,2023,124,4,BAL,NA,NA,Average
Jordon Riley,DT,Oregon,NA,NA,NA,jordon riley,DL,RileJo00,Jordon Riley,2023,243,7,NYG,NA,NA,Below Avg
Grant Dubose,WR,Charlotte,NA,NA,NA,grant dubose,WR,DuboGr00,Grant Dubose,2023,256,7,GNB,NA,NA,Below Avg
DJ Johnson,LB,Oregon,69.3,74,67.9,dj johnson,LB,JohnDJ00,DJ Johnson,2023,80,3,CAR,NA,NA,Average
Chandler Zavala,G,N.C. State,NA,NA,NA,chandler zavala,IOL,ZavaCh00,Chandler Zavala,2023,114,4,CAR,NA,NA,Below Avg
Paris Johnson,OT,Ohio State,82.2,76.1,84,paris johnson,OT,JohnPa03,Paris Johnson,2023,6,1,ARI,NA,NA,Good
Tyree Wilson,DE,Texas Tech,91.4,75.6,90.9,tyree wilson,EDGE,WilsTy01,Tyree Wilson,2023,7,1,LVR,NA,NA,Elite
Bijan Robinson,RB,Texas,95.6,85.2,99,bijan robinson,RB,RobiBi01,Bijan Robinson,2023,8,1,ATL,NA,NA,Elite
Jaxon Smith-Njigba,WR,Ohio State,83.6,88.7,67.8,jaxon smithnjigba,WR,SmitJa06,Jaxon Smith-Njigba,2023,20,1,SEA,NA,NA,Good
Quentin Johnston,WR,TCU,82.8,88.9,73.9,quentin johnston,WR,JohnQu02,Quentin Johnston,2023,21,1,LAC,NA,NA,Good
Mazi Smith,DT,Michigan,71.1,88.1,69,mazi smith,DL,SmitMa06,Mazi Smith,2023,26,1,DAL,NA,NA,Good
Myles Murphy,DE,Clemson,79.8,79.4,72.1,myles murphy,EDGE,MurpMy00,Myles Murphy,2023,28,1,CIN,NA,NA,Good
Luke Schoonmaker,TE,Michigan,75.5,84.2,62,luke schoonmaker,TE,SchoLu00,Luke Schoonmaker,2023,58,2,DAL,NA,NA,Good
O'Cyrus Torrence,G,Florida,80.6,66.6,82.3,ocyrus torrence,IOL,TorrOC00,O'Cyrus Torrence,2023,59,2,BUF,NA,NA,Good
DJ Turner,CB,Michigan,86.2,97,74.4,dj turner,CB,TurnDJ01,DJ Turner,2023,60,2,CIN,NA,NA,Good
Hendon Hooker,QB,Tennessee,86.5,85.5,86.1,hendon hooker,QB,HookHe00,Hendon Hooker,2023,68,3,DET,NA,NA,Good
Kendre Miller,RB,TCU,79.9,79.8,81.5,kendre miller,RB,MillKe01,Kendre Miller,2023,71,3,NOR,NA,NA,Good
Riley Moss,CB,Iowa,76.3,82.5,70.4,riley moss,CB,MossRi00,Riley Moss,2023,83,3,DEN,NA,NA,Good
Daiyan Henley,LB,Washington State,77.6,78.9,72.7,daiyan henley,LB,HenlDa00,Daiyan Henley,2023,85,3,LAC,NA,NA,Good
Ji'Ayir Brown,SAF,Penn State,78.5,56.3,89.1,jiayir brown,S,BrowJi01,Ji'Ayir Brown,2023,87,3,SFO,NA,NA,Good
Tank Bigsby,RB,Auburn,73.9,67.3,71.3,tank bigsby,RB,BigsTa00,Tank Bigsby,2023,88,3,JAX,NA,NA,Good
DeMarvion Overshown,LB,Texas,74.6,78,69.7,demarvion overshown,LB,OverDe00,DeMarvion Overshown,2023,90,3,DAL,NA,NA,Good
Dorian Williams,LB,Tulane,73.6,81.1,64.9,dorian williams,LB,WillDo04,Dorian Williams,2023,91,3,BUF,NA,NA,Good
Darnell Washington,TE,Georgia,84.8,91,74.7,darnell washington,TE,WashDa03,Darnell Washington,2023,93,3,PIT,NA,NA,Good
Michael Wilson,WR,Stanford,69,72,65.3,michael wilson,WR,WilsMi02,Michael Wilson,2023,94,3,ARI,NA,NA,Average
Jordan Battle,SAF,Alabama,78.5,74.1,75.7,jordan battle,S,BattJo00,Jordan Battle,2023,95,3,CIN,NA,NA,Good
Siaki Ika,DT,Baylor,NA,NA,NA,siaki ika,DL,IkaxSi00,Siaki Ika,2023,98,3,CLE,NA,NA,Below Avg
Tre Tucker,WR,Cincinnati,73.3,87.8,57.9,tre tucker,WR,TuckTr00,Tre Tucker,2023,100,3,LVR,NA,NA,Good
Cameron Latu,TE,Alabama,72.8,78.6,62.8,cameron latu,TE,LatuCa01,Cameron Latu,2023,101,3,SFO,NA,NA,Good
Mekhi Blackmon,DB,USC,72,72.5,67.9,mekhi blackmon,CB,BlacMe00,Mekhi Blackmon,2023,102,3,MIN,NA,NA,Good
Nick Saldiveri,G,Old Dominion,NA,NA,NA,nick saldiveri,IOL,SaldNi00,Nick Saldiveri,2023,103,4,NOR,NA,NA,Below Avg
Clark Phillips,CB,Utah,74.8,62.5,77.2,clark phillips,CB,PhilCl00,Clark Phillips,2023,113,4,ATL,NA,NA,Good
Sidy Sow,G,Eastern Michigan,66.4,85.8,52.2,sidy sow,IOL,SowxSi00,Sidy Sow,2023,117,4,NWE,NA,NA,Average
Ventrell Miller,LB,Florida,62.6,60.7,66.4,ventrell miller,LB,MillVe00,Ventrell Miller,2023,121,4,JAX,NA,NA,Average
Jon Gaines,G,UCLA,70,97.5,50,jon gaines,IOL,GainJo00,Jon Gaines,2023,122,4,ARI,NA,NA,Good
Cameron Young,NT,Mississippi State,NA,NA,NA,cameron young,DL,YounCa00,Cameron Young,2023,123,4,SEA,NA,NA,Below Avg
Derius Davis,WR,TCU,69.6,82,54.6,derius davis,WR,DaviDe02,Derius Davis,2023,125,4,LAC,NA,NA,Average
Isaiah McGuire,DE,Missouri,71.2,72.1,73.3,isaiah mcguire,EDGE,McGuIs00,Isaiah McGuire,2023,126,4,CLE,NA,NA,Good
Viliami Fehoko,DE,San Jose State,68.9,80.5,69.3,viliami fehoko,EDGE,FehoVi00,Viliami Fehoko,2023,129,4,DAL,NA,NA,Average
Charlie Jones,WR,Purdue,76.9,78.6,80.7,charlie jones,WR,JoneCh11,Charlie Jones,2023,131,4,CIN,NA,NA,Good
Nick Herbig,LB,Wisconsin,75.6,70.7,81.6,nick herbig,LB,HerbNi00,Nick Herbig,2023,132,4,PIT,NA,NA,Good
Jay Ward,SAF,LSU,69.4,76.5,64,jay ward,S,WardJa00,Jay Ward,2023,134,4,MIN,NA,NA,Average
Aidan O'Connell,QB,Purdue,56.9,59,59.4,aidan oconnell,QB,OConAi00,Aidan O'Connell,2023,135,4,LVR,NA,NA,Below Avg
Yasir Abdullah,LB,Louisville,69.1,78.2,70.2,yasir abdullah,LB,AbduYa00,Yasir Abdullah,2023,136,5,JAX,NA,NA,Average
K.J. Henry,DE,Clemson,68.3,62.5,61.3,kj henry,EDGE,HenrKJ00,K.J. Henry,2023,137,5,WAS,NA,NA,Average
Clayton Tune,QB,Houston,76.7,89.2,74.6,clayton tune,QB,TuneCl00,Clayton Tune,2023,139,5,ARI,NA,NA,Good
Dorian Thompson-Robinson,QB,UCLA,71.2,76.9,70.4,dorian thompsonrobinson,QB,ThomDo02,Dorian Thompson-Robinson,2023,140,5,CLE,NA,NA,Good
Jaquelin Roy,DT,LSU,NA,NA,NA,jaquelin roy,DL,RoyxJa00,Jaquelin Roy,2023,141,5,MIN,NA,NA,Below Avg
Cameron Mitchell,DB,Northwestern,68.3,78.7,59.4,cameron mitchell,CB,MitcCa01,Cameron Mitchell,2023,142,5,CLE,NA,NA,Average
Atonio Mafi,G,UCLA,NA,NA,NA,atonio mafi,IOL,MafiAt00,Atonio Mafi,2023,144,5,NWE,NA,NA,Below Avg
Jammie Robinson,SAF,Florida State,75,57.5,79.8,jammie robinson,S,RobiJa03,Jammie Robinson,2023,145,5,CAR,NA,NA,Good
Jordan Howden,SAF,Minnesota,58.4,75.4,53.7,jordan howden,S,HowdJo00,Jordan Howden,2023,146,5,NOR,NA,NA,Below Avg
Josh Whyle,TE,Cincinnati,75.6,75.6,72.8,josh whyle,TE,WhylJo01,Josh Whyle,2023,147,5,TEN,NA,NA,Good
Justin Shorter,TE,Florida,58.1,69.2,55.6,justin shorter,TE,ShorJu00,Justin Shorter,2023,150,5,BUF,NA,NA,Below Avg
Mike Morris,DE,Michigan,76.1,58.3,75.5,mike morris,EDGE,MorrMi00,Mike Morris,2023,151,5,SEA,NA,NA,Good
Colby Sorsdal,G,William & Mary,NA,NA,NA,colby sorsdal,IOL,SorsCo00,Colby Sorsdal,2023,152,5,DET,NA,NA,Below Avg
Olusegun Oluwatimi,C,Michigan,75.7,74.2,68.5,olusegun oluwatimi,IOL,OluwOl00,Olusegun Oluwatimi,2023,154,5,SEA,NA,NA,Good
Darrell Luter,CB,South Alabama,57.8,63.9,54.6,darrell luter,CB,LuteDa00,Darrell Luter,2023,155,5,SFO,NA,NA,Below Avg
Jordan McFadden,G,Clemson,64.6,74.1,57.3,jordan mcfadden,IOL,McFaJo00,Jordan McFadden,2023,156,5,LAC,NA,NA,Average
Antonio Johnson,DB,Texas A&M,78.8,59,79.8,antonio johnson,CB,JohnAn07,Antonio Johnson,2023,160,5,JAX,NA,NA,Good
Chase Brown,RB,Illinois,76.2,84.4,68,chase brown,RB,BrowCh10,Chase Brown,2023,163,5,CIN,NA,NA,Good
Jaren Hall,QB,BYU,NA,NA,NA,jaren hall,QB,HallJa00,Jaren Hall,2023,164,5,MIN,NA,NA,Below Avg
Henry To'oTo'o,LB,Alabama,75.8,64.7,74.9,henry tootoo,LB,TooTHe00,Henry To'oTo'o,2023,167,5,HOU,NA,NA,Good
Owen Pappoe,LB,Auburn,77.1,89,68,owen pappoe,LB,PappOw00,Owen Pappoe,2023,168,5,ARI,NA,NA,Good
Asim Richards,OT,North Carolina,72.1,78.6,60.1,asim richards,OT,RichAs00,Asim Richards,2023,169,5,DAL,NA,NA,Good
Christopher Smith,S,Georgia,72.9,54.4,78.1,christopher smith,S,SmitCh04,Christopher Smith,2023,170,5,LVR,NA,NA,Good
Robert Beal,DE,Georgia,61.2,73.6,51.3,robert beal,EDGE,BealRo00,Robert Beal,2023,173,5,SFO,NA,NA,Average
Eric Scott,CB,Southern Mississippi,NA,NA,NA,eric scott,CB,ScotEr00,Eric Scott,2023,178,6,DAL,NA,NA,Below Avg
JL Skinner,SAF,Boise State,78.5,77.6,71.8,jl skinner,S,SkinJL00,JL Skinner,2023,183,6,DEN,NA,NA,Good
Parker Washington,WR,Penn State,73.9,74.4,65.8,parker washington,WR,WashPa01,Parker Washington,2023,185,6,JAX,NA,NA,Good
Jaelyn Duncan,OT,Maryland,75,82.3,66.8,jaelyn duncan,OT,DuncJa00,Jaelyn Duncan,2023,186,6,TEN,NA,NA,Good
Kayshon Boutte,WR,LSU,71.8,60.3,66.8,kayshon boutte,WR,BoutKa00,Kayshon Boutte,2023,187,6,NWE,NA,NA,Good
Luke Wypler,C,Ohio State,79.4,81.6,73.2,luke wypler,IOL,WyplLu00,Luke Wypler,2023,190,6,CLE,NA,NA,Good
Chris Rodriguez,RB,Kentucky,71.2,67.8,71.2,chris rodriguez,RB,RodrCh00,Chris Rodriguez,2023,193,6,WAS,NA,NA,Good
A.T. Perry,WR,Wake Forest,78.6,72.5,81.3,at perry,WR,PerrAT00,A.T. Perry,2023,195,6,NOR,NA,NA,Good
Jerrick Reed,SAF,New Mexico,NA,NA,NA,jerrick reed,S,ReedJe00,Jerrick Reed,2023,198,6,SEA,NA,NA,Below Avg
Scott Matlock,DT,Boise State,NA,NA,NA,scott matlock,DL,MatlSc00,Scott Matlock,2023,200,6,LAC,NA,NA,Below Avg
Jarrett Patterson,C,Notre Dame,70.4,63,67.8,jarrett patterson,IOL,PattJa03,Jarrett Patterson,2023,201,6,HOU,NA,NA,Good
Christian Braswell,CB,Rutgers,NA,NA,NA,christian braswell,CB,BrasCh00,Christian Braswell,2023,202,6,JAX,NA,NA,Below Avg
Amari Burney,LB,Florida,NA,NA,NA,amari burney,LB,BurnAm00,Amari Burney,2023,203,6,LVR,NA,NA,Below Avg
Xavier Hutchinson,WR,Iowa State,74,69,76.2,xavier hutchinson,WR,HutcXa00,Xavier Hutchinson,2023,205,6,HOU,NA,NA,Good
Andrei Iosivas,WR,Princeton,73.3,84.4,60.8,andrei iosivas,WR,IosiAn00,Andrei Iosivas,2023,206,6,CIN,NA,NA,Good
Erick Hallett,DB,Pittsburgh,NA,NA,NA,erick hallett,CB,HallEr00,Erick Hallett,2023,208,6,JAX,NA,NA,Below Avg
DeMario Douglas,WR,Liberty,68.4,76.9,65.8,demario douglas,WR,DougDe00,DeMario Douglas,2023,210,6,NWE,NA,NA,Average
Deuce Vaughn,RB,Kansas State,71.8,69.4,71.6,deuce vaughn,RB,VaugDe00,Deuce Vaughn,2023,212,6,DAL,NA,NA,Good
Dante Stills,DT,West Virginia,69.1,74.3,65.9,dante stills,DL,StilDa01,Dante Stills,2023,213,6,ARI,NA,NA,Average
Ameer Speed,DB,Michigan State,NA,NA,NA,ameer speed,CB,SpeeAm00,Ameer Speed,2023,214,6,NWE,NA,NA,Below Avg
Dee Winters,LB,TCU,67.8,73,62.3,dee winters,LB,WintDe00,Dee Winters,2023,216,6,SFO,NA,NA,Average
Antoine Green,WR,North Carolina,NA,NA,NA,antoine green,WR,GreeAn00,Antoine Green,2023,219,7,DET,NA,NA,Below Avg
DeMarcco Hellams,SAF,Alabama,64.1,59.6,66.9,demarcco hellams,S,HellDe00,DeMarcco Hellams,2023,224,7,ATL,NA,NA,Average
Jovaughn Gwyn,G,South Carolina,60.2,63.8,50,jovaughn gwyn,IOL,GwynJo00,Jovaughn Gwyn,2023,225,7,ATL,NA,NA,Average
Cooper Hodges,OT,Appalachian State,NA,NA,NA,cooper hodges,OT,HodgCo00,Cooper Hodges,2023,226,7,JAX,NA,NA,Below Avg
Colton Dowell,WR,Tennessee-Martin,NA,NA,NA,colton dowell,WR,DoweCo00,Colton Dowell,2023,228,7,TEN,NA,NA,Below Avg
Nick Broeker,G,Mississippi,69.2,69,63.1,nick broeker,IOL,BroeNi00,Nick Broeker,2023,230,7,BUF,NA,NA,Average
Nesta Jade Silvera,DT,Arizona State,59.8,70.9,58.9,nesta jade silvera,DL,JadeNe00,Nesta Jade Silvera,2023,231,7,LVR,NA,NA,Below Avg
Andre Jones,DE,Louisiana-Lafayette,55.3,55.6,52.5,andre jones,EDGE,JoneAn02,Andre Jones,2023,233,7,WAS,NA,NA,Below Avg
Kenny McIntosh,RB,Georgia,NA,NA,NA,kenny mcintosh,RB,McInKe00,Kenny McIntosh,2023,237,7,SEA,NA,NA,Below Avg
Max Duggan,QB,TCU,NA,NA,NA,max duggan,QB,DuggMa00,Max Duggan,2023,239,7,LAC,NA,NA,Below Avg
Derek Parish,RB,Houston,NA,NA,NA,derek parish,RB,PariDe00,Derek Parish,2023,240,7,JAX,NA,NA,Below Avg
Cory Trice,CB,Purdue,NA,NA,NA,cory trice,CB,TricCo00,Cory Trice,2023,241,7,PIT,NA,NA,Below Avg
Jalen Brooks,WR,South Carolina,51.9,55.6,50,jalen brooks,WR,BrooJa03,Jalen Brooks,2023,244,7,DAL,NA,NA,Below Avg
Isaiah Bolden,CB,Jackson State University,NA,NA,NA,isaiah bolden,CB,BoldIs00,Isaiah Bolden,2023,245,7,NWE,NA,NA,Below Avg
DJ Ivey,DB,Miami,NA,NA,NA,dj ivey,CB,IveyDJ00,DJ Ivey,2023,246,7,CIN,NA,NA,Below Avg
Brayden Willis,TE,Oklahoma,62.7,64.2,61.6,brayden willis,TE,WillBr06,Brayden Willis,2023,247,7,SFO,NA,NA,Average
Brandon Hill,SAF,Pittsburgh,NA,NA,NA,brandon hill,S,HillBr03,Brandon Hill,2023,248,7,HOU,NA,NA,Below Avg
Spencer Anderson,G,Maryland,NA,NA,NA,spencer anderson,IOL,AndeSp00,Spencer Anderson,2023,251,7,PIT,NA,NA,Below Avg
Alex Austin,DB,Oregon State,60.4,59.1,59,alex austin,CB,AustAl00,Alex Austin,2023,252,7,BUF,NA,NA,Average
Ronnie Bell,WR,Michigan,67.6,71.7,62.5,ronnie bell,WR,BellRo01,Ronnie Bell,2023,253,7,SFO,NA,NA,Average
Jalen Graham,LB,Purdue,59,60.9,54.4,jalen graham,LB,GrahJa02,Jalen Graham,2023,255,7,SFO,NA,NA,Below Avg
Alex Forsyth,C,Oregon,55,55.8,57.3,alex forsyth,IOL,ForsAl00,Alex Forsyth,2023,257,7,DEN,NA,NA,Below Avg
Darnell Wright,OT,Tennessee,83.6,85.2,78,darnell wright,OT,WrigDa00,Darnell Wright,2023,10,1,CHI,NA,NA,Good
Dalton Kincaid,TE,Utah,87.9,77.1,90.4,dalton kincaid,TE,KincDa00,Dalton Kincaid,2023,25,1,BUF,NA,NA,Good
Anton Harrison,OT,Oklahoma,82.2,80.9,77,anton harrison,OT,HarrAn00,Anton Harrison,2023,27,1,JAX,NA,NA,Good
Brenton Strange,TE,Penn State,66.2,77.3,65.5,brenton strange,TE,StraBr00,Brenton Strange,2023,61,2,JAX,NA,NA,Average
Juice Scruggs,C,Penn State,61,70.6,55.1,juice scruggs,IOL,ScruJu00,Juice Scruggs,2023,62,2,HOU,NA,NA,Average
Zacch Pickens,DT,South Carolina,67.4,74.1,63.4,zacch pickens,DL,PickZa00,Zacch Pickens,2023,64,3,CHI,NA,NA,Average
Jalin Hyatt,WR,Tennessee,88.8,89.2,88.4,jalin hyatt,WR,HyatJa00,Jalin Hyatt,2023,73,3,NYG,NA,NA,Good
Brodric Martin,DT,Western Kentucky,NA,NA,NA,brodric martin,DL,MartBr00,Brodric Martin,2023,96,3,DET,NA,NA,Below Avg
Tyler Lacy,DE,Oklahoma State,69.7,77.3,65.4,tyler lacy,EDGE,LacyTy00,Tyler Lacy,2023,130,4,JAX,NA,NA,Average
Tyler Scott,WR,Cincinnati,78.1,82.9,70.2,tyler scott,WR,ScotTy00,Tyler Scott,2023,133,4,CHI,NA,NA,Good
Marvin Mims,WR,Oklahoma,78.8,84.1,71.9,marvin mims,WR,MimsMa00,Marvin Mims,2023,63,2,DEN,NA,NA,Good
Tank Dell,WR,Houston,NA,NA,NA,tank dell,WR,DellNa00,Tank Dell,2023,69,3,HOU,NA,NA,Below Avg
Byron Young,DT,Alabama,66.3,65.2,67,byron young,DL,YounBy00,Byron Young,2023,70,3,LVR,NA,NA,Average
Cedric Tillman,WR,Tennessee,77.9,73.4,76,cedric tillman,WR,TillCe01,Cedric Tillman,2023,74,3,CLE,NA,NA,Good
Zach Harrison,DE,Ohio State,72.4,86.1,65.2,zach harrison,EDGE,HarrZa00,Zach Harrison,2023,75,3,ATL,NA,NA,Good
Wanya Morris,OT,Oklahoma,73.3,77.4,65.8,wanya morris,OT,MorrWa01,Wanya Morris,2023,92,3,KAN,NA,NA,Good
Chamarri Conner,DB,Virginia Tech,66.4,77.6,57.8,chamarri conner,CB,ConnCh01,Chamarri Conner,2023,119,4,KAN,NA,NA,Average
BJ Thompson,DE,Stephen F. Austin State,NA,NA,NA,bj thompson,EDGE,ThomBJ00,BJ Thompson,2023,166,5,KAN,NA,NA,Below Avg
Kei'Trel Clark,CB,Louisville,71.4,79.6,60.5,keitrel clark,CB,ClarKe02,Kei'Trel Clark,2023,180,6,ARI,NA,NA,Good
Keondre Coburn,DT,Texas,67.3,62.2,65.8,keondre coburn,DL,CobuKe00,Keondre Coburn,2023,194,6,KAN,NA,NA,Average
Nic Jones,CB,Ball State,59.9,62,53.6,nic jones,CB,JoneNi00,Nic Jones,2023,250,7,KAN,NA,NA,Below Avg
Jordan Addison,WR,USC,83.7,65.9,91.3,jordan addison,WR,AddiJo00,Jordan Addison,2023,23,1,MIN,NA,NA,Good
Bryan Bresee,DT,Clemson,77.1,73.8,73.6,bryan bresee,DL,BresBr00,Bryan Bresee,2023,29,1,NOR,NA,NA,Good
Tucker Kraft,TE,South Dakota State,80.4,82.1,74.9,tucker kraft,TE,KrafTu00,Tucker Kraft,2023,78,3,GNB,NA,NA,Good
Josh Downs,WR,North Carolina,85.7,76.6,88.3,josh downs,WR,DownJo00,Josh Downs,2023,79,3,IND,NA,NA,Good
Jake Haener,QB,Fresno State,76.4,76.4,76.2,jake haener,QB,HaenJa00,Jake Haener,2023,127,4,NOR,NA,NA,Good
Deonte Banks,CB,Maryland,86.9,98.3,71.8,deonte banks,CB,BankDe00,Deonte Banks,2023,24,1,NYG,NA,NA,Good
Tyler Steen,OT,Alabama,73,77.5,66.1,tyler steen,OT,SteeTy00,Tyler Steen,2023,65,3,PHI,NA,NA,Good
Sydney Brown,SAF,Illinois,75.2,89.3,66,sydney brown,S,BrowSy00,Sydney Brown,2023,66,3,PHI,NA,NA,Good
Drew Sanders,LB,Arkansas,NA,NA,NA,drew sanders,LB,SandDr00,Drew Sanders,2023,67,3,DEN,NA,NA,Below Avg
Carter Warren,OT,Pittsburgh,66.8,71.5,57.7,carter warren,OT,WarrCa00,Carter Warren,2023,120,4,NYJ,NA,NA,Average
Felix Anudike-Uzomah,DE,Kansas State,75.6,69.8,77.3,felix anudikeuzomah,EDGE,AnudFe00,Felix Anudike-Uzomah,2023,31,1,KAN,NA,NA,Good
Garrett Williams,CB,Syracuse,78.7,77,74.8,garrett williams,CB,WillGa00,Garrett Williams,2023,72,3,ARI,NA,NA,Good
Dylan Horton,DE,TCU,69.5,77,61.2,dylan horton,EDGE,HortDy00,Dylan Horton,2023,109,4,HOU,NA,NA,Average
Braeden Daniels,G,Utah,73,80.2,63.1,braeden daniels,IOL,DaniBr00,Braeden Daniels,2023,118,4,WAS,NA,NA,Good
Nolan Smith,LB,Georgia,78.4,85,77.6,nolan smith,LB,SmitNo02,Nolan Smith,2023,30,1,PHI,NA,NA,Good
Dawand Jones,OT,Ohio State,75.5,65.6,75.9,dawand jones,OT,JoneDa07,Dawand Jones,2023,111,4,CLE,NA,NA,Good
Jack Campbell,LB,Iowa,81.8,89.5,73.5,jack campbell,LB,CampJa04,Jack Campbell,2023,18,1,DET,NA,NA,Good
John Michael Schmitz,C,Minnesota,83.7,72.7,80.1,john michael schmitz,IOL,MichJo00,John Michael Schmitz,2023,57,2,NYG,NA,NA,Good
Anthony Bradford,G,LSU,65.2,81,53.3,anthony bradford,IOL,BradAn00,Anthony Bradford,2023,108,4,SEA,NA,NA,Average
Roschon Johnson,RB,Texas,67.1,73,61.6,roschon johnson,RB,JohnRo07,Roschon Johnson,2023,115,4,CHI,NA,NA,Average
Jake Andrews,C,Troy,66.2,69.4,59.1,jake andrews,IOL,AndrJa00,Jake Andrews,2023,107,4,NWE,NA,NA,Average
Adetomiwa Adebawore,DT,Northwestern,67.5,96.9,59.5,adetomiwa adebawore,DL,AdebAd00,Adetomiwa Adebawore,2023,110,4,IND,NA,NA,Average
Tyjae Spears,RB,Tulane,86.6,77.4,88,tyjae spears,RB,SpeaTy00,Tyjae Spears,2023,81,3,TEN,NA,NA,Good
Peter Skoronski,OT,Northwestern,89.4,84,89.2,peter skoronski,OT,SkorPe00,Peter Skoronski,2023,11,1,TEN,NA,NA,Good
De'Von Achane,RB,Texas A&M,78.3,79.3,72.6,devon achane,RB,AchaDe00,De'Von Achane,2023,84,3,MIA,NA,NA,Good
Elijah Higgins,TE,Stanford,70.7,76.4,58.7,elijah higgins,TE,HiggEl00,Elijah Higgins,2023,197,6,MIA,NA,NA,Good
Ryan Hayes,OT,Michigan,71.4,74.7,60.9,ryan hayes,OT,HayeRy00,Ryan Hayes,2023,238,7,MIA,NA,NA,Good
DeWayne McBride,RB,UAB,NA,NA,NA,dewayne mcbride,RB,McBrDe00,DeWayne McBride,2023,222,7,MIN,NA,NA,Below Avg
Derick Hall,LB,Auburn,73.9,81.4,76.9,derick hall,LB,HallDe04,Derick Hall,2023,37,2,SEA,NA,NA,Good
SirVocea Dennis,LB,Pittsburgh,65.8,63,66.9,sirvocea dennis,LB,DennSi00,SirVocea Dennis,2023,153,5,TAM,NA,NA,Average
Payne Durham,TE,Purdue,71.1,71.8,69.3,payne durham,TE,DurhPa00,Payne Durham,2023,171,5,TAM,NA,NA,Good
Josh Hayes,DB,Kansas State,NA,NA,NA,josh hayes,CB,HayeJo01,Josh Hayes,2023,181,6,TAM,NA,NA,Below Avg
Trey Palmer,WR,Nebraska,75.5,81.9,71.4,trey palmer,WR,PalmTr00,Trey Palmer,2023,191,6,TAM,NA,NA,Good
Jose Ramirez,LB,Eastern Michigan,61.6,70.3,65.7,jose ramirez,LB,RamiJo00,Jose Ramirez,2023,196,6,TAM,NA,NA,Average
Marte Mapu,LB,Sacramento State,NA,NA,NA,marte mapu,LB,MapuMa00,Marte Mapu,2023,76,3,NWE,NA,NA,Below Avg
Steve Avila,G,TCU,79.7,78.8,76.5,steve avila,IOL,AvilSt00,Steve Avila,2023,36,2,LAR,NA,NA,Good
Jason Taylor,FS,Oklahoma State,NA,NA,NA,jason taylor,S,TaylJa05,Jason Taylor,2023,234,7,LAR,NA,NA,Below Avg
Desjuan Johnson,DE,Toledo,NA,NA,NA,desjuan johnson,EDGE,JohnDe08,Desjuan Johnson,2023,259,7,LAR,NA,NA,Below Avg
Jonathan Mingo,WR,Mississippi,76.7,84.5,66.3,jonathan mingo,WR,MingJo00,Jonathan Mingo,2023,39,2,CAR,NA,NA,Good
Calijah Kancey,DT,Pittsburgh,82.2,93.6,77,calijah kancey,DL,KancCa00,Calijah Kancey,2023,19,1,TAM,NA,NA,Good
Zay Flowers,WR,Boston College,81.7,75.7,81.3,zay flowers,WR,FlowZa00,Zay Flowers,2023,22,1,BAL,NA,NA,Good
Sam LaPorta,TE,Iowa,82.1,86.3,72.3,sam laporta,TE,LaPoSa01,Sam LaPorta,2023,34,2,DET,NA,NA,Good
Michael Mayer,TE,Notre Dame,82.7,71.3,84.6,michael mayer,TE,MayeMi00,Michael Mayer,2023,35,2,LVR,NA,NA,Good
Rashee Rice,WR,SMU,83.8,86.2,79.3,rashee rice,WR,RiceRa01,Rashee Rice,2023,55,2,KAN,NA,NA,Good
YaYa Diaby,LB,Louisville,69.3,89.8,63.8,yaya diaby,LB,DiabYa00,YaYa Diaby,2023,82,3,TAM,NA,NA,Average
Gervon Dexter,DT,Florida,70.4,71.7,69,gervon dexter,DL,DextGe00,Gervon Dexter,2023,53,2,CHI,NA,NA,Good
Tyrique Stevenson,CB,Miami,76.1,76.9,72.6,tyrique stevenson,CB,StevTy01,Tyrique Stevenson,2023,56,2,CHI,NA,NA,Good
Jakorian Bennett,DB,Maryland,74.3,95.8,62.9,jakorian bennett,CB,BennJa00,Jakorian Bennett,2023,104,4,LVR,NA,NA,Good
Davis Allen,TE,Clemson,62.4,70.1,71.1,davis allen,TE,AlleDa02,Davis Allen,2023,175,5,LAR,NA,NA,Average
Puka Nacua,WR,BYU,72.8,75.3,72,puka nacua,WR,NacuPu00,Puka Nacua,2023,177,5,LAR,NA,NA,Good
Nick Hampton,LB,Appalachian State,72.2,69.8,68.6,nick hampton,LB,HampNi00,Nick Hampton,2023,161,5,LAR,NA,NA,Good
Warren McClendon,OT,Georgia,72.5,78.4,61.5,warren mcclendon,OT,McClWa00,Warren McClendon,2023,174,5,LAR,NA,NA,Good
Stetson Bennett,QB,Georgia,75.5,72,80.6,stetson bennett,QB,BennSt00,Stetson Bennett,2023,128,4,LAR,NA,NA,Good
Will Anderson,DE,Alabama,94.1,76.4,99,will anderson,EDGE,AndeWi01,Will Anderson,2023,3,1,HOU,NA,NA,Elite
Broderick Jones,OT,Georgia,85.4,85.2,82.5,broderick jones,OT,JoneBr09,Broderick Jones,2023,14,1,PIT,NA,NA,Good
Keeanu Benton,DT,Wisconsin,68.4,75.6,70.1,keeanu benton,DL,BentKe00,Keeanu Benton,2023,49,2,PIT,NA,NA,Average
Tuli Tuipulotu,LB,USC,70.9,57.4,76.5,tuli tuipulotu,LB,TuipTu00,Tuli Tuipulotu,2023,54,2,LAC,NA,NA,Good
Lukas Van Ness,LB,Iowa,76.3,78.1,73.2,lukas van ness,LB,VanNLu00,Lukas Van Ness,2023,13,1,GNB,NA,NA,Good
Cam Smith,CB,South Carolina,84.8,83.2,80.2,cam smith,CB,SmitCa02,Cam Smith,2023,51,2,MIA,NA,NA,Good
Tre'Vius Tomlinson,CB,TCU,NA,NA,NA,trevius tomlinson,CB,HodgTr00,Tre'Vius Tomlinson,2023,182,6,LAR,NA,NA,Below Avg
Ochaun Mathis,LB,Nebraska,55.7,66.9,53.1,ochaun mathis,LB,MathOc00,Ochaun Mathis,2023,189,6,LAR,NA,NA,Below Avg
Zach Evans,RB,Mississippi,NA,NA,NA,zach evans,RB,EvanZa00,Zach Evans,2023,215,6,LAR,NA,NA,Below Avg
Byron Young,DE,Tennessee,68.7,82.4,66.1,byron young,EDGE,YounBy01,Byron Young,2023,77,3,LAR,NA,NA,Average
Jahmyr Gibbs,RB,Alabama,84.2,81.5,78,jahmyr gibbs,RB,GibbJa01,Jahmyr Gibbs,2023,12,1,DET,NA,NA,Good
Kelee Ringo,CB,Georgia,81.8,80.4,77.4,kelee ringo,CB,RingKe00,Kelee Ringo,2023,105,4,PHI,NA,NA,Good
Brian Branch,CB,Alabama,87.4,66.9,95.8,brian branch,CB,BranBr00,Brian Branch,2023,45,2,DET,NA,NA,Good
Will McDonald,DE,Iowa State,73,74.6,74.9,will mcdonald,EDGE,McDoWi00,Will McDonald,2023,15,1,NYJ,NA,NA,Good
Isaiah Foskey,DE,Notre Dame,75.6,78.9,76.4,isaiah foskey,EDGE,FoskIs00,Isaiah Foskey,2023,40,2,NOR,NA,NA,Good
Luke Musgrave,TE,Oregon State,83.7,85.7,67.9,luke musgrave,TE,MusgLu00,Luke Musgrave,2023,42,2,GNB,NA,NA,Good
Joe Tippmann,C,Wisconsin,87.3,76.6,77.6,joe tippmann,IOL,TippJo00,Joe Tippmann,2023,43,2,NYJ,NA,NA,Good
Jayden Reed,WR,Michigan State,71.3,69,69.3,jayden reed,WR,ReedJa03,Jayden Reed,2023,50,2,GNB,NA,NA,Good
Christian Gonzalez,CB,Oregon,91.7,88.4,85.2,christian gonzalez,CB,GonzCh00,Christian Gonzalez,2023,17,1,NWE,NA,NA,Elite
Keion White,DE,Georgia Tech,79.8,84.4,75,keion white,EDGE,WhitKe03,Keion White,2023,46,2,NWE,NA,NA,Good
Quan Martin,CB,Illinois,74.4,84.1,61.9,quan martin,CB,MartJa04,Quan Martin,2023,47,2,WAS,NA,NA,Good
Bryce Young,QB,Alabama,92,81.9,99,bryce young,QB,YounBr01,Bryce Young,2023,1,1,CAR,NA,NA,Elite
Emmanuel Forbes,CB,Mississippi State,87.8,86.2,80.9,emmanuel forbes,CB,ForbEm00,Emmanuel Forbes,2023,16,1,WAS,NA,NA,Good
Will Levis,QB,Kentucky,NA,NA,NA,will levis,QB,LeviWi00,Will Levis,2023,33,2,TEN,NA,NA,Below Avg
BJ Ojulari,LB,LSU,77.3,75.2,80.4,bj ojulari,LB,OjulBJ00,BJ Ojulari,2023,41,2,ARI,NA,NA,Good
Julius Brents,CB,Kansas State,78.5,78,75.4,julius brents,CB,BrenJu00,Julius Brents,2023,44,2,IND,NA,NA,Good
Cody Mauch,G,North Dakota State,83.4,83.2,77.3,cody mauch,IOL,MaucCo00,Cody Mauch,2023,48,2,TAM,NA,NA,Good
Blake Freeland,OT,BYU,77.1,87.7,68.5,blake freeland,OT,FreeBl00,Blake Freeland,2023,106,4,IND,NA,NA,Good
C.J. Stroud,QB,Ohio State,85.4,73.1,97.1,cj stroud,QB,StroCJ00,C.J. Stroud,2023,2,1,HOU,NA,NA,Good
Anthony Richardson,QB,Florida,81.7,99,69.7,anthony richardson,QB,RichAn03,Anthony Richardson,2023,4,1,IND,NA,NA,Good
Zach Charbonnet,RB,UCLA,83.4,75.7,82,zach charbonnet,RB,CharZa00,Zach Charbonnet,2023,52,2,SEA,NA,NA,Good
Joey Porter Jr.,CB,Penn State,81.1,78,77.2,joey porter jr,CB,PortJo02,Joey Porter Jr.,2023,32,2,PIT,NA,NA,Good
Devon Witherspoon,CB,Illinois,84.3,72.3,85.1,devon witherspoon,CB,WithDe00,Devon Witherspoon,2023,5,1,SEA,NA,NA,Good
Nate Wiggins,CB,Clemson,79,70.5,75.8,nate wiggins,CB,WiggNa00,Nate Wiggins,2024,30,1,BAL,NA,NA,Good
T.J. Tampa,CB,Iowa State,74.3,60.4,77.4,tj tampa,CB,TampTJ00,T.J. Tampa,2024,130,4,BAL,NA,NA,Good
Sanoussi Kane,SAF,Purdue,NA,NA,NA,sanoussi kane,S,KaneSa00,Sanoussi Kane,2024,250,7,BAL,NA,NA,Below Avg
Johnny Wilson,WR,Florida State,75,85,65.5,johnny wilson,WR,WilsJo03,Johnny Wilson,2024,185,6,PHI,NA,NA,Good
Nick Samac,C,Michigan State,62.1,71.8,59.7,nick samac,IOL,SamaNi00,Nick Samac,2024,228,7,BAL,NA,NA,Average
Michael Pratt,QB,Tulane,NA,NA,NA,michael pratt,QB,PratMi00,Michael Pratt,2024,245,7,GNB,NA,NA,Below Avg
Kalen King,CB,Penn State,68.5,65.7,62.3,kalen king,CB,KingKa00,Kalen King,2024,255,7,GNB,NA,NA,Average
Byron Murphy,DT,Texas,83.7,86.4,81.9,byron murphy,DL,MurpBy01,Byron Murphy,2024,16,1,SEA,NA,NA,Good
Trevor Keegan,G,Michigan,68.2,72.2,62.6,trevor keegan,IOL,KeegTr00,Trevor Keegan,2024,172,5,PHI,NA,NA,Average
Malik Nabers,WR,LSU,93,81.5,92.6,malik nabers,WR,NabeMa00,Malik Nabers,2024,6,1,NYG,NA,NA,Elite
Brock Bowers,TE,Georgia,85.5,72.2,92.6,brock bowers,TE,BoweBr01,Brock Bowers,2024,13,1,LVR,NA,NA,Good
Taliese Fuaga,OT,Oregon State,82.8,82.8,78.3,taliese fuaga,OT,FuagTa00,Taliese Fuaga,2024,14,1,NOR,NA,NA,Good
Laiatu Latu,DE,UCLA,85.3,75.3,91.7,laiatu latu,EDGE,LatuLa00,Laiatu Latu,2024,15,1,IND,NA,NA,Good
Tyler Guyton,OT,Oklahoma,80.6,83.1,76.3,tyler guyton,OT,GuytTy00,Tyler Guyton,2024,29,1,DAL,NA,NA,Good
Xavier Legette,WR,South Carolina,79.8,83.5,73.7,xavier legette,WR,LegeXa00,Xavier Legette,2024,32,1,CAR,NA,NA,Good
Kamari Lassiter,CB,Georgia,72.3,58.4,72.3,kamari lassiter,CB,LassKa00,Kamari Lassiter,2024,42,2,HOU,NA,NA,Good
Jonathon Brooks,RB,Texas,NA,NA,NA,jonathon brooks,RB,BrooJo02,Jonathon Brooks,2024,46,2,CAR,NA,NA,Below Avg
Renardo Green,CB,Florida State,64.9,63.8,62.6,renardo green,CB,GreeRe00,Renardo Green,2024,64,2,SFO,NA,NA,Average
Junior Colson,LB,Michigan,75.7,72.7,71.1,junior colson,LB,ColsJu00,Junior Colson,2024,69,3,LAC,NA,NA,Good
Trevin Wallace,LB,Kentucky,74.4,84.7,64.3,trevin wallace,LB,WallTr00,Trevin Wallace,2024,72,3,CAR,NA,NA,Good
Cooper Beebe,G,Kansas State,85.4,93.9,82.4,cooper beebe,IOL,BeebCo00,Cooper Beebe,2024,73,3,DAL,NA,NA,Good
Zak Zinter,G,Michigan,76.2,72.7,73.6,zak zinter,IOL,ZintZa00,Zak Zinter,2024,85,3,CLE,NA,NA,Good
Dominick Puni,OT,Kansas,74.3,73.5,74.2,dominick puni,OT,PuniDo00,Dominick Puni,2024,86,3,SFO,NA,NA,Good
Marist Liufau,LB,Notre Dame,69.7,67.2,64.2,marist liufau,LB,LiufMa00,Marist Liufau,2024,87,3,DAL,NA,NA,Average
Jarrian Jones,CB,Florida State,70.1,82.6,59.4,jarrian jones,CB,JoneJa14,Jarrian Jones,2024,96,3,JAX,NA,NA,Good
McKinnley Jackson,DT,Texas A&M,61.7,55.7,63.3,mckinnley jackson,DL,JackMc00,McKinnley Jackson,2024,97,3,CIN,NA,NA,Average
Luke McCaffrey,WR,Rice,73.8,77.9,70,luke mccaffrey,WR,McCaLu00,Luke McCaffrey,2024,100,3,WAS,NA,NA,Good
Ja'Tavion Sanders,TE,Texas,77.9,64.1,79,jatavion sanders,TE,SandJa01,Ja'Tavion Sanders,2024,101,4,CAR,NA,NA,Good
Decamerion Richardson,CB,Mississippi State,68.3,77.6,66.8,decamerion richardson,CB,RichDe01,Decamerion Richardson,2024,112,4,LVR,NA,NA,Average
Cade Stover,TE,Ohio State,74.8,77,66.9,cade stover,TE,StovCa00,Cade Stover,2024,123,4,HOU,NA,NA,Good
Malik Mustapha,SAF,Wake Forest,72.4,82.8,65.6,malik mustapha,S,MustMa00,Malik Mustapha,2024,124,4,SFO,NA,NA,Good
Bucky Irving,RB,Oregon,74.9,63.2,78.6,bucky irving,RB,IrviBu00,Bucky Irving,2024,125,4,TAM,NA,NA,Good
Isaac Guerendo,RB,Louisville,80,95.3,69,isaac guerendo,RB,GuerIs00,Isaac Guerendo,2024,129,4,SFO,NA,NA,Good
Sione Vaki,RB,Utah,60,65.7,56.8,sione vaki,RB,VakiSi00,Sione Vaki,2024,132,4,DET,NA,NA,Average
Jacob Cowing,WR,Arizona,NA,NA,NA,jacob cowing,WR,CowiJa00,Jacob Cowing,2024,135,4,SFO,NA,NA,Below Avg
Tarheeb Still,DB,Maryland,63.9,62.2,67.5,tarheeb still,CB,StilTa00,Tarheeb Still,2024,137,5,LAC,NA,NA,Average
Xavier Thomas,LB,Clemson,64.4,63.4,63.3,xavier thomas,LB,ThomXa01,Xavier Thomas,2024,138,5,ARI,NA,NA,Average
Jordan Magee,LB,Temple,76.3,83.4,68.5,jordan magee,LB,MageJo00,Jordan Magee,2024,139,5,WAS,NA,NA,Good
Cam Hart,CB,Notre Dame,70.8,70.7,63.2,cam hart,CB,HartCa00,Cam Hart,2024,140,5,LAC,NA,NA,Good
JD Bertrand,LB,Notre Dame,66.5,68.9,63.8,jd bertrand,LB,BertJD00,JD Bertrand,2024,143,5,ATL,NA,NA,Average
Kris Abrams-Draine,CB,Missouri,70.9,56.7,74.5,kris abramsdraine,CB,AbraKr00,Kris Abrams-Draine,2024,145,5,DEN,NA,NA,Good
Jarvis Brownlee,DB,Louisville,66.6,58.9,69.5,jarvis brownlee,CB,BrowJa09,Jarvis Brownlee,2024,146,5,TEN,NA,NA,Average
Audric Estime,RB,Notre Dame,75.9,62.4,82.9,audric estime,RB,EstiAu00,Audric Estime,2024,147,5,DEN,NA,NA,Good
Tommy Eichenberg,LB,Ohio State,68.7,72,65.5,tommy eichenberg,LB,EichTo00,Tommy Eichenberg,2024,148,5,LVR,NA,NA,Average
Josh Newton,CB,TCU,69.6,66.3,66,josh newton,CB,NewtJo00,Josh Newton,2024,149,5,CIN,NA,NA,Average
Spencer Rattler,QB,South Carolina,71.7,62,73.9,spencer rattler,QB,RattSp00,Spencer Rattler,2024,150,5,NOR,NA,NA,Good
Jaylon Carlies,LB,Missouri,70.1,73.5,66.6,jaylon carlies,LB,CarlJa01,Jaylon Carlies,2024,151,5,IND,NA,NA,Good
Deantre Prince,CB,Mississippi,65.7,71.2,64.2,deantre prince,CB,PrinDe01,Deantre Prince,2024,153,5,JAX,NA,NA,Average
Jamari Thrash,WR,Louisville,72.2,67.6,73.2,jamari thrash,WR,ThraJa01,Jamari Thrash,2024,156,5,CLE,NA,NA,Good
Chau Smith-Wade,CB,Washington State,65.5,60.2,65,chau smithwade,CB,SmitCh05,Chau Smith-Wade,2024,157,5,CAR,NA,NA,Average
Dominique Hampton,SAF,Washington,68.7,84.2,55.5,dominique hampton,S,HampDo00,Dominique Hampton,2024,161,5,WAS,NA,NA,Average
Christian Jones,OT,Texas,68.2,72.3,65.8,christian jones,OT,JoneCh12,Christian Jones,2024,162,5,ARI,NA,NA,Average
Jaylin Simpson,CB,Auburn,65.7,73.5,59.4,jaylin simpson,CB,SimpJa00,Jaylin Simpson,2024,164,5,IND,NA,NA,Average
Tyrone Tracy Jr.,RB,Purdue,74.3,88,67.4,tyrone tracy jr,RB,TracTy00,Tyrone Tracy Jr.,2024,166,5,NYG,NA,NA,Good
Keilan Robinson,RB,Texas,61.4,77.1,60.3,keilan robinson,RB,RobiKe03,Keilan Robinson,2024,167,5,JAX,NA,NA,Average
Bub Means,WR,Pittsburgh,71.5,79.1,62,bub means,WR,MeanBu00,Bub Means,2024,170,5,NOR,NA,NA,Good
Caelen Carson,DB,Wake Forest,71.2,63.2,68.8,caelen carson,CB,CarsCa01,Caelen Carson,2024,174,5,DAL,NA,NA,Good
Jaylan Ford,LB,Texas,68.3,73.6,66,jaylan ford,LB,FordJa02,Jaylan Ford,2024,175,5,NOR,NA,NA,Average
Logan Lee,DT,Iowa,67.6,79.4,60.8,logan lee,DL,LeexLo00,Logan Lee,2024,178,6,PIT,NA,NA,Average
Marcellas Dial,CB,South Carolina,NA,NA,NA,marcellas dial,CB,DialMa00,Marcellas Dial,2024,180,6,NWE,NA,NA,Below Avg
Kimani Vidal,RB,Troy,76.4,88.5,68.5,kimani vidal,RB,VidaKi00,Kimani Vidal,2024,181,6,LAC,NA,NA,Good
Jha'Quan Jackson,WR,Tulane,69,71.1,62.8,jhaquan jackson,WR,JackJh00,Jha'Quan Jackson,2024,182,6,TEN,NA,NA,Average
Jase McClellan,RB,Alabama,71.3,71.8,71.3,jase mcclellan,RB,McClJa05,Jase McClellan,2024,186,6,ATL,NA,NA,Good
Casey Washington,WR,Illinois,NA,NA,NA,casey washington,WR,WashCa01,Casey Washington,2024,187,6,ATL,NA,NA,Below Avg
Jamal Hill,LB,Oregon,NA,NA,NA,jamal hill,LB,HillJa02,Jamal Hill,2024,188,6,HOU,NA,NA,Below Avg
Mekhi Wingo,DT,LSU,73.9,84.4,69.8,mekhi wingo,DL,WingMe00,Mekhi Wingo,2024,189,6,DET,NA,NA,Good
Tejhaun Palmer,WR,UAB,NA,NA,NA,tejhaun palmer,WR,PalmTe00,Tejhaun Palmer,2024,191,6,ARI,NA,NA,Below Avg
Joe Milton,QB,Tennessee,72.2,80.3,66,joe milton,QB,MiltJo00,Joe Milton,2024,193,6,NWE,NA,NA,Good
Tanner McLachlan,TE,Arizona,69.3,74.3,64.1,tanner mclachlan,TE,McLaTa00,Tanner McLachlan,2024,194,6,CIN,NA,NA,Average
Zion Logue,DT,Georgia,55.5,54.9,53.7,zion logue,DL,LoguZi00,Zion Logue,2024,197,6,ATL,NA,NA,Below Avg
Khristian Boyd,DT,Northern Iowa,NA,NA,NA,khristian boyd,DL,BoydKh00,Khristian Boyd,2024,199,6,NOR,NA,NA,Below Avg
Jaden Crumedy,DT,Mississippi State,60,60.2,58.4,jaden crumedy,DL,CrumJa00,Jaden Crumedy,2024,200,6,CAR,NA,NA,Average
Micah Abraham,DB,Marshall,NA,NA,NA,micah abraham,CB,AbraMi00,Micah Abraham,2024,201,6,IND,NA,NA,Below Avg
Jawhar Jordan,RB,Louisville,59.4,64.1,71.5,jawhar jordan,RB,JordJa00,Jawhar Jordan,2024,205,6,HOU,NA,NA,Below Avg
Nathaniel Watson,LB,Mississippi State,63.9,60.4,65.5,nathaniel watson,LB,WatsNa00,Nathaniel Watson,2024,206,6,CLE,NA,NA,Average
Dylan Laube,RB,New Hampshire,73.8,83.3,65.9,dylan laube,RB,LaubDy00,Dylan Laube,2024,208,6,LVR,NA,NA,Good
Christian Mahogany,G,Boston College,79.4,85,71.3,christian mahogany,IOL,MahoCh00,Christian Mahogany,2024,210,6,DET,NA,NA,Good
Ryan Flournoy,WR,Southeast Missouri State,75.3,83.6,72.6,ryan flournoy,WR,FlouRy00,Ryan Flournoy,2024,216,6,DAL,NA,NA,Good
Elijah Klein,G,Texas-El Paso,NA,NA,NA,elijah klein,IOL,KleiEl00,Elijah Klein,2024,220,6,TAM,NA,NA,Below Avg
Javontae Jean-Baptiste,DE,Notre Dame,59.8,63.8,62.5,javontae jeanbaptiste,EDGE,JeanJa00,Javontae Jean-Baptiste,2024,222,7,WAS,NA,NA,Below Avg
Trey Taylor,SAF,Air Force,NA,NA,NA,trey taylor,S,TaylTr03,Trey Taylor,2024,223,7,LVR,NA,NA,Below Avg
Daijahn Anthony,SAF,Mississippi,68.7,71.8,63,daijahn anthony,S,AnthDa00,Daijahn Anthony,2024,224,7,CIN,NA,NA,Average
Brenden Rice,WR,USC,74.4,69.1,73.4,brenden rice,WR,RiceBr00,Brenden Rice,2024,225,7,LAC,NA,NA,Good
Jaden Davis,DB,Miami,NA,NA,NA,jaden davis,CB,DaviJa09,Jaden Davis,2024,226,7,ARI,NA,NA,Below Avg
Myles Harden,DB,South Dakota,70.5,72.2,62,myles harden,CB,HardMy00,Myles Harden,2024,227,7,CLE,NA,NA,Good
M.J. Devonshire,DB,Pittsburgh,67.8,67.6,66.2,mj devonshire,CB,DevoMJ00,M.J. Devonshire,2024,229,7,LVR,NA,NA,Average
Michael Jurgens,C,Wake Forest,NA,NA,NA,michael jurgens,IOL,JurgMi02,Michael Jurgens,2024,230,7,MIN,NA,NA,Below Avg
Jaheim Bell,TE,Florida State,73,81.4,66.8,jaheim bell,TE,BellJa00,Jaheim Bell,2024,231,7,NWE,NA,NA,Good
Nathan Thomas,OT,Louisiana-Lafayette,70.2,77.7,63.9,nathan thomas,OT,ThomNa01,Nathan Thomas,2024,233,7,DAL,NA,NA,Good
Jonah Laulu,DT,Oklahoma,NA,NA,NA,jonah laulu,DL,LaulJo00,Jonah Laulu,2024,234,7,IND,NA,NA,Below Avg
Devaughn Vele,WR,Utah,68.5,74.7,59.5,devaughn vele,WR,VeleDe00,Devaughn Vele,2024,235,7,DEN,NA,NA,Average
Myles Cole,DE,Texas Tech,66.2,73.7,55,myles cole,EDGE,ColeMy00,Myles Cole,2024,236,7,JAX,NA,NA,Average
Matt Lee,C,Miami,69.4,69,72.5,matt lee,IOL,LeexMa02,Matt Lee,2024,237,7,CIN,NA,NA,Average
Solomon Byrd,DE,USC,54.6,51,65.5,solomon byrd,EDGE,ByrdSo00,Solomon Byrd,2024,238,7,HOU,NA,NA,Below Avg
Josiah Ezirim,OT,Eastern Kentucky,71.1,84,64,josiah ezirim,OT,EzirJo00,Josiah Ezirim,2024,239,7,NOR,NA,NA,Good
Michael Barrett,LB,Michigan,63.4,63,61.6,michael barrett,LB,BarrMi00,Michael Barrett,2024,240,7,CAR,NA,NA,Average
James Williams,LB,Miami,66.3,59.6,66.5,james williams,LB,WillJa15,James Williams,2024,242,7,TEN,NA,NA,Average
Jowon Briggs,DE,Cincinnati,NA,NA,NA,jowon briggs,EDGE,BrigJo00,Jowon Briggs,2024,243,7,CLE,NA,NA,Below Avg
Justin Rogers,DT,Auburn,55.5,51,55.1,justin rogers,DL,RogeJu01,Justin Rogers,2024,244,7,DAL,NA,NA,Below Avg
Marcus Harris,DT,Auburn,64,62.9,66.4,marcus harris,DL,HarrMa08,Marcus Harris,2024,247,7,HOU,NA,NA,Average
LaDarius Henderson,OT,Michigan,53.8,59.8,53.2,ladarius henderson,OT,HendLa00,LaDarius Henderson,2024,249,7,HOU,NA,NA,Below Avg
Tatum Bethune,LB,Florida State,63.8,63.8,64.3,tatum bethune,LB,BethTa00,Tatum Bethune,2024,251,7,SFO,NA,NA,Average
Jaylen Harrell,LB,Michigan,65.8,71,61.8,jaylen harrell,LB,HarrJa05,Jaylen Harrell,2024,252,7,TEN,NA,NA,Average
Cornelius Johnson,WR,Michigan,71.9,81.7,58.5,cornelius johnson,WR,JohnCo02,Cornelius Johnson,2024,253,7,LAC,NA,NA,Good
JC Latham,OT,Alabama,79.2,67.6,79.7,jc latham,OT,LathJC00,JC Latham,2024,7,1,TEN,NA,NA,Good
Bo Nix,QB,Oregon,80.8,76.5,86.3,bo nix,QB,NixxBo00,Bo Nix,2024,12,1,DEN,NA,NA,Good
Ruke Orhorhoro,DT,Clemson,76.3,88.6,72,ruke orhorhoro,DL,OrhoRu00,Ruke Orhorhoro,2024,35,2,ATL,NA,NA,Good
Braden Fiske,DT,Florida State,79.2,89.3,76.8,braden fiske,DL,FiskBr00,Braden Fiske,2024,39,2,LAR,NA,NA,Good
Jackson Powers-Johnson,C,Oregon,84,78.4,82.4,jackson powersjohnson,IOL,PoweJa00,Jackson Powers-Johnson,2024,44,2,LVR,NA,NA,Good
Tip Reiman,TE,Illinois,74.2,95.1,57.4,tip reiman,TE,ReimTi00,Tip Reiman,2024,82,3,ARI,NA,NA,Good
Blake Corum,RB,Michigan,77.2,79.3,73.2,blake corum,RB,CoruBl00,Blake Corum,2024,83,3,LAR,NA,NA,Good
Roman Wilson,WR,Michigan,77.1,77.9,71.9,roman wilson,WR,WilsRo02,Roman Wilson,2024,84,3,PIT,NA,NA,Good
Jalyx Hunt,LB,Houston Christian University,68.9,76.9,62.9,jalyx hunt,LB,HuntJa02,Jalyx Hunt,2024,94,3,PHI,NA,NA,Average
Payton Wilson,LB,N.C. State,82.7,82.1,82.5,payton wilson,LB,WilsPa00,Payton Wilson,2024,98,3,PIT,NA,NA,Good
Javon Foster,OT,Missouri,71.3,69,70.3,javon foster,OT,FostJa01,Javon Foster,2024,114,4,JAX,NA,NA,Good
Jordan Jefferson,DT,LSU,67.4,76.2,60.3,jordan jefferson,DL,JeffJo01,Jordan Jefferson,2024,116,4,JAX,NA,NA,Average
Tanor Bortolini,G,Wisconsin,76.4,97.4,66.5,tanor bortolini,IOL,BortTa00,Tanor Bortolini,2024,117,4,IND,NA,NA,Good
Will Shipley,RB,Clemson,75,82.6,66.3,will shipley,RB,ShipWi00,Will Shipley,2024,127,4,PHI,NA,NA,Good
Ainias Smith,WR,Texas A&M,64.5,61.7,65.4,ainias smith,WR,SmitAi00,Ainias Smith,2024,152,5,PHI,NA,NA,Average
Ryan Watts,SS,Texas,NA,NA,NA,ryan watts,S,WattRy00,Ryan Watts,2024,195,6,PIT,NA,NA,Below Avg
Tyler Davis,DT,Clemson,68,66.3,70.2,tyler davis,DL,DaviTy05,Tyler Davis,2024,196,6,LAR,NA,NA,Average
Jordan Whittington,WR,Texas,66.3,73.4,56.6,jordan whittington,WR,WhitJo04,Jordan Whittington,2024,213,6,LAR,NA,NA,Average
Cedric Johnson,DE,Mississippi,68.5,80.3,61.7,cedric johnson,EDGE,JohnCe01,Cedric Johnson,2024,214,6,CIN,NA,NA,Average
Beaux Limmer,G,Arkansas,73.8,80.1,70.7,beaux limmer,IOL,LimmBe00,Beaux Limmer,2024,217,6,LAR,NA,NA,Good
Devin Culp,TE,Washington,67.2,78.3,62.7,devin culp,TE,CulpDe00,Devin Culp,2024,246,7,TAM,NA,NA,Average
Qwan'tez Stiggers,DB,NA,NA,NA,NA,qwantez stiggers,CB,StigQw00,Qwan'tez Stiggers,2024,176,5,NYJ,NA,NA,Below Avg
Olumuyiwa Fashanu,OT,Penn State,81.9,78.5,79.9,olumuyiwa fashanu,OT,FashOl00,Olumuyiwa Fashanu,2024,11,1,NYJ,NA,NA,Good
Adisa Isaac,LB,Penn State,72.6,72,74.3,adisa isaac,LB,IsaaAd00,Adisa Isaac,2024,93,3,BAL,NA,NA,Good
Devontez Walker,WR,North Carolina,81.8,83.9,76.3,devontez walker,WR,WalkDe01,Devontez Walker,2024,113,4,BAL,NA,NA,Good
AJ Barner,TE,Michigan,73.1,75,65.5,aj barner,TE,BarnAJ00,AJ Barner,2024,121,4,SEA,NA,NA,Good
Braelon Allen,RB,Wisconsin,74.2,72.2,68.7,braelon allen,RB,AlleBr05,Braelon Allen,2024,134,4,NYJ,NA,NA,Good
Nehemiah Pritchett,CB,Auburn,70.6,75.8,63.4,nehemiah pritchett,CB,PritNe00,Nehemiah Pritchett,2024,136,5,SEA,NA,NA,Good
Rasheen Ali,RB,Marshall,70.4,77.4,65.2,rasheen ali,RB,AlixRa00,Rasheen Ali,2024,165,5,BAL,NA,NA,Good
Isaiah Davis,RB,South Dakota State,78.1,71.9,80.5,isaiah davis,RB,DaviIs00,Isaiah Davis,2024,173,5,NYJ,NA,NA,Good
Sataoa Laumea,OT,Utah,72,76.9,60.4,sataoa laumea,OT,LaumSa00,Sataoa Laumea,2024,179,6,SEA,NA,NA,Good
D.J. James,CB,Auburn,73.8,68.4,72.2,dj james,CB,JameDJ00,D.J. James,2024,192,6,SEA,NA,NA,Good
Devin Leary,QB,Kentucky,68,70.6,61.9,devin leary,QB,LearDe00,Devin Leary,2024,218,6,BAL,NA,NA,Average
Jaylen Key,SAF,Alabama,62.3,71.4,57,jaylen key,S,KeyxJa00,Jaylen Key,2024,257,7,NYJ,NA,NA,Average
Max Melton,CB,Rutgers,76.8,82.3,71.5,max melton,CB,MeltMa00,Max Melton,2024,43,2,ARI,NA,NA,Good
Isaiah Adams,G,Illinois,68.1,76.7,59,isaiah adams,IOL,AdamIs01,Isaiah Adams,2024,71,3,ARI,NA,NA,Average
Jonah Elliss,LB,Utah,72.1,64.2,80.7,jonah elliss,LB,ElliJo03,Jonah Elliss,2024,76,3,DEN,NA,NA,Good
Jermaine Burton,WR,Alabama,78.1,80,72.3,jermaine burton,WR,BurtJe01,Jermaine Burton,2024,80,3,CIN,NA,NA,Good
MarShawn Lloyd,RB,USC,79.1,84.2,74.5,marshawn lloyd,RB,LloyMa00,MarShawn Lloyd,2024,88,3,GNB,NA,NA,Good
Ty'Ron Hopper,LB,Missouri,66.2,63.1,66.9,tyron hopper,LB,HoppTy00,Ty'Ron Hopper,2024,91,3,GNB,NA,NA,Average
Evan Williams,SAF,Oregon,69.5,72.3,67.3,evan williams,S,WillEv00,Evan Williams,2024,111,4,GNB,NA,NA,Average
Erick All,TE,Iowa,NA,NA,NA,erick all,TE,AllxEr00,Erick All,2024,115,4,CIN,NA,NA,Below Avg
Tyrice Knight,LB,Texas-El Paso,72.1,75.9,69.8,tyrice knight,LB,KnigTy00,Tyrice Knight,2024,118,4,SEA,NA,NA,Good
Anthony Gould,WR,Oregon State,73.8,82.2,61.8,anthony gould,WR,GoulAn00,Anthony Gould,2024,142,5,IND,NA,NA,Good
Jacob Monk,C,Duke,66.3,78.8,58.6,jacob monk,IOL,MonkJa00,Jacob Monk,2024,163,5,GNB,NA,NA,Average
Kitan Oladapo,SAF,Oregon State,71.8,70.2,67.9,kitan oladapo,S,OladKi00,Kitan Oladapo,2024,169,5,GNB,NA,NA,Good
Travis Glover,OT,Georgia State,NA,NA,NA,travis glover,OT,GlovTr00,Travis Glover,2024,202,6,GNB,NA,NA,Below Avg
Andru Phillips,DB,Kentucky,68.1,75.4,61.1,andru phillips,CB,PhilAn02,Andru Phillips,2024,70,3,NYG,NA,NA,Average
Kiran Amegadjie,OT,Yale,74.7,70.5,74.9,kiran amegadjie,OT,AmegKi00,Kiran Amegadjie,2024,75,3,CHI,NA,NA,Good
Elijah Jones,CB,Boston College,73.8,73.8,70.8,elijah jones,CB,JoneEl00,Elijah Jones,2024,90,3,ARI,NA,NA,Good
Jared Wiley,TE,TCU,71.3,75.3,64.1,jared wiley,TE,WileJa00,Jared Wiley,2024,131,4,KAN,NA,NA,Good
Jaden Hicks,SAF,Washington State,75.3,77.9,68.7,jaden hicks,S,HickJa01,Jaden Hicks,2024,133,4,KAN,NA,NA,Good
Jeremiah Trotter Jr.,LB,Clemson,73.2,58.7,78.5,jeremiah trotter jr,LB,TrotJe01,Jeremiah Trotter Jr.,2024,155,5,PHI,NA,NA,Good
Hunter Nourzad,C,Penn State,58.4,76,54.9,hunter nourzad,IOL,NourHu00,Hunter Nourzad,2024,159,5,KAN,NA,NA,Below Avg
Darius Muasau,LB,UCLA,66.3,67,68.7,darius muasau,LB,MuasDa00,Darius Muasau,2024,183,6,NYG,NA,NA,Average
Dylan McMahon,C,N.C. State,NA,NA,NA,dylan mcmahon,IOL,McMaDy00,Dylan McMahon,2024,190,6,PHI,NA,NA,Below Avg
Kamal Hadden,DB,Tennessee,71.6,64.8,72.6,kamal hadden,CB,HaddKa00,Kamal Hadden,2024,211,6,KAN,NA,NA,Good
Jarrett Kingston,G,USC,70.5,89.4,62.5,jarrett kingston,IOL,KingJa02,Jarrett Kingston,2024,215,6,SFO,NA,NA,Good
C.J. Hanson,G,Holy Cross,67.9,72.8,69,cj hanson,IOL,HansCJ00,C.J. Hanson,2024,248,7,KAN,NA,NA,Average
Kamren Kinchens,SAF,Miami,72.7,57.8,75.6,kamren kinchens,S,KincKa00,Kamren Kinchens,2024,99,3,LAR,NA,NA,Good
Justin Eboigbe,DT,Alabama,65.2,62.7,67.1,justin eboigbe,DL,EboiJu00,Justin Eboigbe,2024,105,4,LAC,NA,NA,Average
Brennan Jackson,LB,Washington State,69.3,71.7,69.3,brennan jackson,LB,JackBr02,Brennan Jackson,2024,154,5,LAR,NA,NA,Average
Bralen Trice,LB,Washington,68.2,58.9,70.7,bralen trice,LB,TricBr00,Bralen Trice,2024,74,3,ATL,NA,NA,Average
Calen Bullock,SAF,USC,72.6,71.2,64.9,calen bullock,S,BullCa00,Calen Bullock,2024,78,3,HOU,NA,NA,Good
Christian Haynes,G,Connecticut,80.4,83.6,76.7,christian haynes,IOL,HaynCh00,Christian Haynes,2024,81,3,SEA,NA,NA,Good
Austin Booker,DE,Kansas,68.1,51.5,73.2,austin booker,EDGE,BookAu00,Austin Booker,2024,144,5,CHI,NA,NA,Average
Cooper DeJean,CB,Iowa,86.7,81.9,88.6,cooper dejean,CB,DeJeCo00,Cooper DeJean,2024,40,2,PHI,NA,NA,Good
Michael Jerrell,OT,Findlay,NA,NA,NA,michael jerrell,OT,JerrMi00,Michael Jerrell,2024,207,6,SEA,NA,NA,Below Avg
Kingsley Suamataia,OT,BYU,79.9,88.6,71.9,kingsley suamataia,OT,SuamKi00,Kingsley Suamataia,2024,63,2,KAN,NA,NA,Good
Tykee Smith,DB,Georgia,71.1,75.9,70.9,tykee smith,CB,SmitTy05,Tykee Smith,2024,89,3,TAM,NA,NA,Good
Theo Johnson,TE,Penn State,78,90.3,66.9,theo johnson,TE,JohnTh00,Theo Johnson,2024,107,4,NYG,NA,NA,Good
Marvin Harrison Jr.,WR,Ohio State,89.6,75.6,91.8,marvin harrison jr,WR,HarrMa09,Marvin Harrison Jr.,2024,4,1,ARI,NA,NA,Good
Edgerrin Cooper,LB,Texas A&M,82.7,78.3,83,edgerrin cooper,LB,CoopEd00,Edgerrin Cooper,2024,45,2,GNB,NA,NA,Good
Drake Maye,QB,North Carolina,84.9,76.7,87.7,drake maye,QB,MayeDr00,Drake Maye,2024,3,1,NWE,NA,NA,Good
Jared Verse,LB,Florida State,85.8,78.6,83.4,jared verse,LB,VersJa00,Jared Verse,2024,19,1,LAR,NA,NA,Good
Javon Baker,WR,UCF,74.1,67.7,73.8,javon baker,WR,BakeJa00,Javon Baker,2024,110,4,NWE,NA,NA,Good
Jalen McMillan,WR,Washington,73.7,76.2,68.5,jalen mcmillan,WR,McMiJa01,Jalen McMillan,2024,92,3,TAM,NA,NA,Good
Blake Fisher,OT,Notre Dame,73.9,74.9,68.9,blake fisher,OT,FishBl00,Blake Fisher,2024,59,2,HOU,NA,NA,Good
Cedric Gray,LB,North Carolina,75.9,71.2,76.2,cedric gray,LB,GrayCe00,Cedric Gray,2024,106,4,TEN,NA,NA,Good
Brandon Dorlus,DE,Oregon,68.6,71.3,63.3,brandon dorlus,EDGE,DorlBr00,Brandon Dorlus,2024,109,4,ATL,NA,NA,Average
Kool-Aid McKinstry,CB,Alabama,81.1,79.1,74.4,koolaid mckinstry,CB,McKiKo00,Kool-Aid McKinstry,2024,41,2,NOR,NA,NA,Good
Tyler Nubin,SAF,Minnesota,72.8,56.8,75.5,tyler nubin,S,NubiTy00,Tyler Nubin,2024,47,2,NYG,NA,NA,Good
Ennis Rakestraw,CB,Missouri,70.6,57.2,71.9,ennis rakestraw,CB,RakeEn00,Ennis Rakestraw,2024,61,2,DET,NA,NA,Good
Dadrion Taylor-Demerson,DB,Texas Tech,70.1,77.2,68.2,dadrion taylordemerson,CB,TaylDa02,Dadrion Taylor-Demerson,2024,104,4,ARI,NA,NA,Good
Javon Bullard,SAF,Georgia,82,86.6,77.7,javon bullard,S,BullJa00,Javon Bullard,2024,58,2,GNB,NA,NA,Good
Troy Franklin,WR,Oregon,82.7,73.6,85.7,troy franklin,WR,FranTr00,Troy Franklin,2024,102,4,DEN,NA,NA,Good
Troy Fautanu,OT,Washington,83.4,93.4,76.5,troy fautanu,OT,FautTr00,Troy Fautanu,2024,20,1,PIT,NA,NA,Good
Cole Bishop,SAF,Utah,76.8,81.8,70.2,cole bishop,S,BishCo00,Cole Bishop,2024,60,2,BUF,NA,NA,Good
DeWayne Carter,DT,Duke,65.8,68.4,66.4,dewayne carter,DL,CartDe03,DeWayne Carter,2024,95,3,BUF,NA,NA,Average
Jaylen Wright,RB,Tennessee,80.3,90.6,70.8,jaylen wright,RB,WrigJa04,Jaylen Wright,2024,120,4,MIA,NA,NA,Good
Ray Davis,RB,Kentucky,74.6,70.7,71.3,ray davis,RB,DaviRa04,Ray Davis,2024,128,4,BUF,NA,NA,Good
Sedrick Van Pran-Granger,C,Georgia,72,63.1,71.3,sedrick van prangranger,IOL,VanPSe00,Sedrick Van Pran-Granger,2024,141,5,BUF,NA,NA,Good
Mohamed Kamara,LB,Colorado State,73.9,74.2,80,mohamed kamara,LB,KamaMo00,Mohamed Kamara,2024,158,5,MIA,NA,NA,Good
Edefuan Ulofoshio,LB,Washington,75,75.7,71.7,edefuan ulofoshio,LB,UlofEd00,Edefuan Ulofoshio,2024,160,5,BUF,NA,NA,Good
Javon Solomon,DE,Troy,71.9,70,78.5,javon solomon,EDGE,SoloJa00,Javon Solomon,2024,168,5,BUF,NA,NA,Good
Malik Washington,WR,Virginia,78.2,76.4,76.4,malik washington,WR,WashMa00,Malik Washington,2024,184,6,MIA,NA,NA,Good
Patrick McMorris,SAF,California,62.5,55.6,63.9,patrick mcmorris,S,McMoPa00,Patrick McMorris,2024,198,6,MIA,NA,NA,Average
Tylan Grable,OT,UCF,68.1,83.4,53.7,tylan grable,OT,GrabTy00,Tylan Grable,2024,204,6,BUF,NA,NA,Average
Daequan Hardy,CB,Penn State,64.5,75.2,56.6,daequan hardy,CB,HardDa02,Daequan Hardy,2024,219,6,BUF,NA,NA,Average
Tahj Washington,WR,USC,65,62.3,69.3,tahj washington,WR,WashTa00,Tahj Washington,2024,241,7,MIA,NA,NA,Average
T'Vondre Sweat,DT,Texas,75.8,66.7,78.4,tvondre sweat,DL,SweaTV01,T'Vondre Sweat,2024,38,2,TEN,NA,NA,Good
Layden Robinson,G,Texas A&M,64.8,68.2,62.6,layden robinson,IOL,RobiLa02,Layden Robinson,2024,103,4,NWE,NA,NA,Average
Quinyon Mitchell,CB,Toledo,84.5,86.3,76.1,quinyon mitchell,CB,MitcQu00,Quinyon Mitchell,2024,22,1,PHI,NA,NA,Good
Maason Smith,DT,LSU,66.9,69.9,65,maason smith,DL,SmitMa07,Maason Smith,2024,48,2,JAX,NA,NA,Average
Adonai Mitchell,WR,Texas,80.6,88.9,68.8,adonai mitchell,WR,MitcAd00,Adonai Mitchell,2024,52,2,IND,NA,NA,Good
Brian Thomas,WR,LSU,87.4,91.2,82,brian thomas,WR,ThomBr06,Brian Thomas,2024,23,1,JAX,NA,NA,Good
Xavier Worthy,WR,Texas,84.7,89.8,78.5,xavier worthy,WR,WortXa00,Xavier Worthy,2024,28,1,KAN,NA,NA,Good
Michael Hall,DT,Ohio State,70.6,82.5,68.3,michael hall,DL,HallMi00,Michael Hall,2024,54,2,CLE,NA,NA,Good
Zach Frazier,C,West Virginia,79.8,78.9,78.7,zach frazier,IOL,FrazZa00,Zach Frazier,2024,51,2,PIT,NA,NA,Good
Joe Alt,OT,Notre Dame,95.1,97.5,86.5,joe alt,OT,AltxJo01,Joe Alt,2024,5,1,LAC,NA,NA,Elite
Mike Sainristil,CB,Michigan,72.2,71.7,67.2,mike sainristil,CB,SainMi00,Mike Sainristil,2024,50,2,WAS,NA,NA,Good
Patrick Paul,OT,Houston,78.5,86.7,72,patrick paul,OT,PaulPa01,Patrick Paul,2024,55,2,MIA,NA,NA,Good
Marshawn Kneeland,DE,Western Michigan,75.2,83.5,69.7,marshawn kneeland,EDGE,KneeMa00,Marshawn Kneeland,2024,56,2,DAL,NA,NA,Good
Keon Coleman,WR,Florida State,78,74.6,72.8,keon coleman,WR,ColeKe02,Keon Coleman,2024,33,2,BUF,NA,NA,Good
Chris Braswell,LB,Alabama,75.8,72.6,75.5,chris braswell,LB,BrasCh01,Chris Braswell,2024,57,2,TAM,NA,NA,Good
Terrion Arnold,CB,Alabama,83.4,68.5,87,terrion arnold,CB,ArnoTe00,Terrion Arnold,2024,24,1,DET,NA,NA,Good
Jordan Morgan,OT,Arizona,78.1,88.2,63.5,jordan morgan,OT,MorgJo03,Jordan Morgan,2024,25,1,GNB,NA,NA,Good
Graham Barton,C,Duke,82.5,99,66.5,graham barton,IOL,BartGr00,Graham Barton,2024,26,1,TAM,NA,NA,Good
Jer'Zhan Newton,DT,Illinois,84.4,75.8,87.7,jerzhan newton,DL,NewtJe00,Jer'Zhan Newton,2024,36,2,WAS,NA,NA,Good
Ja'Lynn Polk,WR,Washington,78.5,78.4,73.1,jalynn polk,WR,PolkJa00,Ja'Lynn Polk,2024,37,2,NWE,NA,NA,Good
Jayden Daniels,QB,LSU,89.8,82.3,95,jayden daniels,QB,DaniJa02,Jayden Daniels,2024,2,1,WAS,NA,NA,Good
Chop Robinson,LB,Penn State,84,91.4,73.5,chop robinson,LB,RobiCh00,Chop Robinson,2024,21,1,MIA,NA,NA,Good
Ben Sinnott,TE,Kansas State,78.4,87.2,73.3,ben sinnott,TE,SinnBe00,Ben Sinnott,2024,53,2,WAS,NA,NA,Good
Brandon Coleman,G,TCU,76.3,93,66.3,brandon coleman,IOL,ColeBr02,Brandon Coleman,2024,67,3,WAS,NA,NA,Good
Ladd McConkey,WR,Georgia,79.8,82.5,74.2,ladd mcconkey,WR,McCoLa00,Ladd McConkey,2024,34,2,LAC,NA,NA,Good
Ricky Pearsall,WR,Florida,76,79.2,69.5,ricky pearsall,WR,PearRi00,Ricky Pearsall,2024,31,1,SFO,NA,NA,Good
Michael Penix,QB,Washington,80.8,85,79.6,michael penix,QB,PeniMi00,Michael Penix,2024,8,1,ATL,NA,NA,Good
Caleb Williams,QB,USC,88.3,79.1,94.8,caleb williams,QB,WillCa03,Caleb Williams,2024,1,1,CHI,NA,NA,Good
Rome Odunze,WR,Washington,94.2,89.3,89.3,rome odunze,WR,OdunRo00,Rome Odunze,2024,9,1,CHI,NA,NA,Elite
Malachi Corley,WR,Western Kentucky,79.5,73.5,77.9,malachi corley,WR,CorlMa00,Malachi Corley,2024,65,3,NYJ,NA,NA,Good
Trey Benson,RB,Florida State,81.5,86.1,76.3,trey benson,RB,BensTr01,Trey Benson,2024,66,3,ARI,NA,NA,Good
J.J. McCarthy,QB,Michigan,80.4,77.6,81.4,jj mccarthy,QB,McCaJJ00,J.J. McCarthy,2024,10,1,MIN,NA,NA,Good
Dallas Turner,LB,Alabama,84.4,85,84.3,dallas turner,LB,TurnDa01,Dallas Turner,2024,17,1,MIN,NA,NA,Good
Amarius Mims,OT,Georgia,85.2,85.7,79.5,amarius mims,OT,MimsAm00,Amarius Mims,2024,18,1,CIN,NA,NA,Good
Travis Clayton,OT,NA,NA,NA,NA,travis clayton,OT,ClayTr00,Travis Clayton,2024,221,7,BUF,NA,NA,Below Avg
Tyler Booker,G,Alabama,75.1,60.1,77,tyler booker,IOL,BookTy00,Tyler Booker,2025,12,1,DAL,NA,NA,Good
Shavon Revel,CB,East Carolina,78.4,74.5,75.2,shavon revel,CB,ReveSh00,Shavon Revel,2025,76,3,DAL,NA,NA,Good
Savion Williams,WR,TCU,79.2,88.2,70.7,savion williams,WR,WillSa01,Savion Williams,2025,87,3,GNB,NA,NA,Good
Barryn Sorrell,DE,Texas,70.4,81,63.2,barryn sorrell,EDGE,SorrBa00,Barryn Sorrell,2025,124,4,GNB,NA,NA,Good
Shemar James,LB,Florida,62.6,65,57,shemar james,LB,JameSh00,Shemar James,2025,152,5,DAL,NA,NA,Average
Collin Oliver,LB,Oklahoma State,69.7,82.2,69.8,collin oliver,LB,OlivCo00,Collin Oliver,2025,159,5,GNB,NA,NA,Average
Smael Mondon,LB,Georgia,73.8,81.9,67.2,smael mondon,LB,MondSm01,Smael Mondon,2025,161,5,PHI,NA,NA,Good
Kyle McCord,QB,Syracuse,69.6,69.9,71,kyle mccord,QB,McCoKy00,Kyle McCord,2025,181,6,PHI,NA,NA,Average
Myles Hinton,OT,Michigan,63.7,66.8,57.3,myles hinton,OT,HintMy00,Myles Hinton,2025,191,6,PHI,NA,NA,Average
Warren Brinson,DT,Georgia,72,79.7,66.3,warren brinson,DL,BrinWa00,Warren Brinson,2025,198,6,GNB,NA,NA,Good
Ajani Cornelius,OT,Oregon,72,73,67.9,ajani cornelius,OT,CornAj00,Ajani Cornelius,2025,204,6,DAL,NA,NA,Good
Antwaun Powell-Ryland,LB,Virginia Tech,77.4,79.3,83.8,antwaun powellryland,LB,PoweAn00,Antwaun Powell-Ryland,2025,209,6,PHI,NA,NA,Good
Jay Toia,DT,UCLA,59.5,61.5,55.1,jay toia,DL,ToiaJa00,Jay Toia,2025,217,7,DAL,NA,NA,Below Avg
Micah Robinson,CB,Tulane,NA,NA,NA,micah robinson,CB,RobiMi01,Micah Robinson,2025,237,7,GNB,NA,NA,Below Avg
Phil Mafah,RB,Clemson,59.2,70,54.7,phil mafah,RB,MafaPh00,Phil Mafah,2025,239,7,DAL,NA,NA,Below Avg
Emery Jones,OT,LSU,71.1,72,61.1,emery jones,OT,JoneEm02,Emery Jones,2025,91,3,BAL,NA,NA,Good
Teddye Buchanan,LB,California,72.3,80.8,64.7,teddye buchanan,LB,BuchTe00,Teddye Buchanan,2025,129,4,BAL,NA,NA,Good
Carson Vinson,OT,Alabama A&M,70,77.3,65.4,carson vinson,OT,VinsCa00,Carson Vinson,2025,141,5,BAL,NA,NA,Good
Mac McWilliams,CB,UCF,70.7,76.4,63.1,mac mcwilliams,CB,McWiMa01,Mac McWilliams,2025,145,5,PHI,NA,NA,Good
Jeffrey Bassa,LB,Oregon,71.8,72.1,62.8,jeffrey bassa,LB,BassJe00,Jeffrey Bassa,2025,156,5,KAN,NA,NA,Good
Bilhal Kone,CB,Western Michigan,64.4,70.7,60.2,bilhal kone,CB,KoneBi00,Bilhal Kone,2025,178,6,BAL,NA,NA,Average
LaJohntay Wester,WR,Colorado,59.6,63.2,65,lajohntay wester,WR,WestLa01,LaJohntay Wester,2025,203,6,BAL,NA,NA,Below Avg
Aeneas Peebles,DT,Virginia Tech,69.9,77.8,67.1,aeneas peebles,DL,PeebAe00,Aeneas Peebles,2025,210,6,BAL,NA,NA,Average
Brashard Smith,RB,SMU,74.4,75.9,78.9,brashard smith,RB,SmitBr09,Brashard Smith,2025,228,7,KAN,NA,NA,Good
Garrett Dellinger,G,LSU,79,93.5,77.2,garrett dellinger,IOL,DellGa00,Garrett Dellinger,2025,243,7,BAL,NA,NA,Good
Ashton Jeanty,RB,Boise State,92.9,74.6,99,ashton jeanty,RB,JeanAs00,Ashton Jeanty,2025,6,1,LVR,NA,NA,Elite
Armand Membou,OT,Missouri,88.3,95.8,83.3,armand membou,OT,MembAr00,Armand Membou,2025,7,1,NYJ,NA,NA,Good
Tetairoa McMillan,WR,Arizona,87,74,88.5,tetairoa mcmillan,WR,McMiTe00,Tetairoa McMillan,2025,8,1,CAR,NA,NA,Good
Kelvin Banks,OT,Texas,83.7,78.7,83,kelvin banks,OT,BankKe01,Kelvin Banks,2025,9,1,NOR,NA,NA,Good
Colston Loveland,TE,Michigan,78.9,66.9,77.1,colston loveland,TE,LoveCo00,Colston Loveland,2025,10,1,CHI,NA,NA,Good
Kenneth Grant,DT,Michigan,74.7,65.8,78.3,kenneth grant,DL,GranKe01,Kenneth Grant,2025,13,1,MIA,NA,NA,Good
Tyler Warren,TE,Penn State,84.4,67.9,86.6,tyler warren,TE,WarrTy00,Tyler Warren,2025,14,1,IND,NA,NA,Good
Emeka Egbuka,WR,Ohio State,86,84.8,81.9,emeka egbuka,WR,EgbuEm01,Emeka Egbuka,2025,19,1,TAM,NA,NA,Good
Jayden Higgins,WR,Iowa State,82,81.9,80.1,jayden higgins,WR,HiggJa00,Jayden Higgins,2025,34,2,HOU,NA,NA,Good
Kyle Williams,WR,Washington State,76.5,76.7,77.4,kyle williams,WR,WillKy03,Kyle Williams,2025,69,3,NWE,NA,NA,Good
Landon Jackson,DE,Arkansas,77.6,82.4,72.3,landon jackson,EDGE,JackLa03,Landon Jackson,2025,72,3,BUF,NA,NA,Good
Azareye'h Thomas,CB,Florida State,74.2,65.5,71.8,azareyeh thomas,CB,ThomAz00,Azareye'h Thomas,2025,73,3,NYJ,NA,NA,Good
Pat Bryant,WR,Illinois,69.7,65.6,71.5,pat bryant,WR,BryaPa00,Pat Bryant,2025,74,3,DEN,NA,NA,Average
Nick Martin,LB,Oklahoma State,74.3,85.1,68.8,nick martin,LB,MartNi01,Nick Martin,2025,75,3,SFO,NA,NA,Good
Princely Umanmielen,LB,Mississippi,75.3,70.3,81.3,princely umanmielen,LB,UmanPr00,Princely Umanmielen,2025,77,3,CAR,NA,NA,Good
Jordan Burch,LB,Oregon,75.1,78.2,70.7,jordan burch,LB,BurcJo00,Jordan Burch,2025,78,3,ARI,NA,NA,Good
Jaylin Noel,WR,Iowa State,80.7,93.4,69.9,jaylin noel,WR,NoelJa00,Jaylin Noel,2025,79,3,HOU,NA,NA,Good
Dylan Fairchild,G,Georgia,75.2,76.8,75.3,dylan fairchild,IOL,FairDy00,Dylan Fairchild,2025,81,3,CIN,NA,NA,Good
Kevin Winston,SAF,Penn State,74.8,79.7,61.2,kevin winston,S,WinsKe02,Kevin Winston,2025,82,3,TEN,NA,NA,Good
Kaleb Johnson,RB,Iowa,78.9,69,78.3,kaleb johnson,RB,JohnKa03,Kaleb Johnson,2025,83,3,PIT,NA,NA,Good
Jacob Parrish,CB,Kansas State,77,90.5,68.2,jacob parrish,CB,ParrJa01,Jacob Parrish,2025,84,3,TAM,NA,NA,Good
Jamaree Caldwell,DT,Oregon,67.6,64,65.7,jamaree caldwell,DL,CaldJa00,Jamaree Caldwell,2025,86,3,LAC,NA,NA,Average
Wyatt Milum,OT,West Virginia,78,75.2,78.3,wyatt milum,OT,MiluWy00,Wyatt Milum,2025,89,3,JAX,NA,NA,Good
Jared Wilson,C,Georgia,82.6,93.1,84.4,jared wilson,IOL,WilsJa02,Jared Wilson,2025,95,3,NWE,NA,NA,Good
Xavier Watts,SAF,Notre Dame,75.1,68.6,74.1,xavier watts,S,WattXa00,Xavier Watts,2025,96,3,ATL,NA,NA,Good
Jaylin Smith,CB,USC,66.2,66.3,67.3,jaylin smith,CB,SmitJa11,Jaylin Smith,2025,97,3,HOU,NA,NA,Average
Caleb Rogers,OT,Texas Tech,63.5,86.1,53.5,caleb rogers,OT,RogeCa01,Caleb Rogers,2025,98,3,LVR,NA,NA,Average
Charles Grant,OT,William & Mary,76,71.7,84,charles grant,OT,GranCh00,Charles Grant,2025,99,3,LVR,NA,NA,Good
Upton Stout,CB,Western Kentucky,68,72.6,63.9,upton stout,CB,StouUp00,Upton Stout,2025,100,3,SFO,NA,NA,Average
Sai'vion Jones,DE,LSU,72.2,78.7,63,saivion jones,EDGE,JoneSa01,Sai'vion Jones,2025,101,3,DEN,NA,NA,Good
Tai Felton,WR,Maryland,76.7,86,71.1,tai felton,WR,FeltTa00,Tai Felton,2025,102,3,MIN,NA,NA,Good
Danny Stutsman,LB,Oklahoma,74.3,78.9,71.7,danny stutsman,LB,StutDa00,Danny Stutsman,2025,112,4,NOR,NA,NA,Good
Billy Bowman,SAF,Oklahoma,68.3,74.9,66.5,billy bowman,S,BowmBi01,Billy Bowman,2025,118,4,ATL,NA,NA,Average
Barrett Carter,LB,Clemson,74.2,74.7,70.8,barrett carter,LB,CartBa00,Barrett Carter,2025,119,4,CIN,NA,NA,Good
Lathan Ransom,SAF,Ohio State,71.6,67.4,67.6,lathan ransom,S,RansLa00,Lathan Ransom,2025,122,4,CAR,NA,NA,Good
Jack Sawyer,LB,Ohio State,74.5,72.3,72.4,jack sawyer,LB,SawyJa00,Jack Sawyer,2025,123,4,PIT,NA,NA,Good
Kyle Kennard,LB,South Carolina,73,69.8,76.8,kyle kennard,LB,KennKy00,Kyle Kennard,2025,125,4,LAC,NA,NA,Good
Dylan Sampson,RB,Tennessee,82,84.1,81.2,dylan sampson,RB,SampDy00,Dylan Sampson,2025,126,4,CLE,NA,NA,Good
Jalen Travis,OT,Iowa State,71.8,83,66.3,jalen travis,OT,TravJa00,Jalen Travis,2025,127,4,IND,NA,NA,Good
Jaylin Lane,WR,Virginia Tech,76.1,94.5,62.9,jaylin lane,WR,LaneJa00,Jaylin Lane,2025,128,4,WAS,NA,NA,Good
Malachi Moore,SAF,Alabama,68.5,68.4,67.7,malachi moore,S,MoorMa04,Malachi Moore,2025,130,4,NYJ,NA,NA,Average
Quincy Riley,CB,Louisville,74,73.6,70.3,quincy riley,CB,RileQu00,Quincy Riley,2025,131,4,NOR,NA,NA,Good
Ruben Hyppolite,LB,Maryland,NA,NA,NA,ruben hyppolite,LB,HyppRu00,Ruben Hyppolite,2025,132,4,CHI,NA,NA,Below Avg
Quandarrius Robinson,LB,Alabama,56.1,62.4,53.3,quandarrius robinson,LB,RobiQu00,Quandarrius Robinson,2025,134,4,DEN,NA,NA,Below Avg
Tonka Hemingway,DT,South Carolina,71.1,85.4,62.9,tonka hemingway,DL,HemiTo00,Tonka Hemingway,2025,135,4,LVR,NA,NA,Good
Elic Ayomanor,WR,Stanford,78.1,83,71,elic ayomanor,WR,AyomEl00,Elic Ayomanor,2025,136,4,TEN,NA,NA,Good
Joshua Farmer,DT,Florida State,68.1,69.5,69.1,joshua farmer,DL,FarmJo00,Joshua Farmer,2025,137,4,NWE,NA,NA,Average
Jordan Watkins,WR,Mississippi,71.3,80.2,65.5,jordan watkins,WR,WatkJo00,Jordan Watkins,2025,138,4,SFO,NA,NA,Good
Tyrion Ingram-Dawkins,DT,Georgia,72.9,90,62.8,tyrion ingramdawkins,DL,IngrTy00,Tyrion Ingram-Dawkins,2025,139,5,MIN,NA,NA,Good
Cam Jackson,DT,Florida,60.7,51,62.6,cam jackson,DL,JackCa01,Cam Jackson,2025,140,5,CAR,NA,NA,Average
Jordan Phillips,DT,Maryland,65.7,69.3,63,jordan phillips,DL,PhilJo02,Jordan Phillips,2025,143,5,MIA,NA,NA,Average
Bradyn Swinson,LB,LSU,69.8,72.2,72.5,bradyn swinson,LB,SwinBr01,Bradyn Swinson,2025,146,5,NWE,NA,NA,Average
Jordan James,RB,Oregon,72.3,66.8,72.7,jordan james,RB,JameJo01,Jordan James,2025,147,5,SFO,NA,NA,Good
Jason Marshall,CB,Florida,67.2,73.9,56.3,jason marshall,CB,MarsJa00,Jason Marshall,2025,150,5,MIA,NA,NA,Average
DJ Giddens,RB,Kansas State,77.9,79.5,81.5,dj giddens,RB,GiddDJ00,DJ Giddens,2025,151,5,IND,NA,NA,Good
Jalen Rivers,OT,Miami,72.1,71.6,68.7,jalen rivers,OT,RiveJa00,Jalen Rivers,2025,153,5,CIN,NA,NA,Good
Marcus Mbow,G,Purdue,71.2,64.3,67.9,marcus mbow,IOL,MbowMa00,Marcus Mbow,2025,154,5,NYG,NA,NA,Good
Dante Trader,SAF,Maryland,55,53.5,56.9,dante trader,S,TradDa00,Dante Trader,2025,155,5,MIA,NA,NA,Below Avg
Elijah Roberts,DE,SMU,69.6,75,68.6,elijah roberts,EDGE,RobeEl01,Elijah Roberts,2025,157,5,TAM,NA,NA,Average
KeAndre Lambert-Smith,WR,Auburn,73.4,86.7,66.1,keandre lambertsmith,WR,LambKe01,KeAndre Lambert-Smith,2025,158,5,LAC,NA,NA,Good
Marques Sigle,SAF,Kansas State,70.7,84.3,65.8,marques sigle,S,SiglMa00,Marques Sigle,2025,160,5,SFO,NA,NA,Good
Francisco Mauigoa,LB,Miami,70,78.6,65.7,francisco mauigoa,LB,MauiFr00,Francisco Mauigoa,2025,162,5,NYJ,NA,NA,Good
Mitchell Evans,TE,Notre Dame,69.6,62,66.5,mitchell evans,TE,EvanMi01,Mitchell Evans,2025,163,5,CAR,NA,NA,Average
Yahya Black,DT,Iowa,63.1,55.8,61.1,yahya black,DL,BlacYa00,Yahya Black,2025,164,5,PIT,NA,NA,Average
Oronde Gadsden II,TE,Syracuse,70.8,69.9,76,oronde gadsden ii,TE,GadsOr01,Oronde Gadsden II,2025,165,5,LAC,NA,NA,Good
Jackson Slater,G,Sacramento State,76.4,83.3,76.8,jackson slater,IOL,SlatJa01,Jackson Slater,2025,167,5,TEN,NA,NA,Good
Jordan Hancock,CB,Ohio State,72.2,84.3,58.9,jordan hancock,CB,HancJo00,Jordan Hancock,2025,170,5,BUF,NA,NA,Good
Miles Frazier,G,LSU,72.1,76.1,66.2,miles frazier,IOL,FrazMi00,Miles Frazier,2025,171,5,DET,NA,NA,Good
Jackson Hawes,TE,Georgia Tech,67,61.9,65,jackson hawes,TE,HaweJa00,Jackson Hawes,2025,173,5,BUF,NA,NA,Average
Denzel Burke,CB,Ohio State,70.1,67.6,68.7,denzel burke,CB,BurkDe01,Denzel Burke,2025,174,5,ARI,NA,NA,Good
Tyler Baron,DE,Miami,70.1,73.1,69.2,tyler baron,EDGE,BaroTy00,Tyler Baron,2025,176,5,NYJ,NA,NA,Good
Dorian Strong,CB,Virginia Tech,66.3,58.8,62.3,dorian strong,CB,StroDo01,Dorian Strong,2025,177,6,BUF,NA,NA,Average
Ollie Gordon,RB,Oklahoma State,75.2,68,73.7,ollie gordon,RB,GordOl00,Ollie Gordon,2025,179,6,MIA,NA,NA,Good
JJ Pegues,DT,Mississippi,61.7,56.1,65.6,jj pegues,DL,PeguJJ00,JJ Pegues,2025,180,6,LVR,NA,NA,Average
Marcus Harris,CB,California,66.1,69.3,62.1,marcus harris,CB,HarrMa10,Marcus Harris,2025,183,6,TEN,NA,NA,Average
Devin Neal,RB,Kansas,73.2,67.1,80.6,devin neal,RB,NealDe00,Devin Neal,2025,184,6,NOR,NA,NA,Good
Jaylen Reed,SAF,Penn State,68,78.3,59.7,jaylen reed,S,ReedJa04,Jaylen Reed,2025,187,6,HOU,NA,NA,Average
Kalel Mullings,RB,Michigan,61.8,69.9,55.8,kalel mullings,RB,MullKa00,Kalel Mullings,2025,188,6,TEN,NA,NA,Average
Riley Leonard,QB,Notre Dame,73.6,89.3,65.7,riley leonard,QB,LeonRi02,Riley Leonard,2025,189,6,IND,NA,NA,Good
Tim Smith,DT,Alabama,56.4,51,56.8,tim smith,DL,SmitTi02,Tim Smith,2025,190,6,IND,NA,NA,Below Avg
Tahj Brooks,RB,Texas Tech,76.3,80.5,72.8,tahj brooks,RB,BrooTa00,Tahj Brooks,2025,193,6,CIN,NA,NA,Good
Luke Newman,G,Michigan State,NA,NA,NA,luke newman,IOL,NewmLu00,Luke Newman,2025,195,6,CHI,NA,NA,Below Avg
Graham Mertz,QB,Florida,66.9,82,60.3,graham mertz,QB,MertGr00,Graham Mertz,2025,197,6,HOU,NA,NA,Average
Branson Taylor,OT,Pittsburgh,68,74.2,61.1,branson taylor,OT,TaylBr04,Branson Taylor,2025,199,6,LAC,NA,NA,Average
Rayuan Lane,SAF,Navy,63.3,69.4,59.4,rayuan lane,S,LaneRa00,Rayuan Lane,2025,200,6,JAX,NA,NA,Average
Kobe King,LB,Penn State,71.5,73.4,67.4,kobe king,LB,KingKo00,Kobe King,2025,201,6,MIN,NA,NA,Good
Kain Medrano,LB,UCLA,70.5,83.9,59,kain medrano,LB,MedrKa00,Kain Medrano,2025,205,6,WAS,NA,NA,Good
Chase Lundt,OT,Connecticut,64.9,59.5,61.6,chase lundt,OT,LundCh00,Chase Lundt,2025,206,6,BUF,NA,NA,Average
Jimmy Horn,WR,Colorado,55.1,62.9,55.5,jimmy horn,WR,HornJi00,Jimmy Horn,2025,208,6,CAR,NA,NA,Below Avg
Hayden Conner,G,Texas,64.1,72.6,60.9,hayden conner,IOL,ConnHa00,Hayden Conner,2025,211,6,ARI,NA,NA,Average
Tommy Mellott,WR,Montana State,NA,NA,NA,tommy mellott,WR,MellTo00,Tommy Mellott,2025,213,6,LVR,NA,NA,Below Avg
R.J. Mickens,SAF,Clemson,71.1,81.5,63.7,rj mickens,S,MickRJ00,R.J. Mickens,2025,214,6,LAC,NA,NA,Good
Cam Miller,QB,North Dakota State,NA,NA,NA,cam miller,QB,MillCa00,Cam Miller,2025,215,6,LVR,NA,NA,Below Avg
Jack Nelson,OT,Wisconsin,68.8,71.6,63.9,jack nelson,OT,NelsJa01,Jack Nelson,2025,218,7,ATL,NA,NA,Average
Thomas Fidone,TE,Nebraska,72.7,76.8,67.1,thomas fidone,TE,FidoTh00,Thomas Fidone,2025,219,7,NYG,NA,NA,Good
Marcus Bryant,OT,Missouri,NA,NA,NA,marcus bryant,OT,BryaMa02,Marcus Bryant,2025,220,7,NWE,NA,NA,Below Avg
Jonah Monheim,C,USC,67.5,65.1,68.7,jonah monheim,IOL,MonhJo00,Jonah Monheim,2025,221,7,JAX,NA,NA,Average
Cody Lindenberg,LB,Minnesota,67.6,69,62.7,cody lindenberg,LB,LindCo00,Cody Lindenberg,2025,222,7,LVR,NA,NA,Average
Kitan Crawford,SAF,Nevada,71.4,88.4,58.7,kitan crawford,S,CrawKi00,Kitan Crawford,2025,225,7,ARI,NA,NA,Good
Carson Bruener,LB,Washington,70.8,81.9,60.7,carson bruener,LB,BrueCa00,Carson Bruener,2025,226,7,PIT,NA,NA,Good
Dan Jackson,SAF,Georgia,NA,NA,NA,dan jackson,S,JackDa04,Dan Jackson,2025,230,7,DET,NA,NA,Below Avg
Quinn Ewers,QB,Texas,75,75.6,71.3,quinn ewers,QB,EwerQu00,Quinn Ewers,2025,231,7,MIA,NA,NA,Good
Hunter Wohler,LB,Wisconsin,68.6,75.1,60.9,hunter wohler,LB,WohlHu00,Hunter Wohler,2025,232,7,IND,NA,NA,Average
Kyle Monangai,RB,Rutgers,68,70.2,64.6,kyle monangai,RB,MonaKy00,Kyle Monangai,2025,233,7,CHI,NA,NA,Average
Tez Johnson,WR,Oregon,74.4,63.2,76.2,tez johnson,WR,JohnTe03,Tez Johnson,2025,235,7,TAM,NA,NA,Good
LeQuint Allen,RB,Syracuse,66.7,72.3,62.6,lequint allen,RB,AlleLe01,LeQuint Allen,2025,236,7,JAX,NA,NA,Average
Caleb Lohner,TE,Utah,NA,NA,NA,caleb lohner,TE,LohnCa00,Caleb Lohner,2025,241,7,DEN,NA,NA,Below Avg
Dominic Lovett,WR,Georgia,72.3,76.3,63.6,dominic lovett,WR,LoveDo00,Dominic Lovett,2025,244,7,DET,NA,NA,Good
Jacory Croskey-Merritt,RB,Arizona,NA,NA,NA,jacory croskeymerritt,RB,CrosJa00,Jacory Croskey-Merritt,2025,245,7,WAS,NA,NA,Below Avg
Korie Black,CB,Oklahoma State,NA,NA,NA,korie black,CB,BlacKo00,Korie Black,2025,246,7,NYG,NA,NA,Below Avg
Moliki Matavao,TE,UCLA,63.3,61.3,58.2,moliki matavao,TE,MataMo00,Moliki Matavao,2025,248,7,NOR,NA,NA,Average
Connor Colby,G,Iowa,67.3,83.8,57.9,connor colby,IOL,ColbCo00,Connor Colby,2025,249,7,SFO,NA,NA,Average
Julian Ashby,LS,Vanderbilt,NA,NA,NA,julian ashby,S,AshbJu00,Julian Ashby,2025,251,7,NWE,NA,NA,Below Avg
Junior Bergen,WR,Montana,NA,NA,NA,junior bergen,WR,BergJu00,Junior Bergen,2025,252,7,SFO,NA,NA,Below Avg
Zeek Biggers,DT,Georgia Tech,61.8,69.1,54.6,zeek biggers,DL,BiggZe01,Zeek Biggers,2025,253,7,MIA,NA,NA,Average
Fadil Diggs,DE,Syracuse,68.3,78.5,67.6,fadil diggs,EDGE,DiggFa00,Fadil Diggs,2025,254,7,NOR,NA,NA,Average
Luke Lachey,TE,Iowa,64.7,60.9,63.2,luke lachey,TE,LachLu00,Luke Lachey,2025,255,7,HOU,NA,NA,Average
Trikweze Bridges,DB,Florida,NA,NA,NA,trikweze bridges,CB,BridTr00,Trikweze Bridges,2025,256,7,LAC,NA,NA,Below Avg
Kobee Minor,DB,Memphis,NA,NA,NA,kobee minor,CB,MinoKo00,Kobee Minor,2025,257,7,NWE,NA,NA,Below Avg
Jalon Walker,DE,Georgia,76.5,72,69.9,jalon walker,EDGE,WalkJa02,Jalon Walker,2025,15,1,ATL,NA,NA,Good
James Pearce,DE,Tennessee,82.3,75.9,81.3,james pearce,EDGE,PearJa00,James Pearce,2025,26,1,ATL,NA,NA,Good
Carson Schwesinger,LB,UCLA,79.8,75.8,78.1,carson schwesinger,LB,SchwCa00,Carson Schwesinger,2025,33,2,CLE,NA,NA,Good
Josaiah Stewart,LB,Michigan,75.6,69.5,83.5,josaiah stewart,LB,StewJo03,Josaiah Stewart,2025,90,3,LAR,NA,NA,Good
Dont'e Thornton,WR,Tennessee,74,89,65.6,donte thornton,WR,ThorDo00,Dont'e Thornton,2025,108,4,LVR,NA,NA,Good
Arian Smith,WR,Georgia,72.3,85.3,63.6,arian smith,WR,SmitAr01,Arian Smith,2025,110,4,NYJ,NA,NA,Good
Woody Marks,RB,USC,67.2,72.8,61.2,woody marks,RB,MarkWo00,Woody Marks,2025,116,4,HOU,NA,NA,Average
Gunnar Helm,TE,Texas,71.7,52.8,78.8,gunnar helm,TE,HelmGu00,Gunnar Helm,2025,120,4,TEN,NA,NA,Good
Ty Hamilton,DT,Ohio State,70,80.6,67.8,ty hamilton,DL,HamiTy00,Ty Hamilton,2025,148,5,LAR,NA,NA,Good
Jaydon Blue,RB,Texas,72.9,86.5,72.2,jaydon blue,RB,BlueJa01,Jaydon Blue,2025,149,5,DAL,NA,NA,Good
Drew Kendall,C,Boston College,74.9,85.3,71.2,drew kendall,IOL,KendDr00,Drew Kendall,2025,168,5,PHI,NA,NA,Good
Chris Paul,LB,Mississippi,66.2,60.5,67.6,chris paul,LB,PaulCh01,Chris Paul,2025,172,5,LAR,NA,NA,Average
Konata Mumpfield,WR,Pittsburgh,56,60.9,61,konata mumpfield,WR,MumpKo00,Konata Mumpfield,2025,242,7,LAR,NA,NA,Below Avg
Grey Zabel,G,North Dakota State,83.5,77.6,85.2,grey zabel,IOL,ZabeGr00,Grey Zabel,2025,18,1,SEA,NA,NA,Good
Ashton Gillotte,DE,Louisville,76.5,89.6,71.3,ashton gillotte,EDGE,GillAs00,Ashton Gillotte,2025,66,3,KAN,NA,NA,Good
Darien Porter,CB,Iowa State,81.8,98.1,65.1,darien porter,CB,PortDa00,Darien Porter,2025,68,3,LVR,NA,NA,Good
Vernon Broughton,DT,Texas,69.6,73.8,64.6,vernon broughton,DL,BrouVe00,Vernon Broughton,2025,71,3,NOR,NA,NA,Average
Jonas Sanker,SAF,Virginia,70,71.4,66.6,jonas sanker,S,SankJo00,Jonas Sanker,2025,93,3,NOR,NA,NA,Good
Trevor Etienne,RB,Georgia,67.5,76.9,63.5,trevor etienne,RB,EtieTr01,Trevor Etienne,2025,114,4,CAR,NA,NA,Average
Cody Simon,LB,Ohio State,69.8,71.4,66.1,cody simon,LB,SimoCo01,Cody Simon,2025,115,4,ARI,NA,NA,Average
Jalen Royals,WR,Utah State,84.3,87.4,78.8,jalen royals,WR,RoyaJa00,Jalen Royals,2025,133,4,KAN,NA,NA,Good
Rylie Mills,DT,Notre Dame,72.1,76.7,68.4,rylie mills,DL,MillRy02,Rylie Mills,2025,142,5,SEA,NA,NA,Good
Tory Horton,WR,Colorado State,76.4,83.6,71.4,tory horton,WR,HortTo00,Tory Horton,2025,166,5,SEA,NA,NA,Good
Robbie Ouzts,RB,Alabama,64.3,61.7,59.6,robbie ouzts,RB,OuztRo00,Robbie Ouzts,2025,175,5,SEA,NA,NA,Average
Bryce Cabeldue,G,Kansas,NA,NA,NA,bryce cabeldue,IOL,CabeBr00,Bryce Cabeldue,2025,192,6,SEA,NA,NA,Below Avg
Damien Martinez,RB,Miami,74.5,68.8,76.4,damien martinez,RB,MartDa02,Damien Martinez,2025,223,7,SEA,NA,NA,Good
Mason Richman,G,Iowa,NA,NA,NA,mason richman,IOL,RichMa01,Mason Richman,2025,234,7,SEA,NA,NA,Below Avg
Ricky White,WR,UNLV,66.6,52.7,78.5,ricky white,WR,WhitRi01,Ricky White,2025,238,7,SEA,NA,NA,Average
Mykel Williams,DE,Georgia,75,71.1,65.3,mykel williams,EDGE,WillMy00,Mykel Williams,2025,11,1,SFO,NA,NA,Good
Donovan Jackson,G,Ohio State,74.3,70.5,69.5,donovan jackson,IOL,JackDo03,Donovan Jackson,2025,24,1,MIN,NA,NA,Good
Ty Robinson,DT,Nebraska,74.5,83.1,69.8,ty robinson,DL,RobiTy02,Ty Robinson,2025,111,4,PHI,NA,NA,Good
Harold Fannin,TE,Bowling Green,82.1,78.1,83.3,harold fannin,TE,FannHa00,Harold Fannin,2025,67,3,CLE,NA,NA,Good
Omarion Hampton,RB,North Carolina,87.7,86.9,86.4,omarion hampton,RB,HampOm00,Omarion Hampton,2025,22,1,LAC,NA,NA,Good
Matthew Golden,WR,Texas,84.5,91.3,76,matthew golden,WR,GoldMa02,Matthew Golden,2025,23,1,GNB,NA,NA,Good
Shedeur Sanders,QB,Colorado,83.2,76.3,88.9,shedeur sanders,QB,SandSh00,Shedeur Sanders,2025,144,5,CLE,NA,NA,Good
Isaac TeSlaa,WR,Arkansas,72.3,95.2,55,isaac teslaa,WR,TeSlIs00,Isaac TeSlaa,2025,70,3,DET,NA,NA,Good
Nohl Williams,CB,California,73.5,65.4,77.8,nohl williams,CB,WillNo01,Nohl Williams,2025,85,3,KAN,NA,NA,Good
Tyleik Williams,DT,Ohio State,77.5,74.2,79.8,tyleik williams,DL,WillTy02,Tyleik Williams,2025,28,1,DET,NA,NA,Good
Jalen Milroe,QB,Alabama,81.2,98.4,74.2,jalen milroe,QB,MilrJa00,Jalen Milroe,2025,92,3,SEA,NA,NA,Good
Cam Ward,QB,Miami,84.2,84,87.4,cam ward,QB,WardCa00,Cam Ward,2025,1,1,TEN,NA,NA,Good
Abdul Carter,DE,Penn State,92.1,74.1,96.2,abdul carter,EDGE,CartAb00,Abdul Carter,2025,3,1,NYG,NA,NA,Elite
Derrick Harmon,DT,Oregon,81,78,81.2,derrick harmon,DL,HarmDe01,Derrick Harmon,2025,21,1,PIT,NA,NA,Good
Mason Graham,DT,Michigan,83,70.3,92.1,mason graham,DL,GrahMa00,Mason Graham,2025,5,1,CLE,NA,NA,Good
Josh Conerly,OT,Oregon,79.2,79.4,77.2,josh conerly,OT,ConeJo00,Josh Conerly,2025,29,1,WAS,NA,NA,Good
Cameron Williams,OT,Texas,74.3,67.1,75.9,cameron williams,OT,WillCa04,Cameron Williams,2025,207,6,PHI,NA,NA,Good
Malaki Starks,SAF,Georgia,79.1,64.9,76.3,malaki starks,S,StarMa00,Malaki Starks,2025,27,1,BAL,NA,NA,Good
Jaxson Dart,QB,Mississippi,81,85.2,82.7,jaxson dart,QB,DartJa00,Jaxson Dart,2025,25,1,NYG,NA,NA,Good
Jarquez Hunter,RB,Auburn,72.9,76,74.2,jarquez hunter,RB,HuntJa03,Jarquez Hunter,2025,117,4,LAR,NA,NA,Good
Darius Alexander,DT,Toledo,78.8,81.8,73.5,darius alexander,DL,AlexDa01,Darius Alexander,2025,65,3,NYG,NA,NA,Good
Will Campbell,OT,LSU,82.6,88.8,77.5,will campbell,OT,CampWi01,Will Campbell,2025,4,1,NWE,NA,NA,Good
Dillon Gabriel,QB,Oregon,77,78.4,81.3,dillon gabriel,QB,GabrDi00,Dillon Gabriel,2025,94,3,CLE,NA,NA,Good
Chimere Dike,WR,Florida,72.7,90.5,60.1,chimere dike,WR,DikeCh00,Chimere Dike,2025,103,4,TEN,NA,NA,Good
Walter Nolen,DT,Mississippi,84.3,73.6,87.8,walter nolen,DL,NoleWa00,Walter Nolen,2025,16,1,ARI,NA,NA,Good
Jihaad Campbell,LB,Alabama,84.2,83.7,79.5,jihaad campbell,LB,CampJi00,Jihaad Campbell,2025,31,1,PHI,NA,NA,Good
Maxwell Hairston,CB,Kentucky,79.9,84.3,71.9,maxwell hairston,CB,HairMa00,Maxwell Hairston,2025,30,1,BUF,NA,NA,Good
Deone Walker,DT,Kentucky,71,51,76.9,deone walker,DL,WalkDe04,Deone Walker,2025,109,4,BUF,NA,NA,Good
CJ West,DT,Indiana,72.1,84.6,63.5,cj west,DL,WestCJ00,CJ West,2025,113,4,SFO,NA,NA,Good
Cam Skattebo,RB,Arizona State,87.5,74,95.1,cam skattebo,RB,SkatCa00,Cam Skattebo,2025,105,4,NYG,NA,NA,Good
Craig Woodson,SAF,California,67.3,75.6,59.8,craig woodson,S,WoodCr00,Craig Woodson,2025,106,4,NWE,NA,NA,Average
Travis Hunter,CB,Colorado,88.2,71.5,98.2,travis hunter,CB,HuntTr00,Travis Hunter,2025,2,1,JAX,NA,NA,Good
Bhayshul Tuten,RB,Virginia Tech,80.6,91.4,74.8,bhayshul tuten,RB,TuteBh00,Bhayshul Tuten,2025,104,4,JAX,NA,NA,Good
Jahdae Barron,CB,Texas,85.9,79.1,90.5,jahdae barron,CB,BarrJa01,Jahdae Barron,2025,20,1,DEN,NA,NA,Good
Alfred Collins,DT,Texas,74.6,66.8,76.1,alfred collins,DL,CollAl01,Alfred Collins,2025,43,2,SFO,NA,NA,Good
Mike Green,LB,Marshall,81.9,84.7,73.5,mike green,LB,GreeMi02,Mike Green,2025,59,2,BAL,NA,NA,Good
Jack Kiser,LB,Notre Dame,66.5,71.7,60.4,jack kiser,LB,KiseJa00,Jack Kiser,2025,107,4,JAX,NA,NA,Average
T.J. Sanders,DT,South Carolina,74.6,78.1,76,tj sanders,DL,SandTJ00,T.J. Sanders,2025,41,2,BUF,NA,NA,Good
Donovan Ezeiruaku,DE,Boston College,81.7,77.8,89.9,donovan ezeiruaku,EDGE,EzeiDo00,Donovan Ezeiruaku,2025,44,2,DAL,NA,NA,Good
Anthony Belton,OT,N.C. State,76.8,78.9,74.9,anthony belton,OT,BeltAn00,Anthony Belton,2025,54,2,GNB,NA,NA,Good
Tre Harris,WR,Mississippi,80,74.9,78.8,tre harris,WR,HarrTr03,Tre Harris,2025,55,2,LAC,NA,NA,Good
Tate Ratledge,G,Georgia,78.8,83.7,71.6,tate ratledge,IOL,RatlTa00,Tate Ratledge,2025,57,2,DET,NA,NA,Good
Jack Bech,WR,TCU,76,75.3,70.8,jack bech,WR,BechJa00,Jack Bech,2025,58,2,LVR,NA,NA,Good
RJ Harvey,RB,UCF,81.2,83.7,88.7,rj harvey,RB,HarvRJ00,RJ Harvey,2025,60,2,DEN,NA,NA,Good
Trey Amos,CB,Mississippi,74.3,71.4,67.2,trey amos,CB,AmosTr00,Trey Amos,2025,61,2,WAS,NA,NA,Good
Nick Emmanwori,SAF,South Carolina,85.3,92.6,78,nick emmanwori,S,EmmaNi00,Nick Emmanwori,2025,35,2,SEA,NA,NA,Good
TreVeyon Henderson,RB,Ohio State,85.3,91.7,84.3,treveyon henderson,RB,HendTr02,TreVeyon Henderson,2025,38,2,NWE,NA,NA,Good
Luther Burden,WR,Missouri,90.3,82.1,81,luther burden,WR,BurdLu00,Luther Burden,2025,39,2,CHI,NA,NA,Elite
Mason Taylor,TE,LSU,80.4,81.6,77.5,mason taylor,TE,TaylMa02,Mason Taylor,2025,42,2,NYJ,NA,NA,Good
Terrance Ferguson,TE,Oregon,74,77.9,69,terrance ferguson,TE,FergTe00,Terrance Ferguson,2025,46,2,LAR,NA,NA,Good
Demetrius Knight,LB,South Carolina,76.9,77.7,70.7,demetrius knight,LB,KnigDe00,Demetrius Knight,2025,49,2,CIN,NA,NA,Good
Elijah Arroyo,TE,Miami,75.1,73,71,elijah arroyo,TE,ArroEl00,Elijah Arroyo,2025,50,2,SEA,NA,NA,Good
Ozzy Trapilo,OT,Boston College,74.5,78.6,66.6,ozzy trapilo,OT,TrapOz00,Ozzy Trapilo,2025,56,2,CHI,NA,NA,Good
Shemar Turner,DT,Texas A&M,72.2,80.3,71.8,shemar turner,DL,TurnSh00,Shemar Turner,2025,62,2,CHI,NA,NA,Good
Jonah Savaiinaea,G,Arizona,76.8,85.8,69.3,jonah savaiinaea,IOL,SavaJo00,Jonah Savaiinaea,2025,37,2,MIA,NA,NA,Good
Tyler Shough,QB,Louisville,70.2,82.8,60.5,tyler shough,QB,ShouTy00,Tyler Shough,2025,40,2,NOR,NA,NA,Good
JT Tuimoloau,DE,Ohio State,79.1,75.4,84.8,jt tuimoloau,EDGE,TuimJT00,JT Tuimoloau,2025,45,2,IND,NA,NA,Good
Aireontae Ersery,OT,Minnesota,78.5,87.8,69.4,aireontae ersery,OT,ErseAi00,Aireontae Ersery,2025,48,2,HOU,NA,NA,Good
Nic Scourton,DE,Texas A&M,76,68.2,75.6,nic scourton,EDGE,ScouNi00,Nic Scourton,2025,51,2,CAR,NA,NA,Good
Benjamin Morrison,CB,Notre Dame,78.8,74,78.8,benjamin morrison,CB,MorrBe00,Benjamin Morrison,2025,53,2,TAM,NA,NA,Good
Omarr Norman-Lott,DT,Tennessee,68.2,68.7,67.3,omarr normanlott,DL,NormOm00,Omarr Norman-Lott,2025,63,2,KAN,NA,NA,Average
Andrew Mukuba,SAF,Texas,71.3,64.9,69.1,andrew mukuba,S,MukuAn00,Andrew Mukuba,2025,64,2,PHI,NA,NA,Good
Will Johnson,CB,Michigan,79.6,73.1,78.7,will johnson,CB,JohnWi02,Will Johnson,2025,47,2,ARI,NA,NA,Good
Oluwafemi Oladejo,LB,UCLA,70,73.5,66.6,oluwafemi oladejo,LB,OladOl00,Oluwafemi Oladejo,2025,52,2,TEN,NA,NA,Good
Shemar Stewart,DE,Texas A&M,80.2,91.2,65.1,shemar stewart,EDGE,StewSh00,Shemar Stewart,2025,17,1,CIN,NA,NA,Good
Ahmed Hassanein,DE,Boise State,65.9,73.5,69.7,ahmed hassanein,EDGE,HassAh00,Ahmed Hassanein,2025,196,6,DET,NA,NA,Average
Quinshon Judkins,RB,Ohio State,83.3,92.3,76.5,quinshon judkins,RB,JudkQu00,Quinshon Judkins,2025,36,2,CLE,NA,NA,Good
