team,draft_season,pos_group,pfr_player_id,avg_snap_pct,starter_is_hit,starter_is_good,contract_expiring,is_filled,is_need
HOU,2014,RB,NA,NA,NA,NA,NA,FALSE,TRUE
HOU,2014,WR,HopkDe00,0.89125,TRUE,TRUE,FALSE,TRUE,FALSE
HOU,2014,OT,BrowDu20,0.9892857142857143,TRUE,TRUE,FALSE,TRUE,FALSE
HOU,2014,EDGE,WattJ.00,0.940625,TRUE,TRUE,TRUE,FALSE,TRUE
HOU,2014,TE,DaniOw00,0.9,TRUE,TRUE,FALSE,TRUE,FALSE
HOU,2014,CB,MannDa21,0.9233333333333333,TRUE,TRUE,TRUE,FALSE,TRUE
HOU,2014,IOL,MyerCh20,1,TRUE,TRUE,FALSE,TRUE,FALSE
HOU,2014,QB,SchaMa00,0.822,TRUE,TRUE,FALSE,TRUE,FALSE
HOU,2014,LB,ReedBr00,0.9768749999999999,TRUE,TRUE,TRUE,FALSE,TRUE
HOU,2014,DL,MitcEa99,0.530625,FALSE,FALSE,TRUE,FALSE,TRUE
HOU,2014,S,NA,NA,NA,NA,NA,FALSE,TRUE
HOU,2015,RB,BlueAl00,0.289375,FALSE,FALSE,FALSE,FALSE,TRUE
HOU,2015,WR,HopkDe00,0.949375,TRUE,TRUE,FALSE,TRUE,FALSE
HOU,2015,OT,NewtDe00,0.99875,TRUE,TRUE,TRUE,FALSE,TRUE
HOU,2015,EDGE,MercWh00,0.7613333333333333,TRUE,TRUE,FALSE,TRUE,FALSE
HOU,2015,TE,GrahGa00,0.7354545454545455,TRUE,TRUE,FALSE,TRUE,FALSE
HOU,2015,CB,LewiKe00,0.95,TRUE,TRUE,TRUE,FALSE,TRUE
HOU,2015,IOL,MyerCh20,0.993125,TRUE,TRUE,FALSE,TRUE,FALSE
HOU,2015,QB,FitzRy00,0.9258333333333333,TRUE,TRUE,FALSE,TRUE,FALSE
HOU,2015,LB,CushBr99,0.7307142857142858,TRUE,TRUE,FALSE,TRUE,FALSE
HOU,2015,DL,PickRy20,0.3023076923076923,FALSE,FALSE,TRUE,FALSE,TRUE
HOU,2015,S,NA,NA,NA,NA,NA,FALSE,TRUE
HOU,2016,RB,BlueAl00,0.30625,FALSE,FALSE,FALSE,FALSE,TRUE
HOU,2016,WR,HopkDe00,0.9668749999999999,TRUE,TRUE,FALSE,TRUE,FALSE
HOU,2016,OT,NewtDe00,0.981875,TRUE,TRUE,FALSE,TRUE,FALSE
HOU,2016,EDGE,WattJ.00,0.785625,TRUE,TRUE,TRUE,FALSE,TRUE
HOU,2016,TE,GrifRy00,0.5544444444444444,TRUE,TRUE,FALSE,TRUE,FALSE
HOU,2016,CB,MoorRa00,0.9085714285714286,TRUE,TRUE,TRUE,FALSE,TRUE
HOU,2016,IOL,JoneBe01,0.999375,TRUE,TRUE,TRUE,FALSE,TRUE
HOU,2016,QB,WeedBr00,0.6799999999999999,TRUE,TRUE,TRUE,FALSE,TRUE
HOU,2016,LB,CushBr99,0.943125,TRUE,TRUE,FALSE,TRUE,FALSE
HOU,2016,DL,WilfVi20,0.54,TRUE,TRUE,FALSE,TRUE,FALSE
HOU,2016,S,NA,NA,NA,NA,NA,FALSE,TRUE
HOU,2017,RB,MillLa01,0.6307142857142857,TRUE,TRUE,FALSE,TRUE,FALSE
HOU,2017,WR,HopkDe00,0.968125,TRUE,TRUE,TRUE,FALSE,TRUE
HOU,2017,OT,BrowDu20,0.925,TRUE,TRUE,FALSE,TRUE,FALSE
HOU,2017,EDGE,MercWh00,0.906,TRUE,TRUE,FALSE,TRUE,FALSE
HOU,2017,TE,FiedC.00,0.656,TRUE,FALSE,FALSE,FALSE,TRUE
HOU,2017,CB,DempQu99,0.8607692307692307,TRUE,TRUE,TRUE,FALSE,TRUE
HOU,2017,IOL,Sua-Xa00,0.9425,TRUE,TRUE,FALSE,TRUE,FALSE
HOU,2017,QB,OsweBr00,0.9333333333333333,TRUE,TRUE,FALSE,TRUE,FALSE
HOU,2017,LB,McKiBe00,0.905625,TRUE,TRUE,FALSE,TRUE,FALSE
HOU,2017,DL,WilfVi20,0.542,TRUE,TRUE,TRUE,FALSE,TRUE
HOU,2017,S,DillK.00,0.054,FALSE,FALSE,FALSE,FALSE,TRUE
HOU,2018,RB,MillLa01,0.67375,TRUE,TRUE,FALSE,TRUE,FALSE
HOU,2018,WR,HopkDe00,0.982,TRUE,TRUE,FALSE,TRUE,FALSE
HOU,2018,OT,GiacBr20,1,TRUE,TRUE,TRUE,FALSE,TRUE
HOU,2018,EDGE,ClowJa00,0.873125,TRUE,TRUE,FALSE,TRUE,FALSE
HOU,2018,TE,GrifRy00,0.6957142857142857,TRUE,TRUE,FALSE,TRUE,FALSE
HOU,2018,CB,HalxAn00,0.9125,TRUE,TRUE,TRUE,FALSE,TRUE
HOU,2018,IOL,Sua-Xa00,0.984375,TRUE,TRUE,TRUE,FALSE,TRUE
HOU,2018,QB,WatsDe00,0.9342857142857143,TRUE,TRUE,FALSE,TRUE,FALSE
HOU,2018,LB,McKiBe00,0.930625,TRUE,TRUE,FALSE,TRUE,FALSE
HOU,2018,DL,ReadD.00,0.5828571428571429,TRUE,TRUE,FALSE,TRUE,FALSE
HOU,2018,S,DecoTr00,0.08600000000000001,FALSE,FALSE,TRUE,FALSE,TRUE
HOU,2019,RB,MillLa01,0.6457142857142857,TRUE,TRUE,FALSE,TRUE,FALSE
HOU,2019,WR,HopkDe00,0.99,TRUE,TRUE,FALSE,TRUE,FALSE
HOU,2019,OT,DaveJu00,0.941875,TRUE,FALSE,TRUE,FALSE,TRUE
HOU,2019,EDGE,WattJ.00,0.90125,TRUE,TRUE,TRUE,FALSE,TRUE
HOU,2019,TE,GrifRy00,0.7685714285714286,TRUE,TRUE,FALSE,TRUE,FALSE
HOU,2019,CB,MathTy00,0.975,TRUE,TRUE,TRUE,FALSE,TRUE
HOU,2019,IOL,MartNi00,1,TRUE,TRUE,FALSE,TRUE,FALSE
HOU,2019,QB,WatsDe00,0.99875,TRUE,TRUE,FALSE,TRUE,FALSE
HOU,2019,LB,McKiBe00,0.86625,TRUE,TRUE,FALSE,TRUE,FALSE
HOU,2019,DL,ReadD.00,0.599375,TRUE,TRUE,FALSE,TRUE,FALSE
HOU,2019,S,ReidJu00,0.85875,TRUE,TRUE,FALSE,TRUE,FALSE
HOU,2020,RB,HydeCa00,0.49062500000000003,TRUE,TRUE,TRUE,FALSE,TRUE
HOU,2020,WR,HopkDe00,0.968,TRUE,TRUE,FALSE,TRUE,FALSE
HOU,2020,OT,TunsLa00,0.9821428571428571,TRUE,TRUE,TRUE,FALSE,TRUE
HOU,2020,EDGE,WattJ.00,0.8825000000000001,TRUE,TRUE,TRUE,FALSE,TRUE
HOU,2020,TE,AkinJo00,0.60875,TRUE,TRUE,FALSE,TRUE,FALSE
HOU,2020,CB,RobyBr00,0.947,TRUE,TRUE,TRUE,FALSE,TRUE
HOU,2020,IOL,KeleSe00,1,TRUE,TRUE,FALSE,TRUE,FALSE
HOU,2020,QB,WatsDe00,0.9953333333333333,TRUE,TRUE,FALSE,TRUE,FALSE
HOU,2020,LB,McKiBe00,0.8957142857142857,TRUE,TRUE,FALSE,TRUE,FALSE
HOU,2020,DL,ReadD.00,0.616,TRUE,TRUE,TRUE,FALSE,TRUE
HOU,2020,S,ReidJu00,0.9073333333333333,TRUE,TRUE,FALSE,TRUE,FALSE
HOU,2021,RB,JohnDa08,0.7533333333333333,TRUE,TRUE,TRUE,FALSE,TRUE
HOU,2021,WR,HansCh00,0.906,TRUE,FALSE,FALSE,FALSE,TRUE
HOU,2021,OT,TunsLa00,0.9464285714285714,TRUE,TRUE,FALSE,TRUE,FALSE
HOU,2021,EDGE,WattJ.00,0.915625,TRUE,TRUE,TRUE,FALSE,TRUE
HOU,2021,TE,AkinJo00,0.5192307692307693,FALSE,FALSE,FALSE,FALSE,TRUE
HOU,2021,CB,MurrEr00,0.98,TRUE,TRUE,TRUE,FALSE,TRUE
HOU,2021,IOL,MartNi00,0.99875,TRUE,TRUE,FALSE,TRUE,FALSE
HOU,2021,QB,WatsDe00,0.9975,TRUE,TRUE,FALSE,TRUE,FALSE
HOU,2021,LB,CunnZa00,0.85625,TRUE,TRUE,FALSE,TRUE,FALSE
HOU,2021,DL,HallP.00,0.495,FALSE,FALSE,TRUE,FALSE,TRUE
HOU,2021,S,ReidJu00,0.9792307692307692,TRUE,TRUE,FALSE,TRUE,FALSE
HOU,2022,RB,JohnDa08,0.4023076923076923,FALSE,FALSE,TRUE,FALSE,TRUE
HOU,2022,WR,CookBr00,0.8325,TRUE,TRUE,FALSE,TRUE,FALSE
HOU,2022,OT,NA,NA,NA,NA,NA,FALSE,TRUE
HOU,2022,EDGE,GrugKa00,0.8264285714285714,TRUE,TRUE,TRUE,FALSE,TRUE
HOU,2022,TE,JordBr00,0.4066666666666667,FALSE,FALSE,FALSE,FALSE,TRUE
HOU,2022,CB,MitcTe00,0.8407142857142857,TRUE,TRUE,FALSE,TRUE,FALSE
HOU,2022,IOL,MorrJi00,0.8,TRUE,FALSE,FALSE,FALSE,TRUE
HOU,2022,QB,MillDa02,0.9238461538461539,TRUE,TRUE,FALSE,TRUE,FALSE
HOU,2022,LB,KirkCh00,0.9223076923076923,TRUE,TRUE,TRUE,FALSE,TRUE
HOU,2022,DL,CollMa00,0.6153333333333333,TRUE,TRUE,TRUE,FALSE,TRUE
HOU,2022,S,ReidJu00,0.8946153846153846,TRUE,TRUE,TRUE,FALSE,TRUE
STL,2014,RB,StacZa00,0.6728571428571428,TRUE,TRUE,FALSE,TRUE,FALSE
STL,2014,WR,GiveCh00,0.771875,TRUE,TRUE,FALSE,TRUE,FALSE
STL,2014,OT,LongJa20,0.8966666666666666,TRUE,TRUE,FALSE,TRUE,FALSE
STL,2014,EDGE,LongCh99,0.788125,TRUE,TRUE,FALSE,TRUE,FALSE
STL,2014,TE,CookJa02,0.715,TRUE,TRUE,FALSE,TRUE,FALSE
STL,2014,CB,JenkJa03,0.9824999999999999,TRUE,TRUE,TRUE,FALSE,TRUE
STL,2014,IOL,WellSc20,0.9466666666666667,TRUE,TRUE,FALSE,TRUE,FALSE
STL,2014,QB,BradSa00,0.9857142857142858,TRUE,TRUE,FALSE,TRUE,FALSE
STL,2014,LB,LaurJa99,0.99125,TRUE,TRUE,FALSE,TRUE,FALSE
STL,2014,DL,BrocMi00,0.7475,TRUE,TRUE,FALSE,TRUE,FALSE
STL,2014,S,NA,NA,NA,NA,NA,FALSE,TRUE
STL,2015,RB,MasoTr00,0.5175,TRUE,FALSE,FALSE,FALSE,TRUE
STL,2015,WR,BritKe00,0.786875,TRUE,TRUE,TRUE,FALSE,TRUE
STL,2015,OT,BarkJo00,0.99375,TRUE,TRUE,TRUE,FALSE,TRUE
STL,2015,EDGE,QuinRo00,0.754375,TRUE,TRUE,FALSE,TRUE,FALSE
STL,2015,TE,CookJa02,0.678125,TRUE,TRUE,FALSE,TRUE,FALSE
STL,2015,CB,McDoTJ00,1,TRUE,TRUE,TRUE,FALSE,TRUE
STL,2015,IOL,WellSc20,0.9725,TRUE,TRUE,FALSE,TRUE,FALSE
STL,2015,QB,NA,NA,NA,NA,NA,FALSE,TRUE
STL,2015,LB,OgleAl00,0.99625,TRUE,TRUE,FALSE,TRUE,FALSE
STL,2015,DL,DonaAa00,0.67,TRUE,TRUE,FALSE,TRUE,FALSE
STL,2015,S,NA,NA,NA,NA,NA,FALSE,TRUE
STL,2016,RB,GurlTo01,0.5846153846153846,TRUE,TRUE,FALSE,TRUE,FALSE
STL,2016,WR,AustTa00,0.7775,TRUE,TRUE,FALSE,TRUE,FALSE
STL,2016,OT,RobiGr01,1,TRUE,TRUE,FALSE,TRUE,FALSE
STL,2016,EDGE,SimsEu99,0.6130769230769231,TRUE,TRUE,TRUE,FALSE,TRUE
STL,2016,TE,CookJa02,0.70625,TRUE,TRUE,FALSE,TRUE,FALSE
STL,2016,CB,McDoTJ00,0.9890909090909091,TRUE,TRUE,TRUE,FALSE,TRUE
STL,2016,IOL,WichCo00,0.595,FALSE,FALSE,FALSE,FALSE,TRUE
STL,2016,QB,FoleNi00,0.9836363636363636,TRUE,TRUE,FALSE,TRUE,FALSE
STL,2016,LB,LaurJa99,0.999375,TRUE,TRUE,FALSE,TRUE,FALSE
STL,2016,DL,DonaAa00,0.7925,TRUE,TRUE,FALSE,TRUE,FALSE
STL,2016,S,NA,NA,NA,NA,NA,FALSE,TRUE
STL,2017,RB,NA,NA,NA,NA,NA,FALSE,TRUE
STL,2017,WR,NA,NA,NA,NA,NA,FALSE,TRUE
STL,2017,OT,NA,NA,NA,NA,NA,FALSE,TRUE
STL,2017,EDGE,NA,NA,NA,NA,NA,FALSE,TRUE
STL,2017,TE,NA,NA,NA,NA,NA,FALSE,TRUE
STL,2017,CB,NA,NA,NA,NA,NA,FALSE,TRUE
STL,2017,IOL,NA,NA,NA,NA,NA,FALSE,TRUE
STL,2017,QB,NA,NA,NA,NA,NA,FALSE,TRUE
STL,2017,LB,NA,NA,NA,NA,NA,FALSE,TRUE
STL,2017,DL,NA,NA,NA,NA,NA,FALSE,TRUE
STL,2017,S,NA,NA,NA,NA,NA,FALSE,TRUE
STL,2018,RB,NA,NA,NA,NA,NA,FALSE,TRUE
STL,2018,WR,NA,NA,NA,NA,NA,FALSE,TRUE
STL,2018,OT,NA,NA,NA,NA,NA,FALSE,TRUE
STL,2018,EDGE,NA,NA,NA,NA,NA,FALSE,TRUE
STL,2018,TE,NA,NA,NA,NA,NA,FALSE,TRUE
STL,2018,CB,NA,NA,NA,NA,NA,FALSE,TRUE
STL,2018,IOL,NA,NA,NA,NA,NA,FALSE,TRUE
STL,2018,QB,NA,NA,NA,NA,NA,FALSE,TRUE
STL,2018,LB,NA,NA,NA,NA,NA,FALSE,TRUE
STL,2018,DL,NA,NA,NA,NA,NA,FALSE,TRUE
STL,2018,S,NA,NA,NA,NA,NA,FALSE,TRUE
STL,2019,RB,NA,NA,NA,NA,NA,FALSE,TRUE
STL,2019,WR,NA,NA,NA,NA,NA,FALSE,TRUE
STL,2019,OT,NA,NA,NA,NA,NA,FALSE,TRUE
STL,2019,EDGE,NA,NA,NA,NA,NA,FALSE,TRUE
STL,2019,TE,NA,NA,NA,NA,NA,FALSE,TRUE
STL,2019,CB,NA,NA,NA,NA,NA,FALSE,TRUE
STL,2019,IOL,NA,NA,NA,NA,NA,FALSE,TRUE
STL,2019,QB,NA,NA,NA,NA,NA,FALSE,TRUE
STL,2019,LB,NA,NA,NA,NA,NA,FALSE,TRUE
STL,2019,DL,NA,NA,NA,NA,NA,FALSE,TRUE
STL,2019,S,NA,NA,NA,NA,NA,FALSE,TRUE
STL,2020,RB,NA,NA,NA,NA,NA,FALSE,TRUE
STL,2020,WR,NA,NA,NA,NA,NA,FALSE,TRUE
STL,2020,OT,NA,NA,NA,NA,NA,FALSE,TRUE
STL,2020,EDGE,NA,NA,NA,NA,NA,FALSE,TRUE
STL,2020,TE,NA,NA,NA,NA,NA,FALSE,TRUE
STL,2020,CB,NA,NA,NA,NA,NA,FALSE,TRUE
STL,2020,IOL,NA,NA,NA,NA,NA,FALSE,TRUE
STL,2020,QB,NA,NA,NA,NA,NA,FALSE,TRUE
STL,2020,LB,NA,NA,NA,NA,NA,FALSE,TRUE
STL,2020,DL,NA,NA,NA,NA,NA,FALSE,TRUE
STL,2020,S,NA,NA,NA,NA,NA,FALSE,TRUE
STL,2021,RB,NA,NA,NA,NA,NA,FALSE,TRUE
STL,2021,WR,NA,NA,NA,NA,NA,FALSE,TRUE
STL,2021,OT,NA,NA,NA,NA,NA,FALSE,TRUE
STL,2021,EDGE,NA,NA,NA,NA,NA,FALSE,TRUE
STL,2021,TE,NA,NA,NA,NA,NA,FALSE,TRUE
STL,2021,CB,NA,NA,NA,NA,NA,FALSE,TRUE
STL,2021,IOL,NA,NA,NA,NA,NA,FALSE,TRUE
STL,2021,QB,NA,NA,NA,NA,NA,FALSE,TRUE
STL,2021,LB,NA,NA,NA,NA,NA,FALSE,TRUE
STL,2021,DL,NA,NA,NA,NA,NA,FALSE,TRUE
STL,2021,S,NA,NA,NA,NA,NA,FALSE,TRUE
STL,2022,RB,NA,NA,NA,NA,NA,FALSE,TRUE
STL,2022,WR,NA,NA,NA,NA,NA,FALSE,TRUE
STL,2022,OT,NA,NA,NA,NA,NA,FALSE,TRUE
STL,2022,EDGE,NA,NA,NA,NA,NA,FALSE,TRUE
STL,2022,TE,NA,NA,NA,NA,NA,FALSE,TRUE
STL,2022,CB,NA,NA,NA,NA,NA,FALSE,TRUE
STL,2022,IOL,NA,NA,NA,NA,NA,FALSE,TRUE
STL,2022,QB,NA,NA,NA,NA,NA,FALSE,TRUE
STL,2022,LB,NA,NA,NA,NA,NA,FALSE,TRUE
STL,2022,DL,NA,NA,NA,NA,NA,FALSE,TRUE
STL,2022,S,NA,NA,NA,NA,NA,FALSE,TRUE
JAX,2014,RB,NA,NA,NA,NA,NA,FALSE,TRUE
JAX,2014,WR,BlacJu00,0.9349999999999999,TRUE,FALSE,FALSE,FALSE,TRUE
JAX,2014,OT,MonrEu20,1,TRUE,TRUE,TRUE,FALSE,TRUE
JAX,2014,EDGE,MincJe99,0.43125,FALSE,FALSE,TRUE,FALSE,TRUE
JAX,2014,TE,LewiMa00,0.7972727272727272,TRUE,TRUE,FALSE,TRUE,FALSE
JAX,2014,CB,CyprJo00,1,TRUE,TRUE,TRUE,FALSE,TRUE
JAX,2014,IOL,NA,NA,NA,NA,NA,FALSE,TRUE
JAX,2014,QB,HennCh01,0.8966666666666666,TRUE,TRUE,TRUE,FALSE,TRUE
JAX,2014,LB,PoluPa99,0.9886666666666667,TRUE,TRUE,FALSE,TRUE,FALSE
JAX,2014,DL,MarkSe99,0.834375,TRUE,TRUE,FALSE,TRUE,FALSE
JAX,2014,S,NA,NA,NA,NA,NA,FALSE,TRUE
JAX,2015,RB,GerhTo00,0.34500000000000003,FALSE,FALSE,FALSE,FALSE,TRUE
JAX,2015,WR,ShorCe00,0.87,TRUE,TRUE,TRUE,FALSE,TRUE
JAX,2015,OT,JoecLu00,0.951875,TRUE,TRUE,FALSE,TRUE,FALSE
JAX,2015,EDGE,HoodEv99,0.369375,FALSE,FALSE,TRUE,FALSE,TRUE
JAX,2015,TE,LewiMa00,0.8512500000000001,TRUE,TRUE,FALSE,TRUE,FALSE
JAX,2015,CB,BallAl99,0.9757142857142858,TRUE,TRUE,TRUE,FALSE,TRUE
JAX,2015,IOL,BeadZa20,1,TRUE,TRUE,FALSE,TRUE,FALSE
JAX,2015,QB,BortBl00,0.9785714285714285,TRUE,TRUE,FALSE,TRUE,FALSE
JAX,2015,LB,PoluPa99,0.9542857142857143,TRUE,TRUE,FALSE,TRUE,FALSE
JAX,2015,DL,MarkSe99,0.6437499999999999,TRUE,TRUE,FALSE,TRUE,FALSE
JAX,2015,S,NA,NA,NA,NA,NA,FALSE,TRUE
JAX,2016,RB,YeldT.00,0.7683333333333333,TRUE,TRUE,FALSE,TRUE,FALSE
JAX,2016,WR,RobiAl02,0.933125,TRUE,TRUE,FALSE,TRUE,FALSE
JAX,2016,OT,JoecLu00,0.97,TRUE,TRUE,FALSE,TRUE,FALSE
JAX,2016,EDGE,OdriJa99,0.7575,TRUE,TRUE,FALSE,TRUE,FALSE
JAX,2016,TE,ThomJu00,0.6941666666666666,TRUE,TRUE,FALSE,TRUE,FALSE
JAX,2016,CB,CyprJo00,0.9992857142857143,TRUE,TRUE,TRUE,FALSE,TRUE
JAX,2016,IOL,BeadZa20,1,TRUE,TRUE,FALSE,TRUE,FALSE
JAX,2016,QB,BortBl00,1,TRUE,TRUE,FALSE,TRUE,FALSE
JAX,2016,LB,SmitTe01,0.9878571428571429,TRUE,TRUE,FALSE,TRUE,FALSE
JAX,2016,DL,MarkSe99,0.5125,FALSE,FALSE,FALSE,FALSE,TRUE
JAX,2016,S,SampJa00,0.4275,FALSE,FALSE,FALSE,FALSE,TRUE
JAX,2017,RB,YeldT.00,0.558,TRUE,TRUE,FALSE,TRUE,FALSE
JAX,2017,WR,RobiAl02,0.9412499999999999,TRUE,TRUE,FALSE,TRUE,FALSE
JAX,2017,OT,BeacKe00,0.9766666666666667,TRUE,TRUE,FALSE,TRUE,FALSE
JAX,2017,EDGE,NgakYa00,0.649375,TRUE,TRUE,FALSE,TRUE,FALSE
JAX,2017,TE,ThomJu00,0.73,TRUE,TRUE,FALSE,TRUE,FALSE
JAX,2017,CB,CyprJo00,0.994375,TRUE,TRUE,TRUE,FALSE,TRUE
JAX,2017,IOL,CannA.00,1,TRUE,TRUE,FALSE,TRUE,FALSE
JAX,2017,QB,BortBl00,0.99875,TRUE,TRUE,FALSE,TRUE,FALSE
JAX,2017,LB,PoluPa99,0.9825,TRUE,TRUE,FALSE,TRUE,FALSE
JAX,2017,DL,JackMa02,0.66875,TRUE,TRUE,FALSE,TRUE,FALSE
JAX,2017,S,NA,NA,NA,NA,NA,FALSE,TRUE
JAX,2018,RB,FourLe00,0.6269230769230769,TRUE,TRUE,FALSE,TRUE,FALSE
JAX,2018,WR,WestDe00,0.78,TRUE,TRUE,FALSE,TRUE,FALSE
JAX,2018,OT,RobiCa00,0.844,TRUE,TRUE,FALSE,TRUE,FALSE
JAX,2018,EDGE,JackMy00,0.975625,TRUE,TRUE,TRUE,FALSE,TRUE
JAX,2018,TE,LewiMa00,0.800625,TRUE,TRUE,FALSE,TRUE,FALSE
JAX,2018,CB,RamsJa00,0.9425,TRUE,TRUE,FALSE,TRUE,FALSE
JAX,2018,IOL,CannA.00,0.99,TRUE,TRUE,FALSE,TRUE,FALSE
JAX,2018,QB,BortBl00,0.98,TRUE,TRUE,TRUE,FALSE,TRUE
JAX,2018,LB,SmitTe01,0.9392857142857143,TRUE,TRUE,FALSE,TRUE,FALSE
JAX,2018,DL,JackMa02,0.729375,TRUE,TRUE,FALSE,TRUE,FALSE
JAX,2018,S,NA,NA,NA,NA,NA,FALSE,TRUE
JAX,2019,RB,YeldT.00,0.5457142857142857,TRUE,TRUE,TRUE,FALSE,TRUE
JAX,2019,WR,MoncDo00,0.785625,TRUE,TRUE,TRUE,FALSE,TRUE
JAX,2019,OT,FlowEr00,0.9,TRUE,TRUE,TRUE,FALSE,TRUE
JAX,2019,EDGE,JackMy00,1,TRUE,TRUE,TRUE,FALSE,TRUE
JAX,2019,TE,SefeAu00,0.658,TRUE,TRUE,FALSE,TRUE,FALSE
JAX,2019,CB,RamsJa00,0.995625,TRUE,TRUE,FALSE,TRUE,FALSE
JAX,2019,IOL,CannA.00,0.9526666666666667,TRUE,TRUE,TRUE,FALSE,TRUE
JAX,2019,QB,BortBl00,0.9061538461538462,TRUE,TRUE,FALSE,TRUE,FALSE
JAX,2019,LB,SmitTe01,0.99625,TRUE,TRUE,FALSE,TRUE,FALSE
JAX,2019,DL,JackMa02,0.61125,TRUE,TRUE,FALSE,TRUE,FALSE
JAX,2019,S,HarrRo02,0.35357142857142854,FALSE,FALSE,FALSE,FALSE,TRUE
JAX,2020,RB,FourLe00,0.886,TRUE,TRUE,FALSE,TRUE,FALSE
JAX,2020,WR,CharDJ00,0.82,TRUE,TRUE,FALSE,TRUE,FALSE
JAX,2020,OT,TaylJa02,1,TRUE,TRUE,FALSE,TRUE,FALSE
JAX,2020,EDGE,JackMy00,0.8754545454545455,TRUE,TRUE,TRUE,FALSE,TRUE
JAX,2020,TE,O'ShJa00,0.628,TRUE,TRUE,FALSE,TRUE,FALSE
JAX,2020,CB,RamsJa00,0.6633333333333333,FALSE,FALSE,TRUE,FALSE,TRUE
JAX,2020,IOL,LindBr00,0.996875,TRUE,TRUE,FALSE,TRUE,FALSE
JAX,2020,QB,MinsGa00,0.9578571428571429,TRUE,TRUE,FALSE,TRUE,FALSE
JAX,2020,LB,AlleJo03,0.6025,FALSE,FALSE,TRUE,FALSE,TRUE
JAX,2020,DL,DareMa00,0.5233333333333333,FALSE,FALSE,FALSE,FALSE,TRUE
JAX,2020,S,HarrRo02,0.8978571428571429,TRUE,TRUE,FALSE,TRUE,FALSE
JAX,2021,RB,ThomCh03,0.29375,FALSE,FALSE,TRUE,FALSE,TRUE
JAX,2021,WR,CharDJ00,0.8353846153846154,TRUE,TRUE,FALSE,TRUE,FALSE
JAX,2021,OT,TaylJa02,1,TRUE,TRUE,FALSE,TRUE,FALSE
JAX,2021,EDGE,SchoJo00,0.989375,TRUE,TRUE,TRUE,FALSE,TRUE
JAX,2021,TE,EifeTy00,0.558,TRUE,TRUE,FALSE,TRUE,FALSE
JAX,2021,CB,HendCJ00,0.85875,TRUE,TRUE,FALSE,TRUE,FALSE
JAX,2021,IOL,CannA.00,0.9426666666666667,TRUE,TRUE,FALSE,TRUE,FALSE
JAX,2021,QB,LutoJa00,1,TRUE,FALSE,FALSE,FALSE,TRUE
JAX,2021,LB,AlleJo03,0.715,TRUE,TRUE,TRUE,FALSE,TRUE
JAX,2021,DL,HamiDa02,0.5363636363636364,FALSE,FALSE,FALSE,FALSE,TRUE
JAX,2021,S,JoneJo06,0.75,TRUE,FALSE,TRUE,FALSE,TRUE
JAX,2022,RB,HydeCa00,0.37416666666666665,FALSE,FALSE,FALSE,FALSE,TRUE
JAX,2022,WR,JoneMa02,0.9041176470588236,TRUE,TRUE,FALSE,TRUE,FALSE
JAX,2022,OT,TaylJa02,1,TRUE,TRUE,FALSE,TRUE,FALSE
JAX,2022,EDGE,JackMy00,0.9400000000000001,TRUE,TRUE,TRUE,FALSE,TRUE
JAX,2022,TE,O'ShJa00,0.6085714285714285,TRUE,TRUE,TRUE,FALSE,TRUE
JAX,2022,CB,GrifSh00,0.965,TRUE,TRUE,FALSE,TRUE,FALSE
JAX,2022,IOL,LindBr00,0.9144444444444444,TRUE,TRUE,TRUE,FALSE,TRUE
JAX,2022,QB,LawrTr00,0.9929411764705882,TRUE,TRUE,FALSE,TRUE,FALSE
JAX,2022,LB,WilsDa02,0.7858823529411765,TRUE,TRUE,TRUE,FALSE,TRUE
JAX,2022,DL,BrowMa01,0.4364705882352941,FALSE,FALSE,FALSE,FALSE,TRUE
JAX,2022,S,JenkRa00,0.9057142857142857,TRUE,TRUE,FALSE,TRUE,FALSE
BUF,2014,RB,SpilC.00,0.362,FALSE,FALSE,FALSE,FALSE,TRUE
BUF,2014,WR,WoodRo02,0.89,TRUE,TRUE,FALSE,TRUE,FALSE
BUF,2014,OT,UrbiKr20,0.985,TRUE,TRUE,TRUE,FALSE,TRUE
BUF,2014,EDGE,WillMa22,0.88125,TRUE,TRUE,FALSE,TRUE,FALSE
BUF,2014,TE,ChanSc00,0.79,TRUE,TRUE,TRUE,FALSE,TRUE
BUF,2014,CB,WillAa00,0.91,TRUE,TRUE,TRUE,FALSE,TRUE
BUF,2014,IOL,GlenCo00,1,TRUE,TRUE,TRUE,FALSE,TRUE
BUF,2014,QB,ManuEJ00,0.958,TRUE,FALSE,FALSE,FALSE,TRUE
BUF,2014,LB,AlonKi00,1,TRUE,TRUE,TRUE,FALSE,TRUE
BUF,2014,DL,WillKy20,0.825625,TRUE,TRUE,FALSE,TRUE,FALSE
BUF,2014,S,NA,NA,NA,NA,NA,FALSE,TRUE
BUF,2015,RB,SpilC.00,0.31666666666666665,FALSE,FALSE,TRUE,FALSE,TRUE
BUF,2015,WR,WatkSa00,0.966875,TRUE,TRUE,FALSE,TRUE,FALSE
BUF,2015,OT,WillCh03,0.7366666666666667,TRUE,TRUE,TRUE,FALSE,TRUE
BUF,2015,EDGE,WillMa22,0.73125,TRUE,TRUE,FALSE,TRUE,FALSE
BUF,2015,TE,ChanSc00,0.700625,TRUE,TRUE,FALSE,TRUE,FALSE
BUF,2015,CB,GilmSt00,0.8942857142857142,TRUE,TRUE,FALSE,TRUE,FALSE
BUF,2015,IOL,HendSe00,1,TRUE,FALSE,TRUE,FALSE,TRUE
BUF,2015,QB,OrtoKy00,0.9958333333333333,TRUE,TRUE,FALSE,TRUE,FALSE
BUF,2015,LB,NA,NA,NA,NA,NA,FALSE,TRUE
BUF,2015,DL,WillKy20,0.7026666666666667,TRUE,TRUE,TRUE,FALSE,TRUE
BUF,2015,S,NA,NA,NA,NA,NA,FALSE,TRUE
BUF,2016,RB,McCoLe01,0.7316666666666667,TRUE,TRUE,FALSE,TRUE,FALSE
BUF,2016,WR,WoodRo02,0.8178571428571428,TRUE,TRUE,FALSE,TRUE,FALSE
BUF,2016,OT,MillJo02,0.522,FALSE,FALSE,TRUE,FALSE,TRUE
BUF,2016,EDGE,HughJe99,0.92625,TRUE,TRUE,FALSE,TRUE,FALSE
BUF,2016,TE,ClayCh00,0.8830769230769231,TRUE,TRUE,FALSE,TRUE,FALSE
BUF,2016,CB,GilmSt00,0.9483333333333334,TRUE,TRUE,FALSE,TRUE,FALSE
BUF,2016,IOL,IncoRi20,1,TRUE,TRUE,TRUE,FALSE,TRUE
BUF,2016,QB,TaylTy00,0.995,TRUE,TRUE,FALSE,TRUE,FALSE
BUF,2016,LB,BrowPr00,0.9825,TRUE,TRUE,FALSE,TRUE,FALSE
BUF,2016,DL,DareMa00,0.742,TRUE,TRUE,FALSE,TRUE,FALSE
BUF,2016,S,NA,NA,NA,NA,NA,FALSE,TRUE
BUF,2017,RB,McCoLe01,0.6573333333333333,TRUE,TRUE,FALSE,TRUE,FALSE
BUF,2017,WR,WatkSa00,0.7525000000000001,TRUE,TRUE,FALSE,TRUE,FALSE
BUF,2017,OT,MillJo02,0.970625,TRUE,TRUE,TRUE,FALSE,TRUE
BUF,2017,EDGE,HughJe99,0.8,TRUE,TRUE,FALSE,TRUE,FALSE
BUF,2017,TE,ClayCh00,0.8853333333333333,TRUE,TRUE,FALSE,TRUE,FALSE
BUF,2017,CB,NA,NA,NA,NA,NA,FALSE,TRUE
BUF,2017,IOL,IncoRi20,0.996875,TRUE,TRUE,FALSE,TRUE,FALSE
BUF,2017,QB,TaylTy00,0.9706666666666667,TRUE,TRUE,FALSE,TRUE,FALSE
BUF,2017,LB,BrowPr00,0.99375,TRUE,TRUE,FALSE,TRUE,FALSE
BUF,2017,DL,NA,NA,NA,NA,NA,FALSE,TRUE
BUF,2017,S,NA,NA,NA,NA,NA,FALSE,TRUE
BUF,2018,RB,McCoLe01,0.6799999999999999,TRUE,TRUE,FALSE,TRUE,FALSE
BUF,2018,WR,JoneZa00,0.7913333333333333,TRUE,TRUE,FALSE,TRUE,FALSE
BUF,2018,OT,DucaVl20,1,TRUE,TRUE,TRUE,FALSE,TRUE
BUF,2018,EDGE,HughJe99,0.6675,TRUE,TRUE,FALSE,TRUE,FALSE
BUF,2018,TE,ClayCh00,0.6861538461538461,TRUE,TRUE,FALSE,TRUE,FALSE
BUF,2018,CB,NA,NA,NA,NA,NA,FALSE,TRUE
BUF,2018,IOL,MillJo04,1,TRUE,TRUE,FALSE,TRUE,FALSE
BUF,2018,QB,TaylTy00,0.9373333333333334,TRUE,TRUE,FALSE,TRUE,FALSE
BUF,2018,LB,BrowPr00,0.991875,TRUE,TRUE,FALSE,TRUE,FALSE
BUF,2018,DL,NA,NA,NA,NA,NA,FALSE,TRUE
BUF,2018,S,NA,NA,NA,NA,NA,FALSE,TRUE
BUF,2019,RB,McCoLe01,0.5335714285714286,TRUE,TRUE,FALSE,TRUE,FALSE
BUF,2019,WR,JoneZa00,0.891875,TRUE,TRUE,FALSE,TRUE,FALSE
BUF,2019,OT,MillJo02,0.960625,TRUE,TRUE,TRUE,FALSE,TRUE
BUF,2019,EDGE,HughJe99,0.66125,TRUE,TRUE,FALSE,TRUE,FALSE
BUF,2019,TE,ClayCh00,0.5984615384615385,TRUE,TRUE,FALSE,TRUE,FALSE
BUF,2019,CB,NA,NA,NA,NA,NA,FALSE,TRUE
BUF,2019,IOL,DawkDi00,0.998125,TRUE,TRUE,TRUE,FALSE,TRUE
BUF,2019,QB,BarkMa00,1,TRUE,FALSE,FALSE,FALSE,TRUE
BUF,2019,LB,EdmuTr01,0.966,TRUE,TRUE,FALSE,TRUE,FALSE
BUF,2019,DL,WillKy20,0.6162500000000001,TRUE,TRUE,TRUE,FALSE,TRUE
BUF,2019,S,NA,NA,NA,NA,NA,FALSE,TRUE
BUF,2020,RB,SingDe00,0.6766666666666666,TRUE,TRUE,FALSE,TRUE,FALSE
BUF,2020,WR,BrowJo02,0.9106666666666666,TRUE,TRUE,FALSE,TRUE,FALSE
BUF,2020,OT,FordCo00,0.68875,FALSE,FALSE,TRUE,FALSE,TRUE
BUF,2020,EDGE,HughJe99,0.640625,TRUE,TRUE,FALSE,TRUE,FALSE
BUF,2020,TE,KnoxDa00,0.642,TRUE,TRUE,FALSE,TRUE,FALSE
BUF,2020,CB,WhitTr01,0.9813333333333333,TRUE,TRUE,FALSE,TRUE,FALSE
BUF,2020,IOL,DawkDi00,0.950625,TRUE,TRUE,TRUE,FALSE,TRUE
BUF,2020,QB,AlleJo02,0.926875,TRUE,TRUE,FALSE,TRUE,FALSE
BUF,2020,LB,EdmuTr01,0.946875,TRUE,TRUE,FALSE,TRUE,FALSE
BUF,2020,DL,OlivEd00,0.533125,FALSE,FALSE,FALSE,FALSE,TRUE
BUF,2020,S,NA,NA,NA,NA,NA,FALSE,TRUE
BUF,2021,RB,SingDe00,0.575625,TRUE,TRUE,FALSE,TRUE,FALSE
BUF,2021,WR,DiggSt00,0.885,TRUE,TRUE,FALSE,TRUE,FALSE
BUF,2021,OT,FordCo00,0.82,TRUE,TRUE,TRUE,FALSE,TRUE
BUF,2021,EDGE,HughJe99,0.6366666666666667,TRUE,TRUE,TRUE,FALSE,TRUE
BUF,2021,TE,KnoxDa00,0.5741666666666667,TRUE,TRUE,FALSE,TRUE,FALSE
BUF,2021,CB,WhitTr01,0.9478571428571428,TRUE,TRUE,FALSE,TRUE,FALSE
BUF,2021,IOL,NA,NA,NA,NA,NA,FALSE,TRUE
BUF,2021,QB,AlleJo02,0.950625,TRUE,TRUE,FALSE,TRUE,FALSE
BUF,2021,LB,EdmuTr01,0.9173333333333333,TRUE,TRUE,FALSE,TRUE,FALSE
BUF,2021,DL,OlivEd00,0.54875,TRUE,TRUE,FALSE,TRUE,FALSE
BUF,2021,S,NA,NA,NA,NA,NA,FALSE,TRUE
BUF,2022,RB,SingDe00,0.5858823529411764,TRUE,TRUE,FALSE,TRUE,FALSE
BUF,2022,WR,DiggSt00,0.8147058823529412,TRUE,TRUE,FALSE,TRUE,FALSE
BUF,2022,OT,FordCo00,0.4666666666666667,FALSE,FALSE,TRUE,FALSE,TRUE
BUF,2022,EDGE,NA,NA,NA,NA,NA,FALSE,TRUE
BUF,2022,TE,KnoxDa00,0.872,TRUE,TRUE,FALSE,TRUE,FALSE
BUF,2022,CB,NA,NA,NA,NA,NA,FALSE,TRUE
BUF,2022,IOL,NA,NA,NA,NA,NA,FALSE,TRUE
BUF,2022,QB,AlleJo02,0.9682352941176471,TRUE,TRUE,FALSE,TRUE,FALSE
BUF,2022,LB,EdmuTr01,0.93533333333333335,TRUE,TRUE,TRUE,FALSE,TRUE
BUF,2022,DL,OlivEd00,0.5735294117647058,TRUE,TRUE,FALSE,TRUE,FALSE
BUF,2022,S,NA,NA,NA,NA,NA,FALSE,TRUE
OAK,2014,RB,JennRa00,0.5599999999999999,TRUE,TRUE,TRUE,FALSE,TRUE
OAK,2014,WR,MoorDe02,0.6907692307692308,TRUE,TRUE,FALSE,TRUE,FALSE
OAK,2014,OT,VeldJa20,1,TRUE,TRUE,TRUE,FALSE,TRUE
OAK,2014,EDGE,HousLa99,0.949375,TRUE,TRUE,TRUE,FALSE,TRUE
OAK,2014,TE,RiveMy00,0.57125,TRUE,TRUE,FALSE,TRUE,FALSE
OAK,2014,CB,WoodCh00,0.993125,TRUE,TRUE,FALSE,TRUE,FALSE
OAK,2014,IOL,WisnSt01,1,TRUE,TRUE,FALSE,TRUE,FALSE
OAK,2014,QB,NA,NA,NA,NA,NA,FALSE,TRUE
OAK,2014,LB,BurnKe20,0.91375,TRUE,TRUE,FALSE,TRUE,FALSE
OAK,2014,DL,WalkVa99,0.7486666666666667,TRUE,TRUE,TRUE,FALSE,TRUE
OAK,2014,S,NA,NA,NA,NA,NA,FALSE,TRUE
OAK,2015,RB,McFaDa00,0.50875,TRUE,TRUE,TRUE,FALSE,TRUE
OAK,2015,WR,JoneJa04,0.693125,TRUE,TRUE,FALSE,TRUE,FALSE
OAK,2015,OT,NA,NA,NA,NA,NA,FALSE,TRUE
OAK,2015,EDGE,NA,NA,NA,NA,NA,FALSE,TRUE
OAK,2015,TE,RiveMy00,0.786875,TRUE,TRUE,FALSE,TRUE,FALSE
OAK,2015,CB,BrowTa99,0.9907142857142857,TRUE,TRUE,TRUE,FALSE,TRUE
OAK,2015,IOL,WisnSt01,0.985,TRUE,TRUE,TRUE,FALSE,TRUE
OAK,2015,QB,CarrDe02,0.961875,TRUE,TRUE,FALSE,TRUE,FALSE
OAK,2015,LB,BurrMi00,0.951875,TRUE,TRUE,FALSE,TRUE,FALSE
OAK,2015,DL,ElliJu01,0.563125,TRUE,TRUE,FALSE,TRUE,FALSE
OAK,2015,S,NA,NA,NA,NA,NA,FALSE,TRUE
OAK,2016,RB,MurrLa00,0.645,TRUE,TRUE,FALSE,TRUE,FALSE
OAK,2016,WR,CoopAm00,0.858125,TRUE,TRUE,FALSE,TRUE,FALSE
OAK,2016,OT,NA,NA,NA,NA,NA,FALSE,TRUE
OAK,2016,EDGE,SmitAl04,0.7766666666666666,TRUE,TRUE,TRUE,FALSE,TRUE
OAK,2016,TE,SmitLe00,0.518,FALSE,FALSE,FALSE,FALSE,TRUE
OAK,2016,CB,NA,NA,NA,NA,NA,FALSE,TRUE
OAK,2016,IOL,JackGa00,1,TRUE,TRUE,FALSE,TRUE,FALSE
OAK,2016,QB,CarrDe02,0.96,TRUE,TRUE,FALSE,TRUE,FALSE
OAK,2016,LB,SmitMa02,0.99375,TRUE,TRUE,FALSE,TRUE,FALSE
OAK,2016,DL,EdwaMa01,0.6064285714285714,TRUE,TRUE,FALSE,TRUE,FALSE
OAK,2016,S,NA,NA,NA,NA,NA,FALSE,TRUE
OAK,2017,RB,MurrLa00,0.5292857142857142,TRUE,TRUE,TRUE,FALSE,TRUE
OAK,2017,WR,CoopAm00,0.888125,TRUE,TRUE,FALSE,TRUE,FALSE
OAK,2017,OT,OsemKe00,0.9966666666666667,TRUE,TRUE,TRUE,FALSE,TRUE
OAK,2017,EDGE,IrviBr00,0.885,TRUE,TRUE,FALSE,TRUE,FALSE
OAK,2017,TE,WalfCl00,0.6706666666666666,TRUE,TRUE,FALSE,TRUE,FALSE
OAK,2017,CB,NelsRe99,0.99875,TRUE,TRUE,TRUE,FALSE,TRUE
OAK,2017,IOL,HudsRo00,0.999375,TRUE,TRUE,FALSE,TRUE,FALSE
OAK,2017,QB,CarrDe02,0.9846666666666667,TRUE,TRUE,FALSE,TRUE,FALSE
OAK,2017,LB,SmitMa02,0.942,TRUE,TRUE,TRUE,FALSE,TRUE
OAK,2017,DL,McGeSt01,0.35888888888888887,FALSE,FALSE,TRUE,FALSE,TRUE
OAK,2017,S,JoseKa00,0.7316666666666667,TRUE,TRUE,FALSE,TRUE,FALSE
OAK,2018,RB,LyncMa00,0.49466666666666664,TRUE,TRUE,FALSE,TRUE,FALSE
OAK,2018,WR,CoopAm00,0.8099999999999999,TRUE,TRUE,FALSE,TRUE,FALSE
OAK,2018,OT,OsemKe00,0.999375,TRUE,TRUE,TRUE,FALSE,TRUE
OAK,2018,EDGE,IrviBr00,0.846875,TRUE,TRUE,FALSE,TRUE,FALSE
OAK,2018,TE,CookJa02,0.785,TRUE,TRUE,FALSE,TRUE,FALSE
OAK,2018,CB,NelsRe99,0.986875,TRUE,TRUE,TRUE,FALSE,TRUE
OAK,2018,IOL,HudsRo00,1,TRUE,TRUE,FALSE,TRUE,FALSE
OAK,2018,QB,CarrDe02,0.9753333333333334,TRUE,TRUE,FALSE,TRUE,FALSE
OAK,2018,LB,BowmNa99,0.979,TRUE,TRUE,TRUE,FALSE,TRUE
OAK,2018,DL,EdwaMa01,0.53,FALSE,FALSE,FALSE,FALSE,TRUE
OAK,2018,S,JoseKa00,0.8973333333333333,TRUE,TRUE,FALSE,TRUE,FALSE
OAK,2019,RB,LyncMa00,0.4966666666666667,TRUE,TRUE,TRUE,FALSE,TRUE
OAK,2019,WR,NelsJo00,0.864,TRUE,TRUE,FALSE,TRUE,FALSE
OAK,2019,OT,OsemKe00,0.9754545454545455,TRUE,TRUE,TRUE,FALSE,TRUE
OAK,2019,EDGE,KeyxAr00,0.625625,TRUE,TRUE,FALSE,TRUE,FALSE
OAK,2019,TE,CookJa02,0.73125,TRUE,TRUE,TRUE,FALSE,TRUE
OAK,2019,CB,GilcMa00,0.83875,TRUE,TRUE,TRUE,FALSE,TRUE
OAK,2019,IOL,HudsRo00,1,TRUE,TRUE,FALSE,TRUE,FALSE
OAK,2019,QB,CarrDe02,0.986875,TRUE,TRUE,FALSE,TRUE,FALSE
OAK,2019,LB,WhitTa00,0.996875,TRUE,TRUE,FALSE,TRUE,FALSE
OAK,2019,DL,HankJo00,0.5906666666666667,TRUE,TRUE,TRUE,FALSE,TRUE
OAK,2019,S,JoseKa00,0.6053846153846154,FALSE,FALSE,FALSE,FALSE,TRUE
OAK,2020,RB,JacoJo01,0.5576923076923077,TRUE,TRUE,FALSE,TRUE,FALSE
OAK,2020,WR,WallDa01,0.909375,TRUE,TRUE,TRUE,FALSE,TRUE
OAK,2020,OT,MillKo00,1,TRUE,TRUE,FALSE,TRUE,FALSE
OAK,2020,EDGE,CrosMa00,0.721875,TRUE,TRUE,FALSE,TRUE,FALSE
OAK,2020,TE,MoreFo00,0.45384615384615384,FALSE,FALSE,FALSE,FALSE,TRUE
OAK,2020,CB,WorlDa00,0.9533333333333334,TRUE,TRUE,TRUE,FALSE,TRUE
OAK,2020,IOL,IncoRi20,1,TRUE,TRUE,TRUE,FALSE,TRUE
OAK,2020,QB,CarrDe02,0.975625,TRUE,TRUE,FALSE,TRUE,FALSE
OAK,2020,LB,WhitTa00,0.900625,TRUE,TRUE,FALSE,TRUE,FALSE
OAK,2020,DL,HankJo00,0.64125,TRUE,TRUE,FALSE,TRUE,FALSE
OAK,2020,S,JoseKa00,0.94,TRUE,TRUE,TRUE,FALSE,TRUE
OAK,2021,RB,NA,NA,NA,NA,NA,FALSE,TRUE
OAK,2021,WR,NA,NA,NA,NA,NA,FALSE,TRUE
OAK,2021,OT,NA,NA,NA,NA,NA,FALSE,TRUE
OAK,2021,EDGE,NA,NA,NA,NA,NA,FALSE,TRUE
OAK,2021,TE,NA,NA,NA,NA,NA,FALSE,TRUE
OAK,2021,CB,NA,NA,NA,NA,NA,FALSE,TRUE
OAK,2021,IOL,NA,NA,NA,NA,NA,FALSE,TRUE
OAK,2021,QB,NA,NA,NA,NA,NA,FALSE,TRUE
OAK,2021,LB,NA,NA,NA,NA,NA,FALSE,TRUE
OAK,2021,DL,NA,NA,NA,NA,NA,FALSE,TRUE
OAK,2021,S,NA,NA,NA,NA,NA,FALSE,TRUE
OAK,2022,RB,NA,NA,NA,NA,NA,FALSE,TRUE
OAK,2022,WR,NA,NA,NA,NA,NA,FALSE,TRUE
OAK,2022,OT,NA,NA,NA,NA,NA,FALSE,TRUE
OAK,2022,EDGE,NA,NA,NA,NA,NA,FALSE,TRUE
OAK,2022,TE,NA,NA,NA,NA,NA,FALSE,TRUE
OAK,2022,CB,NA,NA,NA,NA,NA,FALSE,TRUE
OAK,2022,IOL,NA,NA,NA,NA,NA,FALSE,TRUE
OAK,2022,QB,NA,NA,NA,NA,NA,FALSE,TRUE
OAK,2022,LB,NA,NA,NA,NA,NA,FALSE,TRUE
OAK,2022,DL,NA,NA,NA,NA,NA,FALSE,TRUE
OAK,2022,S,NA,NA,NA,NA,NA,FALSE,TRUE
ATL,2014,RB,JackSt00,0.515,TRUE,TRUE,FALSE,TRUE,FALSE
ATL,2014,WR,WhitRo00,0.8669230769230769,TRUE,TRUE,TRUE,FALSE,TRUE
ATL,2014,OT,HolmLa00,0.979375,TRUE,FALSE,FALSE,FALSE,TRUE
ATL,2014,EDGE,BabiJo20,0.87125,TRUE,TRUE,TRUE,FALSE,TRUE
ATL,2014,TE,GonzTo00,0.933125,TRUE,TRUE,FALSE,TRUE,FALSE
ATL,2014,CB,MoorWi99,1,TRUE,TRUE,TRUE,FALSE,TRUE
ATL,2014,IOL,BlalJu20,1,TRUE,TRUE,FALSE,TRUE,FALSE
ATL,2014,QB,RyanMa00,0.989375,TRUE,TRUE,FALSE,TRUE,FALSE
ATL,2014,LB,WeatSe99,0.83,TRUE,TRUE,FALSE,TRUE,FALSE
ATL,2014,DL,PeteCo00,0.6666666666666666,TRUE,TRUE,TRUE,FALSE,TRUE
ATL,2014,S,NA,NA,NA,NA,NA,FALSE,TRUE
ATL,2015,RB,JackSt00,0.414,FALSE,FALSE,FALSE,FALSE,TRUE
ATL,2015,WR,WhitRo00,0.9292857142857143,TRUE,TRUE,FALSE,TRUE,FALSE
ATL,2015,OT,MattJa00,0.93533333333333335,TRUE,TRUE,FALSE,TRUE,FALSE
ATL,2015,EDGE,BabiJo20,0.6873333333333334,TRUE,TRUE,TRUE,FALSE,TRUE
ATL,2015,TE,ToilLe00,0.87125,TRUE,TRUE,FALSE,TRUE,FALSE
ATL,2015,CB,TrufDe00,0.9925,TRUE,TRUE,FALSE,TRUE,FALSE
ATL,2015,IOL,BlalJu20,0.9613333333333334,TRUE,TRUE,FALSE,TRUE,FALSE
ATL,2015,QB,RyanMa00,0.984375,TRUE,TRUE,FALSE,TRUE,FALSE
ATL,2015,LB,BierKr99,0.78375,TRUE,TRUE,TRUE,FALSE,TRUE
ATL,2015,DL,PeteCo00,0.5253333333333333,FALSE,FALSE,TRUE,FALSE,TRUE
ATL,2015,S,NA,NA,NA,NA,NA,FALSE,TRUE
ATL,2016,RB,FreeDe00,0.7173333333333334,TRUE,TRUE,FALSE,TRUE,FALSE
ATL,2016,WR,JoneJu02,0.85,TRUE,TRUE,FALSE,TRUE,FALSE
ATL,2016,OT,MattJa00,0.98875,TRUE,TRUE,FALSE,TRUE,FALSE
ATL,2016,EDGE,BabiJo20,0.531875,FALSE,FALSE,TRUE,FALSE,TRUE
ATL,2016,TE,TammJa00,0.7253333333333334,TRUE,TRUE,FALSE,TRUE,FALSE
ATL,2016,CB,AlfoRo00,0.9293333333333333,TRUE,TRUE,FALSE,TRUE,FALSE
ATL,2016,IOL,ChesCh21,1,TRUE,TRUE,TRUE,FALSE,TRUE
ATL,2016,QB,RyanMa00,0.978125,TRUE,TRUE,FALSE,TRUE,FALSE
ATL,2016,LB,DuraJu99,0.7892307692307692,TRUE,TRUE,FALSE,TRUE,FALSE
ATL,2016,DL,HageRa00,0.39187500000000003,FALSE,FALSE,TRUE,FALSE,TRUE
ATL,2016,S,NA,NA,NA,NA,NA,FALSE,TRUE
ATL,2017,RB,FreeDe00,0.584375,TRUE,TRUE,FALSE,TRUE,FALSE
ATL,2017,WR,JoneJu02,0.775,TRUE,TRUE,FALSE,TRUE,FALSE
ATL,2017,OT,MattJa00,0.944375,TRUE,TRUE,FALSE,TRUE,FALSE
ATL,2017,EDGE,JoneDe01,0.8586666666666667,TRUE,TRUE,TRUE,FALSE,TRUE
ATL,2017,TE,TammJa00,0.6275,TRUE,TRUE,TRUE,FALSE,TRUE
ATL,2017,CB,AlleRi00,0.98875,TRUE,TRUE,TRUE,FALSE,TRUE
ATL,2017,IOL,ChesCh21,1,TRUE,TRUE,TRUE,FALSE,TRUE
ATL,2017,QB,RyanMa00,0.981875,TRUE,TRUE,FALSE,TRUE,FALSE
ATL,2017,LB,WeatSe99,0.6325000000000001,FALSE,FALSE,TRUE,FALSE,TRUE
ATL,2017,DL,JarrGr00,0.571875,TRUE,TRUE,FALSE,TRUE,FALSE
ATL,2017,S,NealKe01,0.9507142857142857,TRUE,TRUE,FALSE,TRUE,FALSE
ATL,2018,RB,FreeDe00,0.6171428571428571,TRUE,TRUE,FALSE,TRUE,FALSE
ATL,2018,WR,SanuMo00,0.7873333333333333,TRUE,TRUE,FALSE,TRUE,FALSE
ATL,2018,OT,MattJa00,1,TRUE,TRUE,TRUE,FALSE,TRUE
ATL,2018,EDGE,JoneDe01,0.97125,TRUE,TRUE,TRUE,FALSE,TRUE
ATL,2018,TE,HoopAu00,0.77125,TRUE,TRUE,FALSE,TRUE,FALSE
ATL,2018,CB,AlfoRo00,0.99125,TRUE,TRUE,FALSE,TRUE,FALSE
ATL,2018,IOL,MackAl20,0.999375,TRUE,TRUE,FALSE,TRUE,FALSE
ATL,2018,QB,RyanMa00,1,TRUE,TRUE,TRUE,FALSE,TRUE
ATL,2018,LB,ReedBr00,0.395625,FALSE,FALSE,TRUE,FALSE,TRUE
ATL,2018,DL,JarrGr00,0.760625,TRUE,TRUE,FALSE,TRUE,FALSE
ATL,2018,S,NealKe01,0.993125,TRUE,TRUE,FALSE,TRUE,FALSE
ATL,2019,RB,ColeTe01,0.551875,TRUE,TRUE,TRUE,FALSE,TRUE
ATL,2019,WR,SanuMo00,0.780625,TRUE,TRUE,FALSE,TRUE,FALSE
ATL,2019,OT,MattJa00,0.9975,TRUE,TRUE,FALSE,TRUE,FALSE
ATL,2019,EDGE,JoneDe01,0.87,TRUE,TRUE,TRUE,FALSE,TRUE
ATL,2019,TE,HoopAu00,0.761875,TRUE,TRUE,FALSE,TRUE,FALSE
ATL,2019,CB,TrufDe00,0.969375,TRUE,TRUE,FALSE,TRUE,FALSE
ATL,2019,IOL,MackAl20,0.9975,TRUE,TRUE,FALSE,TRUE,FALSE
ATL,2019,QB,RyanMa00,0.989375,TRUE,TRUE,FALSE,TRUE,FALSE
ATL,2019,LB,ReedBr00,0.41875,FALSE,FALSE,TRUE,FALSE,TRUE
ATL,2019,DL,JarrGr00,0.7385714285714285,TRUE,TRUE,TRUE,FALSE,TRUE
ATL,2019,S,NealKe01,0.51,FALSE,FALSE,FALSE,FALSE,TRUE
ATL,2020,RB,FreeDe00,0.6521428571428571,TRUE,TRUE,FALSE,TRUE,FALSE
ATL,2020,WR,SanuMo00,0.8071428571428572,TRUE,TRUE,FALSE,TRUE,FALSE
ATL,2020,OT,MattJa00,0.99875,TRUE,TRUE,FALSE,TRUE,FALSE
ATL,2020,EDGE,JoneDe01,0.91,TRUE,TRUE,TRUE,FALSE,TRUE
ATL,2020,TE,HoopAu00,0.7884615384615384,TRUE,TRUE,TRUE,FALSE,TRUE
ATL,2020,CB,AlleRi00,0.90875,TRUE,TRUE,TRUE,FALSE,TRUE
ATL,2020,IOL,MackAl20,0.9925,TRUE,TRUE,FALSE,TRUE,FALSE
ATL,2020,QB,RyanMa00,0.9773333333333333,TRUE,TRUE,FALSE,TRUE,FALSE
ATL,2020,LB,RileDu00,0.004999999999999999,FALSE,FALSE,FALSE,FALSE,TRUE
ATL,2020,DL,JarrGr00,0.780625,TRUE,TRUE,FALSE,TRUE,FALSE
ATL,2020,S,NealKe01,0.8233333333333334,TRUE,TRUE,TRUE,FALSE,TRUE
ATL,2021,RB,GurlTo01,0.4786666666666667,TRUE,TRUE,TRUE,FALSE,TRUE
ATL,2021,WR,RidlCa00,0.7826666666666666,TRUE,TRUE,FALSE,TRUE,FALSE
ATL,2021,OT,MattJa00,0.9925,TRUE,TRUE,FALSE,TRUE,FALSE
ATL,2021,EDGE,JoneDe01,0.9625,TRUE,TRUE,TRUE,FALSE,TRUE
ATL,2021,TE,HursHa00,0.69875,TRUE,TRUE,FALSE,TRUE,FALSE
ATL,2021,CB,TerrAJ00,0.9685714285714285,TRUE,TRUE,FALSE,TRUE,FALSE
ATL,2021,IOL,LindCh00,1,TRUE,TRUE,FALSE,TRUE,FALSE
ATL,2021,QB,RyanMa00,0.991875,TRUE,TRUE,FALSE,TRUE,FALSE
ATL,2021,LB,WalkMy00,0.34375,FALSE,FALSE,FALSE,FALSE,TRUE
ATL,2021,DL,JarrGr00,0.795,TRUE,TRUE,FALSE,TRUE,FALSE
ATL,2021,S,OluoFo00,0.9073333333333333,TRUE,TRUE,TRUE,FALSE,TRUE
ATL,2022,RB,DaviMi01,0.5558823529411765,TRUE,TRUE,FALSE,TRUE,FALSE
ATL,2022,WR,RidlCa00,0.864,TRUE,TRUE,TRUE,FALSE,TRUE
ATL,2022,OT,McGaKa00,1,TRUE,TRUE,FALSE,TRUE,FALSE
ATL,2022,EDGE,JoneDe01,0.978125,TRUE,TRUE,TRUE,FALSE,TRUE
ATL,2022,TE,PittKy00,0.7352941176470589,TRUE,TRUE,FALSE,TRUE,FALSE
ATL,2022,CB,MoreFa00,0.946875,TRUE,TRUE,TRUE,FALSE,TRUE
ATL,2022,IOL,MayfJa00,0.99,TRUE,FALSE,FALSE,FALSE,TRUE
ATL,2022,QB,RyanMa00,0.9705882352941176,TRUE,TRUE,FALSE,TRUE,FALSE
ATL,2022,LB,WalkMy00,0.15941176470588236,FALSE,FALSE,FALSE,FALSE,TRUE
ATL,2022,DL,JarrGr00,0.7405882352941177,TRUE,TRUE,FALSE,TRUE,FALSE
ATL,2022,S,OluoFo00,0.9835294117647059,TRUE,TRUE,TRUE,FALSE,TRUE
TAM,2014,RB,MartDo00,0.74,TRUE,TRUE,FALSE,TRUE,FALSE
TAM,2014,WR,JackVi00,0.93625,TRUE,TRUE,FALSE,TRUE,FALSE
TAM,2014,OT,NickCa20,1,TRUE,TRUE,TRUE,FALSE,TRUE
TAM,2014,EDGE,ClayAd00,0.8825,TRUE,TRUE,FALSE,TRUE,FALSE
TAM,2014,TE,StocLu00,0.865,TRUE,FALSE,FALSE,FALSE,TRUE
TAM,2014,CB,GoldDa99,0.9292307692307692,TRUE,TRUE,TRUE,FALSE,TRUE
TAM,2014,IOL,ZuttJe20,0.98,TRUE,TRUE,TRUE,FALSE,TRUE
TAM,2014,QB,NA,NA,NA,NA,NA,FALSE,TRUE
TAM,2014,LB,DaviLa00,0.966875,TRUE,TRUE,FALSE,TRUE,FALSE
TAM,2014,DL,McCoGe99,0.908125,TRUE,TRUE,FALSE,TRUE,FALSE
TAM,2014,S,NA,NA,NA,NA,NA,FALSE,TRUE
TAM,2015,RB,MartDo00,0.49818181818181817,TRUE,TRUE,FALSE,TRUE,FALSE
TAM,2015,WR,JackVi00,0.91375,TRUE,TRUE,FALSE,TRUE,FALSE
TAM,2015,OT,CollAn21,1,TRUE,FALSE,FALSE,FALSE,TRUE
TAM,2015,EDGE,ClayAd00,0.74,TRUE,TRUE,TRUE,FALSE,TRUE
TAM,2015,TE,SefeAu00,0.7855555555555556,TRUE,TRUE,FALSE,TRUE,FALSE
TAM,2015,CB,BarrMa00,0.9342857142857143,TRUE,TRUE,TRUE,FALSE,TRUE
TAM,2015,IOL,MankLo20,0.911875,TRUE,TRUE,FALSE,TRUE,FALSE
TAM,2015,QB,GlenMi00,0.9466666666666667,TRUE,FALSE,FALSE,FALSE,TRUE
TAM,2015,LB,DaviLa00,0.9235714285714286,TRUE,TRUE,FALSE,TRUE,FALSE
TAM,2015,DL,McCoGe99,0.7338461538461538,TRUE,TRUE,FALSE,TRUE,FALSE
TAM,2015,S,NA,NA,NA,NA,NA,FALSE,TRUE
TAM,2016,RB,MartDo00,0.56625,TRUE,TRUE,TRUE,FALSE,TRUE
TAM,2016,WR,EvanMi00,0.8386666666666667,TRUE,TRUE,FALSE,TRUE,FALSE
TAM,2016,OT,SmitDo02,0.998125,TRUE,TRUE,FALSE,TRUE,FALSE
TAM,2016,EDGE,AlexKw00,0.9825,TRUE,TRUE,TRUE,FALSE,TRUE
TAM,2016,TE,StocLu00,0.5071428571428571,FALSE,FALSE,FALSE,FALSE,TRUE
TAM,2016,CB,ContCh00,0.7492857142857143,TRUE,TRUE,TRUE,FALSE,TRUE
TAM,2016,IOL,MankLo20,0.9953333333333333,TRUE,TRUE,FALSE,TRUE,FALSE
TAM,2016,QB,WinsJa00,0.998125,TRUE,TRUE,FALSE,TRUE,FALSE
TAM,2016,LB,DaviLa00,0.990625,TRUE,TRUE,FALSE,TRUE,FALSE
TAM,2016,DL,McCoGe99,0.7786666666666667,TRUE,TRUE,FALSE,TRUE,FALSE
TAM,2016,S,NA,NA,NA,NA,NA,FALSE,TRUE
TAM,2017,RB,MartDo00,0.58875,TRUE,TRUE,FALSE,TRUE,FALSE
TAM,2017,WR,EvanMi00,0.834375,TRUE,TRUE,FALSE,TRUE,FALSE
TAM,2017,OT,SmitDo02,0.99875,TRUE,TRUE,FALSE,TRUE,FALSE
TAM,2017,EDGE,AlexKw00,0.96375,TRUE,TRUE,TRUE,FALSE,TRUE
TAM,2017,TE,StocLu00,0.38666666666666666,FALSE,FALSE,FALSE,FALSE,TRUE
TAM,2017,CB,HargVe00,0.975625,TRUE,TRUE,FALSE,TRUE,FALSE
TAM,2017,IOL,MarpAl00,0.99875,TRUE,TRUE,FALSE,TRUE,FALSE
TAM,2017,QB,WinsJa00,0.986875,TRUE,TRUE,FALSE,TRUE,FALSE
TAM,2017,LB,DaviLa00,0.98,TRUE,TRUE,FALSE,TRUE,FALSE
TAM,2017,DL,McCoGe99,0.7466666666666667,TRUE,TRUE,FALSE,TRUE,FALSE
TAM,2017,S,NA,NA,NA,NA,NA,FALSE,TRUE
TAM,2018,RB,MartDo00,0.38,FALSE,FALSE,FALSE,FALSE,TRUE
TAM,2018,WR,EvanMi00,0.866,TRUE,TRUE,TRUE,FALSE,TRUE
TAM,2018,OT,SmitDo02,0.968125,TRUE,TRUE,FALSE,TRUE,FALSE
TAM,2018,EDGE,AlexKw00,0.9341666666666667,TRUE,TRUE,TRUE,FALSE,TRUE
TAM,2018,TE,HowaO.00,0.64,TRUE,TRUE,FALSE,TRUE,FALSE
TAM,2018,CB,HargVe00,0.8044444444444444,TRUE,TRUE,FALSE,TRUE,FALSE
TAM,2018,IOL,MarpAl00,0.9836363636363636,TRUE,TRUE,FALSE,TRUE,FALSE
TAM,2018,QB,WinsJa00,0.8938461538461538,TRUE,TRUE,FALSE,TRUE,FALSE
TAM,2018,LB,DaviLa00,0.9753846153846154,TRUE,TRUE,FALSE,TRUE,FALSE
TAM,2018,DL,SweeJ.00,0.9528571428571428,TRUE,TRUE,TRUE,FALSE,TRUE
TAM,2018,S,EvanJu00,0.7714285714285715,TRUE,FALSE,FALSE,FALSE,TRUE
TAM,2019,RB,RodgJa00,0.325,FALSE,FALSE,TRUE,FALSE,TRUE
TAM,2019,WR,EvanMi00,0.84375,TRUE,TRUE,FALSE,TRUE,FALSE
TAM,2019,OT,JensRy00,1,TRUE,TRUE,TRUE,FALSE,TRUE
TAM,2019,EDGE,AlexKw00,0.905,TRUE,TRUE,TRUE,FALSE,TRUE
TAM,2019,TE,HowaO.00,0.604,TRUE,TRUE,FALSE,TRUE,FALSE
TAM,2019,CB,DaviCa02,0.8576923076923078,TRUE,TRUE,FALSE,TRUE,FALSE
TAM,2019,IOL,MarpAl00,1,TRUE,TRUE,FALSE,TRUE,FALSE
TAM,2019,QB,WinsJa00,0.8818181818181818,TRUE,TRUE,TRUE,FALSE,TRUE
TAM,2019,LB,DaviLa00,0.9907142857142857,TRUE,TRUE,FALSE,TRUE,FALSE
TAM,2019,DL,McCoGe99,0.8028571428571428,TRUE,TRUE,FALSE,TRUE,FALSE
TAM,2019,S,EvanJu00,0.916,TRUE,FALSE,TRUE,FALSE,TRUE
TAM,2020,RB,JoneRo01,0.364375,FALSE,FALSE,FALSE,FALSE,TRUE
TAM,2020,WR,GodwCh00,0.9235714285714286,TRUE,TRUE,FALSE,TRUE,FALSE
TAM,2020,OT,JensRy00,0.998125,TRUE,TRUE,TRUE,FALSE,TRUE
TAM,2020,EDGE,PierJa99,0.836,TRUE,TRUE,TRUE,FALSE,TRUE
TAM,2020,TE,HowaO.00,0.7921428571428571,TRUE,TRUE,FALSE,TRUE,FALSE
TAM,2020,CB,DaviCa02,0.9414285714285714,TRUE,TRUE,FALSE,TRUE,FALSE
TAM,2020,IOL,MarpAl00,1,TRUE,TRUE,FALSE,TRUE,FALSE
TAM,2020,QB,NA,NA,NA,NA,NA,FALSE,TRUE
TAM,2020,LB,DaviLa00,0.993125,TRUE,TRUE,TRUE,FALSE,TRUE
TAM,2020,DL,SuhxNd99,0.774375,TRUE,TRUE,TRUE,FALSE,TRUE
TAM,2020,S,WhitJo03,0.9378571428571428,TRUE,TRUE,FALSE,TRUE,FALSE
TAM,2021,RB,JoneRo01,0.48,TRUE,TRUE,FALSE,TRUE,FALSE
TAM,2021,WR,GodwCh00,0.8525,TRUE,TRUE,TRUE,FALSE,TRUE
TAM,2021,OT,WirfTr00,1,TRUE,TRUE,FALSE,TRUE,FALSE
TAM,2021,EDGE,PierJa99,0.888125,TRUE,TRUE,FALSE,TRUE,FALSE
TAM,2021,TE,NA,NA,NA,NA,NA,FALSE,TRUE
TAM,2021,CB,DaviCa02,0.9628571428571429,TRUE,TRUE,FALSE,TRUE,FALSE
TAM,2021,IOL,MarpAl00,0.9753846153846154,TRUE,TRUE,FALSE,TRUE,FALSE
TAM,2021,QB,BradTo00,0.95875,TRUE,TRUE,FALSE,TRUE,FALSE
TAM,2021,LB,WhitDe02,1,TRUE,TRUE,FALSE,TRUE,FALSE
TAM,2021,DL,SuhxNd99,0.7425,TRUE,TRUE,TRUE,FALSE,TRUE
TAM,2021,S,WinfAn00,0.970625,TRUE,TRUE,FALSE,TRUE,FALSE
TAM,2022,RB,FourLe00,0.6342857142857143,TRUE,TRUE,TRUE,FALSE,TRUE
TAM,2022,WR,GodwCh00,0.855,TRUE,TRUE,TRUE,FALSE,TRUE
TAM,2022,OT,CappAl00,1,TRUE,TRUE,TRUE,FALSE,TRUE
TAM,2022,EDGE,PierJa99,0.7333333333333334,TRUE,TRUE,TRUE,FALSE,TRUE
TAM,2022,TE,GronRo00,0.755,TRUE,TRUE,TRUE,FALSE,TRUE
TAM,2022,CB,DaviCa02,0.915,TRUE,TRUE,TRUE,FALSE,TRUE
TAM,2022,IOL,MarpAl00,0.9349999999999999,TRUE,TRUE,FALSE,TRUE,FALSE
TAM,2022,QB,BradTo00,0.9629411764705882,TRUE,TRUE,TRUE,FALSE,TRUE
TAM,2022,LB,DaviLa00,0.9508333333333333,TRUE,TRUE,FALSE,TRUE,FALSE
TAM,2022,DL,SuhxNd99,0.6276470588235294,TRUE,TRUE,TRUE,FALSE,TRUE
TAM,2022,S,WinfAn00,0.9661538461538461,TRUE,TRUE,FALSE,TRUE,FALSE
CLE,2014,RB,RichTr00,0.64,TRUE,TRUE,FALSE,TRUE,FALSE
CLE,2014,WR,LittGr00,0.848125,TRUE,TRUE,FALSE,TRUE,FALSE
CLE,2014,OT,SchwMi00,1,TRUE,TRUE,FALSE,TRUE,FALSE
CLE,2014,EDGE,KrugPa99,0.76125,TRUE,TRUE,FALSE,TRUE,FALSE
CLE,2014,TE,CameJo00,0.93,TRUE,TRUE,FALSE,TRUE,FALSE
CLE,2014,CB,WardT.99,0.96875,TRUE,TRUE,TRUE,FALSE,TRUE
CLE,2014,IOL,MackAl20,1,TRUE,TRUE,TRUE,FALSE,TRUE
CLE,2014,QB,CampJa00,0.8322222222222222,TRUE,TRUE,FALSE,TRUE,FALSE
CLE,2014,LB,JackDQ20,0.999375,TRUE,TRUE,FALSE,TRUE,FALSE
CLE,2014,DL,RubiAh99,0.62,TRUE,TRUE,TRUE,FALSE,TRUE
CLE,2014,S,NA,NA,NA,NA,NA,FALSE,TRUE
CLE,2015,RB,NA,NA,NA,NA,NA,FALSE,TRUE
CLE,2015,WR,BenjTr00,0.360625,FALSE,FALSE,FALSE,FALSE,TRUE
CLE,2015,OT,GrecJo20,1,TRUE,TRUE,TRUE,FALSE,TRUE
CLE,2015,EDGE,KrugPa99,0.77125,TRUE,TRUE,FALSE,TRUE,FALSE
CLE,2015,TE,CameJo00,0.771,TRUE,TRUE,TRUE,FALSE,TRUE
CLE,2015,CB,SkriBu00,0.971875,TRUE,TRUE,TRUE,FALSE,TRUE
CLE,2015,IOL,BitoJo00,1,TRUE,TRUE,FALSE,TRUE,FALSE
CLE,2015,QB,ManzJo00,0.32,FALSE,FALSE,FALSE,FALSE,TRUE
CLE,2015,LB,DansKa20,0.9433333333333334,TRUE,TRUE,FALSE,TRUE,FALSE
CLE,2015,DL,HughJo00,0.5619999999999999,TRUE,FALSE,FALSE,FALSE,TRUE
CLE,2015,S,NA,NA,NA,NA,NA,FALSE,TRUE
CLE,2016,RB,JohnDu00,0.50625,TRUE,TRUE,FALSE,TRUE,FALSE
CLE,2016,WR,BenjTr00,0.765625,TRUE,TRUE,TRUE,FALSE,TRUE
CLE,2016,OT,SchwMi00,1,TRUE,TRUE,TRUE,FALSE,TRUE
CLE,2016,EDGE,KrugPa99,0.6431250000000001,TRUE,TRUE,FALSE,TRUE,FALSE
CLE,2016,TE,BarnGa01,0.846875,TRUE,TRUE,FALSE,TRUE,FALSE
CLE,2016,CB,WhitDo20,0.8735714285714286,TRUE,TRUE,TRUE,FALSE,TRUE
CLE,2016,IOL,MackAl20,1,TRUE,TRUE,FALSE,TRUE,FALSE
CLE,2016,QB,McCoJo01,0.86,TRUE,TRUE,FALSE,TRUE,FALSE
CLE,2016,LB,DansKa20,0.984375,TRUE,TRUE,FALSE,TRUE,FALSE
CLE,2016,DL,ShelDa01,0.4875,FALSE,FALSE,FALSE,FALSE,TRUE
CLE,2016,S,CampIb00,0.09733333333333333,FALSE,FALSE,FALSE,FALSE,TRUE
CLE,2017,RB,JohnDu00,0.44687499999999997,TRUE,TRUE,FALSE,TRUE,FALSE
CLE,2017,WR,ColeCo00,0.877,TRUE,FALSE,FALSE,FALSE,TRUE
CLE,2017,OT,ThomJo28,1,TRUE,TRUE,FALSE,TRUE,FALSE
CLE,2017,EDGE,OgbaEm00,0.765625,TRUE,TRUE,FALSE,TRUE,FALSE
CLE,2017,TE,BarnGa01,0.939375,TRUE,TRUE,FALSE,TRUE,FALSE
CLE,2017,CB,HadeJo99,0.9253846153846154,TRUE,TRUE,FALSE,TRUE,FALSE
CLE,2017,IOL,BitoJo00,1,TRUE,TRUE,FALSE,TRUE,FALSE
CLE,2017,QB,GrifRo01,0.968,TRUE,TRUE,FALSE,TRUE,FALSE
CLE,2017,LB,KirkCh00,0.998125,TRUE,TRUE,FALSE,TRUE,FALSE
CLE,2017,DL,ShelDa01,0.669375,TRUE,TRUE,FALSE,TRUE,FALSE
CLE,2017,S,KindDe00,0.66,FALSE,FALSE,FALSE,FALSE,TRUE
CLE,2018,RB,JohnDu00,0.526875,TRUE,TRUE,FALSE,TRUE,FALSE
CLE,2018,WR,ColeCo00,0.7911111111111111,TRUE,FALSE,FALSE,FALSE,TRUE
CLE,2018,OT,TretJC00,1,TRUE,TRUE,TRUE,FALSE,TRUE
CLE,2018,EDGE,SchoJo00,1,TRUE,TRUE,TRUE,FALSE,TRUE
CLE,2018,TE,DevaSe00,0.498125,FALSE,FALSE,FALSE,FALSE,TRUE
CLE,2018,CB,McCoJa99,0.9871428571428571,TRUE,TRUE,FALSE,TRUE,FALSE
CLE,2018,IOL,BitoJo00,1,TRUE,TRUE,FALSE,TRUE,FALSE
CLE,2018,QB,KizeDe00,0.894,TRUE,FALSE,FALSE,FALSE,TRUE
CLE,2018,LB,KirkCh00,1,TRUE,TRUE,FALSE,TRUE,FALSE
CLE,2018,DL,ShelDa01,0.5,FALSE,FALSE,FALSE,FALSE,TRUE
CLE,2018,S,PeppJa00,0.9646153846153847,TRUE,TRUE,FALSE,TRUE,FALSE
CLE,2019,RB,HydeCa00,0.5116666666666666,TRUE,TRUE,FALSE,TRUE,FALSE
CLE,2019,WR,LandJa00,0.87,TRUE,TRUE,TRUE,FALSE,TRUE
CLE,2019,OT,TretJC00,1,TRUE,TRUE,TRUE,FALSE,TRUE
CLE,2019,EDGE,SchoJo00,0.9407692307692308,TRUE,TRUE,TRUE,FALSE,TRUE
CLE,2019,TE,NjokDa00,0.79625,TRUE,TRUE,FALSE,TRUE,FALSE
CLE,2019,CB,WardDe02,0.8715384615384615,TRUE,TRUE,FALSE,TRUE,FALSE
CLE,2019,IOL,BitoJo00,1,TRUE,TRUE,FALSE,TRUE,FALSE
CLE,2019,QB,MayfBa00,0.9685714285714285,TRUE,TRUE,FALSE,TRUE,FALSE
CLE,2019,LB,CollJa00,0.91875,TRUE,TRUE,FALSE,TRUE,FALSE
CLE,2019,DL,OgunLa00,0.7893749999999999,TRUE,TRUE,FALSE,TRUE,FALSE
CLE,2019,S,RandDa00,0.9733333333333334,TRUE,TRUE,TRUE,FALSE,TRUE
CLE,2020,RB,ChubNi00,0.68875,TRUE,TRUE,FALSE,TRUE,FALSE
CLE,2020,WR,BeckOd00,0.953125,TRUE,TRUE,FALSE,TRUE,FALSE
CLE,2020,OT,TretJC00,1,TRUE,TRUE,TRUE,FALSE,TRUE
CLE,2020,EDGE,SchoJo00,0.9925,TRUE,TRUE,TRUE,FALSE,TRUE
CLE,2020,TE,NjokDa00,0.3775,FALSE,FALSE,FALSE,FALSE,TRUE
CLE,2020,CB,WardDe02,0.9633333333333334,TRUE,TRUE,FALSE,TRUE,FALSE
CLE,2020,IOL,BitoJo00,1,TRUE,TRUE,FALSE,TRUE,FALSE
CLE,2020,QB,MayfBa00,0.99125,TRUE,TRUE,FALSE,TRUE,FALSE
CLE,2020,LB,KirkCh00,0.915,TRUE,TRUE,FALSE,TRUE,FALSE
CLE,2020,DL,OgunLa00,0.778,TRUE,TRUE,FALSE,TRUE,FALSE
CLE,2020,S,NA,NA,NA,NA,NA,FALSE,TRUE
CLE,2021,RB,HuntKa00,0.52625,TRUE,TRUE,FALSE,TRUE,FALSE
CLE,2021,WR,LandJa00,0.708,TRUE,TRUE,FALSE,TRUE,FALSE
CLE,2021,OT,TretJC00,0.99875,TRUE,TRUE,TRUE,FALSE,TRUE
CLE,2021,EDGE,GoodB.00,0.8992857142857142,TRUE,TRUE,TRUE,FALSE,TRUE
CLE,2021,TE,HoopAu00,0.78,TRUE,TRUE,FALSE,TRUE,FALSE
CLE,2021,CB,MitcTe00,0.99375,TRUE,TRUE,TRUE,FALSE,TRUE
CLE,2021,IOL,BitoJo00,0.999375,TRUE,TRUE,FALSE,TRUE,FALSE
CLE,2021,QB,MayfBa00,0.981875,TRUE,TRUE,FALSE,TRUE,FALSE
CLE,2021,LB,VernOl00,0.8728571428571429,TRUE,TRUE,TRUE,FALSE,TRUE
CLE,2021,DL,RichSh00,0.73875,TRUE,TRUE,FALSE,TRUE,FALSE
CLE,2021,S,JoseKa00,0.6892857142857143,FALSE,FALSE,TRUE,FALSE,TRUE
CLE,2022,RB,ChubNi00,0.5278571428571429,TRUE,TRUE,FALSE,TRUE,FALSE
CLE,2022,WR,PeopDo00,0.7764285714285715,TRUE,TRUE,FALSE,TRUE,FALSE
CLE,2022,OT,TretJC00,1,TRUE,TRUE,TRUE,FALSE,TRUE
CLE,2022,EDGE,GarrMy00,0.7741176470588236,TRUE,TRUE,FALSE,TRUE,FALSE
CLE,2022,TE,HoopAu00,0.685625,TRUE,TRUE,FALSE,TRUE,FALSE
CLE,2022,CB,NewsGr00,0.8966666666666666,TRUE,TRUE,FALSE,TRUE,FALSE
CLE,2022,IOL,BitoJo00,1,TRUE,TRUE,FALSE,TRUE,FALSE
CLE,2022,QB,MayfBa00,0.9564285714285714,TRUE,TRUE,TRUE,FALSE,TRUE
CLE,2022,LB,WalkAn01,0.8115384615384615,TRUE,TRUE,TRUE,FALSE,TRUE
CLE,2022,DL,McDoMa00,0.656,TRUE,FALSE,TRUE,FALSE,TRUE
CLE,2022,S,JohnJo10,0.926,TRUE,TRUE,FALSE,TRUE,FALSE
MIN,2014,RB,PeteAd01,0.7364285714285714,TRUE,TRUE,FALSE,TRUE,FALSE
MIN,2014,WR,JennGr00,0.7726666666666666,TRUE,TRUE,FALSE,TRUE,FALSE
MIN,2014,OT,KaliMa00,1,TRUE,TRUE,FALSE,TRUE,FALSE
MIN,2014,EDGE,AlleJa22,0.84625,TRUE,TRUE,TRUE,FALSE,TRUE
MIN,2014,TE,RudoKy00,0.8512500000000001,TRUE,TRUE,FALSE,TRUE,FALSE
MIN,2014,CB,SmitHa00,0.915,TRUE,TRUE,TRUE,FALSE,TRUE
MIN,2014,IOL,SullJo24,0.9825,TRUE,TRUE,FALSE,TRUE,FALSE
MIN,2014,QB,FreeJo00,1,TRUE,TRUE,TRUE,FALSE,TRUE
MIN,2014,LB,GreeCh99,0.98625,TRUE,TRUE,FALSE,TRUE,FALSE
MIN,2014,DL,WillKe98,0.662,TRUE,TRUE,TRUE,FALSE,TRUE
MIN,2014,S,NA,NA,NA,NA,NA,FALSE,TRUE
MIN,2015,RB,PeteAd01,0.73,TRUE,TRUE,FALSE,TRUE,FALSE
MIN,2015,WR,JennGr00,0.845625,TRUE,TRUE,FALSE,TRUE,FALSE
MIN,2015,OT,KaliMa00,1,TRUE,TRUE,FALSE,TRUE,FALSE
MIN,2015,EDGE,GrifEv99,0.891875,TRUE,TRUE,FALSE,TRUE,FALSE
MIN,2015,TE,RudoKy00,0.8022222222222223,TRUE,TRUE,FALSE,TRUE,FALSE
MIN,2015,CB,SmitHa00,0.988125,TRUE,TRUE,TRUE,FALSE,TRUE
MIN,2015,IOL,SullJo24,0.950625,TRUE,TRUE,FALSE,TRUE,FALSE
MIN,2015,QB,BridTe00,0.9676923076923077,TRUE,TRUE,FALSE,TRUE,FALSE
MIN,2015,LB,BarrAn00,0.9641666666666666,TRUE,TRUE,FALSE,TRUE,FALSE
MIN,2015,DL,JoseLi99,0.6743750000000001,TRUE,TRUE,FALSE,TRUE,FALSE
MIN,2015,S,NA,NA,NA,NA,NA,FALSE,TRUE
MIN,2016,RB,PeteAd01,0.64625,TRUE,TRUE,FALSE,TRUE,FALSE
MIN,2016,WR,DiggSt00,0.7769230769230769,TRUE,TRUE,FALSE,TRUE,FALSE
MIN,2016,OT,BergJo20,1,TRUE,TRUE,TRUE,FALSE,TRUE
MIN,2016,EDGE,GrifEv99,0.8526666666666667,TRUE,TRUE,FALSE,TRUE,FALSE
MIN,2016,TE,RudoKy00,0.83,TRUE,TRUE,FALSE,TRUE,FALSE
MIN,2016,CB,RhodXa00,0.948125,TRUE,TRUE,FALSE,TRUE,FALSE
MIN,2016,IOL,FuscBr00,0.999375,TRUE,TRUE,FALSE,TRUE,FALSE
MIN,2016,QB,BridTe00,0.975625,TRUE,TRUE,FALSE,TRUE,FALSE
MIN,2016,LB,BarrAn00,0.8771428571428571,TRUE,TRUE,FALSE,TRUE,FALSE
MIN,2016,DL,JoseLi99,0.6675,TRUE,TRUE,FALSE,TRUE,FALSE
MIN,2016,S,NA,NA,NA,NA,NA,FALSE,TRUE
MIN,2017,RB,McKiJe00,0.5133333333333333,TRUE,TRUE,FALSE,TRUE,FALSE
MIN,2017,WR,DiggSt00,0.81,TRUE,TRUE,FALSE,TRUE,FALSE
MIN,2017,OT,KaliMa00,1,TRUE,TRUE,TRUE,FALSE,TRUE
MIN,2017,EDGE,GrifEv99,0.859375,TRUE,TRUE,FALSE,TRUE,FALSE
MIN,2017,TE,RudoKy00,0.92125,TRUE,TRUE,FALSE,TRUE,FALSE
MIN,2017,CB,SmitHa00,0.9928571428571429,TRUE,TRUE,TRUE,FALSE,TRUE
MIN,2017,IOL,FuscBr00,0.9192857142857143,TRUE,TRUE,FALSE,TRUE,FALSE
MIN,2017,QB,BradSa00,0.9886666666666667,TRUE,TRUE,FALSE,TRUE,FALSE
MIN,2017,LB,BarrAn00,0.990625,TRUE,TRUE,FALSE,TRUE,FALSE
MIN,2017,DL,JoseLi99,0.655625,TRUE,TRUE,FALSE,TRUE,FALSE
MIN,2017,S,KearJa00,0.0825,FALSE,FALSE,FALSE,FALSE,TRUE
MIN,2018,RB,CookDa01,0.64,TRUE,TRUE,FALSE,TRUE,FALSE
MIN,2018,WR,DiggSt00,0.8049999999999999,TRUE,TRUE,FALSE,TRUE,FALSE
MIN,2018,OT,BergJo20,0.998125,TRUE,TRUE,TRUE,FALSE,TRUE
MIN,2018,EDGE,GrifEv99,0.8613333333333333,TRUE,TRUE,FALSE,TRUE,FALSE
MIN,2018,TE,RudoKy00,0.82375,TRUE,TRUE,FALSE,TRUE,FALSE
MIN,2018,CB,SmitHa00,0.97125,TRUE,TRUE,TRUE,FALSE,TRUE
MIN,2018,IOL,ElflPa00,0.99,TRUE,TRUE,FALSE,TRUE,FALSE
MIN,2018,QB,BradSa00,0.685,TRUE,TRUE,TRUE,FALSE,TRUE
MIN,2018,LB,KendEr00,0.9675,TRUE,TRUE,FALSE,TRUE,FALSE
MIN,2018,DL,JoseLi99,0.664375,TRUE,TRUE,FALSE,TRUE,FALSE
MIN,2018,S,KearJa00,0.03333333333333334,FALSE,FALSE,FALSE,FALSE,TRUE
MIN,2019,RB,CookDa01,0.6981818181818182,TRUE,TRUE,FALSE,TRUE,FALSE
MIN,2019,WR,DiggSt00,0.872,TRUE,TRUE,FALSE,TRUE,FALSE
MIN,2019,OT,ReifRi00,0.9446153846153846,TRUE,TRUE,FALSE,TRUE,FALSE
MIN,2019,EDGE,HuntDa01,0.844375,TRUE,TRUE,FALSE,TRUE,FALSE
MIN,2019,TE,RudoKy00,0.8831249999999999,TRUE,TRUE,TRUE,FALSE,TRUE
MIN,2019,CB,RhodXa00,0.8428571428571429,TRUE,TRUE,FALSE,TRUE,FALSE
MIN,2019,IOL,ElflPa00,0.9521428571428572,TRUE,TRUE,FALSE,TRUE,FALSE
MIN,2019,QB,CousKi00,1,TRUE,TRUE,FALSE,TRUE,FALSE
MIN,2019,LB,KendEr00,0.9757142857142858,TRUE,TRUE,FALSE,TRUE,FALSE
MIN,2019,DL,RichSh00,0.6925,TRUE,TRUE,TRUE,FALSE,TRUE
MIN,2019,S,KearJa00,0.2025,FALSE,FALSE,FALSE,FALSE,TRUE
MIN,2020,RB,CookDa01,0.655,TRUE,TRUE,FALSE,TRUE,FALSE
MIN,2020,WR,DiggSt00,0.7953333333333333,TRUE,TRUE,FALSE,TRUE,FALSE
MIN,2020,OT,ONeiBr00,0.996,TRUE,TRUE,FALSE,TRUE,FALSE
MIN,2020,EDGE,GrifEv99,0.8326666666666667,TRUE,TRUE,FALSE,TRUE,FALSE
MIN,2020,TE,RudoKy00,0.76625,TRUE,TRUE,FALSE,TRUE,FALSE
MIN,2020,CB,SmitHa00,0.9533333333333334,TRUE,TRUE,TRUE,FALSE,TRUE
MIN,2020,IOL,BradGa00,0.95875,TRUE,TRUE,FALSE,TRUE,FALSE
MIN,2020,QB,CousKi00,0.9926666666666667,TRUE,TRUE,FALSE,TRUE,FALSE
MIN,2020,LB,BarrAn00,0.97,TRUE,TRUE,FALSE,TRUE,FALSE
MIN,2020,DL,JoseLi99,0.6369230769230769,TRUE,TRUE,FALSE,TRUE,FALSE
MIN,2020,S,KearJa00,0.24866666666666667,FALSE,FALSE,TRUE,FALSE,TRUE
MIN,2021,RB,CookDa01,0.7092857142857143,TRUE,TRUE,FALSE,TRUE,FALSE
MIN,2021,WR,JeffJu00,0.805,TRUE,TRUE,FALSE,TRUE,FALSE
MIN,2021,OT,ReifRi00,1,TRUE,TRUE,FALSE,TRUE,FALSE
MIN,2021,EDGE,NgakYa00,0.7383333333333333,TRUE,TRUE,TRUE,FALSE,TRUE
MIN,2021,TE,RudoKy00,0.7208333333333333,TRUE,TRUE,FALSE,TRUE,FALSE
MIN,2021,CB,SmitHa00,0.95875,TRUE,TRUE,TRUE,FALSE,TRUE
MIN,2021,IOL,DoziDa00,1,TRUE,FALSE,TRUE,FALSE,TRUE
MIN,2021,QB,CousKi00,0.998125,TRUE,TRUE,FALSE,TRUE,FALSE
MIN,2021,LB,KendEr00,0.9981818181818182,TRUE,TRUE,FALSE,TRUE,FALSE
MIN,2021,DL,NA,NA,NA,NA,NA,FALSE,TRUE
MIN,2021,S,MeteJo00,0.015333333333333334,FALSE,FALSE,FALSE,FALSE,TRUE
MIN,2022,RB,CookDa01,0.6976923076923077,TRUE,TRUE,FALSE,TRUE,FALSE
MIN,2022,WR,JeffJu00,0.8917647058823529,TRUE,TRUE,FALSE,TRUE,FALSE
MIN,2022,OT,ClevEz00,1,TRUE,TRUE,TRUE,FALSE,TRUE
MIN,2022,EDGE,HuntDa01,0.8157142857142857,TRUE,TRUE,FALSE,TRUE,FALSE
MIN,2022,TE,ConkTy00,0.8099999999999999,TRUE,TRUE,TRUE,FALSE,TRUE
MIN,2022,CB,SmitHa00,0.998,TRUE,TRUE,TRUE,FALSE,TRUE
MIN,2022,IOL,BradGa00,1,TRUE,TRUE,FALSE,TRUE,FALSE
MIN,2022,QB,CousKi00,1,TRUE,TRUE,TRUE,FALSE,TRUE
MIN,2022,LB,KendEr00,0.98,TRUE,TRUE,FALSE,TRUE,FALSE
MIN,2022,DL,RichSh00,0.5729411764705883,TRUE,TRUE,TRUE,FALSE,TRUE
MIN,2022,S,WoodXa00,1,TRUE,TRUE,TRUE,FALSE,TRUE
DET,2014,RB,BushRe00,0.6064285714285714,TRUE,TRUE,FALSE,TRUE,FALSE
DET,2014,WR,JohnCa00,0.8928571428571428,TRUE,TRUE,FALSE,TRUE,FALSE
DET,2014,OT,ReifRi00,0.975625,TRUE,TRUE,FALSE,TRUE,FALSE
DET,2014,EDGE,YounWi99,0.749375,TRUE,TRUE,TRUE,FALSE,TRUE
DET,2014,TE,PettBr00,0.9135714285714286,TRUE,TRUE,TRUE,FALSE,TRUE
DET,2014,CB,DelmLo99,0.986875,TRUE,TRUE,TRUE,FALSE,TRUE
DET,2014,IOL,SimsRo20,1,TRUE,TRUE,TRUE,FALSE,TRUE
DET,2014,QB,StafMa00,0.99875,TRUE,TRUE,TRUE,FALSE,TRUE
DET,2014,LB,TullSt20,0.995625,TRUE,TRUE,FALSE,TRUE,FALSE
DET,2014,DL,SuhxNd99,0.851875,TRUE,TRUE,FALSE,TRUE,FALSE
DET,2014,S,NA,NA,NA,NA,NA,FALSE,TRUE
DET,2015,RB,BushRe00,0.3718181818181818,FALSE,FALSE,FALSE,FALSE,TRUE
DET,2015,WR,TateGo00,0.846875,TRUE,TRUE,FALSE,TRUE,FALSE
DET,2015,OT,ReifRi00,0.934,TRUE,TRUE,FALSE,TRUE,FALSE
DET,2015,EDGE,AnsaEz00,0.6331249999999999,TRUE,TRUE,FALSE,TRUE,FALSE
DET,2015,TE,PettBr00,0.615,TRUE,TRUE,FALSE,TRUE,FALSE
DET,2015,CB,QuinGl99,0.993125,TRUE,TRUE,TRUE,FALSE,TRUE
DET,2015,IOL,NA,NA,NA,NA,NA,FALSE,TRUE
DET,2015,QB,StafMa00,1,TRUE,TRUE,TRUE,FALSE,TRUE
DET,2015,LB,LevyDe99,1,TRUE,TRUE,FALSE,TRUE,FALSE
DET,2015,DL,SuhxNd99,0.8150000000000001,TRUE,TRUE,TRUE,FALSE,TRUE
DET,2015,S,NA,NA,NA,NA,NA,FALSE,TRUE
DET,2016,RB,RiddTh00,0.42812500000000003,TRUE,TRUE,FALSE,TRUE,FALSE
DET,2016,WR,JohnCa00,0.93125,TRUE,TRUE,FALSE,TRUE,FALSE
DET,2016,OT,ReifRi00,0.995625,TRUE,TRUE,FALSE,TRUE,FALSE
DET,2016,EDGE,AnsaEz00,0.629375,TRUE,TRUE,FALSE,TRUE,FALSE
DET,2016,TE,EbroEr00,0.6714285714285714,TRUE,TRUE,FALSE,TRUE,FALSE
DET,2016,CB,SlayDa00,0.9456249999999999,TRUE,TRUE,FALSE,TRUE,FALSE
DET,2016,IOL,SwanTr00,1,TRUE,TRUE,FALSE,TRUE,FALSE
DET,2016,QB,StafMa00,0.968125,TRUE,TRUE,TRUE,FALSE,TRUE
DET,2016,LB,TullSt20,0.694375,TRUE,TRUE,FALSE,TRUE,FALSE
DET,2016,DL,NA,NA,NA,NA,NA,FALSE,TRUE
DET,2016,S,NA,NA,NA,NA,NA,FALSE,TRUE
DET,2017,RB,RiddTh00,0.654,TRUE,TRUE,FALSE,TRUE,FALSE
DET,2017,WR,JoneMa02,0.9093333333333333,TRUE,TRUE,FALSE,TRUE,FALSE
DET,2017,OT,DeckTa00,1,TRUE,TRUE,FALSE,TRUE,FALSE
DET,2017,EDGE,TaylDe00,0.645625,TRUE,FALSE,TRUE,FALSE,TRUE
DET,2017,TE,EbroEr00,0.8207692307692308,TRUE,TRUE,FALSE,TRUE,FALSE
DET,2017,CB,QuinGl99,1,TRUE,TRUE,TRUE,FALSE,TRUE
DET,2017,IOL,SwanTr00,1,TRUE,TRUE,FALSE,TRUE,FALSE
DET,2017,QB,StafMa00,1,TRUE,TRUE,TRUE,FALSE,TRUE
DET,2017,LB,WhitTa00,0.9646666666666667,TRUE,TRUE,FALSE,TRUE,FALSE
DET,2017,DL,NgatHa20,0.6376923076923077,TRUE,TRUE,FALSE,TRUE,FALSE
DET,2017,S,KillMi00,0.14500000000000002,FALSE,FALSE,FALSE,FALSE,TRUE
DET,2018,RB,RiddTh00,0.45125,TRUE,TRUE,FALSE,TRUE,FALSE
DET,2018,WR,JoneMa02,0.9625,TRUE,TRUE,FALSE,TRUE,FALSE
DET,2018,OT,DeckTa00,0.9612499999999999,TRUE,TRUE,FALSE,TRUE,FALSE
DET,2018,EDGE,AnsaEz00,0.5485714285714286,FALSE,FALSE,TRUE,FALSE,TRUE
DET,2018,TE,EbroEr00,0.52625,FALSE,FALSE,TRUE,FALSE,TRUE
DET,2018,CB,SlayDa00,0.9775,TRUE,TRUE,FALSE,TRUE,FALSE
DET,2018,IOL,GlasGr00,1,TRUE,TRUE,FALSE,TRUE,FALSE
DET,2018,QB,StafMa00,0.99125,TRUE,TRUE,TRUE,FALSE,TRUE
DET,2018,LB,WhitTa00,0.870625,TRUE,TRUE,TRUE,FALSE,TRUE
DET,2018,DL,NA,NA,NA,NA,NA,FALSE,TRUE
DET,2018,S,KillMi00,0.33687500000000004,FALSE,FALSE,FALSE,FALSE,TRUE
DET,2019,RB,JohnKe06,0.516,TRUE,TRUE,FALSE,TRUE,FALSE
DET,2019,WR,GollKe00,0.9013333333333333,TRUE,TRUE,FALSE,TRUE,FALSE
DET,2019,OT,DeckTa00,0.986875,TRUE,TRUE,FALSE,TRUE,FALSE
DET,2019,EDGE,NA,NA,NA,NA,NA,FALSE,TRUE
DET,2019,TE,ToilLe00,0.49125,FALSE,FALSE,TRUE,FALSE,TRUE
DET,2019,CB,DiggQu00,0.96375,TRUE,TRUE,TRUE,FALSE,TRUE
DET,2019,IOL,RagnFr00,0.999375,TRUE,TRUE,FALSE,TRUE,FALSE
DET,2019,QB,StafMa00,0.980625,TRUE,TRUE,TRUE,FALSE,TRUE
DET,2019,LB,DaviJa01,0.989375,TRUE,TRUE,FALSE,TRUE,FALSE
DET,2019,DL,RobiAS00,0.5084615384615384,FALSE,FALSE,FALSE,FALSE,TRUE
DET,2019,S,WalkTr01,0.268125,FALSE,FALSE,FALSE,FALSE,TRUE
DET,2020,RB,JohnKe06,0.5275,TRUE,TRUE,FALSE,TRUE,FALSE
DET,2020,WR,JoneMa02,0.9015384615384615,TRUE,TRUE,FALSE,TRUE,FALSE
DET,2020,OT,DeckTa00,0.9973333333333333,TRUE,TRUE,TRUE,FALSE,TRUE
DET,2020,EDGE,NA,NA,NA,NA,NA,FALSE,TRUE
DET,2020,TE,HockTJ00,0.6316666666666667,TRUE,TRUE,FALSE,TRUE,FALSE
DET,2020,CB,SlayDa00,0.8642857142857143,TRUE,TRUE,TRUE,FALSE,TRUE
DET,2020,IOL,RagnFr00,0.99,TRUE,TRUE,FALSE,TRUE,FALSE
DET,2020,QB,DrisJe00,1,TRUE,FALSE,TRUE,FALSE,TRUE
DET,2020,LB,DaviJa01,0.8636363636363636,TRUE,TRUE,FALSE,TRUE,FALSE
DET,2020,DL,RobiAS00,0.58,TRUE,TRUE,TRUE,FALSE,TRUE
DET,2020,S,WalkTr01,0.8769230769230769,TRUE,FALSE,FALSE,FALSE,TRUE
DET,2021,RB,SwifDA00,0.48307692307692307,TRUE,TRUE,FALSE,TRUE,FALSE
DET,2021,WR,JoneMa02,0.899375,TRUE,TRUE,TRUE,FALSE,TRUE
DET,2021,OT,DeckTa00,1,TRUE,TRUE,FALSE,TRUE,FALSE
DET,2021,EDGE,FlowTr00,0.6371428571428571,TRUE,TRUE,FALSE,TRUE,FALSE
DET,2021,TE,HockTJ00,0.734375,TRUE,TRUE,FALSE,TRUE,FALSE
DET,2021,CB,HarmDu00,0.9825,TRUE,TRUE,TRUE,FALSE,TRUE
DET,2021,IOL,RagnFr00,1,TRUE,TRUE,FALSE,TRUE,FALSE
DET,2021,QB,StafMa00,0.915,TRUE,TRUE,TRUE,FALSE,TRUE
DET,2021,LB,CollJa00,0.8514285714285714,TRUE,TRUE,FALSE,TRUE,FALSE
DET,2021,DL,ShelDa01,0.5958333333333333,TRUE,TRUE,FALSE,TRUE,FALSE
DET,2021,S,WalkTr01,0.704,FALSE,FALSE,FALSE,FALSE,TRUE
DET,2022,RB,SwifDA00,0.6576923076923077,TRUE,TRUE,FALSE,TRUE,FALSE
DET,2022,WR,ReynJo00,0.7942857142857143,TRUE,TRUE,TRUE,FALSE,TRUE
DET,2022,OT,NA,NA,NA,NA,NA,FALSE,TRUE
DET,2022,EDGE,HarrCh03,0.7635294117647059,TRUE,TRUE,TRUE,FALSE,TRUE
DET,2022,TE,HockTJ00,0.8391666666666666,TRUE,TRUE,FALSE,TRUE,FALSE
DET,2022,CB,OruwAm00,0.9814285714285714,TRUE,TRUE,FALSE,TRUE,FALSE
DET,2022,IOL,JackJo03,1,TRUE,TRUE,FALSE,TRUE,FALSE
DET,2022,QB,GoffJa00,0.9928571428571429,TRUE,TRUE,FALSE,TRUE,FALSE
DET,2022,LB,AnzaAl00,0.8735714285714286,TRUE,TRUE,TRUE,FALSE,TRUE
DET,2022,DL,BrocMi00,0.589375,TRUE,TRUE,FALSE,TRUE,FALSE
DET,2022,S,WalkTr01,0.8873333333333333,TRUE,FALSE,TRUE,FALSE,TRUE
TEN,2014,RB,JohnCh04,0.74625,TRUE,TRUE,FALSE,TRUE,FALSE
TEN,2014,WR,WrigKe01,0.75,TRUE,TRUE,FALSE,TRUE,FALSE
TEN,2014,OT,RoosMi20,1,TRUE,TRUE,TRUE,FALSE,TRUE
TEN,2014,EDGE,MorgDe99,0.8053333333333333,TRUE,TRUE,FALSE,TRUE,FALSE
TEN,2014,TE,ShiaVi00,0.52,FALSE,FALSE,TRUE,FALSE,TRUE
TEN,2014,CB,McCoJa99,0.99,TRUE,TRUE,FALSE,TRUE,FALSE
TEN,2014,IOL,WarmCh00,1,TRUE,TRUE,FALSE,TRUE,FALSE
TEN,2014,QB,FitzRy00,0.9109090909090909,TRUE,TRUE,FALSE,TRUE,FALSE
TEN,2014,LB,NA,NA,NA,NA,NA,FALSE,TRUE
TEN,2014,DL,CaseJu00,0.8726666666666667,TRUE,TRUE,FALSE,TRUE,FALSE
TEN,2014,S,NA,NA,NA,NA,NA,FALSE,TRUE
TEN,2015,RB,SankBi00,0.3775,FALSE,FALSE,FALSE,FALSE,TRUE
TEN,2015,WR,HuntJu00,0.8366666666666667,TRUE,FALSE,FALSE,FALSE,TRUE
TEN,2015,OT,OherMi20,1,TRUE,TRUE,FALSE,TRUE,FALSE
TEN,2015,EDGE,MorgDe99,0.886875,TRUE,TRUE,TRUE,FALSE,TRUE
TEN,2015,TE,GordRi00,0.30666666666666664,FALSE,FALSE,TRUE,FALSE,TRUE
TEN,2015,CB,GrifMi99,0.9925,TRUE,TRUE,TRUE,FALSE,TRUE
TEN,2015,IOL,LeviAn20,0.999375,TRUE,TRUE,FALSE,TRUE,FALSE
TEN,2015,QB,WhitCh02,0.8514285714285714,TRUE,FALSE,FALSE,FALSE,TRUE
TEN,2015,LB,WillAv00,0.71375,TRUE,TRUE,FALSE,TRUE,FALSE
TEN,2015,DL,CaseJu00,0.801875,TRUE,TRUE,FALSE,TRUE,FALSE
TEN,2015,S,NA,NA,NA,NA,NA,FALSE,TRUE
TEN,2016,RB,CobbDa00,0.25857142857142856,FALSE,FALSE,FALSE,FALSE,TRUE
TEN,2016,WR,DougHa00,0.7771428571428571,TRUE,TRUE,FALSE,TRUE,FALSE
TEN,2016,OT,LewaTa00,0.9293333333333333,TRUE,TRUE,FALSE,TRUE,FALSE
TEN,2016,EDGE,MorgDe99,0.8170000000000001,TRUE,TRUE,FALSE,TRUE,FALSE
TEN,2016,TE,FasaAn00,0.530625,FALSE,FALSE,FALSE,FALSE,TRUE
TEN,2016,CB,GrifMi99,0.9593333333333334,TRUE,TRUE,TRUE,FALSE,TRUE
TEN,2016,IOL,WarmCh00,0.9514285714285714,TRUE,TRUE,FALSE,TRUE,FALSE
TEN,2016,QB,MariMa01,0.9141666666666667,TRUE,TRUE,FALSE,TRUE,FALSE
TEN,2016,LB,WillAv00,0.932,TRUE,TRUE,FALSE,TRUE,FALSE
TEN,2016,DL,CaseJu00,0.78625,TRUE,TRUE,FALSE,TRUE,FALSE
TEN,2016,S,NA,NA,NA,NA,NA,FALSE,TRUE
TEN,2017,RB,MurrDe00,0.809375,TRUE,TRUE,FALSE,TRUE,FALSE
TEN,2017,WR,SharTa00,0.736875,TRUE,TRUE,FALSE,TRUE,FALSE
TEN,2017,OT,ConkJa00,0.9975,TRUE,TRUE,FALSE,TRUE,FALSE
TEN,2017,EDGE,MorgDe99,0.7566666666666667,TRUE,TRUE,FALSE,TRUE,FALSE
TEN,2017,TE,FasaAn00,0.503125,FALSE,FALSE,TRUE,FALSE,TRUE
TEN,2017,CB,McCoJa99,0.8592857142857143,TRUE,TRUE,TRUE,FALSE,TRUE
TEN,2017,IOL,WarmCh00,1,TRUE,TRUE,TRUE,FALSE,TRUE
TEN,2017,QB,MariMa01,0.964,TRUE,TRUE,FALSE,TRUE,FALSE
TEN,2017,LB,WillAv00,0.840625,TRUE,TRUE,FALSE,TRUE,FALSE
TEN,2017,DL,CaseJu00,0.7066666666666667,TRUE,TRUE,FALSE,TRUE,FALSE
TEN,2017,S,ByarKe01,0.599375,FALSE,FALSE,FALSE,FALSE,TRUE
TEN,2018,RB,MurrDe00,0.672,TRUE,TRUE,FALSE,TRUE,FALSE
TEN,2018,WR,MattRi00,0.8228571428571428,TRUE,TRUE,FALSE,TRUE,FALSE
TEN,2018,OT,ConkJa00,0.999375,TRUE,TRUE,FALSE,TRUE,FALSE
TEN,2018,EDGE,MorgDe99,0.75,TRUE,TRUE,FALSE,TRUE,FALSE
TEN,2018,TE,SmitJo01,0.54,TRUE,TRUE,FALSE,TRUE,FALSE
TEN,2018,CB,RyanLo00,0.9073333333333333,TRUE,TRUE,FALSE,TRUE,FALSE
TEN,2018,IOL,JoneBe01,1,TRUE,TRUE,FALSE,TRUE,FALSE
TEN,2018,QB,MariMa01,0.9693333333333334,TRUE,TRUE,FALSE,TRUE,FALSE
TEN,2018,LB,OrakBr99,0.771875,TRUE,TRUE,TRUE,FALSE,TRUE
TEN,2018,DL,CaseJu00,0.79875,TRUE,TRUE,FALSE,TRUE,FALSE
TEN,2018,S,ByarKe01,0.9975,TRUE,TRUE,FALSE,TRUE,FALSE
TEN,2019,RB,LewiDi00,0.605625,TRUE,TRUE,FALSE,TRUE,FALSE
TEN,2019,WR,DaviCo03,0.883125,TRUE,TRUE,FALSE,TRUE,FALSE
TEN,2019,OT,LewaTa00,0.9166666666666666,TRUE,TRUE,FALSE,TRUE,FALSE
TEN,2019,EDGE,MorgDe99,0.6069230769230769,FALSE,FALSE,TRUE,FALSE,TRUE
TEN,2019,TE,SmitJo01,0.7476923076923077,TRUE,TRUE,FALSE,TRUE,FALSE
TEN,2019,CB,RyanLo00,0.9457142857142857,TRUE,TRUE,FALSE,TRUE,FALSE
TEN,2019,IOL,JoneBe01,1,TRUE,TRUE,FALSE,TRUE,FALSE
TEN,2019,QB,MariMa01,0.8828571428571429,TRUE,TRUE,TRUE,FALSE,TRUE
TEN,2019,LB,BrowJa06,0.809375,TRUE,TRUE,FALSE,TRUE,FALSE
TEN,2019,DL,CaseJu00,0.7706666666666666,TRUE,TRUE,FALSE,TRUE,FALSE
TEN,2019,S,ByarKe01,0.996875,TRUE,TRUE,FALSE,TRUE,FALSE
TEN,2020,RB,HenrDe00,0.642,TRUE,TRUE,TRUE,FALSE,TRUE
TEN,2020,WR,DaviCo03,0.7566666666666667,TRUE,TRUE,FALSE,TRUE,FALSE
TEN,2020,OT,LewaTa00,0.9691666666666666,TRUE,TRUE,FALSE,TRUE,FALSE
TEN,2020,EDGE,LandHa00,0.86,TRUE,TRUE,FALSE,TRUE,FALSE
TEN,2020,TE,SmitJo01,0.713125,TRUE,TRUE,FALSE,TRUE,FALSE
TEN,2020,CB,RyanLo00,0.989375,TRUE,TRUE,TRUE,FALSE,TRUE
TEN,2020,IOL,JoneBe01,0.9973333333333333,TRUE,TRUE,FALSE,TRUE,FALSE
TEN,2020,QB,TannRy00,0.8691666666666666,TRUE,TRUE,TRUE,FALSE,TRUE
TEN,2020,LB,EvanRa01,0.86375,TRUE,TRUE,FALSE,TRUE,FALSE
TEN,2020,DL,CaseJu00,0.7464285714285714,TRUE,TRUE,FALSE,TRUE,FALSE
TEN,2020,S,ByarKe01,0.989375,TRUE,TRUE,FALSE,TRUE,FALSE
TEN,2021,RB,HenrDe00,0.655,TRUE,TRUE,FALSE,TRUE,FALSE
TEN,2021,WR,BrowAJ00,0.81,TRUE,TRUE,FALSE,TRUE,FALSE
TEN,2021,OT,KellDe00,0.9768749999999999,TRUE,TRUE,FALSE,TRUE,FALSE
TEN,2021,EDGE,LandHa00,0.9375,TRUE,TRUE,FALSE,TRUE,FALSE
TEN,2021,TE,SmitJo01,0.7493333333333333,TRUE,TRUE,TRUE,FALSE,TRUE
TEN,2021,CB,VaccKe00,0.9492307692307692,TRUE,TRUE,TRUE,FALSE,TRUE
TEN,2021,IOL,DaviNa01,1,TRUE,TRUE,FALSE,TRUE,FALSE
TEN,2021,QB,TannRy00,0.979375,TRUE,TRUE,FALSE,TRUE,FALSE
TEN,2021,LB,BrowJa06,0.921,TRUE,TRUE,TRUE,FALSE,TRUE
TEN,2021,DL,SimmJe01,0.8033333333333333,TRUE,TRUE,FALSE,TRUE,FALSE
TEN,2021,S,ByarKe01,0.985,TRUE,TRUE,FALSE,TRUE,FALSE
TEN,2022,RB,HenrDe00,0.72,TRUE,TRUE,FALSE,TRUE,FALSE
TEN,2022,WR,BrowAJ00,0.6961538461538461,TRUE,TRUE,FALSE,TRUE,FALSE
TEN,2022,OT,LewaTa00,0.9215384615384615,TRUE,TRUE,FALSE,TRUE,FALSE
TEN,2022,EDGE,LandHa00,0.8941176470588236,TRUE,TRUE,TRUE,FALSE,TRUE
TEN,2022,TE,SwaiGe00,0.660625,TRUE,FALSE,TRUE,FALSE,TRUE
TEN,2022,CB,FultKr00,0.9392307692307692,TRUE,TRUE,FALSE,TRUE,FALSE
TEN,2022,IOL,QuesDa00,0.9994117647058823,TRUE,TRUE,TRUE,FALSE,TRUE
TEN,2022,QB,TannRy00,0.9858823529411764,TRUE,TRUE,FALSE,TRUE,FALSE
TEN,2022,LB,LongDa04,0.9390000000000001,TRUE,TRUE,FALSE,TRUE,FALSE
TEN,2022,DL,SimmJe01,0.8529411764705882,TRUE,TRUE,FALSE,TRUE,FALSE
TEN,2022,S,ByarKe01,0.9647058823529412,TRUE,TRUE,FALSE,TRUE,FALSE
NYG,2014,RB,BrowAn03,0.73125,TRUE,FALSE,TRUE,FALSE,TRUE
NYG,2014,WR,NickHa01,0.8713333333333333,TRUE,TRUE,TRUE,FALSE,TRUE
NYG,2014,OT,PughJu00,1,TRUE,TRUE,TRUE,FALSE,TRUE
NYG,2014,EDGE,NA,NA,NA,NA,NA,FALSE,TRUE
NYG,2014,TE,MyerBr00,0.83,TRUE,TRUE,TRUE,FALSE,TRUE
NYG,2014,CB,RollAn20,0.995625,TRUE,TRUE,TRUE,FALSE,TRUE
NYG,2014,IOL,DiehDa21,1,TRUE,TRUE,TRUE,FALSE,TRUE
NYG,2014,QB,MannEl00,0.961875,TRUE,TRUE,FALSE,TRUE,FALSE
NYG,2014,LB,BeasJo99,0.8858333333333334,TRUE,TRUE,TRUE,FALSE,TRUE
NYG,2014,DL,JoseLi99,0.5506666666666666,TRUE,TRUE,TRUE,FALSE,TRUE
NYG,2014,S,NA,NA,NA,NA,NA,FALSE,TRUE
NYG,2015,RB,JennRa00,0.5281818181818182,TRUE,TRUE,FALSE,TRUE,FALSE
NYG,2015,WR,BeckOd00,0.9141666666666667,TRUE,TRUE,FALSE,TRUE,FALSE
NYG,2015,OT,JerrJo20,0.998125,TRUE,TRUE,TRUE,FALSE,TRUE
NYG,2015,EDGE,PierJa99,0.9125,TRUE,TRUE,TRUE,FALSE,TRUE
NYG,2015,TE,RobiAd00,0.06875,FALSE,FALSE,FALSE,FALSE,TRUE
NYG,2015,CB,RollAn20,0.994375,TRUE,TRUE,TRUE,FALSE,TRUE
NYG,2015,IOL,WaltJ.20,0.991875,TRUE,TRUE,FALSE,TRUE,FALSE
NYG,2015,QB,MannEl00,0.983125,TRUE,TRUE,TRUE,FALSE,TRUE
NYG,2015,LB,WillJa02,0.9411111111111111,TRUE,TRUE,TRUE,FALSE,TRUE
NYG,2015,DL,HankJo00,0.64875,TRUE,TRUE,FALSE,TRUE,FALSE
NYG,2015,S,NA,NA,NA,NA,NA,FALSE,TRUE
NYG,2016,RB,VereSh00,0.385625,FALSE,FALSE,FALSE,FALSE,TRUE
NYG,2016,WR,BeckOd00,0.948,TRUE,TRUE,FALSE,TRUE,FALSE
NYG,2016,OT,PughJu00,0.9971428571428571,TRUE,TRUE,TRUE,FALSE,TRUE
NYG,2016,EDGE,PierJa99,0.88375,TRUE,TRUE,TRUE,FALSE,TRUE
NYG,2016,TE,NA,NA,NA,NA,NA,FALSE,TRUE
NYG,2016,CB,AmukPr00,0.9681818181818181,TRUE,TRUE,TRUE,FALSE,TRUE
NYG,2016,IOL,RichWe00,0.9746666666666667,TRUE,TRUE,FALSE,TRUE,FALSE
NYG,2016,QB,MannEl00,0.9925,TRUE,TRUE,FALSE,TRUE,FALSE
NYG,2016,LB,ThomJ.02,0.46249999999999997,FALSE,FALSE,FALSE,FALSE,TRUE
NYG,2016,DL,HankJo00,0.6166666666666667,TRUE,TRUE,FALSE,TRUE,FALSE
NYG,2016,S,CollLa00,0.943125,TRUE,TRUE,FALSE,TRUE,FALSE
NYG,2017,RB,JennRa00,0.51,TRUE,TRUE,FALSE,TRUE,FALSE
NYG,2017,WR,ShepSt00,0.948125,TRUE,TRUE,FALSE,TRUE,FALSE
NYG,2017,OT,FlowEr00,1,TRUE,TRUE,FALSE,TRUE,FALSE
NYG,2017,EDGE,PierJa99,0.91,TRUE,TRUE,TRUE,FALSE,TRUE
NYG,2017,TE,AdamJe01,0.2323076923076923,FALSE,FALSE,FALSE,FALSE,TRUE
NYG,2017,CB,JenkJa03,0.8933333333333333,TRUE,TRUE,TRUE,FALSE,TRUE
NYG,2017,IOL,RichWe00,0.98625,TRUE,TRUE,FALSE,TRUE,FALSE
NYG,2017,QB,MannEl00,1,TRUE,TRUE,FALSE,TRUE,FALSE
NYG,2017,LB,VernOl00,0.940625,TRUE,TRUE,TRUE,FALSE,TRUE
NYG,2017,DL,HankJo00,0.68625,TRUE,TRUE,TRUE,FALSE,TRUE
NYG,2017,S,CollLa00,0.99625,TRUE,TRUE,FALSE,TRUE,FALSE
NYG,2018,RB,NA,NA,NA,NA,NA,FALSE,TRUE
NYG,2018,WR,ShepSt00,0.9,TRUE,TRUE,FALSE,TRUE,FALSE
NYG,2018,OT,BisnAd00,1,TRUE,FALSE,FALSE,FALSE,TRUE
NYG,2018,EDGE,PierJa99,0.916875,TRUE,TRUE,FALSE,TRUE,FALSE
NYG,2018,TE,EngrEv00,0.7726666666666666,TRUE,TRUE,FALSE,TRUE,FALSE
NYG,2018,CB,JenkJa03,0.9433333333333334,TRUE,TRUE,TRUE,FALSE,TRUE
NYG,2018,IOL,RichWe00,0.9299999999999999,TRUE,TRUE,TRUE,FALSE,TRUE
NYG,2018,QB,MannEl00,0.9946666666666667,TRUE,TRUE,FALSE,TRUE,FALSE
NYG,2018,LB,VernOl00,0.87,TRUE,TRUE,TRUE,FALSE,TRUE
NYG,2018,DL,TomlDa00,0.53375,FALSE,FALSE,FALSE,FALSE,TRUE
NYG,2018,S,ThomDa05,0.963125,TRUE,FALSE,FALSE,FALSE,TRUE
NYG,2019,RB,BarkSa00,0.83,TRUE,TRUE,FALSE,TRUE,FALSE
NYG,2019,WR,BeckOd00,0.9366666666666666,TRUE,TRUE,FALSE,TRUE,FALSE
NYG,2019,OT,BrowJa04,1,TRUE,TRUE,TRUE,FALSE,TRUE
NYG,2019,EDGE,MartKa00,0.560625,FALSE,FALSE,FALSE,FALSE,TRUE
NYG,2019,TE,EngrEv00,0.6554545454545455,TRUE,TRUE,FALSE,TRUE,FALSE
NYG,2019,CB,JenkJa03,0.991875,TRUE,TRUE,TRUE,FALSE,TRUE
NYG,2019,IOL,HernWi00,1,TRUE,TRUE,FALSE,TRUE,FALSE
NYG,2019,QB,MannEl00,0.9825,TRUE,TRUE,TRUE,FALSE,TRUE
NYG,2019,LB,OgleAl00,1,TRUE,TRUE,FALSE,TRUE,FALSE
NYG,2019,DL,HillB.00,0.5825,TRUE,TRUE,FALSE,TRUE,FALSE
NYG,2019,S,CollLa00,0.9825,TRUE,TRUE,TRUE,FALSE,TRUE
NYG,2020,RB,BarkSa00,0.8346153846153846,TRUE,TRUE,FALSE,TRUE,FALSE
NYG,2020,WR,ShepSt00,0.907,TRUE,TRUE,FALSE,TRUE,FALSE
NYG,2020,OT,SoldNa00,0.949375,TRUE,TRUE,FALSE,TRUE,FALSE
NYG,2020,EDGE,GoldMa00,0.8225,TRUE,TRUE,TRUE,FALSE,TRUE
NYG,2020,TE,EngrEv00,0.7975,TRUE,TRUE,FALSE,TRUE,FALSE
NYG,2020,CB,BethAn20,0.9975,TRUE,TRUE,TRUE,FALSE,TRUE
NYG,2020,IOL,HernWi00,1,TRUE,TRUE,FALSE,TRUE,FALSE
NYG,2020,QB,NA,NA,NA,NA,NA,FALSE,TRUE
NYG,2020,LB,OgleAl00,0.9230769230769231,TRUE,TRUE,FALSE,TRUE,FALSE
NYG,2020,DL,LawrDe03,0.62875,TRUE,TRUE,FALSE,TRUE,FALSE
NYG,2020,S,PeppJa00,0.9536363636363636,TRUE,TRUE,FALSE,TRUE,FALSE
NYG,2021,RB,BarkSa00,0.495,TRUE,TRUE,FALSE,TRUE,FALSE
NYG,2021,WR,SlayDa01,0.87125,TRUE,TRUE,FALSE,TRUE,FALSE
NYG,2021,OT,ThomAn02,0.95625,TRUE,TRUE,FALSE,TRUE,FALSE
NYG,2021,EDGE,FackKy00,0.7458333333333333,TRUE,TRUE,TRUE,FALSE,TRUE
NYG,2021,TE,EngrEv00,0.82375,TRUE,TRUE,TRUE,FALSE,TRUE
NYG,2021,CB,BradJa00,0.9946666666666667,TRUE,TRUE,FALSE,TRUE,FALSE
NYG,2021,IOL,ZeitKe00,0.989375,TRUE,TRUE,FALSE,TRUE,FALSE
NYG,2021,QB,JoneDa05,0.9664285714285714,TRUE,TRUE,FALSE,TRUE,FALSE
NYG,2021,LB,MartBl01,0.9775,TRUE,TRUE,FALSE,TRUE,FALSE
NYG,2021,DL,TomlDa00,0.600625,TRUE,TRUE,TRUE,FALSE,TRUE
NYG,2021,S,PeppJa00,0.888,TRUE,TRUE,TRUE,FALSE,TRUE
NYG,2022,RB,BarkSa00,0.6169230769230769,TRUE,TRUE,TRUE,FALSE,TRUE
NYG,2022,WR,GollKe00,0.7435714285714285,TRUE,TRUE,FALSE,TRUE,FALSE
NYG,2022,OT,ThomAn02,0.953076923076923,TRUE,TRUE,FALSE,TRUE,FALSE
NYG,2022,EDGE,WillLe02,0.7611764705882353,TRUE,TRUE,TRUE,FALSE,TRUE
NYG,2022,TE,NA,NA,NA,NA,NA,FALSE,TRUE
NYG,2022,CB,BradJa00,0.9923529411764705,TRUE,TRUE,FALSE,TRUE,FALSE
NYG,2022,IOL,HernWi00,0.9482352941176471,TRUE,TRUE,TRUE,FALSE,TRUE
NYG,2022,QB,JoneDa05,0.9481818181818182,TRUE,TRUE,FALSE,TRUE,FALSE
NYG,2022,LB,CrowTa00,0.9382352941176471,TRUE,TRUE,FALSE,TRUE,FALSE
NYG,2022,DL,LawrDe03,0.6875,TRUE,TRUE,FALSE,TRUE,FALSE
NYG,2022,S,McKiXa00,0.9694117647058823,TRUE,TRUE,FALSE,TRUE,FALSE
CHI,2014,RB,FortMa00,0.88,TRUE,TRUE,FALSE,TRUE,FALSE
CHI,2014,WR,MarsBr00,0.93625,TRUE,TRUE,FALSE,TRUE,FALSE
CHI,2014,OT,BushJe20,1,TRUE,TRUE,FALSE,TRUE,FALSE
CHI,2014,EDGE,PeppJu99,0.8125,TRUE,TRUE,FALSE,TRUE,FALSE
CHI,2014,TE,BennMa00,0.8987499999999999,TRUE,TRUE,FALSE,TRUE,FALSE
CHI,2014,CB,JennTi20,0.990625,TRUE,TRUE,TRUE,FALSE,TRUE
CHI,2014,IOL,NA,NA,NA,NA,NA,FALSE,TRUE
CHI,2014,QB,NA,NA,NA,NA,NA,FALSE,TRUE
CHI,2014,LB,NA,NA,NA,NA,NA,FALSE,TRUE
CHI,2014,DL,PaeaSt00,0.5561538461538461,TRUE,TRUE,FALSE,TRUE,FALSE
CHI,2014,S,NA,NA,NA,NA,NA,FALSE,TRUE
CHI,2015,RB,FortMa00,0.9225,TRUE,TRUE,FALSE,TRUE,FALSE
CHI,2015,WR,JeffAl00,0.909375,TRUE,TRUE,FALSE,TRUE,FALSE
CHI,2015,OT,BushJe20,1,TRUE,TRUE,FALSE,TRUE,FALSE
CHI,2015,EDGE,AlleJa22,0.8993333333333333,TRUE,TRUE,FALSE,TRUE,FALSE
CHI,2015,TE,BennMa00,0.905625,TRUE,TRUE,FALSE,TRUE,FALSE
CHI,2015,CB,JennTi20,0.9662499999999999,TRUE,TRUE,FALSE,TRUE,FALSE
CHI,2015,IOL,LongKy00,1,TRUE,TRUE,FALSE,TRUE,FALSE
CHI,2015,QB,CutlJa00,0.9766666666666667,TRUE,TRUE,FALSE,TRUE,FALSE
CHI,2015,LB,NA,NA,NA,NA,NA,FALSE,TRUE
CHI,2015,DL,PaeaSt00,0.6725,TRUE,TRUE,TRUE,FALSE,TRUE
CHI,2015,S,NA,NA,NA,NA,NA,FALSE,TRUE
CHI,2016,RB,FortMa00,0.6738461538461539,TRUE,TRUE,TRUE,FALSE,TRUE
CHI,2016,WR,WilsMa02,0.8427272727272728,TRUE,FALSE,FALSE,FALSE,TRUE
CHI,2016,OT,LenoCh00,0.8443750000000001,TRUE,TRUE,FALSE,TRUE,FALSE
CHI,2016,EDGE,McClSh00,0.8775,TRUE,TRUE,TRUE,FALSE,TRUE
CHI,2016,TE,BennMa00,0.9490909090909091,TRUE,TRUE,FALSE,TRUE,FALSE
CHI,2016,CB,FullKy00,0.989375,TRUE,TRUE,FALSE,TRUE,FALSE
CHI,2016,IOL,SlauMa20,1,TRUE,TRUE,FALSE,TRUE,FALSE
CHI,2016,QB,CutlJa00,0.9593333333333334,TRUE,TRUE,FALSE,TRUE,FALSE
CHI,2016,LB,WashCo00,0.02,FALSE,FALSE,TRUE,FALSE,TRUE
CHI,2016,DL,JenkJa01,0.6546666666666666,TRUE,TRUE,TRUE,FALSE,TRUE
CHI,2016,S,AmosAd00,0.996875,TRUE,TRUE,FALSE,TRUE,FALSE
CHI,2017,RB,HowaJo00,0.6726666666666666,TRUE,TRUE,FALSE,TRUE,FALSE
CHI,2017,WR,JeffAl00,0.9258333333333333,TRUE,TRUE,TRUE,FALSE,TRUE
CHI,2017,OT,LenoCh00,1,TRUE,TRUE,FALSE,TRUE,FALSE
CHI,2017,EDGE,HickAk00,0.87,TRUE,TRUE,TRUE,FALSE,TRUE
CHI,2017,TE,MillZa02,0.832,TRUE,TRUE,FALSE,TRUE,FALSE
CHI,2017,CB,PortTr99,0.8775,TRUE,TRUE,FALSE,TRUE,FALSE
CHI,2017,IOL,WhitCo03,0.998125,TRUE,TRUE,FALSE,TRUE,FALSE
CHI,2017,QB,CutlJa00,0.946,TRUE,TRUE,FALSE,TRUE,FALSE
CHI,2017,LB,TrevDa00,0.9077777777777778,TRUE,TRUE,FALSE,TRUE,FALSE
CHI,2017,DL,GoldEd00,0.49,FALSE,FALSE,FALSE,FALSE,TRUE
CHI,2017,S,AmosAd00,0.9273333333333333,TRUE,TRUE,FALSE,TRUE,FALSE
CHI,2018,RB,HowaJo00,0.588125,TRUE,TRUE,FALSE,TRUE,FALSE
CHI,2018,WR,WhitKe00,0.7,TRUE,FALSE,FALSE,FALSE,TRUE
CHI,2018,OT,LenoCh00,1,TRUE,TRUE,FALSE,TRUE,FALSE
CHI,2018,EDGE,FloyLe00,0.889,TRUE,TRUE,FALSE,TRUE,FALSE
CHI,2018,TE,SimsDi00,0.67,TRUE,TRUE,FALSE,TRUE,FALSE
CHI,2018,CB,FullKy00,0.96,TRUE,TRUE,TRUE,FALSE,TRUE
CHI,2018,IOL,WhitCo03,0.9775,TRUE,TRUE,FALSE,TRUE,FALSE
CHI,2018,QB,GlenMi00,1,TRUE,FALSE,FALSE,FALSE,TRUE
CHI,2018,LB,TrevDa00,0.9125,TRUE,TRUE,FALSE,TRUE,FALSE
CHI,2018,DL,GoldEd00,0.6066666666666667,TRUE,TRUE,FALSE,TRUE,FALSE
CHI,2018,S,JackEd01,0.9975,TRUE,TRUE,FALSE,TRUE,FALSE
CHI,2019,RB,HowaJo00,0.580625,TRUE,TRUE,FALSE,TRUE,FALSE
CHI,2019,WR,RobiAl02,0.8607692307692307,TRUE,TRUE,FALSE,TRUE,FALSE
CHI,2019,OT,MassBo00,0.994375,TRUE,TRUE,TRUE,FALSE,TRUE
CHI,2019,EDGE,FloyLe00,0.759375,TRUE,TRUE,FALSE,TRUE,FALSE
CHI,2019,TE,ShahAd00,0.3883333333333333,FALSE,FALSE,FALSE,FALSE,TRUE
CHI,2019,CB,FullKy00,0.965,TRUE,TRUE,FALSE,TRUE,FALSE
CHI,2019,IOL,WhitCo03,1,TRUE,TRUE,FALSE,TRUE,FALSE
CHI,2019,QB,TrubMi00,0.9935714285714285,TRUE,TRUE,FALSE,TRUE,FALSE
CHI,2019,LB,TrevDa00,0.9375,TRUE,TRUE,FALSE,TRUE,FALSE
CHI,2019,DL,GoldEd00,0.52875,FALSE,FALSE,FALSE,FALSE,TRUE
CHI,2019,S,AmosAd00,0.97875,TRUE,TRUE,TRUE,FALSE,TRUE
CHI,2020,RB,MontDa01,0.578125,TRUE,TRUE,FALSE,TRUE,FALSE
CHI,2020,WR,RobiAl02,0.93875,TRUE,TRUE,FALSE,TRUE,FALSE
CHI,2020,OT,LenoCh00,0.996875,TRUE,TRUE,FALSE,TRUE,FALSE
CHI,2020,EDGE,FloyLe00,0.8425,TRUE,TRUE,TRUE,FALSE,TRUE
CHI,2020,TE,ShahAd00,0.34375,FALSE,FALSE,FALSE,FALSE,TRUE
CHI,2020,CB,FullKy00,0.996875,TRUE,TRUE,FALSE,TRUE,FALSE
CHI,2020,IOL,DaniJa01,1,TRUE,TRUE,FALSE,TRUE,FALSE
CHI,2020,QB,TrubMi00,0.9333333333333333,TRUE,TRUE,FALSE,TRUE,FALSE
CHI,2020,LB,TrevDa00,0.8888888888888888,TRUE,TRUE,TRUE,FALSE,TRUE
CHI,2020,DL,NichBi00,0.5223076923076924,FALSE,FALSE,FALSE,FALSE,TRUE
CHI,2020,S,JackEd01,0.989375,TRUE,TRUE,FALSE,TRUE,FALSE
CHI,2021,RB,MontDa01,0.746,TRUE,TRUE,FALSE,TRUE,FALSE
CHI,2021,WR,RobiAl02,0.85125,TRUE,TRUE,TRUE,FALSE,TRUE
CHI,2021,OT,LenoCh00,0.995625,TRUE,TRUE,TRUE,FALSE,TRUE
CHI,2021,EDGE,HickAk00,0.8013333333333333,TRUE,TRUE,TRUE,FALSE,TRUE
CHI,2021,TE,GrahJi00,0.595,TRUE,TRUE,FALSE,TRUE,FALSE
CHI,2021,CB,FullKy00,0.989375,TRUE,TRUE,FALSE,TRUE,FALSE
CHI,2021,IOL,IfedGe00,0.995625,TRUE,TRUE,TRUE,FALSE,TRUE
CHI,2021,QB,TrubMi00,0.838,TRUE,TRUE,TRUE,FALSE,TRUE
CHI,2021,LB,SmitRo07,0.93125,TRUE,TRUE,FALSE,TRUE,FALSE
CHI,2021,DL,NichBi00,0.575625,TRUE,TRUE,FALSE,TRUE,FALSE
CHI,2021,S,JackEd01,0.9875,TRUE,TRUE,FALSE,TRUE,FALSE
CHI,2022,RB,MontDa01,0.7515384615384615,TRUE,TRUE,FALSE,TRUE,FALSE
CHI,2022,WR,MoonDa00,0.8788235294117647,TRUE,TRUE,FALSE,TRUE,FALSE
CHI,2022,OT,NA,NA,NA,NA,NA,FALSE,TRUE
CHI,2022,EDGE,QuinRo00,0.766875,TRUE,TRUE,FALSE,TRUE,FALSE
CHI,2022,TE,KmetCo00,0.8364705882352941,TRUE,TRUE,FALSE,TRUE,FALSE
CHI,2022,CB,JohnJa13,0.994,TRUE,TRUE,FALSE,TRUE,FALSE
CHI,2022,IOL,DaniJa01,1,TRUE,TRUE,TRUE,FALSE,TRUE
CHI,2022,QB,FoleNi00,1,TRUE,TRUE,FALSE,TRUE,FALSE
CHI,2022,LB,SmitRo07,0.9464705882352941,TRUE,TRUE,TRUE,FALSE,TRUE
CHI,2022,DL,NichBi00,0.64,TRUE,TRUE,TRUE,FALSE,TRUE
CHI,2022,S,JackEd01,0.9314285714285714,TRUE,TRUE,FALSE,TRUE,FALSE
PIT,2014,RB,BellLe00,0.7753846153846154,TRUE,TRUE,FALSE,TRUE,FALSE
PIT,2014,WR,BrowAn04,0.908125,TRUE,TRUE,FALSE,TRUE,FALSE
PIT,2014,OT,GilbMa00,0.899375,TRUE,TRUE,FALSE,TRUE,FALSE
PIT,2014,EDGE,WoodLa99,0.8081818181818182,TRUE,TRUE,FALSE,TRUE,FALSE
PIT,2014,TE,MillHe00,0.9585714285714285,TRUE,TRUE,TRUE,FALSE,TRUE
PIT,2014,CB,TaylIk20,0.978125,TRUE,TRUE,FALSE,TRUE,FALSE
PIT,2014,IOL,DeCaDa00,0.974,TRUE,TRUE,FALSE,TRUE,FALSE
PIT,2014,QB,RoetBe00,1,TRUE,TRUE,TRUE,FALSE,TRUE
PIT,2014,LB,TimmLa99,1,TRUE,TRUE,FALSE,TRUE,FALSE
PIT,2014,DL,WoodAl99,0.2,FALSE,FALSE,TRUE,FALSE,TRUE
PIT,2014,S,NA,NA,NA,NA,NA,FALSE,TRUE
PIT,2015,RB,BellLe00,0.83375,TRUE,TRUE,FALSE,TRUE,FALSE
PIT,2015,WR,BrowAn04,0.9525,TRUE,TRUE,FALSE,TRUE,FALSE
PIT,2015,OT,BeacKe00,1,TRUE,TRUE,FALSE,TRUE,FALSE
PIT,2015,EDGE,WoriJa99,0.9875,TRUE,TRUE,TRUE,FALSE,TRUE
PIT,2015,TE,MillHe00,0.973125,TRUE,TRUE,FALSE,TRUE,FALSE
PIT,2015,CB,MitcMi99,0.966875,TRUE,TRUE,TRUE,FALSE,TRUE
PIT,2015,IOL,DeCaDa00,1,TRUE,TRUE,FALSE,TRUE,FALSE
PIT,2015,QB,NA,NA,NA,NA,NA,FALSE,TRUE
PIT,2015,LB,TimmLa99,0.9875,TRUE,TRUE,FALSE,TRUE,FALSE
PIT,2015,DL,ThomCa99,0.44625,FALSE,FALSE,FALSE,FALSE,TRUE
PIT,2015,S,NA,NA,NA,NA,NA,FALSE,TRUE
PIT,2016,RB,BellLe00,0.8283333333333334,TRUE,TRUE,FALSE,TRUE,FALSE
PIT,2016,WR,BrowAn04,0.955,TRUE,TRUE,FALSE,TRUE,FALSE
PIT,2016,OT,GilbMa00,0.995,TRUE,TRUE,FALSE,TRUE,FALSE
PIT,2016,EDGE,TuitSt00,0.8907142857142857,TRUE,TRUE,TRUE,FALSE,TRUE
PIT,2016,TE,MillHe00,0.9286666666666666,TRUE,TRUE,TRUE,FALSE,TRUE
PIT,2016,CB,GayxWi99,0.956875,TRUE,TRUE,TRUE,FALSE,TRUE
PIT,2016,IOL,DeCaDa00,1,TRUE,TRUE,FALSE,TRUE,FALSE
PIT,2016,QB,RoetBe00,0.9425,TRUE,TRUE,FALSE,TRUE,FALSE
PIT,2016,LB,ShazRy00,0.7966666666666666,TRUE,TRUE,FALSE,TRUE,FALSE
PIT,2016,DL,ThomCa99,0.171875,FALSE,FALSE,TRUE,FALSE,TRUE
PIT,2016,S,NA,NA,NA,NA,NA,FALSE,TRUE
PIT,2017,RB,BellLe00,0.9608333333333333,TRUE,TRUE,TRUE,FALSE,TRUE
PIT,2017,WR,BrowAn04,0.962,TRUE,TRUE,TRUE,FALSE,TRUE
PIT,2017,OT,GilbMa00,0.9584615384615385,TRUE,TRUE,FALSE,TRUE,FALSE
PIT,2017,EDGE,TuitSt00,0.8514285714285714,TRUE,TRUE,TRUE,FALSE,TRUE
PIT,2017,TE,JameJe00,0.796875,TRUE,TRUE,FALSE,TRUE,FALSE
PIT,2017,CB,CockRo00,0.979375,TRUE,TRUE,TRUE,FALSE,TRUE
PIT,2017,IOL,DeCaDa00,0.999375,TRUE,TRUE,FALSE,TRUE,FALSE
PIT,2017,QB,RoetBe00,0.9785714285714285,TRUE,TRUE,FALSE,TRUE,FALSE
PIT,2017,LB,ShazRy00,0.9084615384615384,TRUE,TRUE,FALSE,TRUE,FALSE
PIT,2017,DL,HargJa00,0.49666666666666665,FALSE,FALSE,FALSE,FALSE,TRUE
PIT,2017,S,NA,NA,NA,NA,NA,FALSE,TRUE
PIT,2018,RB,BellLe00,0.8973333333333333,TRUE,TRUE,TRUE,FALSE,TRUE
PIT,2018,WR,BrowAn04,0.8957142857142857,TRUE,TRUE,FALSE,TRUE,FALSE
PIT,2018,OT,GilbMa00,0.87,TRUE,TRUE,FALSE,TRUE,FALSE
PIT,2018,EDGE,DuprAl00,0.8666666666666667,TRUE,TRUE,FALSE,TRUE,FALSE
PIT,2018,TE,JameJe00,0.813125,TRUE,TRUE,FALSE,TRUE,FALSE
PIT,2018,CB,BurnAr00,0.991875,TRUE,TRUE,FALSE,TRUE,FALSE
PIT,2018,IOL,DeCaDa00,1,TRUE,TRUE,FALSE,TRUE,FALSE
PIT,2018,QB,RoetBe00,0.9886666666666667,TRUE,TRUE,FALSE,TRUE,FALSE
PIT,2018,LB,ShazRy00,0.9125,TRUE,TRUE,FALSE,TRUE,FALSE
PIT,2018,DL,HargJa00,0.463125,FALSE,FALSE,FALSE,FALSE,TRUE
PIT,2018,S,NA,NA,NA,NA,NA,FALSE,TRUE
PIT,2019,RB,ConnJa00,0.7730769230769231,TRUE,TRUE,FALSE,TRUE,FALSE
PIT,2019,WR,BrowAn04,0.9506666666666667,TRUE,TRUE,FALSE,TRUE,FALSE
PIT,2019,OT,GilbMa00,1,TRUE,TRUE,TRUE,FALSE,TRUE
PIT,2019,EDGE,WattT.00,0.8625,TRUE,TRUE,FALSE,TRUE,FALSE
PIT,2019,TE,McDoVa00,0.548,TRUE,TRUE,FALSE,TRUE,FALSE
PIT,2019,CB,DaviSe00,0.9813333333333334,TRUE,TRUE,TRUE,FALSE,TRUE
PIT,2019,IOL,DeCaDa00,0.9885714285714285,TRUE,TRUE,FALSE,TRUE,FALSE
PIT,2019,QB,RoetBe00,0.96875,TRUE,TRUE,TRUE,FALSE,TRUE
PIT,2019,LB,WillVi01,0.7992857142857143,TRUE,TRUE,FALSE,TRUE,FALSE
PIT,2019,DL,HargJa00,0.445625,FALSE,FALSE,FALSE,FALSE,TRUE
PIT,2019,S,EdmuTe00,0.9225,TRUE,TRUE,FALSE,TRUE,FALSE
PIT,2020,RB,ConnJa00,0.534,TRUE,TRUE,FALSE,TRUE,FALSE
PIT,2020,WR,SmitJu00,0.7741666666666667,TRUE,TRUE,FALSE,TRUE,FALSE
PIT,2020,OT,OkorCh00,1,TRUE,TRUE,FALSE,TRUE,FALSE
PIT,2020,EDGE,NA,NA,NA,NA,NA,FALSE,TRUE
PIT,2020,TE,McDoVa00,0.7692857142857142,TRUE,TRUE,FALSE,TRUE,FALSE
PIT,2020,CB,NelsSt01,0.992,TRUE,TRUE,FALSE,TRUE,FALSE
PIT,2020,IOL,DeCaDa00,1,TRUE,TRUE,FALSE,TRUE,FALSE
PIT,2020,QB,RudoMa00,0.806,TRUE,FALSE,FALSE,FALSE,TRUE
PIT,2020,LB,BushDe01,0.820625,TRUE,TRUE,FALSE,TRUE,FALSE
PIT,2020,DL,HargJa00,0.6325,TRUE,TRUE,TRUE,FALSE,TRUE
PIT,2020,S,NA,NA,NA,NA,NA,FALSE,TRUE
PIT,2021,RB,ConnJa00,0.6184615384615385,TRUE,TRUE,TRUE,FALSE,TRUE
PIT,2021,WR,SmitJu00,0.843125,TRUE,TRUE,TRUE,FALSE,TRUE
PIT,2021,OT,OkorCh00,0.93625,TRUE,TRUE,FALSE,TRUE,FALSE
PIT,2021,EDGE,WattT.00,0.8826666666666667,TRUE,TRUE,TRUE,FALSE,TRUE
PIT,2021,TE,EbroEr00,0.7373333333333334,TRUE,TRUE,FALSE,TRUE,FALSE
PIT,2021,CB,NelsSt01,0.948,TRUE,TRUE,FALSE,TRUE,FALSE
PIT,2021,IOL,PounMa20,0.97,TRUE,TRUE,TRUE,FALSE,TRUE
PIT,2021,QB,RoetBe00,0.978,TRUE,TRUE,TRUE,FALSE,TRUE
PIT,2021,LB,BushDe01,0.894,TRUE,TRUE,FALSE,TRUE,FALSE
PIT,2021,DL,AluaTy99,0.48333333333333334,FALSE,FALSE,TRUE,FALSE,TRUE
PIT,2021,S,EdmuTe00,0.8953333333333333,TRUE,TRUE,FALSE,TRUE,FALSE
PIT,2022,RB,HarrNa00,0.8382352941176471,TRUE,TRUE,FALSE,TRUE,FALSE
PIT,2022,WR,JohnDi01,0.9075,TRUE,TRUE,FALSE,TRUE,FALSE
PIT,2022,OT,OkorCh00,0.974375,TRUE,TRUE,TRUE,FALSE,TRUE
PIT,2022,EDGE,SchoJo00,0.845,TRUE,TRUE,TRUE,FALSE,TRUE
PIT,2022,TE,FreiPa00,0.61625,TRUE,TRUE,FALSE,TRUE,FALSE
PIT,2022,CB,SuttCa00,0.985625,TRUE,TRUE,FALSE,TRUE,FALSE
PIT,2022,IOL,MoorDa05,0.985625,TRUE,TRUE,TRUE,FALSE,TRUE
PIT,2022,QB,RoetBe00,0.99125,TRUE,TRUE,TRUE,FALSE,TRUE
PIT,2022,LB,BushDe01,0.7914285714285714,TRUE,TRUE,FALSE,TRUE,FALSE
PIT,2022,DL,AdamMo00,0.48,FALSE,FALSE,TRUE,FALSE,TRUE
PIT,2022,S,EdmuTe00,0.9788235294117648,TRUE,TRUE,TRUE,FALSE,TRUE
DAL,2014,RB,MurrDe00,0.7664285714285715,TRUE,TRUE,FALSE,TRUE,FALSE
DAL,2014,WR,BryaDe01,0.93625,TRUE,TRUE,FALSE,TRUE,FALSE
DAL,2014,OT,FreeDo20,1,TRUE,TRUE,FALSE,TRUE,FALSE
DAL,2014,EDGE,HatcJa20,0.706,TRUE,TRUE,TRUE,FALSE,TRUE
DAL,2014,TE,WittJa00,0.985,TRUE,TRUE,FALSE,TRUE,FALSE
DAL,2014,CB,CarrBr99,0.978125,TRUE,TRUE,FALSE,TRUE,FALSE
DAL,2014,IOL,FredTr00,1,TRUE,TRUE,FALSE,TRUE,FALSE
DAL,2014,QB,OrtoKy00,0.4033333333333333,FALSE,FALSE,FALSE,FALSE,TRUE
DAL,2014,LB,LeexSe99,0.8718181818181818,TRUE,TRUE,FALSE,TRUE,FALSE
DAL,2014,DL,NA,NA,NA,NA,NA,FALSE,TRUE
DAL,2014,S,NA,NA,NA,NA,NA,FALSE,TRUE
DAL,2015,RB,MurrDe00,0.74,TRUE,TRUE,TRUE,FALSE,TRUE
DAL,2015,WR,BryaDe01,0.84875,TRUE,TRUE,TRUE,FALSE,TRUE
DAL,2015,OT,SmitTy00,1,TRUE,TRUE,FALSE,TRUE,FALSE
DAL,2015,EDGE,MincJe99,0.691875,TRUE,TRUE,FALSE,TRUE,FALSE
DAL,2015,TE,WittJa00,0.98875,TRUE,TRUE,FALSE,TRUE,FALSE
DAL,2015,CB,CarrBr99,0.975,TRUE,TRUE,FALSE,TRUE,FALSE
DAL,2015,IOL,FredTr00,1,TRUE,TRUE,FALSE,TRUE,FALSE
DAL,2015,QB,WeedBr00,0.29,FALSE,FALSE,FALSE,FALSE,TRUE
DAL,2015,LB,DuraJu99,0.9133333333333333,TRUE,TRUE,TRUE,FALSE,TRUE
DAL,2015,DL,NA,NA,NA,NA,NA,FALSE,TRUE
DAL,2015,S,NA,NA,NA,NA,NA,FALSE,TRUE
DAL,2016,RB,McFaDa00,0.6056250000000001,TRUE,TRUE,FALSE,TRUE,FALSE
DAL,2016,WR,BryaDe01,0.8044444444444444,TRUE,TRUE,FALSE,TRUE,FALSE
DAL,2016,OT,FreeDo20,1,TRUE,TRUE,FALSE,TRUE,FALSE
DAL,2016,EDGE,HardGr99,0.7591666666666667,TRUE,TRUE,TRUE,FALSE,TRUE
DAL,2016,TE,WittJa00,0.991875,TRUE,TRUE,TRUE,FALSE,TRUE
DAL,2016,CB,CarrBr99,0.9975,TRUE,TRUE,FALSE,TRUE,FALSE
DAL,2016,IOL,FredTr00,1,TRUE,TRUE,FALSE,TRUE,FALSE
DAL,2016,QB,CassMa00,0.84125,TRUE,TRUE,TRUE,FALSE,TRUE
DAL,2016,LB,LeexSe99,0.8964285714285715,TRUE,TRUE,FALSE,TRUE,FALSE
DAL,2016,DL,NA,NA,NA,NA,NA,FALSE,TRUE
DAL,2016,S,NA,NA,NA,NA,NA,FALSE,TRUE
DAL,2017,RB,ElliEz00,0.7146666666666667,TRUE,TRUE,FALSE,TRUE,FALSE
DAL,2017,WR,BryaDe01,0.7853846153846153,TRUE,TRUE,FALSE,TRUE,FALSE
DAL,2017,OT,FreeDo20,0.99625,TRUE,TRUE,FALSE,TRUE,FALSE
DAL,2017,EDGE,CrawTy00,0.6885714285714286,TRUE,TRUE,TRUE,FALSE,TRUE
DAL,2017,TE,NA,NA,NA,NA,NA,FALSE,TRUE
DAL,2017,CB,CarrBr99,0.965625,TRUE,TRUE,TRUE,FALSE,TRUE
DAL,2017,IOL,FredTr00,1,TRUE,TRUE,FALSE,TRUE,FALSE
DAL,2017,QB,PresDa01,0.949375,TRUE,TRUE,FALSE,TRUE,FALSE
DAL,2017,LB,LeexSe99,0.9966666666666667,TRUE,TRUE,FALSE,TRUE,FALSE
DAL,2017,DL,CollMa00,0.62375,TRUE,TRUE,FALSE,TRUE,FALSE
DAL,2017,S,FrazKa00,0.05333333333333333,FALSE,FALSE,FALSE,FALSE,TRUE
DAL,2018,RB,ElliEz00,0.858,TRUE,TRUE,FALSE,TRUE,FALSE
DAL,2018,WR,BryaDe01,0.839375,TRUE,TRUE,FALSE,TRUE,FALSE
DAL,2018,OT,SmitTy00,0.8784615384615385,TRUE,TRUE,FALSE,TRUE,FALSE
DAL,2018,EDGE,LawrDe00,0.6693749999999999,TRUE,TRUE,TRUE,FALSE,TRUE
DAL,2018,TE,WittJa00,0.985,TRUE,TRUE,FALSE,TRUE,FALSE
DAL,2018,CB,JoneBy00,0.8724999999999999,TRUE,TRUE,FALSE,TRUE,FALSE
DAL,2018,IOL,FredTr00,1,TRUE,TRUE,FALSE,TRUE,FALSE
DAL,2018,QB,PresDa01,0.986875,TRUE,TRUE,FALSE,TRUE,FALSE
DAL,2018,LB,LeexSe99,0.8618181818181818,TRUE,TRUE,FALSE,TRUE,FALSE
DAL,2018,DL,CollMa00,0.6525,TRUE,TRUE,FALSE,TRUE,FALSE
DAL,2018,S,WoodXa00,0.521875,FALSE,FALSE,FALSE,FALSE,TRUE
DAL,2019,RB,ElliEz00,0.8933333333333333,TRUE,TRUE,FALSE,TRUE,FALSE
DAL,2019,WR,CoopAm00,0.8077777777777778,TRUE,TRUE,TRUE,FALSE,TRUE
DAL,2019,OT,SmitTy00,0.99,TRUE,TRUE,FALSE,TRUE,FALSE
DAL,2019,EDGE,SmitJa05,0.95625,TRUE,TRUE,TRUE,FALSE,TRUE
DAL,2019,TE,SwaiGe00,0.8855555555555555,TRUE,FALSE,TRUE,FALSE,TRUE
DAL,2019,CB,JoneBy00,0.99625,TRUE,TRUE,TRUE,FALSE,TRUE
DAL,2019,IOL,LoonJo01,1,TRUE,TRUE,TRUE,FALSE,TRUE
DAL,2019,QB,PresDa01,0.995,TRUE,TRUE,FALSE,TRUE,FALSE
DAL,2019,LB,LeexSe99,0.4685714285714286,FALSE,FALSE,TRUE,FALSE,TRUE
DAL,2019,DL,CollMa00,0.6053846153846154,TRUE,TRUE,FALSE,TRUE,FALSE
DAL,2019,S,WoodXa00,0.9935714285714285,TRUE,TRUE,FALSE,TRUE,FALSE
DAL,2020,RB,ElliEz00,0.836875,TRUE,TRUE,FALSE,TRUE,FALSE
DAL,2020,WR,GallMi00,0.8514285714285714,TRUE,TRUE,FALSE,TRUE,FALSE
DAL,2020,OT,SmitTy00,0.9861538461538462,TRUE,TRUE,FALSE,TRUE,FALSE
DAL,2020,EDGE,SmitJa05,0.921875,TRUE,TRUE,TRUE,FALSE,TRUE
DAL,2020,TE,WittJa00,0.753125,TRUE,TRUE,TRUE,FALSE,TRUE
DAL,2020,CB,AwuzCh00,0.95,TRUE,TRUE,FALSE,TRUE,FALSE
DAL,2020,IOL,FredTr00,0.995625,TRUE,TRUE,FALSE,TRUE,FALSE
DAL,2020,QB,PresDa01,0.995,TRUE,TRUE,TRUE,FALSE,TRUE
DAL,2020,LB,SmitMa02,0.6100000000000001,FALSE,FALSE,TRUE,FALSE,TRUE
DAL,2020,DL,CollMa00,0.7106250000000001,TRUE,TRUE,TRUE,FALSE,TRUE
DAL,2020,S,WoodXa00,0.9733333333333333,TRUE,TRUE,FALSE,TRUE,FALSE
DAL,2021,RB,ElliEz00,0.7213333333333334,TRUE,TRUE,FALSE,TRUE,FALSE
DAL,2021,WR,GallMi00,0.8724999999999999,TRUE,TRUE,FALSE,TRUE,FALSE
DAL,2021,OT,SmitTy00,1,TRUE,TRUE,FALSE,TRUE,FALSE
DAL,2021,EDGE,SmitJa05,0.978125,TRUE,TRUE,TRUE,FALSE,TRUE
DAL,2021,TE,SchuDa00,0.85375,TRUE,TRUE,FALSE,TRUE,FALSE
DAL,2021,CB,DiggTr00,0.9008333333333334,TRUE,TRUE,FALSE,TRUE,FALSE
DAL,2021,IOL,LoonJo01,0.8369230769230769,TRUE,TRUE,TRUE,FALSE,TRUE
DAL,2021,QB,GilbGa01,1,TRUE,FALSE,FALSE,FALSE,TRUE
DAL,2021,LB,LeexSe99,0.30444444444444446,FALSE,FALSE,TRUE,FALSE,TRUE
DAL,2021,DL,HillTr00,0.5700000000000001,TRUE,FALSE,FALSE,FALSE,TRUE
DAL,2021,S,WoodXa00,0.964,TRUE,TRUE,TRUE,FALSE,TRUE
DAL,2022,RB,ElliEz00,0.6576470588235294,TRUE,TRUE,FALSE,TRUE,FALSE
DAL,2022,WR,LambCe00,0.7675,TRUE,TRUE,FALSE,TRUE,FALSE
DAL,2022,OT,SmitTy00,0.91,TRUE,TRUE,TRUE,FALSE,TRUE
DAL,2022,EDGE,LawrDe00,0.5685714285714286,FALSE,FALSE,FALSE,FALSE,TRUE
DAL,2022,TE,SchuDa00,0.8105882352941176,TRUE,TRUE,TRUE,FALSE,TRUE
DAL,2022,CB,BrowAn02,0.97125,TRUE,TRUE,FALSE,TRUE,FALSE
DAL,2022,IOL,BiadTy00,0.9794117647058823,TRUE,TRUE,FALSE,TRUE,FALSE
DAL,2022,QB,PresDa01,0.96375,TRUE,TRUE,FALSE,TRUE,FALSE
DAL,2022,LB,ParsMi00,0.7875,TRUE,TRUE,TRUE,FALSE,TRUE
DAL,2022,DL,OdigOs00,0.57,TRUE,TRUE,FALSE,TRUE,FALSE
DAL,2022,S,KearJa00,0.93625,TRUE,TRUE,TRUE,FALSE,TRUE
BAL,2014,RB,RiceRa00,0.6573333333333333,TRUE,TRUE,FALSE,TRUE,FALSE
BAL,2014,WR,SmitTo02,0.9675,TRUE,TRUE,FALSE,TRUE,FALSE
BAL,2014,OT,NA,NA,NA,NA,NA,FALSE,TRUE
BAL,2014,EDGE,DumeEl20,0.5573333333333333,FALSE,FALSE,FALSE,FALSE,TRUE
BAL,2014,TE,DickEd00,0.553125,TRUE,TRUE,TRUE,FALSE,TRUE
BAL,2014,CB,SmitJi03,0.968125,TRUE,TRUE,FALSE,TRUE,FALSE
BAL,2014,IOL,GradGi00,1,TRUE,FALSE,FALSE,FALSE,TRUE
BAL,2014,QB,FlacJo00,0.993125,TRUE,TRUE,FALSE,TRUE,FALSE
BAL,2014,LB,SmitDa24,0.99625,TRUE,TRUE,TRUE,FALSE,TRUE
BAL,2014,DL,NA,NA,NA,NA,NA,FALSE,TRUE
BAL,2014,S,NA,NA,NA,NA,NA,FALSE,TRUE
BAL,2015,RB,ForsJu00,0.660625,TRUE,TRUE,TRUE,FALSE,TRUE
BAL,2015,WR,SmitSt01,0.766875,TRUE,TRUE,FALSE,TRUE,FALSE
BAL,2015,OT,OsemKe00,0.9935714285714285,TRUE,TRUE,TRUE,FALSE,TRUE
BAL,2015,EDGE,DumeEl20,0.565625,FALSE,FALSE,FALSE,FALSE,TRUE
BAL,2015,TE,DaniOw00,0.82,TRUE,TRUE,TRUE,FALSE,TRUE
BAL,2015,CB,WebbLa99,0.8669230769230769,TRUE,TRUE,FALSE,TRUE,FALSE
BAL,2015,IOL,ZuttJe20,0.993125,TRUE,TRUE,FALSE,TRUE,FALSE
BAL,2015,QB,FlacJo00,0.994375,TRUE,TRUE,FALSE,TRUE,FALSE
BAL,2015,LB,MoslC.00,0.985625,TRUE,TRUE,FALSE,TRUE,FALSE
BAL,2015,DL,NA,NA,NA,NA,NA,FALSE,TRUE
BAL,2015,S,NA,NA,NA,NA,NA,FALSE,TRUE
BAL,2016,RB,ForsJu00,0.671,TRUE,TRUE,FALSE,TRUE,FALSE
BAL,2016,WR,SmitSt01,0.6942857142857143,TRUE,TRUE,FALSE,TRUE,FALSE
BAL,2016,OT,YandMa20,0.998125,TRUE,TRUE,TRUE,FALSE,TRUE
BAL,2016,EDGE,DumeEl20,0.756875,TRUE,TRUE,FALSE,TRUE,FALSE
BAL,2016,TE,GillCr00,0.745,TRUE,FALSE,FALSE,FALSE,TRUE
BAL,2016,CB,SmitJi03,0.93375,TRUE,TRUE,FALSE,TRUE,FALSE
BAL,2016,IOL,ZuttJe20,0.9555555555555556,TRUE,TRUE,FALSE,TRUE,FALSE
BAL,2016,QB,ClauJi00,1,TRUE,FALSE,TRUE,FALSE,TRUE
BAL,2016,LB,MoslC.00,0.990625,TRUE,TRUE,FALSE,TRUE,FALSE
BAL,2016,DL,WillBr02,0.686875,TRUE,TRUE,FALSE,TRUE,FALSE
BAL,2016,S,NA,NA,NA,NA,NA,FALSE,TRUE
BAL,2017,RB,ForsJu00,0.5633333333333334,TRUE,TRUE,TRUE,FALSE,TRUE
BAL,2017,WR,WallMi00,0.773125,TRUE,TRUE,FALSE,TRUE,FALSE
BAL,2017,OT,StanRo00,1,TRUE,TRUE,FALSE,TRUE,FALSE
BAL,2017,EDGE,SmitZa00,0.6015384615384616,FALSE,FALSE,FALSE,FALSE,TRUE
BAL,2017,TE,PittDe00,0.713125,TRUE,TRUE,FALSE,TRUE,FALSE
BAL,2017,CB,WeddEr99,0.98375,TRUE,TRUE,TRUE,FALSE,TRUE
BAL,2017,IOL,ZuttJe20,0.979375,TRUE,TRUE,TRUE,FALSE,TRUE
BAL,2017,QB,FlacJo00,0.980625,TRUE,TRUE,FALSE,TRUE,FALSE
BAL,2017,LB,MoslC.00,0.9592857142857143,TRUE,TRUE,FALSE,TRUE,FALSE
BAL,2017,DL,WillBr02,0.60875,TRUE,TRUE,TRUE,FALSE,TRUE
BAL,2017,S,NA,NA,NA,NA,NA,FALSE,TRUE
BAL,2018,RB,AlleJa01,0.4275,TRUE,TRUE,TRUE,FALSE,TRUE
BAL,2018,WR,WallMi00,0.696,TRUE,TRUE,TRUE,FALSE,TRUE
BAL,2018,OT,JensRy00,1,TRUE,TRUE,TRUE,FALSE,TRUE
BAL,2018,EDGE,JudoMa00,0.719375,TRUE,TRUE,FALSE,TRUE,FALSE
BAL,2018,TE,BoylNi00,0.69,TRUE,TRUE,FALSE,TRUE,FALSE
BAL,2018,CB,WeddEr99,0.99125,TRUE,TRUE,TRUE,FALSE,TRUE
BAL,2018,IOL,ElueJe00,0.36624999999999996,FALSE,FALSE,FALSE,FALSE,TRUE
BAL,2018,QB,FlacJo00,0.940625,TRUE,TRUE,FALSE,TRUE,FALSE
BAL,2018,LB,MoslC.00,0.984375,TRUE,TRUE,FALSE,TRUE,FALSE
BAL,2018,DL,HenrWi00,0.6242857142857143,TRUE,FALSE,FALSE,FALSE,TRUE
BAL,2018,S,NA,NA,NA,NA,NA,FALSE,TRUE
BAL,2019,RB,CollAl00,0.419,FALSE,FALSE,TRUE,FALSE,TRUE
BAL,2019,WR,CrabMi00,0.675625,TRUE,TRUE,FALSE,TRUE,FALSE
BAL,2019,OT,YandMa20,0.98,TRUE,TRUE,TRUE,FALSE,TRUE
BAL,2019,EDGE,SmitZa00,0.66,TRUE,TRUE,TRUE,FALSE,TRUE
BAL,2019,TE,BoylNi00,0.546875,TRUE,TRUE,TRUE,FALSE,TRUE
BAL,2019,CB,WeddEr99,0.98125,TRUE,TRUE,TRUE,FALSE,TRUE
BAL,2019,IOL,GrasHr00,0.3933333333333333,FALSE,FALSE,TRUE,FALSE,TRUE
BAL,2019,QB,FlacJo00,0.9544444444444444,TRUE,TRUE,TRUE,FALSE,TRUE
BAL,2019,LB,MoslC.00,0.916,TRUE,TRUE,TRUE,FALSE,TRUE
BAL,2019,DL,UrbaBr00,0.503125,FALSE,FALSE,TRUE,FALSE,TRUE
BAL,2019,S,NA,NA,NA,NA,NA,FALSE,TRUE
BAL,2020,RB,IngrMa01,0.48533333333333334,TRUE,TRUE,FALSE,TRUE,FALSE
BAL,2020,WR,BrowMa04,0.5785714285714285,FALSE,FALSE,FALSE,FALSE,TRUE
BAL,2020,OT,BrowOr00,1,TRUE,TRUE,FALSE,TRUE,FALSE
BAL,2020,EDGE,JudoMa00,0.80625,TRUE,TRUE,TRUE,FALSE,TRUE
BAL,2020,TE,BoylNi00,0.704375,TRUE,TRUE,FALSE,TRUE,FALSE
BAL,2020,CB,HumpMa00,0.98,TRUE,TRUE,FALSE,TRUE,FALSE
BAL,2020,IOL,BozeBr00,1,TRUE,TRUE,FALSE,TRUE,FALSE
BAL,2020,QB,JackLa00,0.9313333333333333,TRUE,TRUE,FALSE,TRUE,FALSE
BAL,2020,LB,YounKe03,0.326,FALSE,FALSE,FALSE,FALSE,TRUE
BAL,2020,DL,WillBr02,0.6078571428571429,TRUE,TRUE,FALSE,TRUE,FALSE
BAL,2020,S,ElliDe02,0.11,FALSE,FALSE,FALSE,FALSE,TRUE
BAL,2021,RB,DobbJK00,0.464,TRUE,TRUE,FALSE,TRUE,FALSE
BAL,2021,WR,BrowMa04,0.78125,TRUE,TRUE,FALSE,TRUE,FALSE
BAL,2021,OT,BrowOr00,1,TRUE,TRUE,FALSE,TRUE,FALSE
BAL,2021,EDGE,JudoMa00,0.6064285714285714,FALSE,FALSE,TRUE,FALSE,TRUE
BAL,2021,TE,AndrMa00,0.655,TRUE,TRUE,FALSE,TRUE,FALSE
BAL,2021,CB,ClarCh00,0.995625,TRUE,TRUE,TRUE,FALSE,TRUE
BAL,2021,IOL,BozeBr00,0.98875,TRUE,TRUE,FALSE,TRUE,FALSE
BAL,2021,QB,JackLa00,0.942,TRUE,TRUE,FALSE,TRUE,FALSE
BAL,2021,LB,QueePa00,0.8075,TRUE,TRUE,FALSE,TRUE,FALSE
BAL,2021,DL,WolfDe00,0.6671428571428571,TRUE,TRUE,TRUE,FALSE,TRUE
BAL,2021,S,ElliDe02,0.978125,TRUE,TRUE,FALSE,TRUE,FALSE
BAL,2022,RB,FreeDe00,0.44375,TRUE,TRUE,TRUE,FALSE,TRUE
BAL,2022,WR,BrowMa04,0.795,TRUE,TRUE,FALSE,TRUE,FALSE
BAL,2022,OT,StanRo00,1,TRUE,TRUE,FALSE,TRUE,FALSE
BAL,2022,EDGE,BowsTy00,0.7711764705882352,TRUE,TRUE,FALSE,TRUE,FALSE
BAL,2022,TE,AndrMa00,0.7558823529411764,TRUE,TRUE,FALSE,TRUE,FALSE
BAL,2022,CB,ClarCh00,0.99875,TRUE,TRUE,TRUE,FALSE,TRUE
BAL,2022,IOL,ZeitKe00,0.9847058823529412,TRUE,TRUE,FALSE,TRUE,FALSE
BAL,2022,QB,JohnJo05,1,TRUE,FALSE,TRUE,FALSE,TRUE
BAL,2022,LB,QueePa00,0.7558823529411764,TRUE,TRUE,FALSE,TRUE,FALSE
BAL,2022,DL,WillBr02,0.5307692307692308,FALSE,FALSE,TRUE,FALSE,TRUE
BAL,2022,S,ElliDe02,0.7966666666666666,TRUE,TRUE,TRUE,FALSE,TRUE
NYJ,2014,RB,PoweBi00,0.595625,TRUE,TRUE,FALSE,TRUE,FALSE
NYJ,2014,WR,HillSt00,0.7483333333333333,TRUE,FALSE,FALSE,FALSE,TRUE
NYJ,2014,OT,FergDB20,1,TRUE,TRUE,FALSE,TRUE,FALSE
NYJ,2014,EDGE,CoplQu00,0.8342857142857143,TRUE,TRUE,FALSE,TRUE,FALSE
NYJ,2014,TE,WinsKe01,0.41833333333333333,FALSE,FALSE,TRUE,FALSE,TRUE
NYJ,2014,CB,LandDa21,0.981875,TRUE,TRUE,TRUE,FALSE,TRUE
NYJ,2014,IOL,MangNi20,0.998125,TRUE,TRUE,FALSE,TRUE,FALSE
NYJ,2014,QB,SmitGe00,0.929375,TRUE,TRUE,FALSE,TRUE,FALSE
NYJ,2014,LB,HarrDa99,0.99875,TRUE,TRUE,FALSE,TRUE,FALSE
NYJ,2014,DL,WilkMu00,0.945,TRUE,TRUE,FALSE,TRUE,FALSE
NYJ,2014,S,NA,NA,NA,NA,NA,FALSE,TRUE
NYJ,2015,RB,JohnCh04,0.36812500000000004,FALSE,FALSE,FALSE,FALSE,TRUE
NYJ,2015,WR,DeckEr00,0.7913333333333333,TRUE,TRUE,FALSE,TRUE,FALSE
NYJ,2015,OT,FergDB20,1,TRUE,TRUE,FALSE,TRUE,FALSE
NYJ,2015,EDGE,PaceCa20,0.8075,TRUE,TRUE,FALSE,TRUE,FALSE
NYJ,2015,TE,AmarJa00,0.39,FALSE,FALSE,FALSE,FALSE,TRUE
NYJ,2015,CB,LandDa21,0.92625,TRUE,TRUE,TRUE,FALSE,TRUE
NYJ,2015,IOL,ColoWi20,0.99125,TRUE,TRUE,TRUE,FALSE,TRUE
NYJ,2015,QB,SmitGe00,0.85,TRUE,TRUE,FALSE,TRUE,FALSE
NYJ,2015,LB,HarrDa99,0.995,TRUE,TRUE,TRUE,FALSE,TRUE
NYJ,2015,DL,WilkMu00,0.8661538461538462,TRUE,TRUE,FALSE,TRUE,FALSE
NYJ,2015,S,NA,NA,NA,NA,NA,FALSE,TRUE
NYJ,2016,RB,PoweBi00,0.46636363636363637,TRUE,TRUE,TRUE,FALSE,TRUE
NYJ,2016,WR,MarsBr00,0.953125,TRUE,TRUE,FALSE,TRUE,FALSE
NYJ,2016,OT,FergDB20,1,TRUE,TRUE,TRUE,FALSE,TRUE
NYJ,2016,EDGE,WillLe02,0.768125,TRUE,TRUE,TRUE,FALSE,TRUE
NYJ,2016,TE,NA,NA,NA,NA,NA,FALSE,TRUE
NYJ,2016,CB,GilcMa00,0.995625,TRUE,TRUE,TRUE,FALSE,TRUE
NYJ,2016,IOL,MangNi20,0.898,TRUE,TRUE,FALSE,TRUE,FALSE
NYJ,2016,QB,FitzRy00,0.944375,TRUE,TRUE,TRUE,FALSE,TRUE
NYJ,2016,LB,HarrDa99,0.918125,TRUE,TRUE,FALSE,TRUE,FALSE
NYJ,2016,DL,WilkMu00,0.895,TRUE,TRUE,TRUE,FALSE,TRUE
NYJ,2016,S,NA,NA,NA,NA,NA,FALSE,TRUE
NYJ,2017,RB,FortMa00,0.5342857142857143,TRUE,TRUE,FALSE,TRUE,FALSE
NYJ,2017,WR,DeckEr00,0.9866666666666667,TRUE,TRUE,FALSE,TRUE,FALSE
NYJ,2017,OT,CarpJa00,0.95875,TRUE,TRUE,TRUE,FALSE,TRUE
NYJ,2017,EDGE,WillLe02,0.86375,TRUE,TRUE,TRUE,FALSE,TRUE
NYJ,2017,TE,DaviKe01,0.47250000000000003,FALSE,FALSE,TRUE,FALSE,TRUE
NYJ,2017,CB,GilcMa00,0.9576923076923077,TRUE,TRUE,TRUE,FALSE,TRUE
NYJ,2017,IOL,WintBr00,0.936923076923077,TRUE,TRUE,TRUE,FALSE,TRUE
NYJ,2017,QB,FitzRy00,0.8514285714285714,TRUE,TRUE,TRUE,FALSE,TRUE
NYJ,2017,LB,HarrDa99,0.946,TRUE,TRUE,FALSE,TRUE,FALSE
NYJ,2017,DL,WilkMu00,0.864,TRUE,TRUE,FALSE,TRUE,FALSE
NYJ,2017,S,NA,NA,NA,NA,NA,FALSE,TRUE
NYJ,2018,RB,FortMa00,0.46499999999999997,TRUE,TRUE,FALSE,TRUE,FALSE
NYJ,2018,WR,KerlJe00,0.55875,FALSE,FALSE,FALSE,FALSE,TRUE
NYJ,2018,OT,CarpJa00,1,TRUE,TRUE,TRUE,FALSE,TRUE
NYJ,2018,EDGE,LeexDa00,0.96,TRUE,TRUE,TRUE,FALSE,TRUE
NYJ,2018,TE,SefeAu00,0.7592307692307693,TRUE,TRUE,TRUE,FALSE,TRUE
NYJ,2018,CB,SkriBu00,0.9606666666666667,TRUE,TRUE,FALSE,TRUE,FALSE
NYJ,2018,IOL,JohnWe00,0.9626666666666667,TRUE,FALSE,TRUE,FALSE,TRUE
NYJ,2018,QB,McCoJo01,0.9676923076923077,TRUE,TRUE,TRUE,FALSE,TRUE
NYJ,2018,LB,DaviDe00,1,TRUE,TRUE,TRUE,FALSE,TRUE
NYJ,2018,DL,WilkMu00,0.7830769230769231,TRUE,TRUE,FALSE,TRUE,FALSE
NYJ,2018,S,AdamJa00,0.98625,TRUE,TRUE,FALSE,TRUE,FALSE
NYJ,2019,RB,McGuEl00,0.64375,TRUE,FALSE,FALSE,FALSE,TRUE
NYJ,2019,WR,EnunQu00,0.7772727272727272,TRUE,TRUE,FALSE,TRUE,FALSE
NYJ,2019,OT,BeacKe00,1,TRUE,TRUE,FALSE,TRUE,FALSE
NYJ,2019,EDGE,LeexDa00,0.9691666666666666,TRUE,TRUE,TRUE,FALSE,TRUE
NYJ,2019,TE,HernCh00,0.62875,TRUE,FALSE,TRUE,FALSE,TRUE
NYJ,2019,CB,ClaiMo00,0.9553333333333334,TRUE,TRUE,TRUE,FALSE,TRUE
NYJ,2019,IOL,WintBr00,1,TRUE,TRUE,FALSE,TRUE,FALSE
NYJ,2019,QB,DarnSa00,0.9953846153846154,TRUE,TRUE,FALSE,TRUE,FALSE
NYJ,2019,LB,WillAv00,0.994375,TRUE,TRUE,FALSE,TRUE,FALSE
NYJ,2019,DL,ShepNa00,0.306875,FALSE,FALSE,FALSE,FALSE,TRUE
NYJ,2019,S,AdamJa00,0.99875,TRUE,TRUE,FALSE,TRUE,FALSE
NYJ,2020,RB,BellLe00,0.8313333333333334,TRUE,TRUE,FALSE,TRUE,FALSE
NYJ,2020,WR,EnunQu00,0.92,TRUE,TRUE,FALSE,TRUE,FALSE
NYJ,2020,OT,OsemKe00,1,TRUE,TRUE,TRUE,FALSE,TRUE
NYJ,2020,EDGE,WillLe02,0.7357142857142858,TRUE,TRUE,TRUE,FALSE,TRUE
NYJ,2020,TE,GrifRy00,0.806923076923077,TRUE,TRUE,FALSE,TRUE,FALSE
NYJ,2020,CB,AustBl00,0.8514285714285714,TRUE,FALSE,FALSE,FALSE,TRUE
NYJ,2020,IOL,WintBr00,0.9544444444444444,TRUE,TRUE,FALSE,TRUE,FALSE
NYJ,2020,QB,DarnSa00,0.9953846153846154,TRUE,TRUE,FALSE,TRUE,FALSE
NYJ,2020,LB,CashBl00,0.8214285714285714,TRUE,TRUE,FALSE,TRUE,FALSE
NYJ,2020,DL,WillQu00,0.5692307692307692,TRUE,TRUE,FALSE,TRUE,FALSE
NYJ,2020,S,AdamJa00,0.99,TRUE,TRUE,FALSE,TRUE,FALSE
NYJ,2021,RB,BellLe00,0.62,TRUE,TRUE,TRUE,FALSE,TRUE
NYJ,2021,WR,PerrBr02,0.9083333333333333,TRUE,TRUE,TRUE,FALSE,TRUE
NYJ,2021,OT,LewiAl01,0.9666666666666667,TRUE,FALSE,TRUE,FALSE,TRUE
NYJ,2021,EDGE,BashTa00,0.639375,TRUE,FALSE,TRUE,FALSE,TRUE
NYJ,2021,TE,HernCh00,0.68125,TRUE,FALSE,TRUE,FALSE,TRUE
NYJ,2021,CB,HallBr02,0.93375,TRUE,FALSE,FALSE,FALSE,TRUE
NYJ,2021,IOL,ElflPa00,1,TRUE,TRUE,TRUE,FALSE,TRUE
NYJ,2021,QB,DarnSa00,0.9958333333333333,TRUE,TRUE,FALSE,TRUE,FALSE
NYJ,2021,LB,WillAv00,0.7642857142857142,TRUE,TRUE,TRUE,FALSE,TRUE
NYJ,2021,DL,WillQu00,0.6407692307692308,TRUE,TRUE,FALSE,TRUE,FALSE
NYJ,2021,S,MayeMa00,0.998125,TRUE,TRUE,TRUE,FALSE,TRUE
NYJ,2022,RB,CartMi03,0.4957142857142857,TRUE,TRUE,FALSE,TRUE,FALSE
NYJ,2022,WR,DaviCo03,0.7877777777777778,TRUE,TRUE,FALSE,TRUE,FALSE
NYJ,2022,OT,BectMe00,0.74,TRUE,TRUE,FALSE,TRUE,FALSE
NYJ,2022,EDGE,FranJo02,0.644375,TRUE,TRUE,FALSE,TRUE,FALSE
NYJ,2022,TE,KrofTy00,0.6488888888888888,TRUE,TRUE,TRUE,FALSE,TRUE
NYJ,2022,CB,HallBr02,0.9829411764705882,TRUE,FALSE,FALSE,FALSE,TRUE
NYJ,2022,IOL,VeraAl00,0.9975,TRUE,FALSE,FALSE,FALSE,TRUE
NYJ,2022,QB,WilsZa00,0.9446153846153846,TRUE,TRUE,FALSE,TRUE,FALSE
NYJ,2022,LB,MoslC.00,0.985,TRUE,TRUE,FALSE,TRUE,FALSE
NYJ,2022,DL,WillQu00,0.5893333333333334,TRUE,TRUE,FALSE,TRUE,FALSE
NYJ,2022,S,MayeMa00,0.9433333333333334,TRUE,TRUE,TRUE,FALSE,TRUE
MIA,2014,RB,MillLa01,0.6,TRUE,TRUE,FALSE,TRUE,FALSE
MIA,2014,WR,WallMi00,0.92875,TRUE,TRUE,FALSE,TRUE,FALSE
MIA,2014,OT,MartJo01,1,TRUE,FALSE,FALSE,FALSE,TRUE
MIA,2014,EDGE,OdriJa99,0.745625,TRUE,TRUE,FALSE,TRUE,FALSE
MIA,2014,TE,ClayCh00,0.831875,TRUE,TRUE,FALSE,TRUE,FALSE
MIA,2014,CB,JoneRe99,1,TRUE,TRUE,TRUE,FALSE,TRUE
MIA,2014,IOL,PounMi00,0.9985714285714286,TRUE,TRUE,FALSE,TRUE,FALSE
MIA,2014,QB,TannRy00,0.993125,TRUE,TRUE,FALSE,TRUE,FALSE
MIA,2014,LB,WheePh99,0.9037499999999999,TRUE,TRUE,FALSE,TRUE,FALSE
MIA,2014,DL,StarRa20,0.638125,TRUE,TRUE,TRUE,FALSE,TRUE
MIA,2014,S,NA,NA,NA,NA,NA,FALSE,TRUE
MIA,2015,RB,MillLa01,0.5875,TRUE,TRUE,FALSE,TRUE,FALSE
MIA,2015,WR,WallMi00,0.750625,TRUE,TRUE,FALSE,TRUE,FALSE
MIA,2015,OT,JameJa01,0.944375,TRUE,TRUE,FALSE,TRUE,FALSE
MIA,2015,EDGE,OdriJa99,0.760625,TRUE,TRUE,TRUE,FALSE,TRUE
MIA,2015,TE,ClayCh00,0.7635714285714286,TRUE,TRUE,TRUE,FALSE,TRUE
MIA,2015,CB,JoneRe99,0.9708333333333333,TRUE,TRUE,TRUE,FALSE,TRUE
MIA,2015,IOL,SateSa20,0.980625,TRUE,TRUE,TRUE,FALSE,TRUE
MIA,2015,QB,TannRy00,0.974375,TRUE,TRUE,FALSE,TRUE,FALSE
MIA,2015,LB,JenkJe00,0.908,TRUE,TRUE,FALSE,TRUE,FALSE
MIA,2015,DL,StarRa20,0.5426666666666666,TRUE,TRUE,FALSE,TRUE,FALSE
MIA,2015,S,NA,NA,NA,NA,NA,FALSE,TRUE
MIA,2016,RB,MillLa01,0.613125,TRUE,TRUE,TRUE,FALSE,TRUE
MIA,2016,WR,LandJa00,0.84375,TRUE,TRUE,FALSE,TRUE,FALSE
MIA,2016,OT,ThomDa04,0.99875,TRUE,FALSE,TRUE,FALSE,TRUE
MIA,2016,EDGE,FedeTe00,0.19333333333333336,FALSE,FALSE,FALSE,FALSE,TRUE
MIA,2016,TE,CameJo00,0.725,TRUE,TRUE,FALSE,TRUE,FALSE
MIA,2016,CB,JoneRe99,0.97125,TRUE,TRUE,TRUE,FALSE,TRUE
MIA,2016,IOL,PounMi00,0.8964285714285715,TRUE,TRUE,FALSE,TRUE,FALSE
MIA,2016,QB,TannRy00,0.993125,TRUE,TRUE,FALSE,TRUE,FALSE
MIA,2016,LB,VernOl00,0.81875,TRUE,TRUE,TRUE,FALSE,TRUE
MIA,2016,DL,SuhxNd99,0.85625,TRUE,TRUE,FALSE,TRUE,FALSE
MIA,2016,S,NA,NA,NA,NA,NA,FALSE,TRUE
MIA,2017,RB,AjayJa00,0.6506666666666667,TRUE,TRUE,FALSE,TRUE,FALSE
MIA,2017,WR,LandJa00,0.93875,TRUE,TRUE,FALSE,TRUE,FALSE
MIA,2017,OT,ThomDa04,1,TRUE,FALSE,TRUE,FALSE,TRUE
MIA,2017,EDGE,JoneJa99,0.5057142857142857,FALSE,FALSE,TRUE,FALSE,TRUE
MIA,2017,TE,SimsDi00,0.8685714285714285,TRUE,TRUE,TRUE,FALSE,TRUE
MIA,2017,CB,JoneRe99,0.9666666666666667,TRUE,TRUE,TRUE,FALSE,TRUE
MIA,2017,IOL,PounMi00,1,TRUE,TRUE,FALSE,TRUE,FALSE
MIA,2017,QB,TannRy00,0.9823076923076923,TRUE,TRUE,FALSE,TRUE,FALSE
MIA,2017,LB,NA,NA,NA,NA,NA,FALSE,TRUE
MIA,2017,DL,SuhxNd99,0.85,TRUE,TRUE,FALSE,TRUE,FALSE
MIA,2017,S,NA,NA,NA,NA,NA,FALSE,TRUE
MIA,2018,RB,AjayJa00,0.7114285714285714,TRUE,TRUE,FALSE,TRUE,FALSE
MIA,2018,WR,StilKe00,0.906875,TRUE,TRUE,FALSE,TRUE,FALSE
MIA,2018,OT,TunsLa00,0.9706666666666667,TRUE,TRUE,FALSE,TRUE,FALSE
MIA,2018,EDGE,HarrCh03,0.476875,FALSE,FALSE,FALSE,FALSE,TRUE
MIA,2018,TE,ThomJu00,0.705,TRUE,TRUE,FALSE,TRUE,FALSE
MIA,2018,CB,McDoTJ00,0.97875,TRUE,TRUE,TRUE,FALSE,TRUE
MIA,2018,IOL,LarsTe20,0.9975,TRUE,TRUE,FALSE,TRUE,FALSE
MIA,2018,QB,CutlJa00,0.8478571428571429,TRUE,TRUE,TRUE,FALSE,TRUE
MIA,2018,LB,AlonKi00,0.965625,TRUE,TRUE,FALSE,TRUE,FALSE
MIA,2018,DL,SuhxNd99,0.8412499999999999,TRUE,TRUE,FALSE,TRUE,FALSE
MIA,2018,S,NA,NA,NA,NA,NA,FALSE,TRUE
MIA,2019,RB,DrakKe00,0.5925,TRUE,TRUE,FALSE,TRUE,FALSE
MIA,2019,WR,StilKe00,0.868,TRUE,TRUE,FALSE,TRUE,FALSE
MIA,2019,OT,SittJo20,1,TRUE,TRUE,TRUE,FALSE,TRUE
MIA,2019,EDGE,BakeJe00,0.62,TRUE,TRUE,TRUE,FALSE,TRUE
MIA,2019,TE,OLeaNi00,0.5241666666666667,FALSE,FALSE,TRUE,FALSE,TRUE
MIA,2019,CB,HowaXa00,0.9916666666666667,TRUE,TRUE,FALSE,TRUE,FALSE
MIA,2019,IOL,SwanTr00,0.9091666666666667,TRUE,TRUE,TRUE,FALSE,TRUE
MIA,2019,QB,TannRy00,0.9718181818181818,TRUE,TRUE,TRUE,FALSE,TRUE
MIA,2019,LB,AlonKi00,0.9806666666666667,TRUE,TRUE,FALSE,TRUE,FALSE
MIA,2019,DL,GodcDa00,0.618125,TRUE,TRUE,FALSE,TRUE,FALSE
MIA,2019,S,FitzMi00,0.859375,TRUE,TRUE,FALSE,TRUE,FALSE
MIA,2020,RB,NA,NA,NA,NA,NA,FALSE,TRUE
MIA,2020,WR,ParkDe01,0.843125,TRUE,TRUE,FALSE,TRUE,FALSE
MIA,2020,OT,DaveJu00,0.965,TRUE,FALSE,TRUE,FALSE,TRUE
MIA,2020,EDGE,BakeJe00,0.96625,TRUE,TRUE,TRUE,FALSE,TRUE
MIA,2020,TE,GesiMi00,0.649375,TRUE,TRUE,FALSE,TRUE,FALSE
MIA,2020,CB,NA,NA,NA,NA,NA,FALSE,TRUE
MIA,2020,IOL,KilgDa00,0.9984615384615385,TRUE,TRUE,FALSE,TRUE,FALSE
MIA,2020,QB,FitzRy00,0.8586666666666667,TRUE,TRUE,FALSE,TRUE,FALSE
MIA,2020,LB,BiegVi00,0.598,FALSE,FALSE,TRUE,FALSE,TRUE
MIA,2020,DL,GodcDa00,0.649375,TRUE,TRUE,FALSE,TRUE,FALSE
MIA,2020,S,FitzMi00,0.7949999999999999,TRUE,TRUE,FALSE,TRUE,FALSE
MIA,2021,RB,GaskMy00,0.697,TRUE,TRUE,FALSE,TRUE,FALSE
MIA,2021,WR,ParkDe01,0.7807142857142857,TRUE,TRUE,FALSE,TRUE,FALSE
MIA,2021,OT,JackAu00,0.9461538461538461,TRUE,TRUE,FALSE,TRUE,FALSE
MIA,2021,EDGE,BakeJe00,0.841875,TRUE,TRUE,TRUE,FALSE,TRUE
MIA,2021,TE,GesiMi00,0.6213333333333333,TRUE,TRUE,FALSE,TRUE,FALSE
MIA,2021,CB,HowaXa00,0.900625,TRUE,TRUE,FALSE,TRUE,FALSE
MIA,2021,IOL,KarrTe00,1,TRUE,TRUE,TRUE,FALSE,TRUE
MIA,2021,QB,TagoTu00,0.85,TRUE,TRUE,FALSE,TRUE,FALSE
MIA,2021,LB,NA,NA,NA,NA,NA,FALSE,TRUE
MIA,2021,DL,GodcDa00,0.5419999999999999,TRUE,TRUE,TRUE,FALSE,TRUE
MIA,2021,S,JoneBr06,0.3775,FALSE,FALSE,FALSE,FALSE,TRUE
MIA,2022,RB,GaskMy00,0.4935294117647059,TRUE,TRUE,FALSE,TRUE,FALSE
MIA,2022,WR,WaddJa00,0.834375,TRUE,TRUE,FALSE,TRUE,FALSE
MIA,2022,OT,JackAu00,0.9382352941176471,TRUE,TRUE,FALSE,TRUE,FALSE
MIA,2022,EDGE,BakeJe00,0.9193749999999999,TRUE,TRUE,TRUE,FALSE,TRUE
MIA,2022,TE,GesiMi00,0.7141176470588235,TRUE,TRUE,TRUE,FALSE,TRUE
MIA,2022,CB,HowaXa00,0.9662499999999999,TRUE,TRUE,FALSE,TRUE,FALSE
MIA,2022,IOL,DeitMi00,1,TRUE,TRUE,FALSE,TRUE,FALSE
MIA,2022,QB,TagoTu00,0.8776923076923077,TRUE,TRUE,FALSE,TRUE,FALSE
MIA,2022,LB,VanGAn00,0.7235294117647059,TRUE,TRUE,TRUE,FALSE,TRUE
MIA,2022,DL,PhilJa02,0.5341176470588236,FALSE,FALSE,TRUE,FALSE,TRUE
MIA,2022,S,HollJe02,0.84875,TRUE,TRUE,FALSE,TRUE,FALSE
NOR,2014,RB,SproDa00,0.33266666666666667,FALSE,FALSE,FALSE,FALSE,TRUE
NOR,2014,WR,ColsMa00,0.7086666666666667,TRUE,TRUE,FALSE,TRUE,FALSE
NOR,2014,OT,EvanJa21,0.9814285714285714,TRUE,TRUE,TRUE,FALSE,TRUE
NOR,2014,EDGE,JordCa00,0.9225,TRUE,TRUE,FALSE,TRUE,FALSE
NOR,2014,TE,GrahJi00,0.67125,TRUE,TRUE,TRUE,FALSE,TRUE
NOR,2014,CB,LewiKe96,0.915,TRUE,TRUE,FALSE,TRUE,FALSE
NOR,2014,IOL,GrubBe20,1,TRUE,TRUE,FALSE,TRUE,FALSE
NOR,2014,QB,BreeDr00,0.985625,TRUE,TRUE,FALSE,TRUE,FALSE
NOR,2014,LB,LoftCu99,0.9575,TRUE,TRUE,FALSE,TRUE,FALSE
NOR,2014,DL,JenkJo00,0.44875,FALSE,FALSE,FALSE,FALSE,TRUE
NOR,2014,S,NA,NA,NA,NA,NA,FALSE,TRUE
NOR,2015,RB,IngrMa01,0.5176923076923077,TRUE,TRUE,TRUE,FALSE,TRUE
NOR,2015,WR,ColsMa00,0.766875,TRUE,TRUE,FALSE,TRUE,FALSE
NOR,2015,OT,EvanJa21,1,TRUE,TRUE,TRUE,FALSE,TRUE
NOR,2015,EDGE,JordCa00,0.9325,TRUE,TRUE,TRUE,FALSE,TRUE
NOR,2015,TE,GrahJi00,0.688125,TRUE,TRUE,FALSE,TRUE,FALSE
NOR,2015,CB,ByrdJa99,0.9924999999999999,TRUE,TRUE,TRUE,FALSE,TRUE
NOR,2015,IOL,GrubBe20,0.994375,TRUE,TRUE,FALSE,TRUE,FALSE
NOR,2015,QB,BreeDr00,1,TRUE,TRUE,FALSE,TRUE,FALSE
NOR,2015,LB,LoftCu99,0.97375,TRUE,TRUE,FALSE,TRUE,FALSE
NOR,2015,DL,JenkJo00,0.48083333333333333,FALSE,FALSE,FALSE,FALSE,TRUE
NOR,2015,S,NA,NA,NA,NA,NA,FALSE,TRUE
NOR,2016,RB,IngrMa01,0.6275000000000001,TRUE,TRUE,FALSE,TRUE,FALSE
NOR,2016,WR,CookBr00,0.83125,TRUE,TRUE,FALSE,TRUE,FALSE
NOR,2016,OT,EvanJa21,0.9972727272727273,TRUE,TRUE,TRUE,FALSE,TRUE
NOR,2016,EDGE,JordCa00,0.925,TRUE,TRUE,FALSE,TRUE,FALSE
NOR,2016,TE,WatsBe00,0.854375,TRUE,TRUE,TRUE,FALSE,TRUE
NOR,2016,CB,ByrdJa99,0.9353846153846154,TRUE,TRUE,TRUE,FALSE,TRUE
NOR,2016,IOL,UngeMa20,0.999375,TRUE,TRUE,TRUE,FALSE,TRUE
NOR,2016,QB,BreeDr00,1,TRUE,TRUE,FALSE,TRUE,FALSE
NOR,2016,LB,AnthSt00,0.930625,TRUE,FALSE,FALSE,FALSE,TRUE
NOR,2016,DL,JenkJo00,0.5692857142857143,TRUE,TRUE,FALSE,TRUE,FALSE
NOR,2016,S,NA,NA,NA,NA,NA,FALSE,TRUE
NOR,2017,RB,IngrMa01,0.460625,TRUE,TRUE,FALSE,TRUE,FALSE
NOR,2017,WR,ThomMi05,0.792,TRUE,TRUE,FALSE,TRUE,FALSE
NOR,2017,OT,EvanJa21,0.986875,TRUE,TRUE,TRUE,FALSE,TRUE
NOR,2017,EDGE,JordCa00,0.9199999999999999,TRUE,TRUE,FALSE,TRUE,FALSE
NOR,2017,TE,FleeCo00,0.58125,TRUE,TRUE,FALSE,TRUE,FALSE
NOR,2017,CB,VaccKe00,0.9754545454545455,TRUE,TRUE,TRUE,FALSE,TRUE
NOR,2017,IOL,UngeMa20,1,TRUE,TRUE,FALSE,TRUE,FALSE
NOR,2017,QB,BreeDr00,1,TRUE,TRUE,TRUE,FALSE,TRUE
NOR,2017,LB,LaurJa99,0.6,FALSE,FALSE,FALSE,FALSE,TRUE
NOR,2017,DL,FairNi00,0.6875,TRUE,TRUE,TRUE,FALSE,TRUE
NOR,2017,S,BellVo00,0.86,TRUE,TRUE,FALSE,TRUE,FALSE
NOR,2018,RB,IngrMa01,0.550625,TRUE,TRUE,FALSE,TRUE,FALSE
NOR,2018,WR,ThomMi05,0.82125,TRUE,TRUE,FALSE,TRUE,FALSE
NOR,2018,OT,RamcRy00,1,TRUE,TRUE,FALSE,TRUE,FALSE
NOR,2018,EDGE,JordCa00,0.925,TRUE,TRUE,FALSE,TRUE,FALSE
NOR,2018,TE,HoomMi00,0.4542857142857143,FALSE,FALSE,FALSE,FALSE,TRUE
NOR,2018,CB,LattMa01,0.8715384615384615,TRUE,TRUE,FALSE,TRUE,FALSE
NOR,2018,IOL,UngeMa20,1,TRUE,TRUE,FALSE,TRUE,FALSE
NOR,2018,QB,NA,NA,NA,NA,NA,FALSE,TRUE
NOR,2018,LB,KleiAJ00,0.8566666666666667,TRUE,TRUE,FALSE,TRUE,FALSE
NOR,2018,DL,RankSh00,0.763125,TRUE,TRUE,FALSE,TRUE,FALSE
NOR,2018,S,WillMa06,0.9553333333333334,TRUE,TRUE,FALSE,TRUE,FALSE
NOR,2019,RB,KamaAl00,0.66,TRUE,TRUE,FALSE,TRUE,FALSE
NOR,2019,WR,ThomMi05,0.885,TRUE,TRUE,FALSE,TRUE,FALSE
NOR,2019,OT,RamcRy00,0.998,TRUE,TRUE,FALSE,TRUE,FALSE
NOR,2019,EDGE,JordCa00,0.848125,TRUE,TRUE,FALSE,TRUE,FALSE
NOR,2019,TE,WatsBe00,0.479375,FALSE,FALSE,TRUE,FALSE,TRUE
NOR,2019,CB,ApplEl00,0.94,TRUE,TRUE,FALSE,TRUE,FALSE
NOR,2019,IOL,WarfLa00,0.9826666666666667,TRUE,TRUE,FALSE,TRUE,FALSE
NOR,2019,QB,BreeDr00,0.9813333333333333,TRUE,TRUE,FALSE,TRUE,FALSE
NOR,2019,LB,DaviDe00,0.845625,TRUE,TRUE,FALSE,TRUE,FALSE
NOR,2019,DL,RankSh00,0.623125,TRUE,TRUE,FALSE,TRUE,FALSE
NOR,2019,S,BellVo00,0.726875,TRUE,TRUE,FALSE,TRUE,FALSE
NOR,2020,RB,KamaAl00,0.6907142857142857,TRUE,TRUE,FALSE,TRUE,FALSE
NOR,2020,WR,ThomMi05,0.8831249999999999,TRUE,TRUE,FALSE,TRUE,FALSE
NOR,2020,OT,RamcRy00,0.994375,TRUE,TRUE,FALSE,TRUE,FALSE
NOR,2020,EDGE,JordCa00,0.82625,TRUE,TRUE,FALSE,TRUE,FALSE
NOR,2020,TE,CookJa02,0.5564285714285714,TRUE,TRUE,FALSE,TRUE,FALSE
NOR,2020,CB,ApplEl00,0.9386666666666666,TRUE,TRUE,TRUE,FALSE,TRUE
NOR,2020,IOL,McCoEr01,0.995,TRUE,TRUE,FALSE,TRUE,FALSE
NOR,2020,QB,BreeDr00,0.8709090909090909,TRUE,TRUE,TRUE,FALSE,TRUE
NOR,2020,LB,DaviDe00,0.928125,TRUE,TRUE,FALSE,TRUE,FALSE
NOR,2020,DL,OnyeDa00,0.566,TRUE,TRUE,TRUE,FALSE,TRUE
NOR,2020,S,BellVo00,0.9984615384615385,TRUE,TRUE,TRUE,FALSE,TRUE
NOR,2021,RB,KamaAl00,0.65,TRUE,TRUE,FALSE,TRUE,FALSE
NOR,2021,WR,ThomMi05,0.7371428571428572,TRUE,TRUE,FALSE,TRUE,FALSE
NOR,2021,OT,RamcRy00,0.96625,TRUE,TRUE,TRUE,FALSE,TRUE
NOR,2021,EDGE,JordCa00,0.776875,TRUE,TRUE,FALSE,TRUE,FALSE
NOR,2021,TE,CookJa02,0.4633333333333333,FALSE,FALSE,TRUE,FALSE,TRUE
NOR,2021,CB,JenkMa99,0.986875,TRUE,TRUE,TRUE,FALSE,TRUE
NOR,2021,IOL,McCoEr01,0.996875,TRUE,TRUE,FALSE,TRUE,FALSE
NOR,2021,QB,BreeDr00,0.8875,TRUE,TRUE,FALSE,TRUE,FALSE
NOR,2021,LB,DaviDe00,0.9825,TRUE,TRUE,FALSE,TRUE,FALSE
NOR,2021,DL,OnyeDa00,0.604,TRUE,TRUE,FALSE,TRUE,FALSE
NOR,2021,S,WillMa06,0.9635714285714285,TRUE,TRUE,TRUE,FALSE,TRUE
NOR,2022,RB,KamaAl00,0.7569230769230769,TRUE,TRUE,FALSE,TRUE,FALSE
NOR,2022,WR,SmitTr03,0.6954545454545454,TRUE,TRUE,TRUE,FALSE,TRUE
NOR,2022,OT,RamcRy00,0.994,TRUE,TRUE,FALSE,TRUE,FALSE
NOR,2022,EDGE,JordCa00,0.786875,TRUE,TRUE,TRUE,FALSE,TRUE
NOR,2022,TE,TrauAd00,0.7546153846153846,TRUE,TRUE,FALSE,TRUE,FALSE
NOR,2022,CB,JenkMa99,0.988125,TRUE,TRUE,TRUE,FALSE,TRUE
NOR,2022,IOL,RuizCe00,1,TRUE,TRUE,FALSE,TRUE,FALSE
NOR,2022,QB,BookIa00,0.96,TRUE,FALSE,FALSE,FALSE,TRUE
NOR,2022,LB,DaviDe00,0.98375,TRUE,TRUE,FALSE,TRUE,FALSE
NOR,2022,DL,OnyeDa00,0.6072727272727273,TRUE,TRUE,FALSE,TRUE,FALSE
NOR,2022,S,WillMa06,0.979375,TRUE,TRUE,TRUE,FALSE,TRUE
GNB,2014,RB,LacyEd00,0.652,TRUE,TRUE,FALSE,TRUE,FALSE
GNB,2014,WR,NelsJo00,0.9662499999999999,TRUE,TRUE,TRUE,FALSE,TRUE
GNB,2014,OT,SittJo20,1,TRUE,TRUE,TRUE,FALSE,TRUE
GNB,2014,EDGE,NealMi99,0.70125,TRUE,TRUE,TRUE,FALSE,TRUE
GNB,2014,TE,FinlJe00,0.62,TRUE,TRUE,TRUE,FALSE,TRUE
GNB,2014,CB,BurnMo99,1,TRUE,TRUE,TRUE,FALSE,TRUE
GNB,2014,IOL,NewhMa20,0.2373333333333333,FALSE,FALSE,TRUE,FALSE,TRUE
GNB,2014,QB,FlynMa00,0.926,TRUE,FALSE,FALSE,FALSE,TRUE
GNB,2014,LB,HawkA.20,0.946875,TRUE,TRUE,FALSE,TRUE,FALSE
GNB,2014,DL,RajiBJ99,0.506875,FALSE,FALSE,TRUE,FALSE,TRUE
GNB,2014,S,NA,NA,NA,NA,NA,FALSE,TRUE
GNB,2015,RB,LacyEd00,0.65625,TRUE,TRUE,FALSE,TRUE,FALSE
GNB,2015,WR,NelsJo00,0.910625,TRUE,TRUE,FALSE,TRUE,FALSE
GNB,2015,OT,BakhDa00,0.955,TRUE,TRUE,FALSE,TRUE,FALSE
GNB,2015,EDGE,PeppJu99,0.7,TRUE,TRUE,FALSE,TRUE,FALSE
GNB,2015,TE,NA,NA,NA,NA,NA,FALSE,TRUE
GNB,2015,CB,BurnMo99,0.9253333333333333,TRUE,TRUE,TRUE,FALSE,TRUE
GNB,2015,IOL,LinsCo00,1,TRUE,TRUE,FALSE,TRUE,FALSE
GNB,2015,QB,RodgAa00,0.93375,TRUE,TRUE,FALSE,TRUE,FALSE
GNB,2015,LB,MattCl99,0.83125,TRUE,TRUE,TRUE,FALSE,TRUE
GNB,2015,DL,DaniMi00,0.5543750000000001,TRUE,TRUE,FALSE,TRUE,FALSE
GNB,2015,S,NA,NA,NA,NA,NA,FALSE,TRUE
GNB,2016,RB,StarJa00,0.453125,TRUE,TRUE,TRUE,FALSE,TRUE
GNB,2016,WR,CobbRa00,0.91625,TRUE,TRUE,FALSE,TRUE,FALSE
GNB,2016,OT,SittJo20,0.9925,TRUE,TRUE,TRUE,FALSE,TRUE
GNB,2016,EDGE,NealMi99,0.69875,TRUE,TRUE,TRUE,FALSE,TRUE
GNB,2016,TE,RodgRi00,0.708125,TRUE,TRUE,FALSE,TRUE,FALSE
GNB,2016,CB,ClinHa00,0.996875,TRUE,TRUE,TRUE,FALSE,TRUE
GNB,2016,IOL,LinsCo00,0.89,TRUE,TRUE,FALSE,TRUE,FALSE
GNB,2016,QB,RodgAa00,0.99125,TRUE,TRUE,FALSE,TRUE,FALSE
GNB,2016,LB,MattCl99,0.9718749999999999,TRUE,TRUE,TRUE,FALSE,TRUE
GNB,2016,DL,DaniMi00,0.669375,TRUE,TRUE,FALSE,TRUE,FALSE
GNB,2016,S,RandDa00,0.762,TRUE,TRUE,FALSE,TRUE,FALSE
GNB,2017,RB,LacyEd00,0.502,TRUE,TRUE,TRUE,FALSE,TRUE
GNB,2017,WR,NelsJo00,0.931875,TRUE,TRUE,FALSE,TRUE,FALSE
GNB,2017,OT,TretJC00,1,TRUE,TRUE,TRUE,FALSE,TRUE
GNB,2017,EDGE,PerrNi00,0.6842857142857143,TRUE,TRUE,TRUE,FALSE,TRUE
GNB,2017,TE,RodgRi00,0.550625,TRUE,TRUE,FALSE,TRUE,FALSE
GNB,2017,CB,ClinHa00,0.99875,TRUE,TRUE,TRUE,FALSE,TRUE
GNB,2017,IOL,LinsCo00,0.9977777777777778,TRUE,TRUE,FALSE,TRUE,FALSE
GNB,2017,QB,RodgAa00,0.978125,TRUE,TRUE,FALSE,TRUE,FALSE
GNB,2017,LB,MattCl99,0.6183333333333333,FALSE,FALSE,TRUE,FALSE,TRUE
GNB,2017,DL,DaniMi00,0.64,TRUE,TRUE,FALSE,TRUE,FALSE
GNB,2017,S,RandDa00,0.743,TRUE,TRUE,FALSE,TRUE,FALSE
GNB,2018,RB,WillJa06,0.42375,TRUE,TRUE,FALSE,TRUE,FALSE
GNB,2018,WR,AdamDa01,0.8528571428571429,TRUE,TRUE,FALSE,TRUE,FALSE
GNB,2018,OT,EvanJa21,1,TRUE,TRUE,TRUE,FALSE,TRUE
GNB,2018,EDGE,PerrNi00,0.6783333333333333,TRUE,TRUE,FALSE,TRUE,FALSE
GNB,2018,TE,BennMa00,0.8371428571428571,TRUE,TRUE,FALSE,TRUE,FALSE
GNB,2018,CB,ClinHa00,0.9925,TRUE,TRUE,TRUE,FALSE,TRUE
GNB,2018,IOL,LinsCo00,1,TRUE,TRUE,FALSE,TRUE,FALSE
GNB,2018,QB,HundBr00,0.8936363636363637,TRUE,FALSE,FALSE,FALSE,TRUE
GNB,2018,LB,MartBl01,0.926875,TRUE,TRUE,FALSE,TRUE,FALSE
GNB,2018,DL,ClarKe01,0.7013333333333334,TRUE,TRUE,FALSE,TRUE,FALSE
GNB,2018,S,RandDa00,0.7735714285714286,TRUE,TRUE,FALSE,TRUE,FALSE
GNB,2019,RB,JoneAa00,0.5016666666666667,TRUE,TRUE,FALSE,TRUE,FALSE
GNB,2019,WR,AdamDa01,0.9346666666666666,TRUE,TRUE,FALSE,TRUE,FALSE
GNB,2019,OT,BakhDa00,0.95125,TRUE,TRUE,FALSE,TRUE,FALSE
GNB,2019,EDGE,LowrDe00,0.6625,TRUE,TRUE,TRUE,FALSE,TRUE
GNB,2019,TE,GrahJi00,0.731875,TRUE,TRUE,FALSE,TRUE,FALSE
GNB,2019,CB,ClinHa00,1,TRUE,TRUE,TRUE,FALSE,TRUE
GNB,2019,IOL,LinsCo00,1,TRUE,TRUE,FALSE,TRUE,FALSE
GNB,2019,QB,RodgAa00,0.931875,TRUE,TRUE,FALSE,TRUE,FALSE
GNB,2019,LB,MartBl01,0.986875,TRUE,TRUE,FALSE,TRUE,FALSE
GNB,2019,DL,ClarKe01,0.8307692307692308,TRUE,TRUE,FALSE,TRUE,FALSE
GNB,2019,S,JoneJo06,0.5761538461538461,FALSE,FALSE,FALSE,FALSE,TRUE
GNB,2020,RB,JoneAa00,0.605625,TRUE,TRUE,FALSE,TRUE,FALSE
GNB,2020,WR,AdamDa01,0.8458333333333333,TRUE,TRUE,FALSE,TRUE,FALSE
GNB,2020,OT,TurnBi00,0.998125,TRUE,TRUE,FALSE,TRUE,FALSE
GNB,2020,EDGE,SmitZa00,0.83875,TRUE,TRUE,FALSE,TRUE,FALSE
GNB,2020,TE,GrahJi00,0.5725,TRUE,TRUE,FALSE,TRUE,FALSE
GNB,2020,CB,AlexJa00,0.9875,TRUE,TRUE,FALSE,TRUE,FALSE
GNB,2020,IOL,LinsCo00,0.89875,TRUE,TRUE,TRUE,FALSE,TRUE
GNB,2020,QB,RodgAa00,0.98125,TRUE,TRUE,FALSE,TRUE,FALSE
GNB,2020,LB,MartBl01,0.985625,TRUE,TRUE,TRUE,FALSE,TRUE
GNB,2020,DL,ClarKe01,0.84125,TRUE,TRUE,TRUE,FALSE,TRUE
GNB,2020,S,AmosAd00,0.99625,TRUE,TRUE,FALSE,TRUE,FALSE
GNB,2021,RB,JoneAa00,0.6028571428571429,TRUE,TRUE,TRUE,FALSE,TRUE
GNB,2021,WR,AdamDa01,0.8521428571428571,TRUE,TRUE,TRUE,FALSE,TRUE
GNB,2021,OT,TurnBi00,0.9957142857142857,TRUE,TRUE,FALSE,TRUE,FALSE
GNB,2021,EDGE,SmitZa00,0.8325,TRUE,TRUE,FALSE,TRUE,FALSE
GNB,2021,TE,LewiMa00,0.43266666666666664,FALSE,FALSE,TRUE,FALSE,TRUE
GNB,2021,CB,AlexJa00,0.9273333333333333,TRUE,TRUE,FALSE,TRUE,FALSE
GNB,2021,IOL,NA,NA,NA,NA,NA,FALSE,TRUE
GNB,2021,QB,RodgAa00,0.97875,TRUE,TRUE,FALSE,TRUE,FALSE
GNB,2021,LB,KirkCh00,0.7609090909090909,TRUE,TRUE,FALSE,TRUE,FALSE
GNB,2021,DL,ClarKe01,0.703076923076923,TRUE,TRUE,FALSE,TRUE,FALSE
GNB,2021,S,AmosAd00,0.98,TRUE,TRUE,FALSE,TRUE,FALSE
GNB,2022,RB,JoneAa00,0.5893333333333334,TRUE,TRUE,FALSE,TRUE,FALSE
GNB,2022,WR,NA,NA,NA,NA,NA,FALSE,TRUE
GNB,2022,OT,TurnBi00,0.95,TRUE,TRUE,FALSE,TRUE,FALSE
GNB,2022,EDGE,CampDe00,0.966875,TRUE,TRUE,TRUE,FALSE,TRUE
GNB,2022,TE,LewiMa00,0.42823529411764705,FALSE,FALSE,FALSE,FALSE,TRUE
GNB,2022,CB,StokEr00,0.92,TRUE,TRUE,FALSE,TRUE,FALSE
GNB,2022,IOL,NA,NA,NA,NA,NA,FALSE,TRUE
GNB,2022,QB,RodgAa00,0.93375,TRUE,TRUE,TRUE,FALSE,TRUE
GNB,2022,LB,GaryRa00,0.67375,FALSE,FALSE,TRUE,FALSE,TRUE
GNB,2022,DL,ClarKe01,0.771875,TRUE,TRUE,FALSE,TRUE,FALSE
GNB,2022,S,AmosAd00,0.9682352941176471,TRUE,TRUE,FALSE,TRUE,FALSE
KAN,2014,RB,CharJa00,0.8346666666666667,TRUE,TRUE,FALSE,TRUE,FALSE
KAN,2014,WR,BoweDw00,0.8306666666666667,TRUE,TRUE,FALSE,TRUE,FALSE
KAN,2014,OT,AlleJe01,0.8873333333333333,TRUE,TRUE,TRUE,FALSE,TRUE
KAN,2014,EDGE,HaliTa20,0.912,TRUE,TRUE,FALSE,TRUE,FALSE
KAN,2014,TE,FasaAn00,0.8444444444444444,TRUE,TRUE,FALSE,TRUE,FALSE
KAN,2014,CB,BerrEr99,0.976,TRUE,TRUE,TRUE,FALSE,TRUE
KAN,2014,IOL,HudsRo00,0.93625,TRUE,TRUE,FALSE,TRUE,FALSE
KAN,2014,QB,SmitAl03,0.9673333333333334,TRUE,TRUE,FALSE,TRUE,FALSE
KAN,2014,LB,JohnDe25,0.9753333333333334,TRUE,TRUE,FALSE,TRUE,FALSE
KAN,2014,DL,PoexDo00,0.9413333333333334,TRUE,TRUE,FALSE,TRUE,FALSE
KAN,2014,S,NA,NA,NA,NA,NA,FALSE,TRUE
KAN,2015,RB,CharJa00,0.7193333333333334,TRUE,TRUE,FALSE,TRUE,FALSE
KAN,2015,WR,BoweDw00,0.8333333333333334,TRUE,TRUE,FALSE,TRUE,FALSE
KAN,2015,OT,FishEr00,0.99875,TRUE,TRUE,FALSE,TRUE,FALSE
KAN,2015,EDGE,HaliTa20,0.910625,TRUE,TRUE,FALSE,TRUE,FALSE
KAN,2015,TE,FasaAn00,0.6946666666666667,TRUE,TRUE,TRUE,FALSE,TRUE
KAN,2015,CB,SmitSe99,0.98,TRUE,TRUE,FALSE,TRUE,FALSE
KAN,2015,IOL,HudsRo00,1,TRUE,TRUE,TRUE,FALSE,TRUE
KAN,2015,QB,SmitAl03,0.9926666666666667,TRUE,TRUE,FALSE,TRUE,FALSE
KAN,2015,LB,HousJu00,0.973125,TRUE,TRUE,TRUE,FALSE,TRUE
KAN,2015,DL,PoexDo00,0.72375,TRUE,TRUE,FALSE,TRUE,FALSE
KAN,2015,S,NA,NA,NA,NA,NA,FALSE,TRUE
KAN,2016,RB,CharJa00,0.772,TRUE,TRUE,FALSE,TRUE,FALSE
KAN,2016,WR,MaclJe00,0.882,TRUE,TRUE,FALSE,TRUE,FALSE
KAN,2016,OT,ReidJa00,1,TRUE,FALSE,FALSE,FALSE,TRUE
KAN,2016,EDGE,HaliTa20,0.8126666666666666,TRUE,TRUE,TRUE,FALSE,TRUE
KAN,2016,TE,KelcTr00,0.921875,TRUE,TRUE,FALSE,TRUE,FALSE
KAN,2016,CB,SmitSe99,0.9684615384615385,TRUE,TRUE,TRUE,FALSE,TRUE
KAN,2016,IOL,GrubBe20,1,TRUE,TRUE,FALSE,TRUE,FALSE
KAN,2016,QB,SmitAl03,0.986875,TRUE,TRUE,FALSE,TRUE,FALSE
KAN,2016,LB,NA,NA,NA,NA,NA,FALSE,TRUE
KAN,2016,DL,PoexDo00,0.7006666666666667,TRUE,TRUE,FALSE,TRUE,FALSE
KAN,2016,S,NA,NA,NA,NA,NA,FALSE,TRUE
KAN,2017,RB,WareSp00,0.6157142857142857,TRUE,TRUE,FALSE,TRUE,FALSE
KAN,2017,WR,MaclJe00,0.8041666666666667,TRUE,TRUE,FALSE,TRUE,FALSE
KAN,2017,OT,FishEr00,0.99875,TRUE,TRUE,FALSE,TRUE,FALSE
KAN,2017,EDGE,NA,NA,NA,NA,NA,FALSE,TRUE
KAN,2017,TE,KelcTr00,0.860625,TRUE,TRUE,FALSE,TRUE,FALSE
KAN,2017,CB,NelsSt01,0.9766666666666667,TRUE,TRUE,FALSE,TRUE,FALSE
KAN,2017,IOL,MorsMi00,0.995625,TRUE,TRUE,FALSE,TRUE,FALSE
KAN,2017,QB,SmitAl03,0.954,TRUE,TRUE,FALSE,TRUE,FALSE
KAN,2017,LB,JohnDe25,0.9138461538461539,TRUE,TRUE,FALSE,TRUE,FALSE
KAN,2017,DL,HowaJa00,0.65875,TRUE,TRUE,FALSE,TRUE,FALSE
KAN,2017,S,NA,NA,NA,NA,NA,FALSE,TRUE
KAN,2018,RB,HuntKa00,0.65375,TRUE,TRUE,FALSE,TRUE,FALSE
KAN,2018,WR,ConlCh00,0.886,TRUE,TRUE,FALSE,TRUE,FALSE
KAN,2018,OT,SchwMi00,1,TRUE,TRUE,FALSE,TRUE,FALSE
KAN,2018,EDGE,NA,NA,NA,NA,NA,FALSE,TRUE
KAN,2018,TE,KelcTr00,0.916,TRUE,TRUE,FALSE,TRUE,FALSE
KAN,2018,CB,PeteMa00,0.9928571428571429,TRUE,TRUE,FALSE,TRUE,FALSE
KAN,2018,IOL,EhinPa00,1,TRUE,FALSE,FALSE,FALSE,TRUE
KAN,2018,QB,SmitAl03,1,TRUE,TRUE,TRUE,FALSE,TRUE
KAN,2018,LB,HousJu00,0.918,TRUE,TRUE,TRUE,FALSE,TRUE
KAN,2018,DL,JoneCh09,0.61625,TRUE,TRUE,TRUE,FALSE,TRUE
KAN,2018,S,McQuLe01,0.71,FALSE,FALSE,FALSE,FALSE,TRUE
KAN,2019,RB,HuntKa00,0.7054545454545454,TRUE,TRUE,FALSE,TRUE,FALSE
KAN,2019,WR,HillTy00,0.86625,TRUE,TRUE,FALSE,TRUE,FALSE
KAN,2019,OT,SchwMi00,1,TRUE,TRUE,FALSE,TRUE,FALSE
KAN,2019,EDGE,NA,NA,NA,NA,NA,FALSE,TRUE
KAN,2019,TE,KelcTr00,0.948125,TRUE,TRUE,FALSE,TRUE,FALSE
KAN,2019,CB,NelsSt01,0.985625,TRUE,TRUE,TRUE,FALSE,TRUE
KAN,2019,IOL,DuveLa00,0.982,TRUE,TRUE,FALSE,TRUE,FALSE
KAN,2019,QB,MahoPa00,0.985,TRUE,TRUE,FALSE,TRUE,FALSE
KAN,2019,LB,FordDe00,0.8618750000000001,TRUE,TRUE,TRUE,FALSE,TRUE
KAN,2019,DL,JoneCh09,0.66,TRUE,TRUE,TRUE,FALSE,TRUE
KAN,2019,S,LucaJo00,0.226875,FALSE,FALSE,TRUE,FALSE,TRUE
KAN,2020,RB,WareSp00,0.38,FALSE,FALSE,TRUE,FALSE,TRUE
KAN,2020,WR,WatkSa00,0.78,TRUE,TRUE,FALSE,TRUE,FALSE
KAN,2020,OT,SchwMi00,0.988125,TRUE,TRUE,TRUE,FALSE,TRUE
KAN,2020,EDGE,ClarFr01,0.7414285714285714,TRUE,TRUE,FALSE,TRUE,FALSE
KAN,2020,TE,KelcTr00,0.92,TRUE,TRUE,FALSE,TRUE,FALSE
KAN,2020,CB,MathTy00,0.968125,TRUE,TRUE,TRUE,FALSE,TRUE
KAN,2020,IOL,ReitAu00,0.986875,TRUE,TRUE,TRUE,FALSE,TRUE
KAN,2020,QB,MahoPa00,0.9328571428571428,TRUE,TRUE,FALSE,TRUE,FALSE
KAN,2020,LB,HitcAn00,0.6926666666666667,TRUE,TRUE,FALSE,TRUE,FALSE
KAN,2020,DL,JoneCh09,0.7307692307692307,TRUE,TRUE,TRUE,FALSE,TRUE
KAN,2020,S,ThorJu00,0.905625,TRUE,TRUE,FALSE,TRUE,FALSE
KAN,2021,RB,EdwaCl00,0.5930769230769231,TRUE,TRUE,FALSE,TRUE,FALSE
KAN,2021,WR,HillTy00,0.8586666666666667,TRUE,TRUE,FALSE,TRUE,FALSE
KAN,2021,OT,NA,NA,NA,NA,NA,FALSE,TRUE
KAN,2021,EDGE,ClarFr01,0.7653333333333333,TRUE,TRUE,FALSE,TRUE,FALSE
KAN,2021,TE,KelcTr00,0.8553333333333334,TRUE,TRUE,FALSE,TRUE,FALSE
KAN,2021,CB,MathTy00,0.9773333333333334,TRUE,TRUE,TRUE,FALSE,TRUE
KAN,2021,IOL,NA,NA,NA,NA,NA,FALSE,TRUE
KAN,2021,QB,MahoPa00,0.9746666666666667,TRUE,TRUE,FALSE,TRUE,FALSE
KAN,2021,LB,HitcAn00,0.6421428571428571,FALSE,FALSE,FALSE,FALSE,TRUE
KAN,2021,DL,JoneCh09,0.696,TRUE,TRUE,FALSE,TRUE,FALSE
KAN,2021,S,ThorJu00,0.703125,FALSE,FALSE,FALSE,FALSE,TRUE
KAN,2022,RB,EdwaCl00,0.511,TRUE,TRUE,FALSE,TRUE,FALSE
KAN,2022,WR,HillTy00,0.7364705882352941,TRUE,TRUE,TRUE,FALSE,TRUE
KAN,2022,OT,BrowOr00,0.995,TRUE,TRUE,TRUE,FALSE,TRUE
KAN,2022,EDGE,ClarFr01,0.7207142857142858,TRUE,TRUE,FALSE,TRUE,FALSE
KAN,2022,TE,KelcTr00,0.82125,TRUE,TRUE,FALSE,TRUE,FALSE
KAN,2022,CB,MathTy00,0.94,TRUE,TRUE,TRUE,FALSE,TRUE
KAN,2022,IOL,SmitTr05,1,TRUE,TRUE,FALSE,TRUE,FALSE
KAN,2022,QB,MahoPa00,0.9741176470588235,TRUE,TRUE,FALSE,TRUE,FALSE
KAN,2022,LB,HitcAn00,0.5966666666666667,FALSE,FALSE,FALSE,FALSE,TRUE
KAN,2022,DL,JoneCh09,0.6807142857142857,TRUE,TRUE,FALSE,TRUE,FALSE
KAN,2022,S,SneeLJ00,0.9406666666666667,TRUE,TRUE,TRUE,FALSE,TRUE
CIN,2014,RB,BernGi00,0.538125,TRUE,TRUE,FALSE,TRUE,FALSE
CIN,2014,WR,GreeA.00,0.9299999999999999,TRUE,TRUE,FALSE,TRUE,FALSE
CIN,2014,OT,SmitAn23,0.971875,TRUE,TRUE,FALSE,TRUE,FALSE
CIN,2014,EDGE,JohnMi98,0.8993333333333333,TRUE,TRUE,TRUE,FALSE,TRUE
CIN,2014,TE,GresJe00,0.9157142857142857,TRUE,TRUE,FALSE,TRUE,FALSE
CIN,2014,CB,NelsRe99,0.974,TRUE,TRUE,TRUE,FALSE,TRUE
CIN,2014,IOL,ZeitKe00,0.9391666666666667,TRUE,TRUE,FALSE,TRUE,FALSE
CIN,2014,QB,DaltAn00,0.985,TRUE,TRUE,FALSE,TRUE,FALSE
CIN,2014,LB,MauaRe99,0.7007692307692308,TRUE,TRUE,FALSE,TRUE,FALSE
CIN,2014,DL,AtkiGe99,0.7333333333333334,TRUE,TRUE,FALSE,TRUE,FALSE
CIN,2014,S,NA,NA,NA,NA,NA,FALSE,TRUE
CIN,2015,RB,BernGi00,0.5923076923076923,TRUE,TRUE,FALSE,TRUE,FALSE
CIN,2015,WR,SanuMo00,0.9275,TRUE,TRUE,FALSE,TRUE,FALSE
CIN,2015,OT,NA,NA,NA,NA,NA,FALSE,TRUE
CIN,2015,EDGE,DunlCa99,0.838125,TRUE,TRUE,FALSE,TRUE,FALSE
CIN,2015,TE,GresJe00,0.886,TRUE,TRUE,TRUE,FALSE,TRUE
CIN,2015,CB,IlokGe00,0.99375,TRUE,TRUE,TRUE,FALSE,TRUE
CIN,2015,IOL,BoliCl00,1,TRUE,TRUE,TRUE,FALSE,TRUE
CIN,2015,QB,DaltAn00,0.968125,TRUE,TRUE,FALSE,TRUE,FALSE
CIN,2015,LB,MauaRe99,0.5433333333333333,FALSE,FALSE,TRUE,FALSE,TRUE
CIN,2015,DL,AtkiGe99,0.65875,TRUE,TRUE,FALSE,TRUE,FALSE
CIN,2015,S,NA,NA,NA,NA,NA,FALSE,TRUE
CIN,2016,RB,BernGi00,0.540625,TRUE,TRUE,FALSE,TRUE,FALSE
CIN,2016,WR,GreeA.00,0.875625,TRUE,TRUE,FALSE,TRUE,FALSE
CIN,2016,OT,WhitAn20,0.9662499999999999,TRUE,TRUE,TRUE,FALSE,TRUE
CIN,2016,EDGE,DunlCa99,0.81125,TRUE,TRUE,FALSE,TRUE,FALSE
CIN,2016,TE,EifeTy00,0.8561538461538462,TRUE,TRUE,FALSE,TRUE,FALSE
CIN,2016,CB,NelsRe99,0.96875,TRUE,TRUE,TRUE,FALSE,TRUE
CIN,2016,IOL,BodiRu00,1,TRUE,TRUE,FALSE,TRUE,FALSE
CIN,2016,QB,DaltAn00,0.92,TRUE,TRUE,FALSE,TRUE,FALSE
CIN,2016,LB,MauaRe99,0.6053333333333333,FALSE,FALSE,FALSE,FALSE,TRUE
CIN,2016,DL,AtkiGe99,0.724375,TRUE,TRUE,FALSE,TRUE,FALSE
CIN,2016,S,SmitDe05,0.012500000000000002,FALSE,FALSE,FALSE,FALSE,TRUE
CIN,2017,RB,BernGi00,0.5710000000000001,TRUE,TRUE,FALSE,TRUE,FALSE
CIN,2017,WR,LaFeBr00,0.93,TRUE,TRUE,TRUE,FALSE,TRUE
CIN,2017,OT,NA,NA,NA,NA,NA,FALSE,TRUE
CIN,2017,EDGE,DunlCa99,0.7675,TRUE,TRUE,FALSE,TRUE,FALSE
CIN,2017,TE,EifeTy00,0.7737499999999999,TRUE,TRUE,FALSE,TRUE,FALSE
CIN,2017,CB,JonePa20,0.974375,TRUE,TRUE,FALSE,TRUE,FALSE
CIN,2017,IOL,ZeitKe00,0.999375,TRUE,TRUE,TRUE,FALSE,TRUE
CIN,2017,QB,DaltAn00,0.998125,TRUE,TRUE,FALSE,TRUE,FALSE
CIN,2017,LB,DansKa20,0.714375,TRUE,TRUE,TRUE,FALSE,TRUE
CIN,2017,DL,AtkiGe99,0.7175,TRUE,TRUE,FALSE,TRUE,FALSE
CIN,2017,S,SmitDe05,0.13,FALSE,FALSE,FALSE,FALSE,TRUE
CIN,2018,RB,BernGi00,0.4875,TRUE,TRUE,FALSE,TRUE,FALSE
CIN,2018,WR,LaFeBr00,0.89375,TRUE,TRUE,FALSE,TRUE,FALSE
CIN,2018,OT,OgbuCe00,0.8342857142857143,TRUE,FALSE,FALSE,FALSE,TRUE
CIN,2018,EDGE,DunlCa99,0.764375,TRUE,TRUE,TRUE,FALSE,TRUE
CIN,2018,TE,KrofTy00,0.858125,TRUE,TRUE,FALSE,TRUE,FALSE
CIN,2018,CB,KirkDr00,0.8635714285714285,TRUE,TRUE,FALSE,TRUE,FALSE
CIN,2018,IOL,BodiRu00,1,TRUE,TRUE,TRUE,FALSE,TRUE
CIN,2018,QB,DaltAn00,0.969375,TRUE,TRUE,FALSE,TRUE,FALSE
CIN,2018,LB,VigiNi00,0.9436363636363636,TRUE,TRUE,FALSE,TRUE,FALSE
CIN,2018,DL,AtkiGe99,0.65875,TRUE,TRUE,TRUE,FALSE,TRUE
CIN,2018,S,FejeCl00,0.330625,FALSE,FALSE,FALSE,FALSE,TRUE
CIN,2019,RB,MixoJo00,0.6971428571428572,TRUE,TRUE,FALSE,TRUE,FALSE
CIN,2019,WR,BoydTy00,0.8671428571428571,TRUE,TRUE,FALSE,TRUE,FALSE
CIN,2019,OT,OgbuCe00,0.365,FALSE,FALSE,TRUE,FALSE,TRUE
CIN,2019,EDGE,DunlCa99,0.7475,TRUE,TRUE,FALSE,TRUE,FALSE
CIN,2019,TE,UzomC.00,0.850625,TRUE,TRUE,TRUE,FALSE,TRUE
CIN,2019,CB,JackWi02,0.943125,TRUE,TRUE,FALSE,TRUE,FALSE
CIN,2019,IOL,HartBo00,0.9975,TRUE,TRUE,TRUE,FALSE,TRUE
CIN,2019,QB,DaltAn00,0.9190909090909091,TRUE,TRUE,FALSE,TRUE,FALSE
CIN,2019,LB,VigiNi00,0.8954545454545455,TRUE,TRUE,FALSE,TRUE,FALSE
CIN,2019,DL,AtkiGe99,0.705625,TRUE,TRUE,FALSE,TRUE,FALSE
CIN,2019,S,BateJe00,0.9875,TRUE,TRUE,FALSE,TRUE,FALSE
CIN,2020,RB,MixoJo00,0.6,TRUE,TRUE,FALSE,TRUE,FALSE
CIN,2020,WR,BoydTy00,0.89375,TRUE,TRUE,FALSE,TRUE,FALSE
CIN,2020,OT,SmitAn23,0.6283333333333333,FALSE,FALSE,TRUE,FALSE,TRUE
CIN,2020,EDGE,HubbSa00,0.8366666666666667,TRUE,TRUE,FALSE,TRUE,FALSE
CIN,2020,TE,UzomC.00,0.58625,TRUE,TRUE,FALSE,TRUE,FALSE
CIN,2020,CB,WillSh02,0.94375,TRUE,TRUE,TRUE,FALSE,TRUE
CIN,2020,IOL,HartBo00,0.99,TRUE,TRUE,TRUE,FALSE,TRUE
CIN,2020,QB,DaltAn00,1,TRUE,TRUE,TRUE,FALSE,TRUE
CIN,2020,LB,VigiNi00,0.9225,TRUE,TRUE,TRUE,FALSE,TRUE
CIN,2020,DL,AtkiGe99,0.763125,TRUE,TRUE,FALSE,TRUE,FALSE
CIN,2020,S,BateJe00,0.988125,TRUE,TRUE,FALSE,TRUE,FALSE
CIN,2021,RB,MixoJo00,0.655,TRUE,TRUE,FALSE,TRUE,FALSE
CIN,2021,WR,GreeA.00,0.769375,TRUE,TRUE,TRUE,FALSE,TRUE
CIN,2021,OT,NA,NA,NA,NA,NA,FALSE,TRUE
CIN,2021,EDGE,HubbSa00,0.7569230769230769,TRUE,TRUE,FALSE,TRUE,FALSE
CIN,2021,TE,SampDr00,0.809375,TRUE,TRUE,FALSE,TRUE,FALSE
CIN,2021,CB,NA,NA,NA,NA,NA,FALSE,TRUE
CIN,2021,IOL,HartBo00,0.9307142857142857,TRUE,TRUE,TRUE,FALSE,TRUE
CIN,2021,QB,BurrJo01,0.973,TRUE,TRUE,FALSE,TRUE,FALSE
CIN,2021,LB,PratGe00,0.653125,FALSE,FALSE,FALSE,FALSE,TRUE
CIN,2021,DL,ReadD.00,0.736,TRUE,TRUE,FALSE,TRUE,FALSE
CIN,2021,S,BellVo00,1,TRUE,TRUE,FALSE,TRUE,FALSE
CIN,2022,RB,MixoJo00,0.66875,TRUE,TRUE,FALSE,TRUE,FALSE
CIN,2022,WR,ChasJa00,0.8452941176470589,TRUE,TRUE,FALSE,TRUE,FALSE
CIN,2022,OT,ReifRi00,0.9258333333333333,TRUE,TRUE,TRUE,FALSE,TRUE
CIN,2022,EDGE,HubbSa00,0.831875,TRUE,TRUE,FALSE,TRUE,FALSE
CIN,2022,TE,UzomC.00,0.769375,TRUE,TRUE,TRUE,FALSE,TRUE
CIN,2022,CB,ApplEl00,0.923125,TRUE,TRUE,TRUE,FALSE,TRUE
CIN,2022,IOL,Sua-Xa00,1,TRUE,TRUE,TRUE,FALSE,TRUE
CIN,2022,QB,BurrJo01,0.965625,TRUE,TRUE,FALSE,TRUE,FALSE
CIN,2022,LB,WilsLo00,0.833076923076923,TRUE,TRUE,FALSE,TRUE,FALSE
CIN,2022,DL,OgunLa00,0.686875,TRUE,TRUE,TRUE,FALSE,TRUE
CIN,2022,S,BateJe00,0.95,TRUE,TRUE,TRUE,FALSE,TRUE
SDG,2014,RB,NA,NA,NA,NA,NA,FALSE,TRUE
SDG,2014,WR,NA,NA,NA,NA,NA,FALSE,TRUE
SDG,2014,OT,NA,NA,NA,NA,NA,FALSE,TRUE
SDG,2014,EDGE,NA,NA,NA,NA,NA,FALSE,TRUE
SDG,2014,TE,NA,NA,NA,NA,NA,FALSE,TRUE
SDG,2014,CB,NA,NA,NA,NA,NA,FALSE,TRUE
SDG,2014,IOL,NA,NA,NA,NA,NA,FALSE,TRUE
SDG,2014,QB,NA,NA,NA,NA,NA,FALSE,TRUE
SDG,2014,LB,NA,NA,NA,NA,NA,FALSE,TRUE
SDG,2014,DL,NA,NA,NA,NA,NA,FALSE,TRUE
SDG,2014,S,NA,NA,NA,NA,NA,FALSE,TRUE
SDG,2015,RB,NA,NA,NA,NA,NA,FALSE,TRUE
SDG,2015,WR,NA,NA,NA,NA,NA,FALSE,TRUE
SDG,2015,OT,NA,NA,NA,NA,NA,FALSE,TRUE
SDG,2015,EDGE,NA,NA,NA,NA,NA,FALSE,TRUE
SDG,2015,TE,NA,NA,NA,NA,NA,FALSE,TRUE
SDG,2015,CB,NA,NA,NA,NA,NA,FALSE,TRUE
SDG,2015,IOL,NA,NA,NA,NA,NA,FALSE,TRUE
SDG,2015,QB,NA,NA,NA,NA,NA,FALSE,TRUE
SDG,2015,LB,NA,NA,NA,NA,NA,FALSE,TRUE
SDG,2015,DL,NA,NA,NA,NA,NA,FALSE,TRUE
SDG,2015,S,NA,NA,NA,NA,NA,FALSE,TRUE
SDG,2016,RB,NA,NA,NA,NA,NA,FALSE,TRUE
SDG,2016,WR,NA,NA,NA,NA,NA,FALSE,TRUE
SDG,2016,OT,NA,NA,NA,NA,NA,FALSE,TRUE
SDG,2016,EDGE,NA,NA,NA,NA,NA,FALSE,TRUE
SDG,2016,TE,NA,NA,NA,NA,NA,FALSE,TRUE
SDG,2016,CB,NA,NA,NA,NA,NA,FALSE,TRUE
SDG,2016,IOL,NA,NA,NA,NA,NA,FALSE,TRUE
SDG,2016,QB,NA,NA,NA,NA,NA,FALSE,TRUE
SDG,2016,LB,NA,NA,NA,NA,NA,FALSE,TRUE
SDG,2016,DL,NA,NA,NA,NA,NA,FALSE,TRUE
SDG,2016,S,NA,NA,NA,NA,NA,FALSE,TRUE
SDG,2017,RB,NA,NA,NA,NA,NA,FALSE,TRUE
SDG,2017,WR,NA,NA,NA,NA,NA,FALSE,TRUE
SDG,2017,OT,NA,NA,NA,NA,NA,FALSE,TRUE
SDG,2017,EDGE,NA,NA,NA,NA,NA,FALSE,TRUE
SDG,2017,TE,NA,NA,NA,NA,NA,FALSE,TRUE
SDG,2017,CB,NA,NA,NA,NA,NA,FALSE,TRUE
SDG,2017,IOL,NA,NA,NA,NA,NA,FALSE,TRUE
SDG,2017,QB,NA,NA,NA,NA,NA,FALSE,TRUE
SDG,2017,LB,NA,NA,NA,NA,NA,FALSE,TRUE
SDG,2017,DL,NA,NA,NA,NA,NA,FALSE,TRUE
SDG,2017,S,NA,NA,NA,NA,NA,FALSE,TRUE
SDG,2018,RB,NA,NA,NA,NA,NA,FALSE,TRUE
SDG,2018,WR,NA,NA,NA,NA,NA,FALSE,TRUE
SDG,2018,OT,NA,NA,NA,NA,NA,FALSE,TRUE
SDG,2018,EDGE,NA,NA,NA,NA,NA,FALSE,TRUE
SDG,2018,TE,NA,NA,NA,NA,NA,FALSE,TRUE
SDG,2018,CB,NA,NA,NA,NA,NA,FALSE,TRUE
SDG,2018,IOL,NA,NA,NA,NA,NA,FALSE,TRUE
SDG,2018,QB,NA,NA,NA,NA,NA,FALSE,TRUE
SDG,2018,LB,NA,NA,NA,NA,NA,FALSE,TRUE
SDG,2018,DL,NA,NA,NA,NA,NA,FALSE,TRUE
SDG,2018,S,NA,NA,NA,NA,NA,FALSE,TRUE
SDG,2019,RB,NA,NA,NA,NA,NA,FALSE,TRUE
SDG,2019,WR,NA,NA,NA,NA,NA,FALSE,TRUE
SDG,2019,OT,NA,NA,NA,NA,NA,FALSE,TRUE
SDG,2019,EDGE,NA,NA,NA,NA,NA,FALSE,TRUE
SDG,2019,TE,NA,NA,NA,NA,NA,FALSE,TRUE
SDG,2019,CB,NA,NA,NA,NA,NA,FALSE,TRUE
SDG,2019,IOL,NA,NA,NA,NA,NA,FALSE,TRUE
SDG,2019,QB,NA,NA,NA,NA,NA,FALSE,TRUE
SDG,2019,LB,NA,NA,NA,NA,NA,FALSE,TRUE
SDG,2019,DL,NA,NA,NA,NA,NA,FALSE,TRUE
SDG,2019,S,NA,NA,NA,NA,NA,FALSE,TRUE
SDG,2020,RB,NA,NA,NA,NA,NA,FALSE,TRUE
SDG,2020,WR,NA,NA,NA,NA,NA,FALSE,TRUE
SDG,2020,OT,NA,NA,NA,NA,NA,FALSE,TRUE
SDG,2020,EDGE,NA,NA,NA,NA,NA,FALSE,TRUE
SDG,2020,TE,NA,NA,NA,NA,NA,FALSE,TRUE
SDG,2020,CB,NA,NA,NA,NA,NA,FALSE,TRUE
SDG,2020,IOL,NA,NA,NA,NA,NA,FALSE,TRUE
SDG,2020,QB,NA,NA,NA,NA,NA,FALSE,TRUE
SDG,2020,LB,NA,NA,NA,NA,NA,FALSE,TRUE
SDG,2020,DL,NA,NA,NA,NA,NA,FALSE,TRUE
SDG,2020,S,NA,NA,NA,NA,NA,FALSE,TRUE
SDG,2021,RB,NA,NA,NA,NA,NA,FALSE,TRUE
SDG,2021,WR,NA,NA,NA,NA,NA,FALSE,TRUE
SDG,2021,OT,NA,NA,NA,NA,NA,FALSE,TRUE
SDG,2021,EDGE,NA,NA,NA,NA,NA,FALSE,TRUE
SDG,2021,TE,NA,NA,NA,NA,NA,FALSE,TRUE
SDG,2021,CB,NA,NA,NA,NA,NA,FALSE,TRUE
SDG,2021,IOL,NA,NA,NA,NA,NA,FALSE,TRUE
SDG,2021,QB,NA,NA,NA,NA,NA,FALSE,TRUE
SDG,2021,LB,NA,NA,NA,NA,NA,FALSE,TRUE
SDG,2021,DL,NA,NA,NA,NA,NA,FALSE,TRUE
SDG,2021,S,NA,NA,NA,NA,NA,FALSE,TRUE
SDG,2022,RB,NA,NA,NA,NA,NA,FALSE,TRUE
SDG,2022,WR,NA,NA,NA,NA,NA,FALSE,TRUE
SDG,2022,OT,NA,NA,NA,NA,NA,FALSE,TRUE
SDG,2022,EDGE,NA,NA,NA,NA,NA,FALSE,TRUE
SDG,2022,TE,NA,NA,NA,NA,NA,FALSE,TRUE
SDG,2022,CB,NA,NA,NA,NA,NA,FALSE,TRUE
SDG,2022,IOL,NA,NA,NA,NA,NA,FALSE,TRUE
SDG,2022,QB,NA,NA,NA,NA,NA,FALSE,TRUE
SDG,2022,LB,NA,NA,NA,NA,NA,FALSE,TRUE
SDG,2022,DL,NA,NA,NA,NA,NA,FALSE,TRUE
SDG,2022,S,NA,NA,NA,NA,NA,FALSE,TRUE
PHI,2014,RB,McCoLe01,0.79125,TRUE,TRUE,FALSE,TRUE,FALSE
PHI,2014,WR,JackDe00,0.894375,TRUE,TRUE,FALSE,TRUE,FALSE
PHI,2014,OT,HerrTo20,1,TRUE,TRUE,FALSE,TRUE,FALSE
PHI,2014,EDGE,BarwCo99,0.939375,TRUE,TRUE,FALSE,TRUE,FALSE
PHI,2014,TE,CeleBr00,0.76625,TRUE,TRUE,FALSE,TRUE,FALSE
PHI,2014,CB,FletBr99,0.9646153846153847,TRUE,TRUE,FALSE,TRUE,FALSE
PHI,2014,IOL,MathEv20,1,TRUE,TRUE,FALSE,TRUE,FALSE
PHI,2014,QB,FoleNi00,0.7815384615384615,TRUE,TRUE,FALSE,TRUE,FALSE
PHI,2014,LB,RyanDe20,0.965625,TRUE,TRUE,FALSE,TRUE,FALSE
PHI,2014,DL,CoxxFl00,0.735625,TRUE,TRUE,FALSE,TRUE,FALSE
PHI,2014,S,NA,NA,NA,NA,NA,FALSE,TRUE
PHI,2015,RB,McCoLe01,0.6625,TRUE,TRUE,FALSE,TRUE,FALSE
PHI,2015,WR,MaclJe00,0.8725,TRUE,TRUE,TRUE,FALSE,TRUE
PHI,2015,OT,JohnLa01,1,TRUE,TRUE,FALSE,TRUE,FALSE
PHI,2015,EDGE,BarwCo99,0.86875,TRUE,TRUE,FALSE,TRUE,FALSE
PHI,2015,TE,CeleBr00,0.688125,TRUE,TRUE,TRUE,FALSE,TRUE
PHI,2015,CB,JenkMa99,0.995625,TRUE,TRUE,TRUE,FALSE,TRUE
PHI,2015,IOL,KelcJa00,0.9391666666666667,TRUE,TRUE,FALSE,TRUE,FALSE
PHI,2015,QB,SancMa00,0.9622222222222222,TRUE,TRUE,TRUE,FALSE,TRUE
PHI,2015,LB,KendMy00,0.8858333333333334,TRUE,TRUE,FALSE,TRUE,FALSE
PHI,2015,DL,CoxxFl00,0.795,TRUE,TRUE,FALSE,TRUE,FALSE
PHI,2015,S,NA,NA,NA,NA,NA,FALSE,TRUE
PHI,2016,RB,MurrDe00,0.43866666666666665,TRUE,TRUE,FALSE,TRUE,FALSE
PHI,2016,WR,MattJo00,0.80125,TRUE,TRUE,FALSE,TRUE,FALSE
PHI,2016,OT,NA,NA,NA,NA,NA,FALSE,TRUE
PHI,2016,EDGE,BarwCo99,0.86875,TRUE,TRUE,FALSE,TRUE,FALSE
PHI,2016,TE,ErtzZa00,0.7146666666666667,TRUE,TRUE,FALSE,TRUE,FALSE
PHI,2016,CB,JenkMa99,0.998125,TRUE,TRUE,TRUE,FALSE,TRUE
PHI,2016,IOL,KelcJa00,1,TRUE,TRUE,FALSE,TRUE,FALSE
PHI,2016,QB,NA,NA,NA,NA,NA,FALSE,TRUE
PHI,2016,LB,KendMy00,0.6384615384615384,FALSE,FALSE,FALSE,FALSE,TRUE
PHI,2016,DL,CoxxFl00,0.81,TRUE,TRUE,TRUE,FALSE,TRUE
PHI,2016,S,NA,NA,NA,NA,NA,FALSE,TRUE
PHI,2017,RB,SproDa00,0.48733333333333334,TRUE,TRUE,TRUE,FALSE,TRUE
PHI,2017,WR,MattJo00,0.8542857142857143,TRUE,TRUE,FALSE,TRUE,FALSE
PHI,2017,OT,JohnLa01,1,TRUE,TRUE,FALSE,TRUE,FALSE
PHI,2017,EDGE,HickJo00,0.948125,TRUE,TRUE,TRUE,FALSE,TRUE
PHI,2017,TE,ErtzZa00,0.8557142857142858,TRUE,TRUE,FALSE,TRUE,FALSE
PHI,2017,CB,JenkMa99,0.99875,TRUE,TRUE,TRUE,FALSE,TRUE
PHI,2017,IOL,KelcJa00,1,TRUE,TRUE,FALSE,TRUE,FALSE
PHI,2017,QB,WentCa00,0.993125,TRUE,TRUE,FALSE,TRUE,FALSE
PHI,2017,LB,BradNi00,0.968125,TRUE,TRUE,FALSE,TRUE,FALSE
PHI,2017,DL,CoxxFl00,0.756875,TRUE,TRUE,FALSE,TRUE,FALSE
PHI,2017,S,NA,NA,NA,NA,NA,FALSE,TRUE
PHI,2018,RB,NA,NA,NA,NA,NA,FALSE,TRUE
PHI,2018,WR,JeffAl00,0.811875,TRUE,TRUE,FALSE,TRUE,FALSE
PHI,2018,OT,JohnLa01,0.892,TRUE,TRUE,FALSE,TRUE,FALSE
PHI,2018,EDGE,GrahBr99,0.6906666666666667,TRUE,TRUE,FALSE,TRUE,FALSE
PHI,2018,TE,ErtzZa00,0.7949999999999999,TRUE,TRUE,FALSE,TRUE,FALSE
PHI,2018,CB,JenkMa99,0.92125,TRUE,TRUE,TRUE,FALSE,TRUE
PHI,2018,IOL,KelcJa00,0.949375,TRUE,TRUE,FALSE,TRUE,FALSE
PHI,2018,QB,WentCa00,0.9446153846153846,TRUE,TRUE,FALSE,TRUE,FALSE
PHI,2018,LB,BradNi00,0.9566666666666667,TRUE,TRUE,TRUE,FALSE,TRUE
PHI,2018,DL,CoxxFl00,0.6678571428571429,TRUE,TRUE,FALSE,TRUE,FALSE
PHI,2018,S,NA,NA,NA,NA,NA,FALSE,TRUE
PHI,2019,RB,AjayJa00,0.42000000000000004,FALSE,FALSE,TRUE,FALSE,TRUE
PHI,2019,WR,JeffAl00,0.9046153846153846,TRUE,TRUE,FALSE,TRUE,FALSE
PHI,2019,OT,JohnLa01,0.9286666666666666,TRUE,TRUE,FALSE,TRUE,FALSE
PHI,2019,EDGE,HickJo00,0.92,TRUE,TRUE,TRUE,FALSE,TRUE
PHI,2019,TE,ErtzZa00,0.915625,TRUE,TRUE,FALSE,TRUE,FALSE
PHI,2019,CB,JenkMa99,1,TRUE,TRUE,TRUE,FALSE,TRUE
PHI,2019,IOL,BrooBr00,0.995625,TRUE,TRUE,FALSE,TRUE,FALSE
PHI,2019,QB,WentCa00,1,TRUE,TRUE,FALSE,TRUE,FALSE
PHI,2019,LB,BradNi00,0.9466666666666667,TRUE,TRUE,FALSE,TRUE,FALSE
PHI,2019,DL,CoxxFl00,0.799375,TRUE,TRUE,FALSE,TRUE,FALSE
PHI,2019,S,NA,NA,NA,NA,NA,FALSE,TRUE
PHI,2020,RB,SandMi01,0.525,TRUE,TRUE,FALSE,TRUE,FALSE
PHI,2020,WR,MattJo00,0.915,TRUE,TRUE,TRUE,FALSE,TRUE
PHI,2020,OT,JohnLa01,0.8875,TRUE,TRUE,FALSE,TRUE,FALSE
PHI,2020,EDGE,GrahBr99,0.765625,TRUE,TRUE,FALSE,TRUE,FALSE
PHI,2020,TE,ErtzZa00,0.8513333333333334,TRUE,TRUE,FALSE,TRUE,FALSE
PHI,2020,CB,JenkMa99,1,TRUE,TRUE,TRUE,FALSE,TRUE
PHI,2020,IOL,KelcJa00,0.999375,TRUE,TRUE,FALSE,TRUE,FALSE
PHI,2020,QB,WentCa00,0.98625,TRUE,TRUE,FALSE,TRUE,FALSE
PHI,2020,LB,BradNi00,0.9375,TRUE,TRUE,FALSE,TRUE,FALSE
PHI,2020,DL,CoxxFl00,0.791875,TRUE,TRUE,FALSE,TRUE,FALSE
PHI,2020,S,NA,NA,NA,NA,NA,FALSE,TRUE
PHI,2021,RB,SandMi01,0.7058333333333333,TRUE,TRUE,FALSE,TRUE,FALSE
PHI,2021,WR,ReagJa00,0.6727272727272727,TRUE,FALSE,FALSE,FALSE,TRUE
PHI,2021,OT,JohnLa01,0.7957142857142857,TRUE,TRUE,FALSE,TRUE,FALSE
PHI,2021,EDGE,GrahBr99,0.6893750000000001,TRUE,TRUE,FALSE,TRUE,FALSE
PHI,2021,TE,ErtzZa00,0.8127272727272727,TRUE,TRUE,TRUE,FALSE,TRUE
PHI,2021,CB,SlayDa00,0.8573333333333334,TRUE,TRUE,FALSE,TRUE,FALSE
PHI,2021,IOL,KelcJa00,0.995625,TRUE,TRUE,FALSE,TRUE,FALSE
PHI,2021,QB,WentCa00,0.9641666666666666,TRUE,TRUE,FALSE,TRUE,FALSE
PHI,2021,LB,RileDu00,0.6346153846153846,FALSE,FALSE,TRUE,FALSE,TRUE
PHI,2021,DL,CoxxFl00,0.716,TRUE,TRUE,FALSE,TRUE,FALSE
PHI,2021,S,MillJa02,0.9753333333333333,TRUE,TRUE,TRUE,FALSE,TRUE
PHI,2022,RB,SandMi01,0.54,TRUE,TRUE,FALSE,TRUE,FALSE
PHI,2022,WR,SmitDe07,0.8235294117647058,TRUE,TRUE,FALSE,TRUE,FALSE
PHI,2022,OT,MailJo00,1,TRUE,TRUE,FALSE,TRUE,FALSE
PHI,2022,EDGE,NA,NA,NA,NA,NA,FALSE,TRUE
PHI,2022,TE,GoedDa00,0.7806666666666667,TRUE,TRUE,FALSE,TRUE,FALSE
PHI,2022,CB,NelsSt01,0.920625,TRUE,TRUE,TRUE,FALSE,TRUE
PHI,2022,IOL,DickLa00,0.9478571428571428,TRUE,TRUE,FALSE,TRUE,FALSE
PHI,2022,QB,HurtJa00,0.978,TRUE,TRUE,FALSE,TRUE,FALSE
PHI,2022,LB,TaylDa01,0.42,FALSE,FALSE,FALSE,FALSE,TRUE
PHI,2022,DL,CoxxFl00,0.7075,TRUE,TRUE,TRUE,FALSE,TRUE
PHI,2022,S,EppsMa00,0.47125,FALSE,FALSE,FALSE,FALSE,TRUE
ARI,2014,RB,MendRa00,0.448,TRUE,TRUE,TRUE,FALSE,TRUE
ARI,2014,WR,FitzLa00,0.921875,TRUE,TRUE,FALSE,TRUE,FALSE
ARI,2014,OT,BrowLe20,1,TRUE,TRUE,FALSE,TRUE,FALSE
ARI,2014,EDGE,CampCa99,0.89,TRUE,TRUE,TRUE,FALSE,TRUE
ARI,2014,TE,NA,NA,NA,NA,NA,FALSE,TRUE
ARI,2014,CB,BellYe20,0.9875,TRUE,TRUE,TRUE,FALSE,TRUE
ARI,2014,IOL,FanaPa20,1,TRUE,FALSE,TRUE,FALSE,TRUE
ARI,2014,QB,PalmCa00,0.996875,TRUE,TRUE,FALSE,TRUE,FALSE
ARI,2014,LB,DansKa20,0.99625,TRUE,TRUE,TRUE,FALSE,TRUE
ARI,2014,DL,DockDa20,0.8025,TRUE,TRUE,TRUE,FALSE,TRUE
ARI,2014,S,NA,NA,NA,NA,NA,FALSE,TRUE
ARI,2015,RB,ElliAn00,0.6725,TRUE,TRUE,FALSE,TRUE,FALSE
ARI,2015,WR,FitzLa00,0.9021428571428571,TRUE,TRUE,FALSE,TRUE,FALSE
ARI,2015,OT,MassBo00,1,TRUE,TRUE,FALSE,TRUE,FALSE
ARI,2015,EDGE,CampCa99,0.8392857142857143,TRUE,TRUE,TRUE,FALSE,TRUE
ARI,2015,TE,CarlJo00,0.695,TRUE,TRUE,FALSE,TRUE,FALSE
ARI,2015,CB,JohnRa98,0.99375,TRUE,TRUE,TRUE,FALSE,TRUE
ARI,2015,IOL,LarsTe20,0.980625,TRUE,TRUE,FALSE,TRUE,FALSE
ARI,2015,QB,PalmCa00,0.9766666666666667,TRUE,TRUE,FALSE,TRUE,FALSE
ARI,2015,LB,FootLa20,0.9993333333333333,TRUE,TRUE,TRUE,FALSE,TRUE
ARI,2015,DL,WillDa99,0.40375,FALSE,FALSE,TRUE,FALSE,TRUE
ARI,2015,S,NA,NA,NA,NA,NA,FALSE,TRUE
ARI,2016,RB,JohnCh04,0.4763636363636364,TRUE,TRUE,TRUE,FALSE,TRUE
ARI,2016,WR,FitzLa00,0.8875,TRUE,TRUE,FALSE,TRUE,FALSE
ARI,2016,OT,MassBo00,0.9964285714285714,TRUE,TRUE,TRUE,FALSE,TRUE
ARI,2016,EDGE,CampCa99,0.78875,TRUE,TRUE,TRUE,FALSE,TRUE
ARI,2016,TE,GresJe00,0.5586666666666666,TRUE,TRUE,TRUE,FALSE,TRUE
ARI,2016,CB,MathTy00,0.9778571428571429,TRUE,TRUE,TRUE,FALSE,TRUE
ARI,2016,IOL,LarsTe20,0.999,TRUE,TRUE,TRUE,FALSE,TRUE
ARI,2016,QB,PalmCa00,0.931875,TRUE,TRUE,FALSE,TRUE,FALSE
ARI,2016,LB,MintKe00,0.885,TRUE,TRUE,FALSE,TRUE,FALSE
ARI,2016,DL,GuntRo00,0.40125,FALSE,FALSE,FALSE,FALSE,TRUE
ARI,2016,S,NA,NA,NA,NA,NA,FALSE,TRUE
ARI,2017,RB,JohnDa08,0.836875,TRUE,TRUE,FALSE,TRUE,FALSE
ARI,2017,WR,FitzLa00,0.91375,TRUE,TRUE,TRUE,FALSE,TRUE
ARI,2017,OT,VeldJa20,0.96375,TRUE,TRUE,FALSE,TRUE,FALSE
ARI,2017,EDGE,JoneCh03,0.86875,TRUE,TRUE,FALSE,TRUE,FALSE
ARI,2017,TE,GresJe00,0.7225,TRUE,TRUE,TRUE,FALSE,TRUE
ARI,2017,CB,MillHa00,0.98,TRUE,FALSE,FALSE,FALSE,TRUE
ARI,2017,IOL,JohnUl00,1,TRUE,FALSE,TRUE,FALSE,TRUE
ARI,2017,QB,PalmCa00,0.9646666666666667,TRUE,TRUE,TRUE,FALSE,TRUE
ARI,2017,LB,MintKe00,0.92875,TRUE,TRUE,TRUE,FALSE,TRUE
ARI,2017,DL,PeteCo00,0.48866666666666664,FALSE,FALSE,FALSE,FALSE,TRUE
ARI,2017,S,NA,NA,NA,NA,NA,FALSE,TRUE
ARI,2018,RB,PeteAd01,0.6366666666666667,TRUE,TRUE,FALSE,TRUE,FALSE
ARI,2018,WR,FitzLa00,0.95375,TRUE,TRUE,TRUE,FALSE,TRUE
ARI,2018,OT,VeldJa20,0.9946153846153846,TRUE,TRUE,FALSE,TRUE,FALSE
ARI,2018,EDGE,JoneCh03,0.985625,TRUE,TRUE,FALSE,TRUE,FALSE
ARI,2018,TE,GresJe00,0.765,TRUE,TRUE,FALSE,TRUE,FALSE
ARI,2018,CB,MathTy00,0.995625,TRUE,TRUE,TRUE,FALSE,TRUE
ARI,2018,IOL,ShipA.20,1,TRUE,TRUE,FALSE,TRUE,FALSE
ARI,2018,QB,GabbBl00,1,TRUE,TRUE,TRUE,FALSE,TRUE
ARI,2018,LB,DansKa20,0.86,TRUE,TRUE,TRUE,FALSE,TRUE
ARI,2018,DL,PeteCo00,0.5508333333333333,TRUE,TRUE,FALSE,TRUE,FALSE
ARI,2018,S,BakeBu00,0.515,FALSE,FALSE,FALSE,FALSE,TRUE
ARI,2019,RB,JohnDa08,0.7993750000000001,TRUE,TRUE,FALSE,TRUE,FALSE
ARI,2019,WR,NA,NA,NA,NA,NA,FALSE,TRUE
ARI,2019,OT,HumpD.00,1,TRUE,TRUE,TRUE,FALSE,TRUE
ARI,2019,EDGE,JoneCh03,0.86875,TRUE,TRUE,FALSE,TRUE,FALSE
ARI,2019,TE,GresJe00,0.5461538461538462,TRUE,TRUE,FALSE,TRUE,FALSE
ARI,2019,CB,BethAn20,0.99625,TRUE,TRUE,TRUE,FALSE,TRUE
ARI,2019,IOL,ColeMa02,1,TRUE,TRUE,FALSE,TRUE,FALSE
ARI,2019,QB,RoseJo01,0.9171428571428571,TRUE,FALSE,FALSE,FALSE,TRUE
ARI,2019,LB,ReddHa00,0.7681250000000001,TRUE,TRUE,TRUE,FALSE,TRUE
ARI,2019,DL,PeteCo00,0.702,TRUE,TRUE,FALSE,TRUE,FALSE
ARI,2019,S,BakeBu00,0.9571428571428572,TRUE,TRUE,FALSE,TRUE,FALSE
ARI,2020,RB,DrakKe00,0.79375,TRUE,TRUE,TRUE,FALSE,TRUE
ARI,2020,WR,KirkCh01,0.9407692307692308,TRUE,TRUE,FALSE,TRUE,FALSE
ARI,2020,OT,NA,NA,NA,NA,NA,FALSE,TRUE
ARI,2020,EDGE,HickJo00,1,TRUE,TRUE,TRUE,FALSE,TRUE
ARI,2020,TE,WillMa04,0.470625,FALSE,FALSE,FALSE,FALSE,TRUE
ARI,2020,CB,SweaDJ00,0.995,TRUE,TRUE,TRUE,FALSE,TRUE
ARI,2020,IOL,ShipA.20,0.99375,TRUE,TRUE,TRUE,FALSE,TRUE
ARI,2020,QB,MurrKy00,0.963125,TRUE,TRUE,FALSE,TRUE,FALSE
ARI,2020,LB,SuggTe99,0.6892307692307692,FALSE,FALSE,TRUE,FALSE,TRUE
ARI,2020,DL,SweeJ.00,0.953125,TRUE,TRUE,TRUE,FALSE,TRUE
ARI,2020,S,BakeBu00,0.988125,TRUE,TRUE,FALSE,TRUE,FALSE
ARI,2021,RB,DrakKe00,0.5786666666666667,TRUE,TRUE,TRUE,FALSE,TRUE
ARI,2021,WR,HopkDe00,0.92125,TRUE,TRUE,FALSE,TRUE,FALSE
ARI,2021,OT,HumpD.00,0.999375,TRUE,TRUE,FALSE,TRUE,FALSE
ARI,2021,EDGE,HickJo00,0.92875,TRUE,TRUE,TRUE,FALSE,TRUE
ARI,2021,TE,WillMa04,0.5122222222222222,FALSE,FALSE,TRUE,FALSE,TRUE
ARI,2021,CB,NA,NA,NA,NA,NA,FALSE,TRUE
ARI,2021,IOL,ColeMa02,0.93,TRUE,TRUE,FALSE,TRUE,FALSE
ARI,2021,QB,MurrKy00,0.965625,TRUE,TRUE,FALSE,TRUE,FALSE
ARI,2021,LB,ReddHa00,0.790625,TRUE,TRUE,TRUE,FALSE,TRUE
ARI,2021,DL,SweeJ.00,0.696923076923077,TRUE,TRUE,TRUE,FALSE,TRUE
ARI,2021,S,BakeBu00,0.9726666666666667,TRUE,TRUE,FALSE,TRUE,FALSE
ARI,2022,RB,ConnJa00,0.58,TRUE,TRUE,TRUE,FALSE,TRUE
ARI,2022,WR,HopkDe00,0.822,TRUE,TRUE,TRUE,FALSE,TRUE
ARI,2022,OT,HumpD.00,0.988125,TRUE,TRUE,FALSE,TRUE,FALSE
ARI,2022,EDGE,HickJo00,0.9652941176470589,TRUE,TRUE,TRUE,FALSE,TRUE
ARI,2022,TE,NA,NA,NA,NA,NA,FALSE,TRUE
ARI,2022,CB,MurpBy00,0.948125,TRUE,TRUE,FALSE,TRUE,FALSE
ARI,2022,IOL,HudsRo00,0.96,TRUE,TRUE,FALSE,TRUE,FALSE
ARI,2022,QB,MurrKy00,0.9757142857142858,TRUE,TRUE,FALSE,TRUE,FALSE
ARI,2022,LB,SimmIs00,0.9252941176470588,TRUE,TRUE,FALSE,TRUE,FALSE
ARI,2022,DL,PhilJo01,0.49333333333333335,FALSE,FALSE,FALSE,FALSE,TRUE
ARI,2022,S,BakeBu00,0.9547058823529412,TRUE,TRUE,FALSE,TRUE,FALSE
CAR,2014,RB,WillDe02,0.48666666666666664,TRUE,TRUE,FALSE,TRUE,FALSE
CAR,2014,WR,LaFeBr00,0.8875,TRUE,TRUE,TRUE,FALSE,TRUE
CAR,2014,OT,GrosJo20,0.976875,TRUE,TRUE,TRUE,FALSE,TRUE
CAR,2014,EDGE,HardGr99,0.86125,TRUE,TRUE,TRUE,FALSE,TRUE
CAR,2014,TE,OlseGr00,0.973125,TRUE,TRUE,FALSE,TRUE,FALSE
CAR,2014,CB,MunnCa99,0.95625,TRUE,TRUE,TRUE,FALSE,TRUE
CAR,2014,IOL,KaliRy20,0.9875,TRUE,TRUE,FALSE,TRUE,FALSE
CAR,2014,QB,NewtCa00,0.98625,TRUE,TRUE,FALSE,TRUE,FALSE
CAR,2014,LB,DaviTh20,0.974375,TRUE,TRUE,FALSE,TRUE,FALSE
CAR,2014,DL,LotuSt00,0.595,TRUE,TRUE,FALSE,TRUE,FALSE
CAR,2014,S,NA,NA,NA,NA,NA,FALSE,TRUE
CAR,2015,RB,StewJo00,0.6130769230769231,TRUE,TRUE,FALSE,TRUE,FALSE
CAR,2015,WR,BenjKe00,0.8375,TRUE,TRUE,FALSE,TRUE,FALSE
CAR,2015,OT,NA,NA,NA,NA,NA,FALSE,TRUE
CAR,2015,EDGE,HardGr99,0.91,TRUE,TRUE,TRUE,FALSE,TRUE
CAR,2015,TE,OlseGr00,0.965625,TRUE,TRUE,TRUE,FALSE,TRUE
CAR,2015,CB,HarpRo21,0.895625,TRUE,TRUE,TRUE,FALSE,TRUE
CAR,2015,IOL,KaliRy20,0.974375,TRUE,TRUE,FALSE,TRUE,FALSE
CAR,2015,QB,NewtCa00,0.965,TRUE,TRUE,TRUE,FALSE,TRUE
CAR,2015,LB,KuecLu00,0.9625,TRUE,TRUE,FALSE,TRUE,FALSE
CAR,2015,DL,ShorKa00,0.573125,TRUE,TRUE,FALSE,TRUE,FALSE
CAR,2015,S,NA,NA,NA,NA,NA,FALSE,TRUE
CAR,2016,RB,StewJo00,0.6623076923076923,TRUE,TRUE,FALSE,TRUE,FALSE
CAR,2016,WR,GinnTe00,0.6453333333333333,TRUE,TRUE,FALSE,TRUE,FALSE
CAR,2016,OT,OherMi20,0.9825,TRUE,TRUE,FALSE,TRUE,FALSE
CAR,2016,EDGE,AlleJa22,0.6741666666666667,TRUE,TRUE,FALSE,TRUE,FALSE
CAR,2016,TE,OlseGr00,0.958125,TRUE,TRUE,FALSE,TRUE,FALSE
CAR,2016,CB,ColeKu99,0.9886666666666667,TRUE,TRUE,TRUE,FALSE,TRUE
CAR,2016,IOL,TurnTr01,0.974375,TRUE,TRUE,FALSE,TRUE,FALSE
CAR,2016,QB,NewtCa00,0.976875,TRUE,TRUE,FALSE,TRUE,FALSE
CAR,2016,LB,DaviTh20,0.908125,TRUE,TRUE,FALSE,TRUE,FALSE
CAR,2016,DL,ShorKa00,0.690625,TRUE,TRUE,FALSE,TRUE,FALSE
CAR,2016,S,NA,NA,NA,NA,NA,FALSE,TRUE
CAR,2017,RB,StewJo00,0.6338461538461538,TRUE,TRUE,TRUE,FALSE,TRUE
CAR,2017,WR,BenjKe00,0.723125,TRUE,TRUE,FALSE,TRUE,FALSE
CAR,2017,OT,OherMi20,1,TRUE,TRUE,FALSE,TRUE,FALSE
CAR,2017,EDGE,JohnCh98,0.6192307692307693,TRUE,TRUE,TRUE,FALSE,TRUE
CAR,2017,TE,OlseGr00,0.933125,TRUE,TRUE,FALSE,TRUE,FALSE
CAR,2017,CB,ColeKu99,0.9966666666666667,TRUE,TRUE,TRUE,FALSE,TRUE
CAR,2017,IOL,TurnTr01,0.991875,TRUE,TRUE,FALSE,TRUE,FALSE
CAR,2017,QB,NewtCa00,0.97,TRUE,TRUE,FALSE,TRUE,FALSE
CAR,2017,LB,KuecLu00,0.982,TRUE,TRUE,FALSE,TRUE,FALSE
CAR,2017,DL,ShorKa00,0.731875,TRUE,TRUE,TRUE,FALSE,TRUE
CAR,2017,S,NA,NA,NA,NA,NA,FALSE,TRUE
CAR,2018,RB,McCaCh01,0.7006249999999999,TRUE,TRUE,FALSE,TRUE,FALSE
CAR,2018,WR,FuncDe00,0.79,TRUE,TRUE,FALSE,TRUE,FALSE
CAR,2018,OT,KaliMa00,0.998125,TRUE,TRUE,FALSE,TRUE,FALSE
CAR,2018,EDGE,ThomSh01,0.7528571428571429,TRUE,TRUE,TRUE,FALSE,TRUE
CAR,2018,TE,DickEd00,0.811875,TRUE,TRUE,TRUE,FALSE,TRUE
CAR,2018,CB,BradJa00,0.989375,TRUE,TRUE,FALSE,TRUE,FALSE
CAR,2018,IOL,NA,NA,NA,NA,NA,FALSE,TRUE
CAR,2018,QB,NewtCa00,0.985,TRUE,TRUE,FALSE,TRUE,FALSE
CAR,2018,LB,KuecLu00,0.952,TRUE,TRUE,FALSE,TRUE,FALSE
CAR,2018,DL,ShorKa00,0.705625,TRUE,TRUE,FALSE,TRUE,FALSE
CAR,2018,S,NA,NA,NA,NA,NA,FALSE,TRUE
CAR,2019,RB,McCaCh01,0.9193749999999999,TRUE,TRUE,FALSE,TRUE,FALSE
CAR,2019,WR,FuncDe00,0.6907142857142857,TRUE,TRUE,TRUE,FALSE,TRUE
CAR,2019,OT,RobiCo00,0,FALSE,FALSE,TRUE,FALSE,TRUE
CAR,2019,EDGE,ThomSh01,0.67,TRUE,TRUE,TRUE,FALSE,TRUE
CAR,2019,TE,OlseGr00,0.7877777777777778,TRUE,TRUE,FALSE,TRUE,FALSE
CAR,2019,CB,BradJa00,0.99625,TRUE,TRUE,FALSE,TRUE,FALSE
CAR,2019,IOL,MotoTa00,0.995,TRUE,TRUE,TRUE,FALSE,TRUE
CAR,2019,QB,NewtCa00,0.99,TRUE,TRUE,FALSE,TRUE,FALSE
CAR,2019,LB,KuecLu00,0.92125,TRUE,TRUE,FALSE,TRUE,FALSE
CAR,2019,DL,ShorKa00,0.6528571428571428,TRUE,TRUE,FALSE,TRUE,FALSE
CAR,2019,S,NA,NA,NA,NA,NA,FALSE,TRUE
CAR,2020,RB,McCaCh01,0.93125,TRUE,TRUE,FALSE,TRUE,FALSE
CAR,2020,WR,MoorD.00,0.8706666666666667,TRUE,TRUE,FALSE,TRUE,FALSE
CAR,2020,OT,LittGr01,0.8025,TRUE,FALSE,FALSE,FALSE,TRUE
CAR,2020,EDGE,ThomSh01,0.9892857142857143,TRUE,TRUE,TRUE,FALSE,TRUE
CAR,2020,TE,OlseGr00,0.8157142857142857,TRUE,TRUE,TRUE,FALSE,TRUE
CAR,2020,CB,BostTr00,1,TRUE,TRUE,TRUE,FALSE,TRUE
CAR,2020,IOL,MotoTa00,0.99375,TRUE,TRUE,TRUE,FALSE,TRUE
CAR,2020,QB,NewtCa00,1,TRUE,TRUE,TRUE,FALSE,TRUE
CAR,2020,LB,KuecLu00,0.963125,TRUE,TRUE,TRUE,FALSE,TRUE
CAR,2020,DL,McCoGe99,0.633125,TRUE,TRUE,TRUE,FALSE,TRUE
CAR,2020,S,JameNa00,0.006,FALSE,FALSE,FALSE,FALSE,TRUE
CAR,2021,RB,McCaCh01,0.7733333333333333,TRUE,TRUE,FALSE,TRUE,FALSE
CAR,2021,WR,MoorD.00,0.8673333333333333,TRUE,TRUE,FALSE,TRUE,FALSE
CAR,2021,OT,OkunRu20,0.8842857142857142,TRUE,TRUE,TRUE,FALSE,TRUE
CAR,2021,EDGE,ThomSh01,0.975625,TRUE,TRUE,TRUE,FALSE,TRUE
CAR,2021,TE,ThomIa00,0.6525,TRUE,TRUE,FALSE,TRUE,FALSE
CAR,2021,CB,BostTr00,0.98,TRUE,TRUE,TRUE,FALSE,TRUE
CAR,2021,IOL,MotoTa00,1,TRUE,TRUE,TRUE,FALSE,TRUE
CAR,2021,QB,BridTe00,0.9613333333333334,TRUE,TRUE,FALSE,TRUE,FALSE
CAR,2021,LB,WhitTa00,0.4257142857142857,FALSE,FALSE,TRUE,FALSE,TRUE
CAR,2021,DL,BrowDe05,0.703125,TRUE,TRUE,FALSE,TRUE,FALSE
CAR,2021,S,ChinJe00,0.9686666666666667,TRUE,TRUE,FALSE,TRUE,FALSE
CAR,2022,RB,McCaCh01,0.6057142857142856,TRUE,TRUE,FALSE,TRUE,FALSE
CAR,2022,WR,MoorD.00,0.8664705882352941,TRUE,TRUE,TRUE,FALSE,TRUE
CAR,2022,OT,NA,NA,NA,NA,NA,FALSE,TRUE
CAR,2022,EDGE,ThomSh01,0.9221428571428572,TRUE,TRUE,TRUE,FALSE,TRUE
CAR,2022,TE,ThomIa00,0.6152941176470589,TRUE,TRUE,TRUE,FALSE,TRUE
CAR,2022,CB,JackDo02,0.9433333333333334,TRUE,TRUE,TRUE,FALSE,TRUE
CAR,2022,IOL,MotoTa00,1,TRUE,TRUE,TRUE,FALSE,TRUE
CAR,2022,QB,DarnSa00,0.9299999999999999,TRUE,TRUE,TRUE,FALSE,TRUE
CAR,2022,LB,ReddHa00,0.826875,TRUE,TRUE,TRUE,FALSE,TRUE
CAR,2022,DL,BrowDe05,0.62625,TRUE,TRUE,FALSE,TRUE,FALSE
CAR,2022,S,ChinJe00,0.98875,TRUE,TRUE,FALSE,TRUE,FALSE
NWE,2014,RB,VereSh00,0.45875,TRUE,TRUE,FALSE,TRUE,FALSE
NWE,2014,WR,EdelJu00,0.855625,TRUE,TRUE,TRUE,FALSE,TRUE
NWE,2014,OT,SoldNa00,0.962,TRUE,TRUE,FALSE,TRUE,FALSE
NWE,2014,EDGE,JoneCh03,0.98,TRUE,TRUE,FALSE,TRUE,FALSE
NWE,2014,TE,GronRo00,0.7214285714285714,TRUE,TRUE,FALSE,TRUE,FALSE
NWE,2014,CB,McCoDe99,0.95,TRUE,TRUE,TRUE,FALSE,TRUE
NWE,2014,IOL,MankLo20,0.989375,TRUE,TRUE,FALSE,TRUE,FALSE
NWE,2014,QB,BradTo00,1,TRUE,TRUE,FALSE,TRUE,FALSE
NWE,2014,LB,MayoJe99,0.9616666666666667,TRUE,TRUE,FALSE,TRUE,FALSE
NWE,2014,DL,JoneCh04,0.8238461538461539,TRUE,TRUE,FALSE,TRUE,FALSE
NWE,2014,S,NA,NA,NA,NA,NA,FALSE,TRUE
NWE,2015,RB,VereSh00,0.52625,TRUE,TRUE,TRUE,FALSE,TRUE
NWE,2015,WR,LaFeBr00,0.813125,TRUE,TRUE,FALSE,TRUE,FALSE
NWE,2015,OT,VollSe20,0.9426666666666667,TRUE,TRUE,FALSE,TRUE,FALSE
NWE,2015,EDGE,NinkRo20,0.938125,TRUE,TRUE,FALSE,TRUE,FALSE
NWE,2015,TE,GronRo00,0.7786666666666666,TRUE,TRUE,FALSE,TRUE,FALSE
NWE,2015,CB,ReviDa99,0.92625,TRUE,TRUE,FALSE,TRUE,FALSE
NWE,2015,IOL,StorBr00,0.8676923076923077,TRUE,FALSE,FALSE,FALSE,TRUE
NWE,2015,QB,BradTo00,0.934375,TRUE,TRUE,FALSE,TRUE,FALSE
NWE,2015,LB,HighDo01,0.9791666666666666,TRUE,TRUE,FALSE,TRUE,FALSE
NWE,2015,DL,WilfVi20,0.735,TRUE,TRUE,FALSE,TRUE,FALSE
NWE,2015,S,NA,NA,NA,NA,NA,FALSE,TRUE
NWE,2016,RB,LewiDi00,0.5942857142857143,TRUE,TRUE,FALSE,TRUE,FALSE
NWE,2016,WR,LaFeBr00,0.87,TRUE,TRUE,FALSE,TRUE,FALSE
NWE,2016,OT,VollSe20,0.8264285714285714,TRUE,TRUE,FALSE,TRUE,FALSE
NWE,2016,EDGE,JoneCh03,0.84,TRUE,TRUE,FALSE,TRUE,FALSE
NWE,2016,TE,GronRo00,0.9153333333333333,TRUE,TRUE,FALSE,TRUE,FALSE
NWE,2016,CB,McCoDe99,0.9571428571428572,TRUE,TRUE,TRUE,FALSE,TRUE
NWE,2016,IOL,StorBr00,0.88375,TRUE,FALSE,FALSE,FALSE,TRUE
NWE,2016,QB,BradTo00,0.988125,TRUE,TRUE,FALSE,TRUE,FALSE
NWE,2016,LB,CollJa00,0.9533333333333334,TRUE,TRUE,FALSE,TRUE,FALSE
NWE,2016,DL,BrowMa01,0.466875,FALSE,FALSE,FALSE,FALSE,TRUE
NWE,2016,S,RichJo00,0.2542857142857143,FALSE,FALSE,FALSE,FALSE,TRUE
NWE,2017,RB,WhitJa02,0.384375,FALSE,FALSE,FALSE,FALSE,TRUE
NWE,2017,WR,EdelJu00,0.7875,TRUE,TRUE,FALSE,TRUE,FALSE
NWE,2017,OT,CannMa00,0.9933333333333333,TRUE,TRUE,FALSE,TRUE,FALSE
NWE,2017,EDGE,LongCh99,0.643125,TRUE,TRUE,TRUE,FALSE,TRUE
NWE,2017,TE,BennMa00,0.769375,TRUE,TRUE,TRUE,FALSE,TRUE
NWE,2017,CB,McCoDe99,0.98,TRUE,TRUE,TRUE,FALSE,TRUE
NWE,2017,IOL,ThunJo00,0.996875,TRUE,TRUE,FALSE,TRUE,FALSE
NWE,2017,QB,BradTo00,0.9658333333333333,TRUE,TRUE,FALSE,TRUE,FALSE
NWE,2017,LB,CollJa00,0.9042857142857142,TRUE,TRUE,TRUE,FALSE,TRUE
NWE,2017,DL,BranAl99,0.598125,TRUE,TRUE,TRUE,FALSE,TRUE
NWE,2017,S,RichJo00,0.024545454545454544,FALSE,FALSE,FALSE,FALSE,TRUE
NWE,2018,RB,WhitJa02,0.39,FALSE,FALSE,FALSE,FALSE,TRUE
NWE,2018,WR,CookBr00,0.92875,TRUE,TRUE,TRUE,FALSE,TRUE
NWE,2018,OT,NA,NA,NA,NA,NA,FALSE,TRUE
NWE,2018,EDGE,FlowTr00,0.865,TRUE,TRUE,FALSE,TRUE,FALSE
NWE,2018,TE,GronRo00,0.9028571428571429,TRUE,TRUE,TRUE,FALSE,TRUE
NWE,2018,CB,GilmSt00,0.9376923076923077,TRUE,TRUE,FALSE,TRUE,FALSE
NWE,2018,IOL,MasoSh01,0.9975,TRUE,TRUE,TRUE,FALSE,TRUE
NWE,2018,QB,BradTo00,0.979375,TRUE,TRUE,TRUE,FALSE,TRUE
NWE,2018,LB,VanNKy00,0.83,TRUE,TRUE,TRUE,FALSE,TRUE
NWE,2018,DL,BrowMa01,0.6138461538461538,TRUE,TRUE,FALSE,TRUE,FALSE
NWE,2018,S,RichJo00,0.25625,FALSE,FALSE,FALSE,FALSE,TRUE
NWE,2019,RB,WhitJa02,0.5387500000000001,TRUE,TRUE,FALSE,TRUE,FALSE
NWE,2019,WR,EdelJu00,0.8741666666666666,TRUE,TRUE,TRUE,FALSE,TRUE
NWE,2019,OT,CannMa00,0.9069230769230769,TRUE,TRUE,FALSE,TRUE,FALSE
NWE,2019,EDGE,FlowTr00,0.7573333333333333,TRUE,TRUE,TRUE,FALSE,TRUE
NWE,2019,TE,NA,NA,NA,NA,NA,FALSE,TRUE
NWE,2019,CB,GilmSt00,0.9725,TRUE,TRUE,FALSE,TRUE,FALSE
NWE,2019,IOL,ThunJo00,1,TRUE,TRUE,FALSE,TRUE,FALSE
NWE,2019,QB,NA,NA,NA,NA,NA,FALSE,TRUE
NWE,2019,LB,NA,NA,NA,NA,NA,FALSE,TRUE
NWE,2019,DL,GuyxLa00,0.5025,FALSE,FALSE,FALSE,FALSE,TRUE
NWE,2019,S,MeliOb00,0.16,FALSE,FALSE,FALSE,FALSE,TRUE
NWE,2020,RB,WhitJa02,0.45,TRUE,TRUE,TRUE,FALSE,TRUE
NWE,2020,WR,EdelJu00,0.873125,TRUE,TRUE,FALSE,TRUE,FALSE
NWE,2020,OT,CannMa00,0.9346666666666666,TRUE,TRUE,FALSE,TRUE,FALSE
NWE,2020,EDGE,SimoJo01,0.474375,FALSE,FALSE,FALSE,FALSE,TRUE
NWE,2020,TE,WatsBe00,0.656,TRUE,TRUE,TRUE,FALSE,TRUE
NWE,2020,CB,GilmSt00,0.943125,TRUE,TRUE,FALSE,TRUE,FALSE
NWE,2020,IOL,ThunJo00,0.99125,TRUE,TRUE,TRUE,FALSE,TRUE
NWE,2020,QB,BradTo00,0.9875,TRUE,TRUE,TRUE,FALSE,TRUE
NWE,2020,LB,NA,NA,NA,NA,NA,FALSE,TRUE
NWE,2020,DL,GuyxLa00,0.519375,FALSE,FALSE,FALSE,FALSE,TRUE
NWE,2020,S,RichJo00,0,FALSE,FALSE,TRUE,FALSE,TRUE
NWE,2021,RB,BurkRe00,0.40399999999999997,FALSE,FALSE,TRUE,FALSE,TRUE
NWE,2021,WR,EdelJu00,0.6783333333333333,TRUE,TRUE,TRUE,FALSE,TRUE
NWE,2021,OT,WynnIs00,0.97,TRUE,TRUE,FALSE,TRUE,FALSE
NWE,2021,EDGE,SimoJo01,0.69625,TRUE,TRUE,TRUE,FALSE,TRUE
NWE,2021,TE,IzzoRy00,0.7908333333333333,TRUE,FALSE,FALSE,FALSE,TRUE
NWE,2021,CB,McCoDe99,0.95125,TRUE,TRUE,TRUE,FALSE,TRUE
NWE,2021,IOL,ThunJo00,0.963125,TRUE,TRUE,TRUE,FALSE,TRUE
NWE,2021,QB,NewtCa00,0.9273333333333333,TRUE,TRUE,TRUE,FALSE,TRUE
NWE,2021,LB,BentJa00,0.7376923076923076,TRUE,TRUE,FALSE,TRUE,FALSE
NWE,2021,DL,GuyxLa00,0.5585714285714286,TRUE,TRUE,TRUE,FALSE,TRUE
NWE,2021,S,DuggKy00,0.5642857142857143,FALSE,FALSE,FALSE,FALSE,TRUE
NWE,2022,RB,HarrDa06,0.4166666666666667,FALSE,FALSE,FALSE,FALSE,TRUE
NWE,2022,WR,AghoNe00,0.726,TRUE,TRUE,FALSE,TRUE,FALSE
NWE,2022,OT,WynnIs00,0.870625,TRUE,TRUE,TRUE,FALSE,TRUE
NWE,2022,EDGE,JudoMa00,0.8041176470588235,TRUE,TRUE,FALSE,TRUE,FALSE
NWE,2022,TE,HenrHu00,0.6723529411764706,TRUE,TRUE,FALSE,TRUE,FALSE
NWE,2022,CB,McCoDe99,0.9452941176470588,TRUE,TRUE,TRUE,FALSE,TRUE
NWE,2022,IOL,MasoSh01,0.972,TRUE,TRUE,TRUE,FALSE,TRUE
NWE,2022,QB,JoneMa05,0.9652941176470589,TRUE,TRUE,FALSE,TRUE,FALSE
NWE,2022,LB,VanNKy00,0.798125,TRUE,TRUE,FALSE,TRUE,FALSE
NWE,2022,DL,GodcDa00,0.5929411764705882,TRUE,TRUE,FALSE,TRUE,FALSE
NWE,2022,S,NA,NA,NA,NA,NA,FALSE,TRUE
SFO,2014,RB,GoreFr00,0.749375,TRUE,TRUE,TRUE,FALSE,TRUE
SFO,2014,WR,NA,NA,NA,NA,NA,FALSE,TRUE
SFO,2014,OT,DaviAn27,0.985,TRUE,TRUE,FALSE,TRUE,FALSE
SFO,2014,EDGE,SmitAl04,0.7927272727272727,TRUE,TRUE,FALSE,TRUE,FALSE
SFO,2014,TE,DaviVe00,0.856,TRUE,TRUE,FALSE,TRUE,FALSE
SFO,2014,CB,RogeCa20,0.985625,TRUE,TRUE,FALSE,TRUE,FALSE
SFO,2014,IOL,GoodJo23,0.9775,TRUE,TRUE,TRUE,FALSE,TRUE
SFO,2014,QB,KaepCo00,0.97625,TRUE,TRUE,FALSE,TRUE,FALSE
SFO,2014,LB,BowmNa99,0.978125,TRUE,TRUE,FALSE,TRUE,FALSE
SFO,2014,DL,DorsGl99,0.405625,FALSE,FALSE,FALSE,FALSE,TRUE
SFO,2014,S,NA,NA,NA,NA,NA,FALSE,TRUE
SFO,2015,RB,NA,NA,NA,NA,NA,FALSE,TRUE
SFO,2015,WR,BoldAn00,0.9037499999999999,TRUE,TRUE,FALSE,TRUE,FALSE
SFO,2015,OT,StalJo20,0.996875,TRUE,TRUE,FALSE,TRUE,FALSE
SFO,2015,EDGE,SmitAl04,0.89,TRUE,TRUE,TRUE,FALSE,TRUE
SFO,2015,TE,DaviVe00,0.9107142857142857,TRUE,TRUE,TRUE,FALSE,TRUE
SFO,2015,CB,BethAn20,0.9925,TRUE,TRUE,TRUE,FALSE,TRUE
SFO,2015,IOL,MartMa01,0.98875,TRUE,FALSE,FALSE,FALSE,TRUE
SFO,2015,QB,KaepCo00,0.9925,TRUE,TRUE,FALSE,TRUE,FALSE
SFO,2015,LB,WillPa98,0.9166666666666666,TRUE,TRUE,TRUE,FALSE,TRUE
SFO,2015,DL,NA,NA,NA,NA,NA,FALSE,TRUE
SFO,2015,S,NA,NA,NA,NA,NA,FALSE,TRUE
SFO,2016,RB,HydeCa00,0.6742857142857143,TRUE,TRUE,FALSE,TRUE,FALSE
SFO,2016,WR,BoldAn00,0.8635714285714285,TRUE,TRUE,TRUE,FALSE,TRUE
SFO,2016,OT,StalJo20,1,TRUE,TRUE,FALSE,TRUE,FALSE
SFO,2016,EDGE,LyncAa00,0.7935714285714286,TRUE,TRUE,FALSE,TRUE,FALSE
SFO,2016,TE,NA,NA,NA,NA,NA,FALSE,TRUE
SFO,2016,CB,ReidEr00,0.97875,TRUE,TRUE,TRUE,FALSE,TRUE
SFO,2016,IOL,MartMa01,0.9485714285714286,TRUE,FALSE,FALSE,FALSE,TRUE
SFO,2016,QB,GabbBl00,0.99625,TRUE,TRUE,FALSE,TRUE,FALSE
SFO,2016,LB,BowmNa99,0.96375,TRUE,TRUE,FALSE,TRUE,FALSE
SFO,2016,DL,DorsGl99,0.518,FALSE,FALSE,TRUE,FALSE,TRUE
SFO,2016,S,TartJa00,0.6653333333333333,FALSE,FALSE,FALSE,FALSE,TRUE
SFO,2017,RB,HydeCa00,0.6353846153846153,TRUE,TRUE,FALSE,TRUE,FALSE
SFO,2017,WR,SmitTo02,0.8166666666666667,TRUE,TRUE,FALSE,TRUE,FALSE
SFO,2017,OT,GardAn20,1,TRUE,FALSE,TRUE,FALSE,TRUE
SFO,2017,EDGE,BuckDe00,0.9286666666666666,TRUE,TRUE,TRUE,FALSE,TRUE
SFO,2017,TE,McDoVa00,0.6118181818181818,TRUE,TRUE,FALSE,TRUE,FALSE
SFO,2017,CB,ReidEr00,0.986,TRUE,TRUE,TRUE,FALSE,TRUE
SFO,2017,IOL,BeadZa20,1,TRUE,TRUE,FALSE,TRUE,FALSE
SFO,2017,QB,KaepCo00,0.9016666666666666,TRUE,TRUE,FALSE,TRUE,FALSE
SFO,2017,LB,BowmNa99,0.8725,TRUE,TRUE,FALSE,TRUE,FALSE
SFO,2017,DL,NA,NA,NA,NA,NA,FALSE,TRUE
SFO,2017,S,TartJa00,0.5926666666666667,FALSE,FALSE,FALSE,FALSE,TRUE
SFO,2018,RB,HydeCa00,0.715,TRUE,TRUE,TRUE,FALSE,TRUE
SFO,2018,WR,GarcPi00,0.785,TRUE,TRUE,FALSE,TRUE,FALSE
SFO,2018,OT,StalJo20,0.958,TRUE,TRUE,FALSE,TRUE,FALSE
SFO,2018,EDGE,BuckDe00,0.761875,TRUE,TRUE,TRUE,FALSE,TRUE
SFO,2018,TE,KittGe00,0.5786666666666667,TRUE,TRUE,FALSE,TRUE,FALSE
SFO,2018,CB,JohnDo02,0.91125,TRUE,TRUE,TRUE,FALSE,TRUE
SFO,2018,IOL,TomlLa01,1,TRUE,TRUE,FALSE,TRUE,FALSE
SFO,2018,QB,GaroJi00,0.84,TRUE,TRUE,TRUE,FALSE,TRUE
SFO,2018,LB,NA,NA,NA,NA,NA,FALSE,TRUE
SFO,2018,DL,NA,NA,NA,NA,NA,FALSE,TRUE
SFO,2018,S,TartJa00,0.8844444444444445,TRUE,TRUE,FALSE,TRUE,FALSE
SFO,2019,RB,JuszKy00,0.625,TRUE,TRUE,FALSE,TRUE,FALSE
SFO,2019,WR,GarcPi00,0.725,TRUE,TRUE,FALSE,TRUE,FALSE
SFO,2019,OT,McGlMi00,0.996875,TRUE,TRUE,FALSE,TRUE,FALSE
SFO,2019,EDGE,WarnFr00,0.986875,TRUE,TRUE,TRUE,FALSE,TRUE
SFO,2019,TE,KittGe00,0.87625,TRUE,TRUE,FALSE,TRUE,FALSE
SFO,2019,CB,SherRi00,0.8907142857142857,TRUE,TRUE,FALSE,TRUE,FALSE
SFO,2019,IOL,RichWe00,0.9793333333333333,TRUE,TRUE,FALSE,TRUE,FALSE
SFO,2019,QB,GaroJi00,0.9966666666666667,TRUE,TRUE,FALSE,TRUE,FALSE
SFO,2019,LB,FostRe00,0.86,TRUE,FALSE,FALSE,FALSE,TRUE
SFO,2019,DL,NA,NA,NA,NA,NA,FALSE,TRUE
SFO,2019,S,TartJa00,0.8225,TRUE,TRUE,FALSE,TRUE,FALSE
SFO,2020,RB,JuszKy00,0.49333333333333335,TRUE,TRUE,FALSE,TRUE,FALSE
SFO,2020,WR,NA,NA,NA,NA,NA,FALSE,TRUE
SFO,2020,OT,McGlMi00,0.9908333333333333,TRUE,TRUE,FALSE,TRUE,FALSE
SFO,2020,EDGE,WarnFr00,0.96375,TRUE,TRUE,TRUE,FALSE,TRUE
SFO,2020,TE,KittGe00,0.8857142857142857,TRUE,TRUE,FALSE,TRUE,FALSE
SFO,2020,CB,NA,NA,NA,NA,NA,FALSE,TRUE
SFO,2020,IOL,TomlLa01,0.999375,TRUE,TRUE,FALSE,TRUE,FALSE
SFO,2020,QB,GaroJi00,0.9925,TRUE,TRUE,FALSE,TRUE,FALSE
SFO,2020,LB,GreeDr00,0.665625,FALSE,FALSE,FALSE,FALSE,TRUE
SFO,2020,DL,NA,NA,NA,NA,NA,FALSE,TRUE
SFO,2020,S,TartJa00,0.9166666666666666,TRUE,TRUE,TRUE,FALSE,TRUE
SFO,2021,RB,JuszKy00,0.43,TRUE,TRUE,TRUE,FALSE,TRUE
SFO,2021,WR,AiyuBr00,0.8674999999999999,TRUE,TRUE,FALSE,TRUE,FALSE
SFO,2021,OT,McGlMi00,0.99625,TRUE,TRUE,FALSE,TRUE,FALSE
SFO,2021,EDGE,AlexKw00,0.964,TRUE,TRUE,TRUE,FALSE,TRUE
SFO,2021,TE,KittGe00,0.82875,TRUE,TRUE,FALSE,TRUE,FALSE
SFO,2021,CB,SherRi00,0.984,TRUE,TRUE,TRUE,FALSE,TRUE
SFO,2021,IOL,TomlLa01,0.998125,TRUE,TRUE,TRUE,FALSE,TRUE
SFO,2021,QB,GaroJi00,0.765,TRUE,TRUE,FALSE,TRUE,FALSE
SFO,2021,LB,GreeDr00,0.8215384615384616,TRUE,TRUE,FALSE,TRUE,FALSE
SFO,2021,DL,ArmsAr01,0.685,TRUE,TRUE,FALSE,TRUE,FALSE
SFO,2021,S,NA,NA,NA,NA,NA,FALSE,TRUE
SFO,2022,RB,MitcEl00,0.6427272727272727,TRUE,TRUE,FALSE,TRUE,FALSE
SFO,2022,WR,AiyuBr00,0.83,TRUE,TRUE,FALSE,TRUE,FALSE
SFO,2022,OT,McKiCo00,1,TRUE,TRUE,TRUE,FALSE,TRUE
SFO,2022,EDGE,WarnFr00,0.965,TRUE,TRUE,TRUE,FALSE,TRUE
SFO,2022,TE,KittGe00,0.9185714285714286,TRUE,TRUE,FALSE,TRUE,FALSE
SFO,2022,CB,NA,NA,NA,NA,NA,FALSE,TRUE
SFO,2022,IOL,NA,NA,NA,NA,NA,FALSE,TRUE
SFO,2022,QB,GaroJi00,0.954,TRUE,TRUE,FALSE,TRUE,FALSE
SFO,2022,LB,GreeDr00,0.5366666666666666,FALSE,FALSE,FALSE,FALSE,TRUE
SFO,2022,DL,ArmsAr01,0.7570588235294118,TRUE,TRUE,FALSE,TRUE,FALSE
SFO,2022,S,TartJa00,0.825,TRUE,TRUE,TRUE,FALSE,TRUE
DEN,2014,RB,MoreKn00,0.58375,TRUE,TRUE,TRUE,FALSE,TRUE
DEN,2014,WR,ThomDe03,0.916875,TRUE,TRUE,FALSE,TRUE,FALSE
DEN,2014,OT,CladRy20,0.975,TRUE,TRUE,FALSE,TRUE,FALSE
DEN,2014,EDGE,PhilSh20,0.68125,TRUE,TRUE,TRUE,FALSE,TRUE
DEN,2014,TE,ThomJu00,0.8692857142857143,TRUE,TRUE,FALSE,TRUE,FALSE
DEN,2014,CB,MoorRa00,0.9239999999999999,TRUE,TRUE,TRUE,FALSE,TRUE
DEN,2014,IOL,VasqLo20,1,TRUE,TRUE,FALSE,TRUE,FALSE
DEN,2014,QB,MannPe00,0.9575,TRUE,TRUE,FALSE,TRUE,FALSE
DEN,2014,LB,TrevDa00,0.84125,TRUE,TRUE,FALSE,TRUE,FALSE
DEN,2014,DL,WolfDe00,0.6936363636363636,TRUE,TRUE,FALSE,TRUE,FALSE
DEN,2014,S,NA,NA,NA,NA,NA,FALSE,TRUE
DEN,2015,RB,BallMo00,0.5640000000000001,TRUE,FALSE,FALSE,FALSE,TRUE
DEN,2015,WR,ThomDe03,0.904375,TRUE,TRUE,TRUE,FALSE,TRUE
DEN,2015,OT,FranOr00,0.969375,TRUE,TRUE,TRUE,FALSE,TRUE
DEN,2015,EDGE,SmitQu00,0.296,FALSE,FALSE,FALSE,FALSE,TRUE
DEN,2015,TE,ThomJu00,0.7538461538461538,TRUE,TRUE,TRUE,FALSE,TRUE
DEN,2015,CB,WardT.99,0.98,TRUE,TRUE,TRUE,FALSE,TRUE
DEN,2015,IOL,RamiMa20,0.99625,TRUE,TRUE,TRUE,FALSE,TRUE
DEN,2015,QB,MannPe00,0.96875,TRUE,TRUE,FALSE,TRUE,FALSE
DEN,2015,LB,MarsBr01,0.9,TRUE,TRUE,TRUE,FALSE,TRUE
DEN,2015,DL,WolfDe00,0.665625,TRUE,TRUE,FALSE,TRUE,FALSE
DEN,2015,S,NA,NA,NA,NA,NA,FALSE,TRUE
DEN,2016,RB,HillRo00,0.47125,TRUE,TRUE,TRUE,FALSE,TRUE
DEN,2016,WR,ThomDe03,0.843125,TRUE,TRUE,FALSE,TRUE,FALSE
DEN,2016,OT,SambTy00,1,TRUE,FALSE,FALSE,FALSE,TRUE
DEN,2016,EDGE,RayxSh00,0.35642857142857143,FALSE,FALSE,FALSE,FALSE,TRUE
DEN,2016,TE,DaniOw00,0.7525,TRUE,TRUE,FALSE,TRUE,FALSE
DEN,2016,CB,TaliAq99,0.952,TRUE,TRUE,FALSE,TRUE,FALSE
DEN,2016,IOL,ParaMa00,1,TRUE,TRUE,TRUE,FALSE,TRUE
DEN,2016,QB,MannPe00,0.889,TRUE,TRUE,FALSE,TRUE,FALSE
DEN,2016,LB,MarsBr01,0.839375,TRUE,TRUE,TRUE,FALSE,TRUE
DEN,2016,DL,WolfDe00,0.785,TRUE,TRUE,TRUE,FALSE,TRUE
DEN,2016,S,NA,NA,NA,NA,NA,FALSE,TRUE
DEN,2017,RB,BookDe00,0.461875,TRUE,TRUE,FALSE,TRUE,FALSE
DEN,2017,WR,ThomDe03,0.824375,TRUE,TRUE,FALSE,TRUE,FALSE
DEN,2017,OT,OkunRu20,0.988125,TRUE,TRUE,FALSE,TRUE,FALSE
DEN,2017,EDGE,CricJa00,0.823125,TRUE,TRUE,TRUE,FALSE,TRUE
DEN,2017,TE,GreeVi00,0.6033333333333333,TRUE,TRUE,FALSE,TRUE,FALSE
DEN,2017,CB,WardT.99,0.97,TRUE,TRUE,TRUE,FALSE,TRUE
DEN,2017,IOL,GarcMa00,1,TRUE,TRUE,FALSE,TRUE,FALSE
DEN,2017,QB,SiemTr00,0.9492857142857143,TRUE,TRUE,FALSE,TRUE,FALSE
DEN,2017,LB,MillVo00,0.815,TRUE,TRUE,TRUE,FALSE,TRUE
DEN,2017,DL,WolfDe00,0.6414285714285715,TRUE,TRUE,FALSE,TRUE,FALSE
DEN,2017,S,SimmJu00,0.3192307692307692,FALSE,FALSE,FALSE,FALSE,TRUE
DEN,2018,RB,BookDe00,0.3161538461538462,FALSE,FALSE,FALSE,FALSE,TRUE
DEN,2018,WR,ThomDe03,0.7875,TRUE,TRUE,FALSE,TRUE,FALSE
DEN,2018,OT,BollGa00,0.9825,TRUE,TRUE,FALSE,TRUE,FALSE
DEN,2018,EDGE,RayxSh00,0.72,TRUE,FALSE,FALSE,FALSE,TRUE
DEN,2018,TE,GreeVi00,0.474375,FALSE,FALSE,TRUE,FALSE,TRUE
DEN,2018,CB,TaliAq99,0.826,TRUE,TRUE,FALSE,TRUE,FALSE
DEN,2018,IOL,ParaMa00,1,TRUE,TRUE,TRUE,FALSE,TRUE
DEN,2018,QB,SiemTr00,0.870909090909091,TRUE,TRUE,FALSE,TRUE,FALSE
DEN,2018,LB,MarsBr01,0.921875,TRUE,TRUE,FALSE,TRUE,FALSE
DEN,2018,DL,WolfDe00,0.6772727272727272,TRUE,TRUE,FALSE,TRUE,FALSE
DEN,2018,S,SimmJu00,0.9076923076923077,TRUE,TRUE,FALSE,TRUE,FALSE
DEN,2019,RB,FreeRo00,0.32571428571428573,FALSE,FALSE,FALSE,FALSE,TRUE
DEN,2019,WR,SandEm00,0.8383333333333334,TRUE,TRUE,TRUE,FALSE,TRUE
DEN,2019,OT,BollGa00,0.99,TRUE,TRUE,FALSE,TRUE,FALSE
DEN,2019,EDGE,ChubBr00,0.786875,TRUE,TRUE,FALSE,TRUE,FALSE
DEN,2019,TE,HeueJe00,0.77,TRUE,FALSE,TRUE,FALSE,TRUE
DEN,2019,CB,RobyBr00,0.9126666666666666,TRUE,TRUE,TRUE,FALSE,TRUE
DEN,2019,IOL,McGoCo00,0.983125,TRUE,TRUE,FALSE,TRUE,FALSE
DEN,2019,QB,KellCh00,0.02,FALSE,FALSE,FALSE,FALSE,TRUE
DEN,2019,LB,MillVo00,0.7875,TRUE,TRUE,TRUE,FALSE,TRUE
DEN,2019,DL,WolfDe00,0.6625,TRUE,TRUE,FALSE,TRUE,FALSE
DEN,2019,S,SimmJu00,1,TRUE,TRUE,FALSE,TRUE,FALSE
DEN,2020,RB,FreeRo00,0.503125,TRUE,TRUE,FALSE,TRUE,FALSE
DEN,2020,WR,SuttCo00,0.92125,TRUE,TRUE,FALSE,TRUE,FALSE
DEN,2020,OT,BollGa00,1,TRUE,TRUE,FALSE,TRUE,FALSE
DEN,2020,EDGE,ChubBr00,0.935,TRUE,TRUE,FALSE,TRUE,FALSE
DEN,2020,TE,FantNo00,0.684375,TRUE,TRUE,FALSE,TRUE,FALSE
DEN,2020,CB,NA,NA,NA,NA,NA,FALSE,TRUE
DEN,2020,IOL,McGoCo00,0.999375,TRUE,TRUE,FALSE,TRUE,FALSE
DEN,2020,QB,AlleBr00,1,TRUE,FALSE,TRUE,FALSE,TRUE
DEN,2020,LB,MillVo00,0.8486666666666667,TRUE,TRUE,TRUE,FALSE,TRUE
DEN,2020,DL,WolfDe00,0.6658333333333333,TRUE,TRUE,TRUE,FALSE,TRUE
DEN,2020,S,SimmJu00,1,TRUE,TRUE,TRUE,FALSE,TRUE
DEN,2021,RB,GordMe00,0.6193333333333334,TRUE,TRUE,FALSE,TRUE,FALSE
DEN,2021,WR,JeudJe00,0.74375,TRUE,TRUE,FALSE,TRUE,FALSE
DEN,2021,OT,BollGa00,1,TRUE,TRUE,FALSE,TRUE,FALSE
DEN,2021,EDGE,ChubBr00,0.7721428571428571,TRUE,TRUE,FALSE,TRUE,FALSE
DEN,2021,TE,FantNo00,0.716,TRUE,TRUE,FALSE,TRUE,FALSE
DEN,2021,CB,NA,NA,NA,NA,NA,FALSE,TRUE
DEN,2021,IOL,CushLl00,1,TRUE,TRUE,FALSE,TRUE,FALSE
DEN,2021,QB,LockDr00,0.9353846153846154,TRUE,TRUE,FALSE,TRUE,FALSE
DEN,2021,LB,JeweJo00,0.92875,TRUE,TRUE,FALSE,TRUE,FALSE
DEN,2021,DL,CaseJu00,0.73,TRUE,TRUE,TRUE,FALSE,TRUE
DEN,2021,S,SimmJu00,1,TRUE,TRUE,TRUE,FALSE,TRUE
DEN,2022,RB,GordMe00,0.51375,TRUE,TRUE,TRUE,FALSE,TRUE
DEN,2022,WR,SuttCo00,0.8511764705882353,TRUE,TRUE,FALSE,TRUE,FALSE
DEN,2022,OT,BollGa00,0.9871428571428571,TRUE,TRUE,FALSE,TRUE,FALSE
DEN,2022,EDGE,ChubBr00,0.6014285714285714,FALSE,FALSE,TRUE,FALSE,TRUE
DEN,2022,TE,FantNo00,0.844375,TRUE,TRUE,FALSE,TRUE,FALSE
DEN,2022,CB,DarbRo00,0.97,TRUE,TRUE,FALSE,TRUE,FALSE
DEN,2022,IOL,CushLl00,1,TRUE,TRUE,FALSE,TRUE,FALSE
DEN,2022,QB,BridTe00,0.9121428571428571,TRUE,TRUE,TRUE,FALSE,TRUE
DEN,2022,LB,MillVo00,0.7585714285714286,TRUE,TRUE,TRUE,FALSE,TRUE
DEN,2022,DL,JoneDr00,0.595,TRUE,TRUE,FALSE,TRUE,FALSE
DEN,2022,S,SimmJu00,0.9941176470588236,TRUE,TRUE,FALSE,TRUE,FALSE
SEA,2014,RB,LyncMa00,0.71,TRUE,TRUE,FALSE,TRUE,FALSE
SEA,2014,WR,NA,NA,NA,NA,NA,FALSE,TRUE
SEA,2014,OT,BowiMi00,0.9377777777777778,TRUE,FALSE,FALSE,FALSE,TRUE
SEA,2014,EDGE,NA,NA,NA,NA,NA,FALSE,TRUE
SEA,2014,TE,MillZa01,0.8257142857142857,TRUE,TRUE,TRUE,FALSE,TRUE
SEA,2014,CB,ThomEa99,0.968125,TRUE,TRUE,TRUE,FALSE,TRUE
SEA,2014,IOL,UngeMa20,0.9246153846153846,TRUE,TRUE,FALSE,TRUE,FALSE
SEA,2014,QB,WilsRu00,0.96125,TRUE,TRUE,FALSE,TRUE,FALSE
SEA,2014,LB,WagnBo00,0.94,TRUE,TRUE,FALSE,TRUE,FALSE
SEA,2014,DL,SweeJ.00,0.9926666666666667,TRUE,TRUE,TRUE,FALSE,TRUE
SEA,2014,S,NA,NA,NA,NA,NA,FALSE,TRUE
SEA,2015,RB,LyncMa00,0.663125,TRUE,TRUE,FALSE,TRUE,FALSE
SEA,2015,WR,HarvPe00,0.594,FALSE,FALSE,FALSE,FALSE,TRUE
SEA,2015,OT,BritJu00,1,TRUE,TRUE,TRUE,FALSE,TRUE
SEA,2015,EDGE,NA,NA,NA,NA,NA,FALSE,TRUE
SEA,2015,TE,MillZa01,0.8266666666666667,TRUE,TRUE,FALSE,TRUE,FALSE
SEA,2015,CB,SherRi00,0.98625,TRUE,TRUE,FALSE,TRUE,FALSE
SEA,2015,IOL,UngeMa20,0.9616666666666667,TRUE,TRUE,FALSE,TRUE,FALSE
SEA,2015,QB,WilsRu00,0.9975,TRUE,TRUE,FALSE,TRUE,FALSE
SEA,2015,LB,WagnBo00,0.9563636363636363,TRUE,TRUE,FALSE,TRUE,FALSE
SEA,2015,DL,SweeJ.00,0.99625,TRUE,TRUE,TRUE,FALSE,TRUE
SEA,2015,S,NA,NA,NA,NA,NA,FALSE,TRUE
SEA,2016,RB,LyncMa00,0.6685714285714286,TRUE,TRUE,FALSE,TRUE,FALSE
SEA,2016,WR,LockTy00,0.610625,FALSE,FALSE,FALSE,FALSE,TRUE
SEA,2016,OT,BritJu00,0.999375,TRUE,TRUE,TRUE,FALSE,TRUE
SEA,2016,EDGE,NA,NA,NA,NA,NA,FALSE,TRUE
SEA,2016,TE,GrahJi00,0.7818181818181819,TRUE,TRUE,FALSE,TRUE,FALSE
SEA,2016,CB,ThomEa99,0.98125,TRUE,TRUE,TRUE,FALSE,TRUE
SEA,2016,IOL,GlowMa00,0.101,FALSE,FALSE,FALSE,FALSE,TRUE
SEA,2016,QB,WilsRu00,0.97375,TRUE,TRUE,FALSE,TRUE,FALSE
SEA,2016,LB,WagnBo00,0.98,TRUE,TRUE,FALSE,TRUE,FALSE
SEA,2016,DL,SweeJ.00,0.998,TRUE,TRUE,TRUE,FALSE,TRUE
SEA,2016,S,NA,NA,NA,NA,NA,FALSE,TRUE
SEA,2017,RB,MichCh00,0.5822222222222222,TRUE,FALSE,TRUE,FALSE,TRUE
SEA,2017,WR,LockTy00,0.5633333333333334,FALSE,FALSE,FALSE,FALSE,TRUE
SEA,2017,OT,BritJu00,0.9973333333333333,TRUE,TRUE,TRUE,FALSE,TRUE
SEA,2017,EDGE,ClarFr01,0.6666666666666666,TRUE,TRUE,FALSE,TRUE,FALSE
SEA,2017,TE,GrahJi00,0.75875,TRUE,TRUE,FALSE,TRUE,FALSE
SEA,2017,CB,SherRi00,0.975,TRUE,TRUE,FALSE,TRUE,FALSE
SEA,2017,IOL,GlowMa00,1,TRUE,TRUE,FALSE,TRUE,FALSE
SEA,2017,QB,WilsRu00,0.95375,TRUE,TRUE,FALSE,TRUE,FALSE
SEA,2017,LB,WagnBo00,0.993125,TRUE,TRUE,FALSE,TRUE,FALSE
SEA,2017,DL,RubiAh99,0.5575,TRUE,TRUE,FALSE,TRUE,FALSE
SEA,2017,S,NA,NA,NA,NA,NA,FALSE,TRUE
SEA,2018,RB,CarsCh00,0.555,TRUE,TRUE,FALSE,TRUE,FALSE
SEA,2018,WR,RichPa01,0.773125,TRUE,TRUE,TRUE,FALSE,TRUE
SEA,2018,OT,NA,NA,NA,NA,NA,FALSE,TRUE
SEA,2018,EDGE,ClarFr01,0.6825,TRUE,TRUE,FALSE,TRUE,FALSE
SEA,2018,TE,GrahJi00,0.68875,TRUE,TRUE,TRUE,FALSE,TRUE
SEA,2018,CB,ChanKa99,0.98,TRUE,TRUE,TRUE,FALSE,TRUE
SEA,2018,IOL,NA,NA,NA,NA,NA,FALSE,TRUE
SEA,2018,QB,WilsRu00,0.995,TRUE,TRUE,FALSE,TRUE,FALSE
SEA,2018,LB,WagnBo00,0.9293750000000001,TRUE,TRUE,FALSE,TRUE,FALSE
SEA,2018,DL,RichSh00,0.638,TRUE,TRUE,TRUE,FALSE,TRUE
SEA,2018,S,HillDe02,0.030000000000000002,FALSE,FALSE,TRUE,FALSE,TRUE
SEA,2019,RB,CarsCh00,0.4928571428571429,TRUE,TRUE,FALSE,TRUE,FALSE
SEA,2019,WR,LockTy00,0.84875,TRUE,TRUE,FALSE,TRUE,FALSE
SEA,2019,OT,BrowDu20,0.9975,TRUE,TRUE,FALSE,TRUE,FALSE
SEA,2019,EDGE,ClarFr01,0.74,TRUE,TRUE,TRUE,FALSE,TRUE
SEA,2019,TE,DickEd00,0.53,FALSE,FALSE,FALSE,FALSE,TRUE
SEA,2019,CB,GrifSh00,0.9525,TRUE,TRUE,FALSE,TRUE,FALSE
SEA,2019,IOL,NA,NA,NA,NA,NA,FALSE,TRUE
SEA,2019,QB,WilsRu00,1,TRUE,TRUE,TRUE,FALSE,TRUE
SEA,2019,LB,WagnBo00,1,TRUE,TRUE,TRUE,FALSE,TRUE
SEA,2019,DL,SweeJ.00,0.9506666666666667,TRUE,TRUE,TRUE,FALSE,TRUE
SEA,2019,S,FlowTr01,0.9753333333333334,TRUE,TRUE,TRUE,FALSE,TRUE
SEA,2020,RB,CarsCh00,0.6986666666666667,TRUE,TRUE,FALSE,TRUE,FALSE
SEA,2020,WR,LockTy00,0.895625,TRUE,TRUE,FALSE,TRUE,FALSE
SEA,2020,OT,BrowDu20,0.9666666666666667,TRUE,TRUE,FALSE,TRUE,FALSE
SEA,2020,EDGE,ClowJa00,0.7046153846153846,TRUE,TRUE,TRUE,FALSE,TRUE
SEA,2020,TE,DissWi00,0.59,TRUE,TRUE,FALSE,TRUE,FALSE
SEA,2020,CB,GrifSh00,0.9871428571428571,TRUE,TRUE,FALSE,TRUE,FALSE
SEA,2020,IOL,NA,NA,NA,NA,NA,FALSE,TRUE
SEA,2020,QB,WilsRu00,1,TRUE,TRUE,FALSE,TRUE,FALSE
SEA,2020,LB,WagnBo00,0.988125,TRUE,TRUE,FALSE,TRUE,FALSE
SEA,2020,DL,ReedJa02,0.712,TRUE,TRUE,TRUE,FALSE,TRUE
SEA,2020,S,FlowTr01,0.9846666666666667,TRUE,TRUE,TRUE,FALSE,TRUE
SEA,2021,RB,CarsCh00,0.5133333333333333,TRUE,TRUE,TRUE,FALSE,TRUE
SEA,2021,WR,MetcDK00,0.920625,TRUE,TRUE,FALSE,TRUE,FALSE
SEA,2021,OT,BrowDu20,0.984375,TRUE,TRUE,TRUE,FALSE,TRUE
SEA,2021,EDGE,NA,NA,NA,NA,NA,FALSE,TRUE
SEA,2021,TE,OlseGr00,0.5881818181818181,TRUE,TRUE,TRUE,FALSE,TRUE
SEA,2021,CB,DiggQu00,0.931875,TRUE,TRUE,TRUE,FALSE,TRUE
SEA,2021,IOL,PociEt00,1,TRUE,TRUE,TRUE,FALSE,TRUE
SEA,2021,QB,WilsRu00,0.984375,TRUE,TRUE,FALSE,TRUE,FALSE
SEA,2021,LB,WagnBo00,0.988125,TRUE,TRUE,FALSE,TRUE,FALSE
SEA,2021,DL,ReedJa02,0.73125,TRUE,TRUE,FALSE,TRUE,FALSE
SEA,2021,S,AdamJa00,0.935,TRUE,TRUE,TRUE,FALSE,TRUE
SEA,2022,RB,CarsCh00,0.5725,TRUE,TRUE,FALSE,TRUE,FALSE
SEA,2022,WR,LockTy00,0.873125,TRUE,TRUE,FALSE,TRUE,FALSE
SEA,2022,OT,NA,NA,NA,NA,NA,FALSE,TRUE
SEA,2022,EDGE,TaylDa00,0.460625,FALSE,FALSE,FALSE,FALSE,TRUE
SEA,2022,TE,EverGe00,0.752,TRUE,TRUE,TRUE,FALSE,TRUE
SEA,2022,CB,DiggQu00,0.9711764705882353,TRUE,TRUE,TRUE,FALSE,TRUE
SEA,2022,IOL,JackGa00,0.99125,TRUE,TRUE,FALSE,TRUE,FALSE
SEA,2022,QB,WilsRu00,0.9728571428571429,TRUE,TRUE,FALSE,TRUE,FALSE
SEA,2022,LB,WagnBo00,0.93875,TRUE,TRUE,TRUE,FALSE,TRUE
SEA,2022,DL,GreeRa01,0.668235294117647,TRUE,TRUE,TRUE,FALSE,TRUE
SEA,2022,S,AdamJa00,0.9525,TRUE,TRUE,FALSE,TRUE,FALSE
WAS,2014,RB,MorrAl00,0.52875,TRUE,TRUE,FALSE,TRUE,FALSE
WAS,2014,WR,GarcPi00,0.8575,TRUE,TRUE,FALSE,TRUE,FALSE
WAS,2014,OT,WillTr21,0.998125,TRUE,TRUE,FALSE,TRUE,FALSE
WAS,2014,EDGE,KerrRy00,0.953125,TRUE,TRUE,FALSE,TRUE,FALSE
WAS,2014,TE,ReedJo02,0.56,TRUE,TRUE,FALSE,TRUE,FALSE
WAS,2014,CB,HallDe99,0.974375,TRUE,TRUE,TRUE,FALSE,TRUE
WAS,2014,IOL,ChesCh21,1,TRUE,TRUE,FALSE,TRUE,FALSE
WAS,2014,QB,GrifRo01,0.9676923076923077,TRUE,TRUE,FALSE,TRUE,FALSE
WAS,2014,LB,RilePe00,0.97,TRUE,TRUE,TRUE,FALSE,TRUE
WAS,2014,DL,CofiBa20,0.71625,TRUE,TRUE,FALSE,TRUE,FALSE
WAS,2014,S,NA,NA,NA,NA,NA,FALSE,TRUE
WAS,2015,RB,MorrAl00,0.56,TRUE,TRUE,FALSE,TRUE,FALSE
WAS,2015,WR,GarcPi00,0.83125,TRUE,TRUE,FALSE,TRUE,FALSE
WAS,2015,OT,WillTr21,0.8806666666666667,TRUE,TRUE,FALSE,TRUE,FALSE
WAS,2015,EDGE,KerrRy00,0.944375,TRUE,TRUE,FALSE,TRUE,FALSE
WAS,2015,TE,ReedJo02,0.5018181818181818,FALSE,FALSE,FALSE,FALSE,TRUE
WAS,2015,CB,AmerDa00,0.934,TRUE,TRUE,FALSE,TRUE,FALSE
WAS,2015,IOL,LichKo20,0.998125,TRUE,TRUE,FALSE,TRUE,FALSE
WAS,2015,QB,CousKi00,0.9016666666666666,TRUE,TRUE,FALSE,TRUE,FALSE
WAS,2015,LB,RobiKe01,0.9869230769230769,TRUE,TRUE,FALSE,TRUE,FALSE
WAS,2015,DL,JenkJa01,0.52625,FALSE,FALSE,TRUE,FALSE,TRUE
WAS,2015,S,NA,NA,NA,NA,NA,FALSE,TRUE
WAS,2016,RB,JoneMa04,0.40307692307692305,FALSE,FALSE,FALSE,FALSE,TRUE
WAS,2016,WR,GarcPi00,0.755,TRUE,TRUE,FALSE,TRUE,FALSE
WAS,2016,OT,ScheBr00,0.99875,TRUE,TRUE,TRUE,FALSE,TRUE
WAS,2016,EDGE,KerrRy00,0.841875,TRUE,TRUE,FALSE,TRUE,FALSE
WAS,2016,TE,ReedJo02,0.7385714285714285,TRUE,TRUE,FALSE,TRUE,FALSE
WAS,2016,CB,GoldDa99,0.9806666666666667,TRUE,TRUE,TRUE,FALSE,TRUE
WAS,2016,IOL,LichKo20,1,TRUE,TRUE,FALSE,TRUE,FALSE
WAS,2016,QB,CousKi00,0.9575,TRUE,TRUE,TRUE,FALSE,TRUE
WAS,2016,LB,RilePe00,0.7677777777777778,TRUE,TRUE,FALSE,TRUE,FALSE
WAS,2016,DL,KnigTe99,0.37733333333333335,FALSE,FALSE,TRUE,FALSE,TRUE
WAS,2016,S,JarrKy00,0.565625,FALSE,FALSE,FALSE,FALSE,TRUE
WAS,2017,RB,JoneMa04,0.4714285714285714,TRUE,FALSE,FALSE,FALSE,TRUE
WAS,2017,WR,GarcPi00,0.761875,TRUE,TRUE,TRUE,FALSE,TRUE
WAS,2017,OT,WillTr21,0.9991666666666666,TRUE,TRUE,FALSE,TRUE,FALSE
WAS,2017,EDGE,KerrRy00,0.718125,TRUE,TRUE,FALSE,TRUE,FALSE
WAS,2017,TE,ReedJo02,0.7075,TRUE,TRUE,FALSE,TRUE,FALSE
WAS,2017,CB,NormJo01,0.9575,TRUE,TRUE,FALSE,TRUE,FALSE
WAS,2017,IOL,MoseMo00,0.963125,TRUE,TRUE,TRUE,FALSE,TRUE
WAS,2017,QB,CousKi00,1,TRUE,TRUE,TRUE,FALSE,TRUE
WAS,2017,LB,FostMa00,0.699375,TRUE,TRUE,FALSE,TRUE,FALSE
WAS,2017,DL,JeanRi99,0.3975,FALSE,FALSE,FALSE,FALSE,TRUE
WAS,2017,S,NA,NA,NA,NA,NA,FALSE,TRUE
WAS,2018,RB,ThomCh03,0.519,TRUE,TRUE,FALSE,TRUE,FALSE
WAS,2018,WR,DoctJo00,0.748125,TRUE,FALSE,FALSE,FALSE,TRUE
WAS,2018,OT,ScheBr00,0.9742857142857143,TRUE,TRUE,TRUE,FALSE,TRUE
WAS,2018,EDGE,KerrRy00,0.751875,TRUE,TRUE,FALSE,TRUE,FALSE
WAS,2018,TE,DaviVe00,0.79,TRUE,TRUE,FALSE,TRUE,FALSE
WAS,2018,CB,SweaDJ00,0.99625,TRUE,TRUE,TRUE,FALSE,TRUE
WAS,2018,IOL,MoseMo00,0.945,TRUE,TRUE,TRUE,FALSE,TRUE
WAS,2018,QB,CousKi00,0.995625,TRUE,TRUE,TRUE,FALSE,TRUE
WAS,2018,LB,BrowZa00,0.9684615384615385,TRUE,TRUE,TRUE,FALSE,TRUE
WAS,2018,DL,IoanMa01,0.6114285714285714,TRUE,TRUE,TRUE,FALSE,TRUE
WAS,2018,S,NichMo00,0.61875,FALSE,FALSE,FALSE,FALSE,TRUE
WAS,2019,RB,ThomCh03,0.506,TRUE,TRUE,TRUE,FALSE,TRUE
WAS,2019,WR,DoctJo00,0.884,TRUE,FALSE,FALSE,FALSE,TRUE
WAS,2019,OT,WillTr21,0.9707692307692307,TRUE,TRUE,FALSE,TRUE,FALSE
WAS,2019,EDGE,SmitPr00,0.80625,TRUE,TRUE,TRUE,FALSE,TRUE
WAS,2019,TE,ReedJo02,0.6092307692307692,TRUE,TRUE,FALSE,TRUE,FALSE
WAS,2019,CB,SweaDJ00,0.9986666666666667,TRUE,TRUE,TRUE,FALSE,TRUE
WAS,2019,IOL,RoulCh00,1,TRUE,TRUE,FALSE,TRUE,FALSE
WAS,2019,QB,SmitAl03,0.968,TRUE,TRUE,FALSE,TRUE,FALSE
WAS,2019,LB,FostMa00,0.978125,TRUE,TRUE,FALSE,TRUE,FALSE
WAS,2019,DL,PaynDa00,0.765625,TRUE,TRUE,FALSE,TRUE,FALSE
WAS,2019,S,NichMo00,0.5214285714285715,FALSE,FALSE,FALSE,FALSE,TRUE
WAS,2020,RB,PeteAd01,0.4713333333333333,TRUE,TRUE,FALSE,TRUE,FALSE
WAS,2020,WR,McLaTe00,0.9292857142857143,TRUE,TRUE,FALSE,TRUE,FALSE
WAS,2020,OT,NA,NA,NA,NA,NA,FALSE,TRUE
WAS,2020,EDGE,KerrRy00,0.7658333333333334,TRUE,TRUE,TRUE,FALSE,TRUE
WAS,2020,TE,DaviVe00,0.7475,TRUE,TRUE,TRUE,FALSE,TRUE
WAS,2020,CB,SensCo00,0.925,TRUE,TRUE,FALSE,TRUE,FALSE
WAS,2020,IOL,RoulCh00,1,TRUE,TRUE,FALSE,TRUE,FALSE
WAS,2020,QB,McCoCo00,1,TRUE,TRUE,TRUE,FALSE,TRUE
WAS,2020,LB,BostJo00,0.91125,TRUE,TRUE,TRUE,FALSE,TRUE
WAS,2020,DL,IoanMa01,0.73125,TRUE,TRUE,TRUE,FALSE,TRUE
WAS,2020,S,CollLa00,1,TRUE,TRUE,FALSE,TRUE,FALSE
WAS,2021,RB,GibsAn00,0.43714285714285717,TRUE,TRUE,FALSE,TRUE,FALSE
WAS,2021,WR,McLaTe00,0.932,TRUE,TRUE,FALSE,TRUE,FALSE
WAS,2021,OT,ChriGe01,1,TRUE,FALSE,FALSE,FALSE,TRUE
WAS,2021,EDGE,YounCh04,0.7806666666666666,TRUE,TRUE,FALSE,TRUE,FALSE
WAS,2021,TE,SpriJe00,0.20125,FALSE,FALSE,TRUE,FALSE,TRUE
WAS,2021,CB,FullKe00,0.9928571428571429,TRUE,TRUE,FALSE,TRUE,FALSE
WAS,2021,IOL,RoulCh00,1,TRUE,TRUE,FALSE,TRUE,FALSE
WAS,2021,QB,NA,NA,NA,NA,NA,FALSE,TRUE
WAS,2021,LB,BostJo00,0.923125,TRUE,TRUE,TRUE,FALSE,TRUE
WAS,2021,DL,PaynDa00,0.8475,TRUE,TRUE,FALSE,TRUE,FALSE
WAS,2021,S,CollLa00,0.9,TRUE,TRUE,FALSE,TRUE,FALSE
WAS,2022,RB,GibsAn00,0.5675,TRUE,TRUE,FALSE,TRUE,FALSE
WAS,2022,WR,McLaTe00,0.8988235294117647,TRUE,TRUE,FALSE,TRUE,FALSE
WAS,2022,OT,NA,NA,NA,NA,NA,FALSE,TRUE
WAS,2022,EDGE,YounCh04,0.7777777777777778,TRUE,TRUE,FALSE,TRUE,FALSE
WAS,2022,TE,BateJo00,0.4623529411764706,FALSE,FALSE,FALSE,FALSE,TRUE
WAS,2022,CB,FullKe00,0.9725,TRUE,TRUE,FALSE,TRUE,FALSE
WAS,2022,IOL,RoulCh00,0.92625,TRUE,TRUE,FALSE,TRUE,FALSE
WAS,2022,QB,GilbGa01,1,TRUE,FALSE,TRUE,FALSE,TRUE
WAS,2022,LB,HolcCo00,0.989375,TRUE,TRUE,FALSE,TRUE,FALSE
WAS,2022,DL,PaynDa00,0.7582352941176471,TRUE,TRUE,TRUE,FALSE,TRUE
WAS,2022,S,CurlKa00,0.85875,TRUE,TRUE,FALSE,TRUE,FALSE
IND,2014,RB,BallVi00,0.71,TRUE,FALSE,FALSE,FALSE,TRUE
IND,2014,WR,WaynRe00,0.9328571428571428,TRUE,TRUE,FALSE,TRUE,FALSE
IND,2014,OT,CherGo20,0.999375,TRUE,TRUE,FALSE,TRUE,FALSE
IND,2014,EDGE,WaldEr99,0.852,TRUE,TRUE,FALSE,TRUE,FALSE
IND,2014,TE,FleeCo00,0.76625,TRUE,TRUE,FALSE,TRUE,FALSE
IND,2014,CB,LandLa99,0.9741666666666666,TRUE,TRUE,TRUE,FALSE,TRUE
IND,2014,IOL,SateSa20,0.9684615384615385,TRUE,TRUE,FALSE,TRUE,FALSE
IND,2014,QB,LuckAn00,0.980625,TRUE,TRUE,FALSE,TRUE,FALSE
IND,2014,LB,AngePa99,0.67,FALSE,FALSE,TRUE,FALSE,TRUE
IND,2014,DL,JeanRi99,0.597,TRUE,TRUE,FALSE,TRUE,FALSE
IND,2014,S,NA,NA,NA,NA,NA,FALSE,TRUE
IND,2015,RB,BradAh00,0.514,TRUE,TRUE,TRUE,FALSE,TRUE
IND,2015,WR,WaynRe00,0.7873333333333333,TRUE,TRUE,TRUE,FALSE,TRUE
IND,2015,OT,CastAn00,1,TRUE,TRUE,FALSE,TRUE,FALSE
IND,2015,EDGE,WernBj00,0.7526666666666667,TRUE,FALSE,FALSE,FALSE,TRUE
IND,2015,TE,FleeCo00,0.69125,TRUE,TRUE,FALSE,TRUE,FALSE
IND,2015,CB,ToleGr99,0.9713333333333334,TRUE,TRUE,FALSE,TRUE,FALSE
IND,2015,IOL,ThorHu00,0.785,TRUE,TRUE,FALSE,TRUE,FALSE
IND,2015,QB,LuckAn00,0.9225,TRUE,TRUE,FALSE,TRUE,FALSE
IND,2015,LB,JackDQ20,0.93875,TRUE,TRUE,FALSE,TRUE,FALSE
IND,2015,DL,JeanRi99,0.611875,TRUE,TRUE,FALSE,TRUE,FALSE
IND,2015,S,NA,NA,NA,NA,NA,FALSE,TRUE
IND,2016,RB,GoreFr00,0.625625,TRUE,TRUE,FALSE,TRUE,FALSE
IND,2016,WR,HiltT.00,0.841875,TRUE,TRUE,FALSE,TRUE,FALSE
IND,2016,OT,MewhJa00,0.999375,TRUE,TRUE,TRUE,FALSE,TRUE
IND,2016,EDGE,NA,NA,NA,NA,NA,FALSE,TRUE
IND,2016,TE,FleeCo00,0.6625,TRUE,TRUE,TRUE,FALSE,TRUE
IND,2016,CB,ToleGr99,0.967,TRUE,TRUE,TRUE,FALSE,TRUE
IND,2016,IOL,ThorHu00,0.8830769230769231,TRUE,TRUE,FALSE,TRUE,FALSE
IND,2016,QB,LuckAn00,0.9985714285714286,TRUE,TRUE,TRUE,FALSE,TRUE
IND,2016,LB,JackDQ20,0.955625,TRUE,TRUE,FALSE,TRUE,FALSE
IND,2016,DL,ParrDa00,0.380625,FALSE,FALSE,FALSE,FALSE,TRUE
IND,2016,S,GeatCl00,0.254,FALSE,FALSE,FALSE,FALSE,TRUE
IND,2017,RB,GoreFr00,0.59375,TRUE,TRUE,FALSE,TRUE,FALSE
IND,2017,WR,HiltT.00,0.8625,TRUE,TRUE,FALSE,TRUE,FALSE
IND,2017,OT,CastAn00,0.981875,TRUE,TRUE,FALSE,TRUE,FALSE
IND,2017,EDGE,WaldEr99,0.70125,TRUE,TRUE,TRUE,FALSE,TRUE
IND,2017,TE,AlleDw00,0.6385714285714286,TRUE,TRUE,FALSE,TRUE,FALSE
IND,2017,CB,DaviVo99,0.8657142857142857,TRUE,TRUE,FALSE,TRUE,FALSE
IND,2017,IOL,KellRy00,0.925,TRUE,TRUE,FALSE,TRUE,FALSE
IND,2017,QB,LuckAn00,0.9806666666666667,TRUE,TRUE,FALSE,TRUE,FALSE
IND,2017,LB,JackDQ20,0.8816666666666667,TRUE,TRUE,FALSE,TRUE,FALSE
IND,2017,DL,ParrDa00,0.56625,TRUE,TRUE,FALSE,TRUE,FALSE
IND,2017,S,GeatCl00,0.8888888888888888,TRUE,FALSE,FALSE,FALSE,TRUE
IND,2018,RB,GoreFr00,0.538125,TRUE,TRUE,TRUE,FALSE,TRUE
IND,2018,WR,HiltT.00,0.9,TRUE,TRUE,FALSE,TRUE,FALSE
IND,2018,OT,CastAn00,1,TRUE,TRUE,FALSE,TRUE,FALSE
IND,2018,EDGE,SheaJa00,0.8362499999999999,TRUE,TRUE,FALSE,TRUE,FALSE
IND,2018,TE,NA,NA,NA,NA,NA,FALSE,TRUE
IND,2018,CB,DaviVo99,0.99,TRUE,TRUE,TRUE,FALSE,TRUE
IND,2018,IOL,KellRy00,0.85,TRUE,TRUE,FALSE,TRUE,FALSE
IND,2018,QB,BrisJa00,0.94875,TRUE,TRUE,FALSE,TRUE,FALSE
IND,2018,LB,BostJo00,0.9685714285714285,TRUE,TRUE,TRUE,FALSE,TRUE
IND,2018,DL,HankJo00,0.676,TRUE,TRUE,FALSE,TRUE,FALSE
IND,2018,S,HookMa00,0.8357142857142857,TRUE,TRUE,FALSE,TRUE,FALSE
IND,2019,RB,MackMa00,0.5391666666666667,TRUE,TRUE,FALSE,TRUE,FALSE
IND,2019,WR,HiltT.00,0.7814285714285715,TRUE,TRUE,FALSE,TRUE,FALSE
IND,2019,OT,NA,NA,NA,NA,NA,FALSE,TRUE
IND,2019,EDGE,SheaJa00,0.78,TRUE,TRUE,FALSE,TRUE,FALSE
IND,2019,TE,EbroEr00,0.550625,TRUE,TRUE,FALSE,TRUE,FALSE
IND,2019,CB,DesiPi00,0.86,TRUE,TRUE,TRUE,FALSE,TRUE
IND,2019,IOL,NelsQu00,1,TRUE,TRUE,FALSE,TRUE,FALSE
IND,2019,QB,LuckAn00,0.983125,TRUE,TRUE,FALSE,TRUE,FALSE
IND,2019,LB,LeonDa00,0.976,TRUE,TRUE,FALSE,TRUE,FALSE
IND,2019,DL,WoodAl99,0.39714285714285713,FALSE,FALSE,TRUE,FALSE,TRUE
IND,2019,S,HookMa00,0.9721428571428572,TRUE,TRUE,FALSE,TRUE,FALSE
IND,2020,RB,MackMa00,0.54,TRUE,TRUE,FALSE,TRUE,FALSE
IND,2020,WR,HiltT.00,0.716,TRUE,TRUE,TRUE,FALSE,TRUE
IND,2020,OT,NA,NA,NA,NA,NA,FALSE,TRUE
IND,2020,EDGE,SheaJa00,0.6692307692307692,TRUE,TRUE,TRUE,FALSE,TRUE
IND,2020,TE,EbroEr00,0.42454545454545456,FALSE,FALSE,TRUE,FALSE,TRUE
IND,2020,CB,DesiPi00,0.8816666666666666,TRUE,TRUE,FALSE,TRUE,FALSE
IND,2020,IOL,GlowMa00,1,TRUE,TRUE,FALSE,TRUE,FALSE
IND,2020,QB,BrisJa00,0.9413333333333334,TRUE,TRUE,TRUE,FALSE,TRUE
IND,2020,LB,LeonDa00,0.9761538461538461,TRUE,TRUE,FALSE,TRUE,FALSE
IND,2020,DL,StewGr00,0.56,TRUE,TRUE,FALSE,TRUE,FALSE
IND,2020,S,HookMa00,0.9315384615384615,TRUE,TRUE,FALSE,TRUE,FALSE
IND,2021,RB,TaylJo02,0.5073333333333333,TRUE,TRUE,FALSE,TRUE,FALSE
IND,2021,WR,PittMi01,0.7776923076923077,TRUE,TRUE,FALSE,TRUE,FALSE
IND,2021,OT,VeldJa20,1,TRUE,TRUE,TRUE,FALSE,TRUE
IND,2021,EDGE,BuckDe00,0.7833333333333333,TRUE,TRUE,TRUE,FALSE,TRUE
IND,2021,TE,NA,NA,NA,NA,NA,FALSE,TRUE
IND,2021,CB,RhodXa00,0.87125,TRUE,TRUE,TRUE,FALSE,TRUE
IND,2021,IOL,GlowMa00,1,TRUE,TRUE,FALSE,TRUE,FALSE
IND,2021,QB,RivePh00,0.956875,TRUE,TRUE,TRUE,FALSE,TRUE
IND,2021,LB,LeonDa00,0.9314285714285714,TRUE,TRUE,FALSE,TRUE,FALSE
IND,2021,DL,StewGr00,0.531875,FALSE,FALSE,FALSE,FALSE,TRUE
IND,2021,S,WillKh00,0.9357142857142857,TRUE,FALSE,FALSE,FALSE,TRUE
IND,2022,RB,TaylJo02,0.6947058823529412,TRUE,TRUE,FALSE,TRUE,FALSE
IND,2022,WR,PittMi01,0.8752941176470588,TRUE,TRUE,FALSE,TRUE,FALSE
IND,2022,OT,FishEr00,0.8966666666666666,TRUE,TRUE,TRUE,FALSE,TRUE
IND,2022,EDGE,BuckDe00,0.7735294117647059,TRUE,TRUE,TRUE,FALSE,TRUE
IND,2022,TE,GranKy00,0.20176470588235293,FALSE,FALSE,FALSE,FALSE,TRUE
IND,2022,CB,RhodXa00,0.7553846153846154,TRUE,TRUE,TRUE,FALSE,TRUE
IND,2022,IOL,KellRy00,0.9892857142857143,TRUE,TRUE,FALSE,TRUE,FALSE
IND,2022,QB,WentCa00,0.981764705882353,TRUE,TRUE,FALSE,TRUE,FALSE
IND,2022,LB,OkerBo00,0.9823529411764705,TRUE,TRUE,FALSE,TRUE,FALSE
IND,2022,DL,PayeKw00,0.6633333333333333,TRUE,TRUE,TRUE,FALSE,TRUE
IND,2022,S,BlacJu01,0.9883333333333333,TRUE,TRUE,FALSE,TRUE,FALSE
LAR,2014,RB,NA,NA,NA,NA,NA,FALSE,TRUE
LAR,2014,WR,NA,NA,NA,NA,NA,FALSE,TRUE
LAR,2014,OT,NA,NA,NA,NA,NA,FALSE,TRUE
LAR,2014,EDGE,NA,NA,NA,NA,NA,FALSE,TRUE
LAR,2014,TE,NA,NA,NA,NA,NA,FALSE,TRUE
LAR,2014,CB,NA,NA,NA,NA,NA,FALSE,TRUE
LAR,2014,IOL,NA,NA,NA,NA,NA,FALSE,TRUE
LAR,2014,QB,NA,NA,NA,NA,NA,FALSE,TRUE
LAR,2014,LB,NA,NA,NA,NA,NA,FALSE,TRUE
LAR,2014,DL,NA,NA,NA,NA,NA,FALSE,TRUE
LAR,2014,S,NA,NA,NA,NA,NA,FALSE,TRUE
LAR,2015,RB,NA,NA,NA,NA,NA,FALSE,TRUE
LAR,2015,WR,NA,NA,NA,NA,NA,FALSE,TRUE
LAR,2015,OT,NA,NA,NA,NA,NA,FALSE,TRUE
LAR,2015,EDGE,NA,NA,NA,NA,NA,FALSE,TRUE
LAR,2015,TE,NA,NA,NA,NA,NA,FALSE,TRUE
LAR,2015,CB,NA,NA,NA,NA,NA,FALSE,TRUE
LAR,2015,IOL,NA,NA,NA,NA,NA,FALSE,TRUE
LAR,2015,QB,NA,NA,NA,NA,NA,FALSE,TRUE
LAR,2015,LB,NA,NA,NA,NA,NA,FALSE,TRUE
LAR,2015,DL,NA,NA,NA,NA,NA,FALSE,TRUE
LAR,2015,S,NA,NA,NA,NA,NA,FALSE,TRUE
LAR,2016,RB,NA,NA,NA,NA,NA,FALSE,TRUE
LAR,2016,WR,NA,NA,NA,NA,NA,FALSE,TRUE
LAR,2016,OT,NA,NA,NA,NA,NA,FALSE,TRUE
LAR,2016,EDGE,NA,NA,NA,NA,NA,FALSE,TRUE
LAR,2016,TE,NA,NA,NA,NA,NA,FALSE,TRUE
LAR,2016,CB,NA,NA,NA,NA,NA,FALSE,TRUE
LAR,2016,IOL,NA,NA,NA,NA,NA,FALSE,TRUE
LAR,2016,QB,NA,NA,NA,NA,NA,FALSE,TRUE
LAR,2016,LB,NA,NA,NA,NA,NA,FALSE,TRUE
LAR,2016,DL,NA,NA,NA,NA,NA,FALSE,TRUE
LAR,2016,S,NA,NA,NA,NA,NA,FALSE,TRUE
LAR,2017,RB,GurlTo01,0.739375,TRUE,TRUE,FALSE,TRUE,FALSE
LAR,2017,WR,BritKe00,0.8333333333333334,TRUE,TRUE,TRUE,FALSE,TRUE
LAR,2017,OT,RobiGr01,1,TRUE,TRUE,FALSE,TRUE,FALSE
LAR,2017,EDGE,QuinRo00,0.5833333333333334,FALSE,FALSE,FALSE,FALSE,TRUE
LAR,2017,TE,KendLa00,0.824375,TRUE,TRUE,FALSE,TRUE,FALSE
LAR,2017,CB,BarrMa00,0.996875,TRUE,TRUE,TRUE,FALSE,TRUE
LAR,2017,IOL,WichCo00,0.7858333333333334,TRUE,FALSE,FALSE,FALSE,TRUE
LAR,2017,QB,GoffJa00,0.94,TRUE,TRUE,FALSE,TRUE,FALSE
LAR,2017,LB,OgleAl00,1,TRUE,TRUE,TRUE,FALSE,TRUE
LAR,2017,DL,DonaAa00,0.765625,TRUE,TRUE,FALSE,TRUE,FALSE
LAR,2017,S,ChriMa00,0.004545454545454545,FALSE,FALSE,FALSE,FALSE,TRUE
LAR,2018,RB,GurlTo01,0.822,TRUE,TRUE,FALSE,TRUE,FALSE
LAR,2018,WR,WoodRo02,0.8208333333333333,TRUE,TRUE,FALSE,TRUE,FALSE
LAR,2018,OT,BrowJa04,0.99875,TRUE,TRUE,TRUE,FALSE,TRUE
LAR,2018,EDGE,BarwCo99,0.7078571428571429,TRUE,TRUE,TRUE,FALSE,TRUE
LAR,2018,TE,HigbTy00,0.711875,TRUE,TRUE,FALSE,TRUE,FALSE
LAR,2018,CB,JohnTr05,0.864375,TRUE,TRUE,TRUE,FALSE,TRUE
LAR,2018,IOL,SullJo24,0.896,TRUE,TRUE,TRUE,FALSE,TRUE
LAR,2018,QB,GoffJa00,0.964,TRUE,TRUE,FALSE,TRUE,FALSE
LAR,2018,LB,OgleAl00,0.9066666666666666,TRUE,TRUE,FALSE,TRUE,FALSE
LAR,2018,DL,DonaAa00,0.82,TRUE,TRUE,TRUE,FALSE,TRUE
LAR,2018,S,JohnJo10,0.66875,FALSE,FALSE,FALSE,FALSE,TRUE
LAR,2019,RB,GurlTo01,0.8621428571428571,TRUE,TRUE,FALSE,TRUE,FALSE
LAR,2019,WR,WoodRo02,0.94625,TRUE,TRUE,FALSE,TRUE,FALSE
LAR,2019,OT,HaveRo00,1,TRUE,TRUE,FALSE,TRUE,FALSE
LAR,2019,EDGE,FowlDa00,0.7725,TRUE,TRUE,TRUE,FALSE,TRUE
LAR,2019,TE,HigbTy00,0.714375,TRUE,TRUE,FALSE,TRUE,FALSE
LAR,2019,CB,JoynLa00,0.9486666666666667,TRUE,TRUE,TRUE,FALSE,TRUE
LAR,2019,IOL,BlytAu00,1,TRUE,TRUE,FALSE,TRUE,FALSE
LAR,2019,QB,GoffJa00,0.966875,TRUE,TRUE,FALSE,TRUE,FALSE
LAR,2019,LB,WilsRa00,0.16499999999999998,FALSE,FALSE,TRUE,FALSE,TRUE
LAR,2019,DL,DonaAa00,0.9,TRUE,TRUE,FALSE,TRUE,FALSE
LAR,2019,S,JohnJo10,0.946875,TRUE,TRUE,FALSE,TRUE,FALSE
LAR,2020,RB,GurlTo01,0.7473333333333333,TRUE,TRUE,FALSE,TRUE,FALSE
LAR,2020,WR,WoodRo02,0.9333333333333333,TRUE,TRUE,FALSE,TRUE,FALSE
LAR,2020,OT,WhitAn20,0.991875,TRUE,TRUE,TRUE,FALSE,TRUE
LAR,2020,EDGE,FowlDa00,0.7975,TRUE,TRUE,TRUE,FALSE,TRUE
LAR,2020,TE,HigbTy00,0.6653333333333333,TRUE,TRUE,FALSE,TRUE,FALSE
LAR,2020,CB,PeteMa00,0.9733333333333334,TRUE,TRUE,FALSE,TRUE,FALSE
LAR,2020,IOL,CorbAu00,0.97875,TRUE,TRUE,FALSE,TRUE,FALSE
LAR,2020,QB,GoffJa00,0.990625,TRUE,TRUE,FALSE,TRUE,FALSE
LAR,2020,LB,MattCl99,0.6861538461538461,FALSE,FALSE,TRUE,FALSE,TRUE
LAR,2020,DL,DonaAa00,0.8325,TRUE,TRUE,FALSE,TRUE,FALSE
LAR,2020,S,JohnJo10,0.9416666666666667,TRUE,TRUE,FALSE,TRUE,FALSE
LAR,2021,RB,HendDa00,0.336,FALSE,FALSE,FALSE,FALSE,TRUE
LAR,2021,WR,WoodRo02,0.895625,TRUE,TRUE,FALSE,TRUE,FALSE
LAR,2021,OT,HaveRo00,0.9975,TRUE,TRUE,FALSE,TRUE,FALSE
LAR,2021,EDGE,FloyLe00,0.8925,TRUE,TRUE,TRUE,FALSE,TRUE
LAR,2021,TE,HigbTy00,0.78,TRUE,TRUE,FALSE,TRUE,FALSE
LAR,2021,CB,RamsJa00,0.9793333333333333,TRUE,TRUE,FALSE,TRUE,FALSE
LAR,2021,IOL,BlytAu00,1,TRUE,TRUE,TRUE,FALSE,TRUE
LAR,2021,QB,GoffJa00,1,TRUE,TRUE,FALSE,TRUE,FALSE
LAR,2021,LB,KiseMi00,0.9422222222222222,TRUE,FALSE,FALSE,FALSE,TRUE
LAR,2021,DL,DonaAa00,0.845,TRUE,TRUE,FALSE,TRUE,FALSE
LAR,2021,S,JohnJo10,1,TRUE,TRUE,TRUE,FALSE,TRUE
LAR,2022,RB,HendDa00,0.6658333333333333,TRUE,TRUE,FALSE,TRUE,FALSE
LAR,2022,WR,KuppCo00,0.9411764705882353,TRUE,TRUE,FALSE,TRUE,FALSE
LAR,2022,OT,EdwaDa01,0.9964705882352941,TRUE,TRUE,TRUE,FALSE,TRUE
LAR,2022,EDGE,FloyLe00,0.8023529411764706,TRUE,TRUE,FALSE,TRUE,FALSE
LAR,2022,TE,HigbTy00,0.918,TRUE,TRUE,FALSE,TRUE,FALSE
LAR,2022,CB,RamsJa00,0.954375,TRUE,TRUE,FALSE,TRUE,FALSE
LAR,2022,IOL,CorbAu00,0.9923529411764705,TRUE,TRUE,TRUE,FALSE,TRUE
LAR,2022,QB,StafMa00,0.9794117647058823,TRUE,TRUE,TRUE,FALSE,TRUE
LAR,2022,LB,NA,NA,NA,NA,NA,FALSE,TRUE
LAR,2022,DL,DonaAa00,0.8952941176470588,TRUE,TRUE,FALSE,TRUE,FALSE
LAR,2022,S,RappTa00,0.9564705882352941,TRUE,TRUE,FALSE,TRUE,FALSE
LAC,2014,RB,NA,NA,NA,NA,NA,FALSE,TRUE
LAC,2014,WR,NA,NA,NA,NA,NA,FALSE,TRUE
LAC,2014,OT,NA,NA,NA,NA,NA,FALSE,TRUE
LAC,2014,EDGE,NA,NA,NA,NA,NA,FALSE,TRUE
LAC,2014,TE,NA,NA,NA,NA,NA,FALSE,TRUE
LAC,2014,CB,NA,NA,NA,NA,NA,FALSE,TRUE
LAC,2014,IOL,NA,NA,NA,NA,NA,FALSE,TRUE
LAC,2014,QB,NA,NA,NA,NA,NA,FALSE,TRUE
LAC,2014,LB,NA,NA,NA,NA,NA,FALSE,TRUE
LAC,2014,DL,NA,NA,NA,NA,NA,FALSE,TRUE
LAC,2014,S,NA,NA,NA,NA,NA,FALSE,TRUE
LAC,2015,RB,NA,NA,NA,NA,NA,FALSE,TRUE
LAC,2015,WR,NA,NA,NA,NA,NA,FALSE,TRUE
LAC,2015,OT,NA,NA,NA,NA,NA,FALSE,TRUE
LAC,2015,EDGE,NA,NA,NA,NA,NA,FALSE,TRUE
LAC,2015,TE,NA,NA,NA,NA,NA,FALSE,TRUE
LAC,2015,CB,NA,NA,NA,NA,NA,FALSE,TRUE
LAC,2015,IOL,NA,NA,NA,NA,NA,FALSE,TRUE
LAC,2015,QB,NA,NA,NA,NA,NA,FALSE,TRUE
LAC,2015,LB,NA,NA,NA,NA,NA,FALSE,TRUE
LAC,2015,DL,NA,NA,NA,NA,NA,FALSE,TRUE
LAC,2015,S,NA,NA,NA,NA,NA,FALSE,TRUE
LAC,2016,RB,NA,NA,NA,NA,NA,FALSE,TRUE
LAC,2016,WR,NA,NA,NA,NA,NA,FALSE,TRUE
LAC,2016,OT,NA,NA,NA,NA,NA,FALSE,TRUE
LAC,2016,EDGE,NA,NA,NA,NA,NA,FALSE,TRUE
LAC,2016,TE,NA,NA,NA,NA,NA,FALSE,TRUE
LAC,2016,CB,NA,NA,NA,NA,NA,FALSE,TRUE
LAC,2016,IOL,NA,NA,NA,NA,NA,FALSE,TRUE
LAC,2016,QB,NA,NA,NA,NA,NA,FALSE,TRUE
LAC,2016,LB,NA,NA,NA,NA,NA,FALSE,TRUE
LAC,2016,DL,NA,NA,NA,NA,NA,FALSE,TRUE
LAC,2016,S,NA,NA,NA,NA,NA,FALSE,TRUE
LAC,2017,RB,NA,NA,NA,NA,NA,FALSE,TRUE
LAC,2017,WR,NA,NA,NA,NA,NA,FALSE,TRUE
LAC,2017,OT,NA,NA,NA,NA,NA,FALSE,TRUE
LAC,2017,EDGE,NA,NA,NA,NA,NA,FALSE,TRUE
LAC,2017,TE,NA,NA,NA,NA,NA,FALSE,TRUE
LAC,2017,CB,NA,NA,NA,NA,NA,FALSE,TRUE
LAC,2017,IOL,NA,NA,NA,NA,NA,FALSE,TRUE
LAC,2017,QB,NA,NA,NA,NA,NA,FALSE,TRUE
LAC,2017,LB,NA,NA,NA,NA,NA,FALSE,TRUE
LAC,2017,DL,NA,NA,NA,NA,NA,FALSE,TRUE
LAC,2017,S,NA,NA,NA,NA,NA,FALSE,TRUE
LAC,2018,RB,GordMe00,0.7075,TRUE,TRUE,FALSE,TRUE,FALSE
LAC,2018,WR,AlleKe00,0.844375,TRUE,TRUE,FALSE,TRUE,FALSE
LAC,2018,OT,OkunRu20,0.938,TRUE,TRUE,FALSE,TRUE,FALSE
LAC,2018,EDGE,IngrMe00,0.84625,TRUE,TRUE,FALSE,TRUE,FALSE
LAC,2018,TE,HenrHu00,0.6457142857142857,TRUE,TRUE,FALSE,TRUE,FALSE
LAC,2018,CB,BostTr00,0.99375,TRUE,TRUE,TRUE,FALSE,TRUE
LAC,2018,IOL,SlauMa20,0.9428571428571428,TRUE,TRUE,TRUE,FALSE,TRUE
LAC,2018,QB,RivePh00,0.96875,TRUE,TRUE,FALSE,TRUE,FALSE
LAC,2018,LB,PerrDe00,0.6314285714285715,FALSE,FALSE,FALSE,FALSE,TRUE
LAC,2018,DL,MebaBr99,0.50875,FALSE,FALSE,FALSE,FALSE,TRUE
LAC,2018,S,KingDe01,0.688125,FALSE,FALSE,TRUE,FALSE,TRUE
LAC,2019,RB,GordMe00,0.6933333333333334,TRUE,TRUE,TRUE,FALSE,TRUE
LAC,2019,WR,AlleKe00,0.805625,TRUE,TRUE,FALSE,TRUE,FALSE
LAC,2019,OT,OkunRu20,0.9333333333333333,TRUE,TRUE,FALSE,TRUE,FALSE
LAC,2019,EDGE,IngrMe00,0.838125,TRUE,TRUE,FALSE,TRUE,FALSE
LAC,2019,TE,GreeVi00,0.68375,TRUE,TRUE,FALSE,TRUE,FALSE
LAC,2019,CB,HaywCa00,0.98,TRUE,TRUE,FALSE,TRUE,FALSE
LAC,2019,IOL,FeenDa00,1,TRUE,TRUE,FALSE,TRUE,FALSE
LAC,2019,QB,RivePh00,0.96875,TRUE,TRUE,TRUE,FALSE,TRUE
LAC,2019,LB,PerrDe00,0.65,FALSE,FALSE,TRUE,FALSE,TRUE
LAC,2019,DL,PhilDa01,0.586875,TRUE,TRUE,TRUE,FALSE,TRUE
LAC,2019,S,JameDe00,0.99125,TRUE,TRUE,FALSE,TRUE,FALSE
LAC,2020,RB,NA,NA,NA,NA,NA,FALSE,TRUE
LAC,2020,WR,AlleKe00,0.87875,TRUE,TRUE,TRUE,FALSE,TRUE
LAC,2020,OT,TeviSa00,0.8742857142857143,TRUE,TRUE,FALSE,TRUE,FALSE
LAC,2020,EDGE,BosaJo00,0.860625,TRUE,TRUE,TRUE,FALSE,TRUE
LAC,2020,TE,HenrHu00,0.7875,TRUE,TRUE,TRUE,FALSE,TRUE
LAC,2020,CB,HaywCa00,0.974375,TRUE,TRUE,FALSE,TRUE,FALSE
LAC,2020,IOL,SchoMi00,1,TRUE,TRUE,TRUE,FALSE,TRUE
LAC,2020,QB,NA,NA,NA,NA,NA,FALSE,TRUE
LAC,2020,LB,DaviTh20,0.831875,TRUE,TRUE,FALSE,TRUE,FALSE
LAC,2020,DL,JoneJu03,0.7,TRUE,TRUE,FALSE,TRUE,FALSE
LAC,2020,S,JameDe00,0.992,TRUE,TRUE,FALSE,TRUE,FALSE
LAC,2021,RB,BallKa00,0.42875,TRUE,FALSE,FALSE,FALSE,TRUE
LAC,2021,WR,AlleKe00,0.8264285714285714,TRUE,TRUE,FALSE,TRUE,FALSE
LAC,2021,OT,TeviSa00,0.9935714285714285,TRUE,TRUE,TRUE,FALSE,TRUE
LAC,2021,EDGE,IngrMe00,0.8185714285714286,TRUE,TRUE,TRUE,FALSE,TRUE
LAC,2021,TE,HenrHu00,0.8707142857142857,TRUE,TRUE,TRUE,FALSE,TRUE
LAC,2021,CB,HaywCa00,0.865,TRUE,TRUE,TRUE,FALSE,TRUE
LAC,2021,IOL,FeenDa00,1,TRUE,TRUE,TRUE,FALSE,TRUE
LAC,2021,QB,HerbJu00,0.9966666666666667,TRUE,TRUE,FALSE,TRUE,FALSE
LAC,2021,LB,MurrKe00,0.9175,TRUE,TRUE,FALSE,TRUE,FALSE
LAC,2021,DL,TillJe00,0.721875,TRUE,TRUE,FALSE,TRUE,FALSE
LAC,2021,S,AddeNa00,0.9213333333333333,TRUE,FALSE,FALSE,FALSE,TRUE
LAC,2022,RB,JackJu01,0.23642857142857143,FALSE,FALSE,TRUE,FALSE,TRUE
LAC,2022,WR,AlleKe00,0.8675,TRUE,TRUE,FALSE,TRUE,FALSE
LAC,2022,OT,AbouOd00,0.8140000000000001,TRUE,TRUE,TRUE,FALSE,TRUE
LAC,2022,EDGE,BosaJo00,0.78,TRUE,TRUE,FALSE,TRUE,FALSE
LAC,2022,TE,CookJa02,0.570625,TRUE,TRUE,TRUE,FALSE,TRUE
LAC,2022,CB,SamuAs00,0.8433333333333333,TRUE,TRUE,FALSE,TRUE,FALSE
LAC,2022,IOL,SlatRa00,1,TRUE,TRUE,TRUE,FALSE,TRUE
LAC,2022,QB,HerbJu00,0.9958823529411764,TRUE,TRUE,FALSE,TRUE,FALSE
LAC,2022,LB,TranDr00,0.5828571428571429,FALSE,FALSE,FALSE,FALSE,TRUE
LAC,2022,DL,TillJe00,0.7875,TRUE,TRUE,FALSE,TRUE,FALSE
LAC,2022,S,AddeNa00,0.97,TRUE,FALSE,FALSE,FALSE,TRUE
LVR,2014,RB,NA,NA,NA,NA,NA,FALSE,TRUE
LVR,2014,WR,NA,NA,NA,NA,NA,FALSE,TRUE
LVR,2014,OT,NA,NA,NA,NA,NA,FALSE,TRUE
LVR,2014,EDGE,NA,NA,NA,NA,NA,FALSE,TRUE
LVR,2014,TE,NA,NA,NA,NA,NA,FALSE,TRUE
LVR,2014,CB,NA,NA,NA,NA,NA,FALSE,TRUE
LVR,2014,IOL,NA,NA,NA,NA,NA,FALSE,TRUE
LVR,2014,QB,NA,NA,NA,NA,NA,FALSE,TRUE
LVR,2014,LB,NA,NA,NA,NA,NA,FALSE,TRUE
LVR,2014,DL,NA,NA,NA,NA,NA,FALSE,TRUE
LVR,2014,S,NA,NA,NA,NA,NA,FALSE,TRUE
LVR,2015,RB,NA,NA,NA,NA,NA,FALSE,TRUE
LVR,2015,WR,NA,NA,NA,NA,NA,FALSE,TRUE
LVR,2015,OT,NA,NA,NA,NA,NA,FALSE,TRUE
LVR,2015,EDGE,NA,NA,NA,NA,NA,FALSE,TRUE
LVR,2015,TE,NA,NA,NA,NA,NA,FALSE,TRUE
LVR,2015,CB,NA,NA,NA,NA,NA,FALSE,TRUE
LVR,2015,IOL,NA,NA,NA,NA,NA,FALSE,TRUE
LVR,2015,QB,NA,NA,NA,NA,NA,FALSE,TRUE
LVR,2015,LB,NA,NA,NA,NA,NA,FALSE,TRUE
LVR,2015,DL,NA,NA,NA,NA,NA,FALSE,TRUE
LVR,2015,S,NA,NA,NA,NA,NA,FALSE,TRUE
LVR,2016,RB,NA,NA,NA,NA,NA,FALSE,TRUE
LVR,2016,WR,NA,NA,NA,NA,NA,FALSE,TRUE
LVR,2016,OT,NA,NA,NA,NA,NA,FALSE,TRUE
LVR,2016,EDGE,NA,NA,NA,NA,NA,FALSE,TRUE
LVR,2016,TE,NA,NA,NA,NA,NA,FALSE,TRUE
LVR,2016,CB,NA,NA,NA,NA,NA,FALSE,TRUE
LVR,2016,IOL,NA,NA,NA,NA,NA,FALSE,TRUE
LVR,2016,QB,NA,NA,NA,NA,NA,FALSE,TRUE
LVR,2016,LB,NA,NA,NA,NA,NA,FALSE,TRUE
LVR,2016,DL,NA,NA,NA,NA,NA,FALSE,TRUE
LVR,2016,S,NA,NA,NA,NA,NA,FALSE,TRUE
LVR,2017,RB,NA,NA,NA,NA,NA,FALSE,TRUE
LVR,2017,WR,NA,NA,NA,NA,NA,FALSE,TRUE
LVR,2017,OT,NA,NA,NA,NA,NA,FALSE,TRUE
LVR,2017,EDGE,NA,NA,NA,NA,NA,FALSE,TRUE
LVR,2017,TE,NA,NA,NA,NA,NA,FALSE,TRUE
LVR,2017,CB,NA,NA,NA,NA,NA,FALSE,TRUE
LVR,2017,IOL,NA,NA,NA,NA,NA,FALSE,TRUE
LVR,2017,QB,NA,NA,NA,NA,NA,FALSE,TRUE
LVR,2017,LB,NA,NA,NA,NA,NA,FALSE,TRUE
LVR,2017,DL,NA,NA,NA,NA,NA,FALSE,TRUE
LVR,2017,S,NA,NA,NA,NA,NA,FALSE,TRUE
LVR,2018,RB,NA,NA,NA,NA,NA,FALSE,TRUE
LVR,2018,WR,NA,NA,NA,NA,NA,FALSE,TRUE
LVR,2018,OT,NA,NA,NA,NA,NA,FALSE,TRUE
LVR,2018,EDGE,NA,NA,NA,NA,NA,FALSE,TRUE
LVR,2018,TE,NA,NA,NA,NA,NA,FALSE,TRUE
LVR,2018,CB,NA,NA,NA,NA,NA,FALSE,TRUE
LVR,2018,IOL,NA,NA,NA,NA,NA,FALSE,TRUE
LVR,2018,QB,NA,NA,NA,NA,NA,FALSE,TRUE
LVR,2018,LB,NA,NA,NA,NA,NA,FALSE,TRUE
LVR,2018,DL,NA,NA,NA,NA,NA,FALSE,TRUE
LVR,2018,S,NA,NA,NA,NA,NA,FALSE,TRUE
LVR,2019,RB,NA,NA,NA,NA,NA,FALSE,TRUE
LVR,2019,WR,NA,NA,NA,NA,NA,FALSE,TRUE
LVR,2019,OT,NA,NA,NA,NA,NA,FALSE,TRUE
LVR,2019,EDGE,NA,NA,NA,NA,NA,FALSE,TRUE
LVR,2019,TE,NA,NA,NA,NA,NA,FALSE,TRUE
LVR,2019,CB,NA,NA,NA,NA,NA,FALSE,TRUE
LVR,2019,IOL,NA,NA,NA,NA,NA,FALSE,TRUE
LVR,2019,QB,NA,NA,NA,NA,NA,FALSE,TRUE
LVR,2019,LB,NA,NA,NA,NA,NA,FALSE,TRUE
LVR,2019,DL,NA,NA,NA,NA,NA,FALSE,TRUE
LVR,2019,S,NA,NA,NA,NA,NA,FALSE,TRUE
LVR,2020,RB,NA,NA,NA,NA,NA,FALSE,TRUE
LVR,2020,WR,NA,NA,NA,NA,NA,FALSE,TRUE
LVR,2020,OT,NA,NA,NA,NA,NA,FALSE,TRUE
LVR,2020,EDGE,NA,NA,NA,NA,NA,FALSE,TRUE
LVR,2020,TE,NA,NA,NA,NA,NA,FALSE,TRUE
LVR,2020,CB,NA,NA,NA,NA,NA,FALSE,TRUE
LVR,2020,IOL,NA,NA,NA,NA,NA,FALSE,TRUE
LVR,2020,QB,NA,NA,NA,NA,NA,FALSE,TRUE
LVR,2020,LB,NA,NA,NA,NA,NA,FALSE,TRUE
LVR,2020,DL,NA,NA,NA,NA,NA,FALSE,TRUE
LVR,2020,S,NA,NA,NA,NA,NA,FALSE,TRUE
LVR,2021,RB,JacoJo01,0.6126666666666667,TRUE,TRUE,FALSE,TRUE,FALSE
LVR,2021,WR,WallDa01,0.9175,TRUE,TRUE,TRUE,FALSE,TRUE
LVR,2021,OT,MillKo00,1,TRUE,TRUE,FALSE,TRUE,FALSE
LVR,2021,EDGE,CrosMa00,0.83,TRUE,TRUE,FALSE,TRUE,FALSE
LVR,2021,TE,WittJa00,0.375,FALSE,FALSE,TRUE,FALSE,TRUE
LVR,2021,CB,MullTr00,0.868125,TRUE,TRUE,FALSE,TRUE,FALSE
LVR,2021,IOL,HudsRo00,1,TRUE,TRUE,FALSE,TRUE,FALSE
LVR,2021,QB,CarrDe02,0.935625,TRUE,TRUE,FALSE,TRUE,FALSE
LVR,2021,LB,KwiaNi00,0.8016666666666666,TRUE,TRUE,FALSE,TRUE,FALSE
LVR,2021,DL,HankJo00,0.613125,TRUE,TRUE,TRUE,FALSE,TRUE
LVR,2021,S,AbraJo01,0.9623076923076923,TRUE,FALSE,FALSE,FALSE,TRUE
LVR,2022,RB,JacoJo01,0.6326666666666667,TRUE,TRUE,FALSE,TRUE,FALSE
LVR,2022,WR,WallDa01,0.8290909090909091,TRUE,TRUE,TRUE,FALSE,TRUE
LVR,2022,OT,MillKo00,1,TRUE,TRUE,FALSE,TRUE,FALSE
LVR,2022,EDGE,CrosMa00,0.7988235294117647,TRUE,TRUE,FALSE,TRUE,FALSE
LVR,2022,TE,MoreFo00,0.6464705882352941,TRUE,TRUE,FALSE,TRUE,FALSE
LVR,2022,CB,HaywCa00,0.9458823529411765,TRUE,TRUE,TRUE,FALSE,TRUE
LVR,2022,IOL,LeatAl00,0.96882352941176475,TRUE,FALSE,FALSE,FALSE,TRUE
LVR,2022,QB,CarrDe02,0.99,TRUE,TRUE,TRUE,FALSE,TRUE
LVR,2022,LB,PerrDe00,0.8346666666666667,TRUE,TRUE,FALSE,TRUE,FALSE
LVR,2022,DL,JeffQu00,0.5976470588235294,TRUE,TRUE,TRUE,FALSE,TRUE
LVR,2022,S,MoehTr00,0.9958823529411764,TRUE,TRUE,TRUE,FALSE,TRUE
