tm_player_id,gsis_player_id,elias_player_id,nfl_player_id,tm_full_name,tm_position,elias_team_id,tm_team_abbrev,tm_season_year,tm_height,tm_weight,tm_dob,tm_age_sep1,tm_college,tm_college_conf,tm_experience,tm_jersey_number,tm_draft_round,tm_draft_num_in_round,tm_draft_number_overall,tm_draft_team,tm_draft_year,tm_40_time,tm_bench_reps,tm_broad_jump,tm_20_shuttle,tm_3_cone,tm_arm_length,tm_hand_span,tm_vert_jump,tm_wing_span,tm_athlete_score,tm_combine_score,tm_size_score,tm_production_score,tm_proday_dash40,tm_proday_3cone,tm_proday_bench,tm_proday_long_jump,tm_proday_ss20,tm_proday_vert
38383,00-0038383,VOR148318,,Andrew Vorhees,G,325,BAL,2025,78,320,1999-01-21,26.611,USC,Pacific Twelve Conference,3,72,7,Undrafted,229.0,BAL,2023,,38.0,105.0,,,32.125,10.0,29.0,77.75,66.3,74.9,,75.0,,,,,,
38387,00-0038387,WOO268652,,Colby Wooden,DE,1800,GB,2025,76,273,2000-12-21,24.693,Auburn,Southeastern Conference,3,96,4,Undrafted,116.0,GB,2023,4.79,23.0,115.0,4.52,,33.75,10.375,,80.375,70.8,73.5,,80.9,,,,,,
38408,00-0038408,VAL326982,,Carrington Valentine,DB,1800,GB,2025,72,189,2001-09-09,23.978,Kentucky,Southeastern Conference,3,24,7,Undrafted,232.0,GB,2023,,9.0,128.0,,,32.25,9.25,39.0,76.0,71.9,63.5,,54.8,,,,,,
38504,00-0038504,SIM632785,,Trenton Simpson,LB,325,BAL,2025,74,235,2001-06-14,24.216,Clemson,Atlantic Coast Conference,3,32,3,Undrafted,86.0,BAL,2023,4.43,25.0,,,,32.375,10.25,,77.5,88.3,81.9,,76.1,,,,,,
38543,00-0038543,SMI829636,,Jaxon Smith-Njigba,WR,4600,SEA,2025,72,197,2002-02-14,23.545,Ohio State,Big Ten Conference,3,11,1,Undrafted,20.0,SEA,2023,,,125.0,3.93,6.57,30.5,9.0,35.0,75.5,88.7,83.6,,67.8,,,,,,
38546,00-0038546,MUR519902,,Myles Murphy,DE,920,CIN,2025,77,275,2002-01-03,23.66,Clemson,Atlantic Coast Conference,3,99,1,Undrafted,28.0,CIN,2023,,25.0,,,,33.75,8.5,,81.125,79.4,79.8,,72.1,,,,,,
38547,00-0038547,SCH471986,,Luke Schoonmaker,TE,1200,DAL,2025,77,250,1998-09-28,26.926,Michigan,Big Ten Conference,3,86,2,Undrafted,58.0,DAL,2023,4.63,,127.0,4.27,,32.875,9.0,33.5,78.125,84.2,75.5,,62.0,,,,,,
38548,00-0038548,TOR694111,,O'Cyrus Torrence,G,610,BUF,2025,77,347,2000-01-20,25.613,Florida,Southeastern Conference,3,64,2,Undrafted,59.0,BUF,2023,5.31,23.0,101.0,4.81,,33.875,11.25,23.5,83.875,66.6,80.6,,82.3,,,,,,
38549,00-0038549,TUR283151,,DJ Turner II,CB,920,CIN,2025,71,185,2000-11-09,24.808,Michigan,Big Ten Conference,3,20,2,Undrafted,60.0,CIN,2023,4.26,,131.0,,,30.75,9.625,38.5,73.375,97.0,86.2,,74.4,,,,,,
38552,00-0038552,MOS709340,,Riley Moss,CB,1400,DEN,2025,72,193,2000-03-03,25.496,Iowa,Big Ten Conference,3,21,3,Undrafted,83.0,DEN,2023,4.45,,127.0,,,30.0,9.5,39.0,74.125,82.5,76.3,,70.4,,,,,,
38554,00-0038554,BRO492777,,Ji'Ayir Brown,SAF,4500,SF,2025,71,202,2000-01-25,25.6,Penn State,Big Ten Conference,3,27,3,Undrafted,87.0,SF,2023,4.65,18.0,119.0,,,31.25,10.125,32.5,75.75,56.3,78.5,70.7,89.1,,,,,,
38565,00-0038565,BLA289825,,Mekhi Blackmon,DB,2200,IND,2025,71,178,1999-03-18,26.457,USC,Pacific Twelve Conference,3,29,3,Undrafted,102.0,MIN,2023,4.47,11.0,125.0,,,31.0,9.25,36.0,74.625,72.5,72.0,,67.9,,,,,,
38570,00-0038570,MIL588972,,Ventrell Miller,LB,2250,JAX,2025,72,232,1999-01-15,26.627,Florida,Southeastern Conference,3,51,4,Undrafted,121.0,JAX,2023,,,,,,32.5,9.125,,78.875,60.7,62.6,,66.4,,,,,,
38591,00-0038591,MOR480831,,Mike Morris,DE,4600,SEA,2025,78,295,2001-04-22,24.361,Michigan,Big Ten Conference,3,94,5,Undrafted,151.0,SEA,2023,4.95,22.0,110.0,,,33.5,10.0,28.5,81.875,58.3,76.1,,75.5,,,,,,
38594,00-0038594,LUT138430,,Darrell Luter Jr.,CB,4500,SF,2025,72,190,2000-04-24,25.353,South Alabama,Sun Belt Conference,3,28,5,Undrafted,155.0,SF,2023,4.46,,123.0,4.43,6.9,32.375,10.375,40.5,77.875,63.9,57.8,,54.6,,,,,,
38596,00-0038596,JOH061167,,Antonio Johnson,DB,2250,JAX,2025,74,198,2001-10-29,23.841,Texas A&M,Southeastern Conference,3,26,5,Undrafted,160.0,JAX,2023,4.52,8.0,118.0,,,32.125,9.75,31.0,77.875,59.0,78.8,79.1,79.8,,,,,,
38597,00-0038597,BRO340581,,Chase Brown,RB,920,CIN,2025,70,211,2000-03-21,25.446,Illinois,Big Ten Conference,3,30,5,Undrafted,163.0,CIN,2023,4.43,25.0,127.0,,,31.0,10.0,40.0,75.125,84.4,76.2,70.3,68.0,,,,,,
38609,00-0038609,WYP415291,,Luke Wypler,C,1050,CLE,2025,75,303,2001-05-03,24.331,Ohio State,Big Ten Conference,3,56,6,Undrafted,190.0,CLE,2023,5.14,29.0,106.0,4.53,7.64,31.625,9.625,30.5,77.125,81.6,79.4,,73.2,,,,,,
38618,00-0038618,HUT304546,,Xavier Hutchinson,WR,2120,HOU,2025,75,210,2000-06-01,25.249,Iowa State,Big Twelve Conference,3,19,6,Undrafted,205.0,HOU,2023,4.53,,116.0,4.35,6.91,31.375,9.375,36.0,74.875,69.0,74.0,,76.2,,,,,,
38619,00-0038619,IOS307886,,Andrei Iosivas,WR,920,CIN,2025,75,210,1999-10-15,25.88,Princeton,Ivy League,3,80,6,Undrafted,206.0,CIN,2023,4.43,19.0,128.0,4.12,6.85,32.0,8.75,39.0,76.75,84.4,73.3,,60.8,,,,,,
38621,00-0038621,DOU259552,,DeMario Douglas,WR,3200,NE,2025,68,192,2000-12-08,24.729,Liberty,Independent,3,3,6,Undrafted,210.0,NE,2023,4.44,,134.0,4.29,,30.25,8.75,39.5,72.5,76.9,68.4,,65.8,,,,,,
38623,00-0038623,STI401047,,Dante Stills,DT,3800,ARI,2025,76,300,1999-12-14,25.715,West Virginia,Big Twelve Conference,3,55,6,Undrafted,213.0,ARI,2023,4.85,20.0,113.0,4.61,7.38,32.375,9.625,28.5,78.0,74.3,69.1,,65.9,,,,,,
38629,00-0038629,GWY415291,,Jovaughn Gwyn,G,200,ATL,2025,74,310,1999-03-18,26.457,South Carolina,Southeastern Conference,3,52,7,Undrafted,225.0,ATL,2023,5.12,34.0,109.0,4.8,7.9,31.75,9.875,27.5,77.0,63.8,60.2,,50.0,,,,,,
39002,00-0039002,BRO695003,,Sydney Brown,SAF,3700,PHI,2025,70,211,2000-03-21,25.446,Illinois,Big Ten Conference,3,21,3,Undrafted,66.0,PHI,2023,4.47,23.0,130.0,,,31.5,10.25,40.5,76.0,89.3,75.2,73.1,66.0,,,,,,
39018,00-0039018,CAM364731,,Jack Campbell,LB,1540,DET,2025,77,246,2000-08-22,25.025,Iowa,Big Ten Conference,3,46,1,Undrafted,18.0,DET,2023,4.65,,128.0,4.24,6.74,31.875,10.25,37.5,78.25,89.5,81.8,,73.5,,,,,,
39020,00-0039020,BRA094410,,Anthony Bradford,G,4600,SEA,2025,76,335,2001-04-28,24.345,LSU,Southeastern Conference,3,75,4,Undrafted,108.0,SEA,2023,5.08,34.0,106.0,4.8,7.84,33.5,9.5,30.0,80.375,81.0,65.2,,53.3,,,,,,
38555,00-0038555,BIG732544,,Tank Bigsby,RB,3700,PHI,2025,71,215,2002-08-30,23.005,Auburn,Southeastern Conference,3,37,3,Undrafted,88.0,JAX,2023,4.56,21.0,119.0,,,32.0,9.5,32.5,76.625,67.3,73.9,77.7,71.3,,,,,,
38560,00-0038560,BAT472711,,Jordan Battle,SAF,920,CIN,2025,73,215,2000-12-14,24.713,Alabama,Southeastern Conference,3,27,3,Undrafted,95.0,CIN,2023,4.55,17.0,,,,32.0,8.5,,74.625,74.1,78.5,78.6,75.7,,,,,,
38982,00-0038982,CON433448,,Chamarri Conner,DB,2310,KC,2025,72,202,2000-07-11,25.14,Virginia Tech,Atlantic Coast Conference,3,27,4,Undrafted,119.0,KC,2023,4.51,20.0,125.0,,,31.375,9.0,40.5,76.125,77.6,66.4,75.6,57.8,,,,,,
39031,00-0039031,ADE021468,,Adetomiwa Adebawore,DT,2200,IND,2025,74,282,2001-03-04,24.496,Northwestern,Big Ten Conference,3,95,4,Undrafted,110.0,IND,2023,4.49,27.0,125.0,,,33.875,10.5,37.5,81.625,96.9,67.5,,59.5,,,,,,
38412,00-0038412,OJO426541,,Moro Ojomo,DT,3700,PHI,2025,75,292,2001-08-15,24.047,Texas,Big Twelve Conference,3,97,7,Undrafted,249.0,PHI,2023,5.04,29.0,112.0,,,34.5,10.375,33.0,83.375,77.7,67.3,,62.1,,,,,,
38541,00-0038541,WIL806943,,Tyree Wilson,DE,2520,LV,2025,77,263,2000-05-20,25.282,Texas Tech,Big Twelve Conference,3,9,1,Undrafted,7.0,LV,2023,,23.0,,,,35.625,9.625,,84.5,75.6,91.4,,90.9,,,,,,
38559,00-0038559,WIL752419,,Michael Wilson,WR,3800,ARI,2025,74,213,2000-02-23,25.52,Stanford,Pacific Twelve Conference,3,14,3,Undrafted,94.0,ARI,2023,4.58,23.0,125.0,4.27,,31.0,9.75,37.5,75.125,72.0,69.0,,65.3,,,,,,
38563,00-0038563,TUC399910,,Tre Tucker,WR,2520,LV,2025,68,182,2001-03-08,24.485,Cincinnati,American Athletic Conference,3,1,3,Undrafted,100.0,LV,2023,4.4,,124.0,,,28.875,8.625,37.5,70.375,87.8,73.3,,57.9,,,,,,
38571,00-0038571,GAI528003,,Jon Gaines II,G,3800,ARI,2025,76,315,1999-05-24,26.274,UCLA,Pacific Twelve Conference,3,71,4,Undrafted,122.0,ARI,2023,5.01,,114.0,4.45,7.31,33.625,10.125,32.5,81.25,97.5,70.0,,50.0,,,,,,
38574,00-0038574,MCG794607,,Isaiah McGuire,DE,1050,CLE,2025,76,268,2001-07-27,24.099,Missouri,Southeastern Conference,3,57,4,Undrafted,126.0,CLE,2023,4.76,,122.0,,7.39,33.875,8.625,36.5,82.0,72.1,71.2,,73.3,,,,,,
38578,00-0038578,WAR199835,,Jay Ward,SAF,3000,MIN,2025,73,188,2000-07-13,25.134,LSU,Southeastern Conference,3,24,4,Undrafted,134.0,MIN,2023,4.55,16.0,132.0,,,32.5,8.25,34.5,76.875,76.5,69.4,77.8,64.0,,,,,,
38599,00-0038599,TOO675714,,Henry To'oTo'o,LB,2120,HOU,2025,74,228,2001-01-05,24.654,Alabama,Southeastern Conference,3,39,5,Undrafted,167.0,HOU,2023,4.62,,116.0,4.4,,32.75,10.25,32.0,77.375,64.7,75.8,,74.9,,,,,,
38600,00-0038600,PAP723174,,Owen Pappoe,LB,3800,ARI,2025,72,230,2000-09-29,24.923,Auburn,Southeastern Conference,3,44,5,Undrafted,168.0,ARI,2023,4.39,29.0,126.0,,,31.75,9.125,35.5,78.0,89.0,77.1,,68.0,,,,,,
38605,00-0038605,SKI623722,,JL Skinner,SAF,1400,DEN,2025,76,220,2001-04-16,24.378,Boise State,Mountain West Conference,3,34,6,Undrafted,183.0,DEN,2023,,,,,,32.0,8.25,,,77.6,78.5,94.2,71.8,,,,,,
38615,00-0038615,PAT457456,,Jarrett Patterson,C,2120,HOU,2025,76,310,1999-09-01,26.0,Notre Dame,Independent,3,54,6,Undrafted,201.0,HOU,2023,5.33,22.0,106.0,4.73,7.96,31.375,10.0,29.5,77.0,63.0,70.4,,67.8,,,,,,
38625,00-0038625,WIN767442,,Dee Winters,LB,4500,SF,2025,71,227,2000-10-17,24.871,TCU,Big Twelve Conference,3,53,6,Undrafted,216.0,SF,2023,4.49,,117.0,,,31.625,8.625,30.5,75.0,73.0,67.8,,62.3,,,,,,
38649,00-0038649,FOR566553,,Alex Forsyth,C,1400,DEN,2025,76,312,1999-02-13,26.548,Oregon,Pacific Twelve Conference,3,54,7,Undrafted,257.0,DEN,2023,,29.0,95.0,,,32.75,10.25,20.5,81.375,55.8,55.0,,57.3,,,,,,
38936,00-0038936,SCR673400,,Juice Scruggs,C,2120,HOU,2025,75,310,2000-01-19,25.616,Penn State,Big Ten Conference,3,70,2,Undrafted,62.0,HOU,2023,5.22,29.0,102.0,4.82,7.75,33.25,10.25,32.0,81.75,70.6,61.0,,55.1,,,,,,
38978,00-0038978,YOU126665,,Byron Young,DT,3700,PHI,2025,75,292,2000-11-10,24.806,Alabama,Southeastern Conference,3,94,3,Undrafted,70.0,LV,2023,,24.0,108.0,,7.68,34.375,11.0,26.0,81.125,65.2,66.3,,67.0,,,,,,
39001,00-0039001,STE097919,,Tyler Steen,OT,3700,PHI,2025,78,321,2000-06-24,25.186,Alabama,Southeastern Conference,3,56,3,Undrafted,65.0,PHI,2023,,31.0,109.0,4.59,,32.75,10.5,29.5,80.5,77.5,73.0,,66.1,,,,,,
39034,00-0039034,SKO467199,,Peter Skoronski,OT,2100,TEN,2025,76,313,2001-07-31,24.088,Northwestern,Big Ten Conference,3,77,1,Undrafted,11.0,TEN,2023,5.16,30.0,115.0,,7.8,32.25,10.0,34.5,79.5,84.0,89.4,,89.2,,,,,,
39041,00-0039041,HIG138430,,Elijah Higgins,TE,3800,ARI,2025,75,245,2000-10-27,24.844,Stanford,Pacific Twelve Conference,3,84,6,Undrafted,197.0,MIA,2023,4.54,,126.0,,7.01,31.75,10.5,35.0,77.75,76.4,70.7,,58.7,,,,,,
39050,00-0039050,DUR344537,,Payne Durham,TE,4900,TB,2025,77,255,2000-06-15,25.211,Purdue,Big Ten Conference,3,87,5,Undrafted,171.0,TB,2023,4.87,,117.0,,,33.375,9.75,34.5,80.375,71.8,71.1,,69.3,,,,,,
39064,00-0039064,FLO577002,,Zay Flowers,WR,325,BAL,2025,69,183,2000-09-11,24.973,Boston College,Atlantic Coast Conference,3,4,1,Undrafted,22.0,BAL,2023,4.42,,127.0,,,29.25,9.25,35.5,72.25,75.7,81.7,,81.3,,,,,,
39068,00-0039068,DIA051911,,Yaya Diaby,LB,4900,TB,2025,75,270,1999-05-30,26.257,Louisville,Atlantic Coast Conference,3,0,3,Undrafted,82.0,TB,2023,4.51,,120.0,,,33.875,10.375,37.0,80.5,89.8,69.3,,63.8,,,,,,
39077,00-0039077,MCC396909,,Warren McClendon Jr.,OT,2510,LAR,2025,76,317,2001-04-11,24.392,Georgia,Southeastern Conference,3,71,5,Undrafted,174.0,LAR,2023,,,,,,34.5,10.0,,82.75,78.4,72.5,,61.5,,,,,,
39110,00-0039110,BEN728037,,Keeanu Benton,DT,3900,PIT,2025,76,309,2001-07-17,24.126,Wisconsin,Big Ten Conference,3,95,2,Undrafted,49.0,PIT,2023,5.08,25.0,111.0,4.65,7.34,33.875,9.75,29.5,81.5,75.6,68.4,,70.1,,,,,,
39137,00-0039137,YOU127040,,Byron Young,DE,2510,LAR,2025,74,258,1998-03-13,27.471,Tennessee,Southeastern Conference,3,0,3,Undrafted,77.0,LAR,2023,4.43,22.0,132.0,,7.19,32.5,9.25,38.0,79.125,82.4,68.7,,66.1,,,,,,
39139,00-0039139,GIB198578,,Jahmyr Gibbs,RB,1540,DET,2025,69,202,2002-03-20,23.452,Alabama,Southeastern Conference,3,0,1,Undrafted,12.0,DET,2023,4.36,,,,,30.5,9.25,33.5,74.125,81.5,84.2,70.5,78.0,,,,,,
39140,00-0039140,RIN504723,,Kelee Ringo,CB,3700,PHI,2025,74,207,2002-06-27,23.181,Georgia,Southeastern Conference,3,7,4,Undrafted,105.0,PHI,2023,4.36,,122.0,,,31.25,8.5,33.5,74.125,80.4,81.8,,77.4,,,,,,
39144,00-0039144,MUS097324,,Luke Musgrave,TE,1800,GB,2025,78,253,2000-09-02,24.997,Oregon State,Pacific Twelve Conference,3,88,2,Undrafted,42.0,GB,2023,4.61,,125.0,,,32.625,10.375,36.0,79.5,85.7,83.7,,67.9,,,,,,
39145,00-0039145,TIP259555,,Joe Tippmann,C,3430,NYJ,2025,78,313,2001-03-24,24.441,Wisconsin,Big Ten Conference,3,66,2,Undrafted,43.0,NYJ,2023,,,,,,32.75,10.75,,80.375,76.6,87.3,,77.6,,,,,,
39149,00-0039149,MAR645121,,Quan Martin,CB,5110,WAS,2025,72,195,2000-04-17,25.372,Illinois,Big Ten Conference,3,20,2,Undrafted,47.0,WAS,2023,4.46,15.0,133.0,,,31.125,9.625,44.0,77.375,84.1,74.4,,61.9,,,,,,
39151,00-0039151,FOR013942,,Emmanuel Forbes,CB,2510,LAR,2025,72,180,2001-01-13,24.632,Mississippi State,Southeastern Conference,3,1,1,Undrafted,16.0,WAS,2023,4.35,,131.0,,,32.25,8.5,37.5,79.0,86.2,87.8,,80.9,,,,,,
39070,00-0039070,DEX634187,,Gervon Dexter Sr.,DT,810,CHI,2025,78,326,2000-10-05,24.904,Florida,Southeastern Conference,3,99,2,Undrafted,53.0,CHI,2023,4.88,22.0,110.0,,7.5,32.25,9.5,31.0,80.875,71.7,70.4,,69.0,,,,,,
38553,00-0038553,HEN466212,,Daiyan Henley,LB,4400,LAC,2025,73,225,1999-11-18,25.786,Washington State,Pacific Twelve Conference,3,0,3,Undrafted,85.0,LAC,2023,4.54,,125.0,,,33.0,9.5,35.0,77.75,78.9,77.6,,72.7,,,,,,
38558,00-0038558,WAS185860,,Darnell Washington,TE,3900,PIT,2025,79,265,2001-08-17,24.041,Georgia,Southeastern Conference,3,80,3,Undrafted,93.0,PIT,2023,4.64,21.0,122.0,4.08,,34.375,11.0,31.0,83.75,91.0,84.8,,74.7,,,,,,
38606,00-0038606,WAS604325,,Parker Washington,WR,2250,JAX,2025,70,204,2002-03-21,23.449,Penn State,Big Ten Conference,3,11,6,Undrafted,185.0,JAX,2023,,16.0,,,,29.0,10.125,,72.0,74.4,73.9,,65.8,,,,,,
38932,00-0038932,WRI153639,,Darnell Wright,OT,810,CHI,2025,77,325,2001-08-10,24.06,Tennessee,Southeastern Conference,3,58,1,Undrafted,10.0,CHI,2023,5.01,,114.0,,,33.75,9.0,29.0,82.0,85.2,83.6,,78.0,,,,,,
38997,00-0038997,DOW686145,,Josh Downs,WR,2200,IND,2025,69,171,2001-08-12,24.055,North Carolina,Atlantic Coast Conference,3,2,3,Undrafted,79.0,IND,2023,4.48,,131.0,,,30.375,9.25,38.5,73.375,76.6,85.7,,88.3,,,,,,
39000,00-0039000,BAN462444,,Deonte Banks,CB,3410,NYG,2025,74,200,2001-04-03,24.413,Maryland,Big Ten Conference,3,2,1,Undrafted,24.0,NYG,2023,4.35,,136.0,,,31.375,9.375,42.0,77.125,98.3,86.9,,71.8,,,,,,
39009,00-0039009,HOR555159,,Dylan Horton,DE,2120,HOU,2025,76,275,2000-08-21,25.027,TCU,Big Twelve Conference,3,92,4,Undrafted,109.0,HOU,2023,,18.0,120.0,,,33.125,9.5,34.0,78.5,77.0,69.5,,61.2,,,,,,
39030,00-0039030,AND663449,,Jake Andrews,C,2120,HOU,2025,75,308,1999-11-11,25.806,Troy,Sun Belt Conference,3,60,4,Undrafted,107.0,NE,2023,5.15,,102.0,4.73,,31.875,10.0,26.0,78.0,69.4,66.2,,59.1,,,,,,
38588,00-0038588,HOW493327,,Jordan Howden,SAF,3300,NO,2025,72,210,2000-05-14,25.298,Minnesota,Big Ten Conference,3,31,5,Undrafted,146.0,NO,2023,4.49,14.0,119.0,,,32.25,9.5,33.5,77.125,75.4,58.4,77.8,53.7,,,,,,
38557,00-0038557,WIL243940,,Dorian Williams,LB,610,BUF,2025,73,230,2001-06-28,24.178,Tulane,American Athletic Conference,3,42,3,Undrafted,91.0,BUF,2023,4.49,,120.0,,,33.75,10.25,33.5,80.75,81.1,73.6,,64.9,,,,,,
39040,00-0039040,ACH103822,,De'Von Achane,RB,2700,MIA,2025,69,191,2001-10-13,23.885,Texas A&M,Southeastern Conference,3,28,3,Undrafted,84.0,MIA,2023,4.32,,,,,29.0,8.5,33.0,69.125,79.3,78.3,60.1,72.6,,,,,,
39049,00-0039049,DEN402506,,SirVocea Dennis,LB,4900,TB,2025,72,230,2000-03-09,25.479,Pittsburgh,Atlantic Coast Conference,3,8,5,Undrafted,153.0,TB,2023,,19.0,,,,32.875,10.625,,78.875,63.0,65.8,,66.9,,,,,,
39111,00-0039111,TUI720077,,Tuli Tuipulotu,LB,4400,LAC,2025,75,266,2002-09-03,22.995,USC,Pacific Twelve Conference,3,45,2,Undrafted,54.0,LAC,2023,,,,,,32.25,10.125,,77.875,57.4,70.9,,76.5,,,,,,
39165,00-0039165,CHA548773,,Zach Charbonnet,RB,4600,SEA,2025,73,214,2001-01-08,24.646,UCLA,Pacific Twelve Conference,3,26,2,Undrafted,52.0,SEA,2023,4.53,18.0,122.0,,,32.0,9.875,37.0,75.625,75.7,83.4,82.7,82.0,,,,,,
39075,00-0039075,NAC559347,,Puka Nacua,WR,2510,LAR,2025,74,212,2001-05-29,24.26,BYU,Independent,3,12,5,Undrafted,177.0,LAR,2023,,,,,,31.5,9.5,,74.875,75.3,72.8,,72.0,,,,,,
38577,00-0038577,HER042107,,Nick Herbig,LB,3900,PIT,2025,74,240,2001-11-21,23.778,Wisconsin,Big Ten Conference,3,51,4,Undrafted,132.0,PIT,2023,4.65,25.0,,,,31.25,9.25,,76.0,70.7,75.6,,81.6,,,,,,
38934,00-0038934,HAR575324,,Anton Harrison,OT,2250,JAX,2025,77,315,2002-02-02,23.578,Oklahoma,Big Twelve Conference,3,77,1,Undrafted,27.0,JAX,2023,4.98,,105.0,,,34.125,9.25,28.5,80.75,80.9,82.2,,77.0,,,,,,
38976,00-0038976,MIM654774,,Marvin Mims Jr.,WR,1400,DEN,2025,71,182,2002-03-19,23.454,Oklahoma,Big Twelve Conference,3,19,2,Undrafted,63.0,DEN,2023,4.38,,129.0,,6.9,31.625,9.0,39.5,74.75,84.1,78.8,,71.9,,,,,,
38995,00-0038995,BRE510679,,Bryan Bresee,DT,3300,NO,2025,77,305,2001-10-06,23.904,Clemson,Atlantic Coast Conference,3,90,1,Undrafted,29.0,NO,2023,4.86,22.0,,,,32.5,10.25,29.0,78.125,73.8,77.1,,73.6,,,,,,
38564,00-0038564,LAT718773,,Cameron Latu,TE,3700,PHI,2025,77,244,2000-02-24,25.517,Alabama,Southeastern Conference,3,36,3,Undrafted,101.0,SF,2023,,,,,,32.375,9.5,,79.125,78.6,72.8,,62.8,,,,,,
38601,00-0038601,RIC219051,,Asim Richards,OT,3300,NO,2025,76,307,2000-10-02,24.912,North Carolina,Atlantic Coast Conference,3,72,5,Undrafted,169.0,DAL,2023,,,,,,34.0,10.0,,82.75,78.6,72.1,,60.1,,,,,,
39048,00-0039048,BER100937,,Matthew Bergeron,OL,200,ATL,2025,77,315,2000-02-26,25.512,Syracuse,Atlantic Coast Conference,3,65,2,Undrafted,38.0,ATL,2023,,,103.0,,,33.75,9.5,30.5,81.875,70.8,75.0,,74.2,,,,,,
39058,00-0039058,AVI381004,,Steve Avila,G,2510,LAR,2025,75,338,1999-10-16,25.877,TCU,Big Twelve Conference,3,73,2,Undrafted,36.0,LAR,2023,5.21,28.0,98.0,4.74,7.85,33.0,9.25,29.5,78.0,78.8,79.7,,76.5,,,,,,
39142,00-0039142,MCD599665,,Will McDonald IV,DE,3430,NYJ,2025,76,245,1999-06-04,26.244,Iowa State,Big Twelve Conference,3,9,1,Undrafted,15.0,NYJ,2023,,,132.0,,,34.875,9.5,36.0,82.25,74.6,73.0,,74.9,,,,,,
38544,00-0038544,JOH823261,,Quentin Johnston,WR,4400,LAC,2025,74,208,2001-09-06,23.986,TCU,Big Twelve Conference,3,1,1,Undrafted,21.0,LAC,2023,,,134.0,,,33.625,9.625,40.5,81.625,88.9,82.8,,73.9,,,,,,
38576,00-0038576,JON160287,,Charlie Jones,WR,920,CIN,2025,72,190,1998-10-29,26.841,Purdue,Big Ten Conference,3,15,4,Undrafted,131.0,CIN,2023,4.43,13.0,124.0,,,31.625,9.0,36.5,74.0,78.6,76.9,,80.7,,,,,,
38608,00-0038608,BOU482823,,Kayshon Boutte,WR,3200,NE,2025,71,197,2002-05-07,23.32,LSU,Southeastern Conference,3,9,6,Undrafted,187.0,NE,2023,4.5,,118.0,4.25,,31.375,9.5,29.0,76.875,60.3,71.8,,66.8,,,,,,
38984,00-0038984,CLA395333,,Kei'Trel Clark,CB,3800,ARI,2025,70,181,2001-03-19,24.454,Louisville,Atlantic Coast Conference,3,13,6,Undrafted,180.0,ARI,2023,4.42,,122.0,4.21,,29.625,8.25,34.5,72.375,79.6,71.4,,60.5,,,,,,
38994,00-0038994,ADD491056,,Jordan Addison,WR,3000,MIN,2025,71,175,2002-01-27,23.594,USC,Pacific Twelve Conference,3,3,1,Undrafted,23.0,MIN,2023,4.49,,122.0,,,30.875,8.75,34.0,74.5,65.9,83.7,,91.3,,,,,,
38393,00-0038393,WIC622867,,Dontayvion Wicks,WR,1800,GB,2025,73,206,2001-06-16,24.211,Virginia,Atlantic Coast Conference,3,13,5,Undrafted,159.0,GB,2023,4.62,,130.0,,,32.375,10.0,39.0,79.875,69.3,70.3,,62.6,,,,,,
38602,00-0038602,SMI829490,,Chris Smith II,S,3430,NYJ,2025,70,197,2000-05-01,25.334,Georgia,Southeastern Conference,3,32,5,Undrafted,170.0,LV,2023,4.62,15.0,116.0,,,31.125,9.625,33.0,75.0,54.4,72.9,77.8,78.1,,,,,,
39047,00-0039047,HAL274589,,Derick Hall,LB,4600,SEA,2025,75,254,2001-03-19,24.454,Auburn,Southeastern Conference,3,58,2,Undrafted,37.0,SEA,2023,4.55,,127.0,,,34.5,10.0,33.5,82.625,81.4,73.9,,76.9,,,,,,
39147,00-0039147,GON589051,,Christian Gonzalez,CB,3200,NE,2025,73,205,2002-06-28,23.178,Oregon,Pacific Twelve Conference,3,0,1,Undrafted,17.0,NE,2023,4.38,14.0,133.0,,,32.0,9.5,41.5,76.875,88.4,91.7,,85.2,,,,,,
39148,00-0039148,WHI315646,,Keion White,DE,4500,SF,2025,77,285,1999-01-20,26.613,Georgia Tech,Atlantic Coast Conference,3,56,2,Undrafted,46.0,NE,2023,,30.0,117.0,,,34.0,10.125,34.0,80.0,84.4,79.8,,75.0,,,,,,
39163,00-0039163,STR702090,,C.J. Stroud,QB,2120,HOU,2025,75,218,2001-10-03,23.912,Ohio State,Big Ten Conference,3,7,1,Undrafted,2.0,HOU,2023,,,,,,32.625,10.0,,77.375,73.1,85.4,,97.1,,,,,,
39167,00-0039167,POR773442,,Joey Porter Jr.,CB,3900,PIT,2025,74,194,2000-07-26,25.099,Penn State,Big Ten Conference,3,24,2,Undrafted,32.0,PIT,2023,4.46,17.0,129.0,,,34.0,10.0,35.0,80.875,78.0,81.1,,77.2,,,,,,
38390,00-0038390,SEW459337,,Noah Sewell,LB,810,CHI,2025,73,246,2002-04-26,23.35,Oregon,Pacific Twelve Conference,3,44,5,Undrafted,148.0,CHI,2023,4.64,27.0,115.0,,,31.625,10.0,33.0,76.375,78.4,73.6,,66.8,,,,,,
38979,00-0038979,TIL377067,,Cedric Tillman,WR,1050,CLE,2025,75,215,2000-04-19,25.367,Tennessee,Southeastern Conference,3,19,3,Undrafted,74.0,CLE,2023,4.54,,128.0,,,32.75,10.0,37.0,79.25,73.4,77.9,,76.0,,,,,,
39032,00-0039032,SPE113961,,Tyjae Spears,RB,2100,TEN,2025,71,195,2001-06-15,24.214,Tulane,American Athletic Conference,3,2,3,Undrafted,81.0,TEN,2023,,18.0,125.0,,,30.75,10.0,39.0,74.125,77.4,86.6,66.5,88.0,,,,,,
38381,00-0038381,KEL676898,,Kyu Blu Kelly,CB,2520,LV,2025,72,188,2001-05-22,24.279,Stanford,Pacific Twelve Conference,3,36,5,Undrafted,157.0,BAL,2023,4.52,,131.0,,,32.0,9.75,36.0,76.625,74.9,69.1,,60.9,,,,,,
38611,00-0038611,ROD797090,,Chris Rodriguez Jr.,RB,5110,WAS,2025,71,224,1999-09-26,25.932,Kentucky,Southeastern Conference,3,36,6,Undrafted,193.0,WAS,2023,,19.0,,,,30.625,8.625,,73.625,67.8,71.2,73.2,71.2,,,,,,
38986,00-0038986,JON636725,,Nic Jones,CB,3410,NYG,2025,72,189,2001-10-15,23.88,Ball State,Mid-American Conference,3,31,7,Undrafted,250.0,KC,2023,4.51,,122.0,4.34,,32.375,10.0,34.5,76.75,62.0,59.9,,53.6,,,,,,
39019,00-0039019,SCH367249,,John Michael Schmitz,C,3410,NYG,2025,76,320,1999-04-19,26.37,Minnesota,Big Ten Conference,3,61,2,Undrafted,57.0,NYG,2023,5.35,26.0,104.0,4.56,,32.625,9.5,29.5,78.375,72.7,83.7,,80.1,,,,,,
39071,00-0039071,STE716698,,Tyrique Stevenson,CB,810,CHI,2025,72,212,2000-05-26,25.266,Miami,Atlantic Coast Conference,3,29,2,Undrafted,56.0,CHI,2023,4.45,,125.0,4.41,7.09,32.375,9.625,38.5,77.625,76.9,76.1,,72.6,,,,,,
39066,00-0039066,MAY330676,,Michael Mayer,TE,2520,LV,2025,76,256,2001-07-06,24.156,Notre Dame,Independent,3,87,2,Undrafted,35.0,LV,2023,4.7,,118.0,,,31.625,9.5,32.5,76.25,71.3,82.7,,84.6,,,,,,
38646,00-0038646,AUS089816,,Alex Austin,DB,3200,NE,2025,73,191,2001-05-22,24.279,Oregon State,Pacific Twelve Conference,3,28,7,Undrafted,252.0,BUF,2023,4.55,,122.0,4.33,,31.875,8.5,33.0,76.25,59.1,60.4,,59.0,,,,,,
38935,00-0038935,STR188631,,Brenton Strange,TE,2250,JAX,2025,76,253,2000-12-27,24.677,Penn State,Big Ten Conference,3,85,2,Undrafted,61.0,JAX,2023,4.7,23.0,124.0,4.46,7.25,31.125,9.625,36.0,75.125,77.3,66.2,,65.5,,,,,,
38981,00-0038981,MOR552993,,Wanya Morris,OT,2310,KC,2025,78,307,2000-10-10,24.89,Oklahoma,Big Twelve Conference,3,64,3,Undrafted,92.0,KC,2023,5.1,,111.0,,,35.125,10.25,28.5,85.0,77.4,73.3,,65.8,,,,,,
38540,00-0038540,JOH789993,,Paris Johnson Jr.,OT,3800,ARI,2025,78,325,2001-07-03,24.164,Ohio State,Big Ten Conference,3,70,1,Undrafted,6.0,ARI,2023,,29.0,110.0,,,36.125,9.5,,85.125,76.1,82.2,,84.0,,,,,,
38933,00-0038933,KIN069130,,Dalton Kincaid,TE,610,BUF,2025,75,240,1999-10-18,25.871,Utah,Pacific Twelve Conference,3,86,1,Undrafted,25.0,BUF,2023,,,,,,32.625,10.25,,78.375,77.1,87.9,,90.4,,,,,,
39013,00-0039013,SMI536848,,Nolan Smith,LB,3700,PHI,2025,74,238,2001-01-18,24.619,Georgia,Southeastern Conference,3,3,1,Undrafted,30.0,PHI,2023,4.39,,128.0,,,32.625,9.0,41.5,81.0,85.0,78.4,,77.6,,,,,,
39076,00-0039076,HAM767654,,Nick Hampton,LB,2510,LAR,2025,75,250,2000-04-05,25.405,Appalachian State,Sun Belt Conference,3,6,5,Undrafted,161.0,LAR,2023,4.58,,120.0,,,33.625,9.5,35.5,80.625,69.8,72.2,,68.6,,,,,,
39141,00-0039141,BRA491198,,Brian Branch,CB,1540,DET,2025,72,203,2001-10-22,23.86,Alabama,Southeastern Conference,3,32,2,Undrafted,45.0,DET,2023,4.58,14.0,125.0,,,30.75,9.5,34.5,75.25,66.9,87.4,,95.8,,,,,,
39169,00-0039169,WIT143920,,Devon Witherspoon,CB,4600,SEA,2025,72,185,2000-12-11,24.721,Illinois,Big Ten Conference,3,21,1,Undrafted,5.0,SEA,2023,,,,,,31.25,8.875,,73.625,72.3,84.3,,85.1,,,,,,
38386,00-0038386,CAR656628,,Jalen Carter,DT,3700,PHI,2025,75,314,2001-04-04,24.411,Georgia,Southeastern Conference,3,98,1,Undrafted,9.0,PHI,2023,,,,,,33.5,10.25,,81.0,82.7,86.5,,85.7,,,,,,
38573,00-0038573,DAV263132,,Derius Davis,WR,4400,LAC,2025,68,165,2000-09-11,24.973,TCU,Big Twelve Conference,3,12,4,Undrafted,125.0,LAC,2023,4.36,,,4.38,,29.25,8.0,,69.0,82.0,69.6,,54.6,,,,,,
38628,00-0038628,HEL256639,,DeMarcco Hellams,SAF,200,ATL,2025,73,203,2000-06-05,25.238,Alabama,Southeastern Conference,3,23,7,Undrafted,224.0,ATL,2023,4.57,,121.0,,,31.0,9.0,31.0,74.875,59.6,64.1,77.8,66.9,,,,,,
39072,00-0039072,BEN351736,,Jakorian Bennett,DB,3700,PHI,2025,70,200,2000-08-23,25.022,Maryland,Big Ten Conference,3,23,4,Undrafted,104.0,LV,2023,4.3,13.0,133.0,,,31.875,9.125,40.5,77.0,95.8,74.3,,62.9,,,,,,
39109,00-0039109,JON119592,,Broderick Jones,OT,3900,PIT,2025,77,311,2001-05-16,24.296,Georgia,Southeastern Conference,3,77,1,Undrafted,14.0,PIT,2023,4.97,,108.0,,,34.75,10.625,30.0,82.75,85.2,85.4,,82.5,,,,,,
38407,00-0038407,JON449507,,Jaylon Jones,DB,2200,IND,2025,74,203,2002-04-03,23.413,Texas A&M,Southeastern Conference,3,40,7,Undrafted,221.0,IND,2023,4.57,14.0,122.0,4.3,6.88,30.75,9.0,38.0,76.75,68.2,70.0,,67.3,,,,,,
38580,00-0038580,ABD685761,,Yasir Abdullah,LB,2250,JAX,2025,73,240,2000-04-12,25.386,Louisville,Atlantic Coast Conference,3,56,5,Undrafted,136.0,JAX,2023,4.47,,129.0,,,32.375,9.25,36.5,79.125,78.2,69.1,,70.2,,,,,,
38585,00-0038585,MIT149749,,Cameron Mitchell,DB,2200,IND,2025,71,191,2001-09-08,23.981,Northwestern,Big Ten Conference,3,43,5,Undrafted,142.0,CLE,2023,4.47,15.0,,,,31.375,9.75,35.0,76.125,78.7,68.3,,59.4,,,,,,
38940,00-0038940,LAC735924,,Tyler Lacy,DE,1540,DET,2025,76,285,1999-11-10,25.808,Oklahoma State,Big Twelve Conference,3,78,4,Undrafted,130.0,JAX,2023,5.11,30.0,116.0,,7.6,33.25,10.875,28.5,78.375,77.3,69.7,,65.4,,,,,,
39007,00-0039007,WIL292135,,Garrett Williams,CB,3800,ARI,2025,70,192,2001-06-01,24.252,Syracuse,Atlantic Coast Conference,3,21,3,Undrafted,72.0,ARI,2023,,,,,,31.0,9.25,,74.5,77.0,78.7,,74.8,,,,,,
38505,00-0038505,ROB705359,,Tavius Robinson,LB,325,BAL,2025,78,262,1999-01-03,26.66,Mississippi,Southeastern Conference,3,95,4,Undrafted,124.0,BAL,2023,4.66,23.0,120.0,4.62,,33.75,9.625,33.5,79.25,69.1,69.1,,64.9,,,,,,
39065,00-0039065,LAP640235,,Sam LaPorta,TE,1540,DET,2025,75,245,2001-01-12,24.635,Iowa,Big Ten Conference,3,87,2,Undrafted,34.0,DET,2023,4.59,,123.0,4.25,6.91,32.125,10.25,35.0,77.5,86.3,82.1,,72.3,,,,,,
39112,00-0039112,VAN639767,,Lukas Van Ness,LB,1800,GB,2025,77,272,2001-07-06,24.156,Iowa,Big Ten Conference,3,90,1,Undrafted,13.0,GB,2023,4.58,17.0,118.0,4.32,7.02,34.0,11.0,31.0,81.75,78.1,76.3,,73.2,,,,,,
38545,00-0038545,SMI511850,,Mazi Smith,DT,3430,NYJ,2025,75,337,2001-06-16,24.211,Michigan,Big Ten Conference,3,58,1,Undrafted,26.0,DAL,2023,,34.0,,,,33.75,9.75,,80.875,88.1,71.1,,69.0,,,,,,
38938,00-0038938,HYA420916,,Jalin Hyatt,WR,3410,NYG,2025,72,185,2001-09-25,23.934,Tennessee,Southeastern Conference,3,13,3,Undrafted,73.0,NYG,2023,4.4,,135.0,,,32.5,9.0,40.0,77.625,89.2,88.8,,88.4,,,,,,
38996,00-0038996,KRA144054,,Tucker Kraft,TE,1800,GB,2025,77,259,2000-11-03,24.825,South Dakota State,Missouri Valley Football Conference,3,85,3,Undrafted,78.0,GB,2023,4.69,23.0,122.0,4.29,7.08,32.75,10.0,34.0,79.375,82.1,80.4,,74.9,,,,,,
38589,00-0038589,WHY207645,,Josh Whyle,TE,1800,GB,2025,79,248,1999-09-08,25.981,Cincinnati,American Athletic Conference,3,81,5,Undrafted,147.0,TEN,2023,4.69,,115.0,,,31.5,9.5,33.5,77.375,75.6,75.6,,72.8,,,,,,
38593,00-0038593,OLU593274,,Olu Oluwatimi,C,4600,SEA,2025,75,309,1999-08-05,26.074,Michigan,Big Ten Conference,3,55,5,Undrafted,154.0,SEA,2023,5.38,29.0,110.0,,,32.75,8.625,29.0,79.125,74.2,75.7,,68.5,,,,,,
39067,00-0039067,RIC152916,,Rashee Rice,WR,2310,KC,2025,73,203,2000-04-22,25.359,SMU,American Athletic Conference,3,4,2,Undrafted,55.0,KC,2023,4.51,,128.0,,,32.75,9.5,41.0,77.375,86.2,83.8,,79.3,,,,,,
39143,00-0039143,FOS081863,,Isaiah Foskey,DE,920,CIN,2025,77,270,2000-10-30,24.836,Notre Dame,Independent,3,51,2,Undrafted,40.0,NO,2023,4.58,22.0,125.0,4.41,7.28,34.0,9.875,34.0,81.25,78.9,75.6,,76.4,,,,,,
39155,00-0039155,OJU426541,,BJ Ojulari,LB,3800,ARI,2025,74,248,2002-04-05,23.408,LSU,Southeastern Conference,3,9,2,Undrafted,41.0,ARI,2023,,,126.0,,,34.25,10.5,32.5,81.875,75.2,77.3,,80.4,,,,,,
38551,00-0038551,MIL369085,,Kendre Miller,RB,3300,NO,2025,72,220,2002-06-11,23.225,TCU,Big Twelve Conference,3,5,3,Undrafted,71.0,NO,2023,,,,,,32.375,9.375,,78.5,79.8,79.9,73.2,81.5,,,,,,
38590,00-0038590,SHO651252,,Justin Shorter,TE,2520,LV,2025,76,227,2000-04-17,25.372,Florida,Southeastern Conference,3,88,5,Undrafted,150.0,BUF,2023,4.55,18.0,126.0,,,33.75,10.0,35.5,82.375,69.2,58.1,,55.6,,,,,,
38603,00-0038603,BEA158040,,Robert Beal Jr.,DE,4500,SF,2025,76,250,1999-08-18,26.038,Georgia,Southeastern Conference,3,51,5,Undrafted,173.0,SF,2023,4.48,,123.0,,,34.625,10.125,30.0,82.25,73.6,61.2,,51.3,,,,,,
38980,00-0038980,HAR647601,,Zach Harrison,DE,200,ATL,2025,77,270,2001-08-14,24.049,Ohio State,Big Ten Conference,3,96,3,Undrafted,75.0,ATL,2023,,25.0,,,,36.25,10.0,,85.5,86.1,72.4,,65.2,,,,,,
39021,00-0039021,JOH652931,,Roschon Johnson,RB,810,CHI,2025,72,227,2001-01-31,24.583,Texas,Big Twelve Conference,3,23,4,Undrafted,115.0,CHI,2023,4.58,,122.0,,,32.0,9.625,31.5,76.875,73.0,67.1,81.8,61.6,,,,,,
38595,00-0038595,MCF112355,,Jordan McFadden,G,810,CHI,2025,74,306,1999-11-16,25.792,Clemson,Atlantic Coast Conference,3,74,5,Undrafted,156.0,LAC,2023,4.99,,,4.81,7.7,34.0,9.5,28.5,81.0,74.1,64.6,,57.3,,,,,,
39146,00-0039146,REE263142,,Jayden Reed,WR,1800,GB,2025,71,187,2000-04-28,25.342,Michigan State,Big Ten Conference,3,11,2,Undrafted,50.0,GB,2023,4.45,,121.0,4.29,,30.5,9.125,33.5,73.125,69.0,71.3,,69.3,,,,,,
39156,00-0039156,BRE510110,,Julius Brents,CB,2700,MIA,2025,75,198,2000-01-18,25.619,Kansas State,Big Twelve Conference,3,32,2,Undrafted,44.0,IND,2023,4.53,,138.0,4.05,6.63,34.0,9.625,41.5,82.625,78.0,78.5,,75.4,,,,,,
38397,00-0038397,HUL084697,,Evan Hull,RB,3300,NO,2025,70,209,2000-10-26,24.847,Northwestern,Big Ten Conference,3,34,5,Undrafted,176.0,IND,2023,4.47,21.0,123.0,4.38,6.9,30.625,9.25,37.0,74.375,78.7,73.0,73.2,66.2,,,,,,
38556,00-0038556,OVE249174,,DeMarvion Overshown,LB,1200,DAL,2025,75,230,2000-08-13,25.049,Texas,Big Twelve Conference,3,0,3,Undrafted,90.0,DAL,2023,4.56,15.0,124.0,,,32.25,9.5,,78.125,78.0,74.6,,69.7,,,,,,
38587,00-0038587,ROB526445,,Jammie Robinson,SAF,200,ATL,2025,71,195,2001-01-24,24.602,Florida State,Atlantic Coast Conference,3,34,5,Undrafted,145.0,CAR,2023,4.59,23.0,116.0,,,29.625,8.75,33.5,72.25,57.5,75.0,66.8,79.8,,,,,,
38640,00-0038640,BRO124672,,Jalen Brooks,WR,3800,ARI,2025,73,203,2000-05-07,25.318,South Carolina,Southeastern Conference,3,86,7,Undrafted,244.0,DAL,2023,4.69,,130.0,4.31,7.15,34.125,9.5,35.0,80.25,55.6,51.9,,50.0,,,,,,
38643,00-0038643,WIL597331,,Brayden Willis,TE,4500,SF,2025,76,240,1999-11-11,25.806,Oklahoma,Big Twelve Conference,3,82,7,Undrafted,247.0,SF,2023,,20.0,117.0,4.36,7.3,33.25,9.75,32.0,79.125,64.2,62.7,,61.6,,,,,,
39062,00-0039062,MIN170999,,Jonathan Mingo,WR,1200,DAL,2025,74,225,2001-04-20,24.367,Mississippi,Southeastern Conference,3,81,2,Undrafted,39.0,CAR,2023,4.46,22.0,129.0,,,32.125,10.375,39.5,75.75,84.5,76.7,,66.3,,,,,,
38392,00-0038392,SCO224944,,Daniel Scott,SAF,2200,IND,2025,73,208,1998-10-26,26.849,California,Pacific Twelve Conference,3,32,5,Undrafted,158.0,IND,2023,4.45,22.0,128.0,4.17,6.75,30.25,10.0,39.5,74.375,86.7,73.0,77.6,64.4,,,,,,
38396,00-0038396,GRA652870,,Eric Gray,RB,3410,NYG,2025,70,210,1999-11-04,25.825,Oklahoma,Big Twelve Conference,3,20,5,Undrafted,172.0,NYG,2023,,,118.0,,,29.625,9.75,37.5,71.375,75.6,77.5,68.6,72.3,,,,,,
38400,00-0038400,MCK156404,,Tanner McKee,QB,3700,PHI,2025,78,230,2000-04-27,25.345,Stanford,Pacific Twelve Conference,3,16,6,Undrafted,188.0,PHI,2023,,,114.0,4.41,7.22,32.875,9.375,33.0,79.125,66.9,68.2,,61.2,,,,,,
38535,00-0038535,JOH204752,,DJ Johnson,LB,750,CAR,2025,76,260,1998-10-29,26.841,Oregon,Pacific Twelve Conference,3,52,3,Undrafted,80.0,CAR,2023,4.49,28.0,110.0,,,33.25,9.0,32.0,80.125,74.0,69.3,,67.9,,,,,,
38635,00-0038635,JON826252,,Andre Jones Jr.,DE,610,BUF,2025,77,258,1998-10-25,26.852,Louisiana-Lafayette,Sun Belt Conference,3,75,7,Undrafted,233.0,WAS,2023,,,116.0,,,34.25,10.0,29.0,81.25,55.6,55.3,,52.5,,,,,,
38648,00-0038648,GRA199869,,Jalen Graham,LB,4500,SF,2025,75,220,2001-01-11,24.638,Purdue,Big Ten Conference,3,41,7,Undrafted,255.0,SF,2023,4.64,,112.0,,,33.0,9.875,30.5,78.75,60.9,59.0,,54.4,,,,,,
38937,00-0038937,PIC705993,,Zacch Pickens,DT,2310,KC,2025,76,303,2000-03-06,25.487,South Carolina,Southeastern Conference,3,93,3,Undrafted,64.0,CHI,2023,4.89,22.0,116.0,4.62,7.45,34.375,10.375,30.5,81.625,74.1,67.4,,63.4,,,,,,
39014,00-0039014,JON232777,,Dawand Jones,OT,1050,CLE,2025,80,375,2001-08-06,24.071,Ohio State,Big Ten Conference,3,79,4,Undrafted,111.0,CLE,2023,5.35,,,,,36.375,11.625,,87.875,65.6,75.5,,75.9,,,,,,
39063,00-0039063,KAN046143,,Calijah Kancey,DT,4900,TB,2025,72,280,2001-03-01,24.504,Pittsburgh,Atlantic Coast Conference,3,94,1,Undrafted,19.0,TB,2023,4.67,,,,,30.625,9.125,,72.75,93.6,82.2,,77.0,,,,,,
38582,00-0038582,TUN207645,,Clayton Tune,QB,1800,GB,2025,75,220,1999-03-23,26.444,Houston,American Athletic Conference,3,6,5,Undrafted,139.0,ARI,2023,4.64,,122.0,4.25,6.89,31.375,9.375,37.5,75.625,89.2,76.7,,74.6,,,,,,
38647,00-0038647,BEL596505,,Ronnie Bell,WR,3300,NO,2025,72,195,2000-01-28,25.591,Michigan,Big Ten Conference,3,85,7,Undrafted,253.0,SF,2023,4.54,14.0,120.0,4.15,6.98,31.0,9.5,38.5,75.0,71.7,67.6,,62.5,,,,,,
38394,00-0038394,MAL454836,,Will Mallory,TE,2200,IND,2025,76,239,1999-06-22,26.194,Miami,Atlantic Coast Conference,3,86,5,Undrafted,162.0,IND,2023,4.54,20.0,121.0,,,32.25,9.375,36.5,78.25,84.3,74.9,,69.3,,,,,,
38569,00-0038569,SOW044268,,Sidy Sow,G,2120,HOU,2025,77,318,1998-06-10,27.227,Eastern Michigan,Mid-American Conference,3,62,4,Undrafted,117.0,NE,2023,5.07,,110.0,4.69,7.62,33.625,10.375,32.0,81.0,85.8,66.4,,52.2,,,,,,
39157,00-0039157,MAU088990,,Cody Mauch,G,4900,TB,2025,78,303,1999-01-15,26.627,North Dakota State,Missouri Valley Football Conference,3,69,2,Undrafted,48.0,TB,2023,5.08,29.0,108.0,4.55,7.33,32.375,9.75,29.0,78.875,83.2,83.4,,77.3,,,,,,
39164,00-0039164,RIC387833,,Anthony Richardson,QB,2200,IND,2025,76,244,2002-05-22,23.279,Florida,Southeastern Conference,3,5,1,Undrafted,4.0,IND,2023,4.43,,129.0,,,32.75,10.5,40.5,79.875,99.0,81.7,,69.7,,,,,,
38388,00-0038388,RUS057910,,Darius Rush,CB,5110,WAS,2025,74,198,2000-02-22,25.523,South Carolina,Southeastern Conference,3,29,5,Undrafted,138.0,IND,2023,4.36,,121.0,,,33.375,9.5,35.0,79.625,81.5,76.0,,71.4,,,,,,
38568,00-0038568,PHI672138,,Clark Phillips III,CB,200,ATL,2025,69,185,2001-12-19,23.702,Utah,Pacific Twelve Conference,3,22,4,Undrafted,113.0,ATL,2023,4.51,18.0,,4.32,,29.125,9.125,33.0,70.75,62.5,74.8,,77.2,,,,,,
38579,00-0038579,OCO075507,,Aidan O'Connell,QB,2520,LV,2025,75,206,1998-09-01,27.0,Purdue,Big Ten Conference,3,12,4,Undrafted,135.0,LV,2023,,,,,,32.25,9.75,,76.25,59.0,56.9,,59.4,,,,,,
38581,00-0038581,HEN624398,,KJ Henry,DE,1050,CLE,2025,76,255,1999-01-27,26.594,Clemson,Atlantic Coast Conference,3,90,5,Undrafted,137.0,WAS,2023,4.63,,112.0,,,33.0,10.0,31.5,79.0,62.5,68.3,,61.3,,,,,,
38550,00-0038550,HOO297694,,Hendon Hooker,QB,1540,DET,2025,75,221,1998-01-13,27.632,Tennessee,Southeastern Conference,3,2,3,Undrafted,68.0,DET,2023,,,,,,33.0,10.5,,79.25,85.5,86.5,,86.1,,,,,,
38389,00-0038389,ABA159567,,Israel Abanikanda,RB,1800,GB,2025,70,216,2002-10-05,22.907,Pittsburgh,Atlantic Coast Conference,3,23,5,Undrafted,143.0,NYJ,2023,,,,,,32.0,8.25,,76.0,68.9,77.4,75.7,77.1,,,,,,
38622,00-0038622,VAU424979,,Deuce Vaughn,RB,1200,DAL,2025,65,185,2001-11-02,23.83,Kansas State,Big Twelve Conference,3,42,6,Undrafted,212.0,DAL,2023,,17.0,116.0,,,27.75,9.5,35.5,67.0,69.4,71.8,73.2,71.6,,,,,,
38941,00-0038941,SCO719390,,Tyler Scott,WR,810,CHI,2025,70,182,2001-10-12,23.888,Cincinnati,American Athletic Conference,3,10,4,Undrafted,133.0,CHI,2023,4.44,,133.0,,,30.875,9.0,39.5,72.75,82.9,78.1,,70.2,,,,,,
39008,00-0039008,STR605750,,Ricky Stromberg,OL,810,CHI,2025,76,313,2000-11-10,24.806,Arkansas,Southeastern Conference,3,67,3,Undrafted,97.0,WAS,2023,5.26,,111.0,,,33.25,9.75,32.5,79.625,76.2,76.9,,69.2,,,,,,
38985,00-0038985,COB823710,,Keondre Coburn,DT,2520,LV,2025,74,332,2000-05-23,25.274,Texas,Big Twelve Conference,3,75,6,Undrafted,194.0,KAN,2023,5.22,24.0,101.0,,,31.5,9.125,27.5,76.625,62.2,67.3,,65.8,,,,,,
38406,00-0038406,KUN184573,,Zack Kuntz,TE,3430,NYJ,2025,79,251,1999-06-09,26.238,Old Dominion,Conference USA,3,88,7,Undrafted,220.0,NYJ,2023,4.55,23.0,128.0,4.12,6.87,34.0,10.25,40.0,83.125,94.3,77.1,,66.8,,,,,,
38607,00-0038607,DUN207641,,Jaelyn Duncan,OT,2100,TEN,2025,78,306,2000-07-08,25.148,Maryland,Big Ten Conference,3,71,6,Undrafted,186.0,TEN,2023,5.1,,113.0,,,33.625,9.25,31.5,79.125,82.3,75.0,,66.8,,,,,,
38634,00-0038634,SIL701377,,Nesta Jade Silvera,DT,4400,LAC,2025,74,315,2000-01-23,25.605,Arizona State,Pacific Twelve Conference,3,60,7,Undrafted,231.0,LVR,2023,5.16,,110.0,,,32.875,9.875,29.5,78.625,70.9,59.8,,58.9,,,,,,
39010,00-0039010,DAN441069,,Braeden Daniels,G,2700,MIA,2025,76,305,2000-08-22,25.025,Utah,Pacific Twelve Conference,3,66,4,Undrafted,118.0,WAS,2023,4.99,,109.0,4.6,7.53,33.0,9.375,30.5,81.875,80.2,73.0,,63.1,,,,,,
39004,00-0039004,WAR580333,,Carter Warren,OT,3430,NYJ,2025,77,311,1999-01-19,26.616,Pittsburgh,Atlantic Coast Conference,3,67,4,Undrafted,120.0,NYJ,2023,,,,,,35.375,9.125,,84.5,71.5,66.8,,57.7,,,,,,
39042,00-0039042,HAY425163,,Ryan Hayes,OT,2700,MIA,2025,78,303,2000-02-28,25.507,Michigan,Big Ten Conference,3,77,7,Undrafted,238.0,MIA,2023,5.18,,103.0,,7.39,32.5,10.0,30.0,79.0,74.7,71.4,,60.9,,,,,,
39053,00-0039053,RAM057102,,Jose Ramirez,LB,4900,TB,2025,74,252,1999-05-09,26.315,Eastern Michigan,Mid-American Conference,3,33,6,Undrafted,196.0,TB,2023,4.73,21.0,118.0,4.3,6.95,32.75,8.75,34.5,78.625,70.3,61.6,,65.7,,,,,,
39135,00-0039135,MAT205681,,Ochaun Mathis,LB,3700,PHI,2025,77,250,1999-01-08,26.646,Nebraska,Big Ten Conference,3,,6,Undrafted,189.0,LAR,2023,4.74,21.0,118.0,4.38,,35.25,10.75,33.5,83.375,66.9,55.7,,53.1,,,,,,
38633,00-0038633,BRO095305,,Nick Broeker,G,1200,DAL,2025,76,305,2000-10-07,24.899,Mississippi,Southeastern Conference,3,64,7,Undrafted,230.0,BUF,2023,5.27,,,4.7,7.75,32.5,9.75,,76.625,69.0,69.2,,63.1,,,,,,
39006,00-0039006,ANU415291,,Felix Anudike-Uzomah,DE,2310,KC,2025,76,255,2002-01-24,23.602,Kansas State,Big Twelve Conference,3,91,1,Undrafted,31.0,KC,2023,,,,,,33.5,9.625,,80.125,69.8,75.6,,77.3,,,,,,
38413,00-0038413,OWE432476,,Gervarrius Owens,SAF,3000,MIN,2025,72,200,1999-10-14,25.882,Houston,American Athletic Conference,3,39,7,Undrafted,254.0,NYG,2023,,15.0,125.0,,,32.0,9.5,37.5,78.0,75.8,63.5,77.8,57.1,,,,,,
38583,00-0038583,THO744868,,Dorian Thompson-Robinson,QB,3700,PHI,2025,74,203,1999-11-14,25.797,UCLA,Pacific Twelve Conference,3,14,5,Undrafted,140.0,CLE,2023,4.56,,121.0,4.44,7.28,30.625,9.875,32.5,74.75,76.9,71.2,,70.4,,,,,,
38998,00-0038998,HAE351032,,Jake Haener,QB,3300,NO,2025,73,200,1999-03-10,26.479,Fresno State,Mountain West Conference,3,3,4,Undrafted,127.0,NO,2023,,,114.0,,7.01,29.75,9.375,35.0,73.0,76.4,76.4,,76.2,,,,,,
38395,00-0038395,SMI739042,,Terell Smith,CB,810,CHI,2025,72,204,1999-07-27,26.099,Minnesota,Big Ten Conference,3,32,5,Undrafted,165.0,CHI,2023,4.41,14.0,120.0,4.3,7.02,32.875,9.0,34.0,76.75,79.8,66.7,,57.4,,,,,,
39107,00-0039107,BEN440455,,Stetson Bennett,QB,2510,LAR,2025,71,190,1997-10-28,27.844,Georgia,Southeastern Conference,3,13,4,Undrafted,128.0,LAR,2023,4.67,,118.0,4.2,,28.875,10.0,33.5,72.0,72.0,75.5,,80.6,,,,,,
39133,00-0039133,SMI098020,,Cam Smith,CB,2700,MIA,2025,73,186,2000-12-21,24.693,South Carolina,Southeastern Conference,3,24,2,Undrafted,51.0,MIA,2023,4.43,,134.0,,,31.625,9.125,38.0,76.125,83.2,84.8,,80.2,,,,,,
39158,00-0039158,FRE135054,,Blake Freeland,OT,2200,IND,2025,79,302,2001-05-03,24.331,BYU,Independent,3,73,4,Undrafted,106.0,IND,2023,4.98,,120.0,4.71,7.46,33.875,10.0,37.0,81.875,87.7,77.1,,68.5,,,,,,
38612,00-0038612,PER532468,,A.T. Perry,WR,1400,DEN,2025,77,205,1999-10-26,25.849,Wake Forest,Atlantic Coast Conference,3,87,6,Undrafted,195.0,NO,2023,4.47,,133.0,,,33.25,9.25,35.0,81.625,72.5,78.6,,81.3,,,,,,
38575,00-0038575,FEH618217,,Viliami Fehoko Jr.,DE,5110,WAS,2025,76,267,1999-12-16,25.71,San Jose State,Mountain West Conference,3,93,4,Undrafted,129.0,DAL,2023,,24.0,,,,33.0,9.0,,77.375,80.5,68.9,,69.3,,,,,,
39052,00-0039052,PAL683280,,Trey Palmer,WR,4900,TB,2025,73,190,2001-04-02,24.416,Nebraska,Big Ten Conference,3,10,6,Undrafted,191.0,TB,2023,4.33,,,,,31.875,9.625,,76.125,81.9,75.5,,71.4,,,,,,
38414,00-0038414,WIL589575,,Kendall Williamson,DB,4400,LAC,2025,72,203,2000-08-24,25.019,Stanford,Pacific Twelve Conference,3,40,7,Undrafted,258.0,CHI,2023,,,,,,,,,,,,,,,,,,,
38610,00-0038610,BAR145519,,Bryce Baringer,P,3200,NE,2025,74,215,1999-04-26,26.35,Michigan State,Big Ten Conference,3,17,6,Undrafted,192.0,NE,2023,,,,,,30.5,9.0,,74.25,,,,,,,,,,
38616,00-0038616,BRA660554,,Christian Braswell,CB,2250,JAX,2025,71,185,1999-09-27,25.929,Rutgers,Big Ten Conference,3,21,6,Undrafted,202.0,JAX,2023,,,,,,,,,,,,,,,,,,,
38645,00-0038645,AND490948,,Spencer Anderson,G,3900,PIT,2025,77,305,2000-06-07,25.233,Maryland,Big Ten Conference,3,74,7,Undrafted,251.0,PIT,2023,,,,,,,,,,,,,,,,,,,
38567,00-0038567,RYL029663,,Chad Ryland,K,3800,ARI,2025,72,195,1999-10-15,25.88,Maryland,Big Ten Conference,3,38,4,Undrafted,112.0,NE,2023,,,,,,30.125,9.375,,73.125,,,,,,,,,,
38642,00-0038642,IVE629691,,D.J. Ivey,DB,920,CIN,2025,73,192,2000-02-25,25.515,Miami,Atlantic Coast Conference,3,38,7,Undrafted,246.0,CIN,2023,,,,,,,,,,,,,,,,,,,
39051,00-0039051,HAY248997,,Josh Hayes,DB,4900,TB,2025,72,190,1999-04-24,26.356,Kansas State,Big Twelve Conference,3,32,6,Undrafted,181.0,TB,2023,,,,,,,,,,,,,,,,,,,
39054,00-0039054,MAP775385,,Marte Mapu,LB,3200,NE,2025,75,230,1999-11-08,25.814,Sacramento State,Big Sky Conference,3,15,3,Undrafted,76.0,NE,2023,,,,,,,,,,,,,,,,,,,
39059,00-0039059,EVA187184,,Ethan Evans,P,2510,LAR,2025,75,250,2001-07-19,24.12,Wingate,South Atlantic Conference,3,42,7,Undrafted,223.0,LAR,2023,,,,,,,,,,,,,,,,,,,
39138,00-0039138,TUR561805,,Kobie Turner,DL,2510,LAR,2025,74,297,1999-04-26,26.35,Wake Forest,Atlantic Coast Conference,3,91,3,Undrafted,89.0,LAR,2023,,,,,,,,,,,,,,,,,,,
38398,00-0038398,BRO132842,,Karl Brooks,DT,1800,GB,2025,75,296,2000-05-08,25.315,Bowling Green,Mid-American Conference,3,94,6,Undrafted,179.0,GB,2023,,,,,,,,,,,,,,,,,,,
38614,00-0038614,MAT347280,,Scott Matlock,DT,4400,LAC,2025,76,296,2000-06-28,25.175,Boise State,Mountain West Conference,3,44,6,Undrafted,200.0,LAC,2023,,,,,,,,,,,,,,,,,,,
38399,00-0038399,BAR398787,,Zaire Barnes,LB,3410,NYG,2025,73,227,1999-09-03,25.995,Western Michigan,Mid-American Conference,3,46,6,Undrafted,184.0,NYJ,2023,,,,,,,,,,,,,,,,,,,
38401,00-0038401,BER240672,,Jarrick Bernard-Converse,CB,3410,NYG,2025,73,205,2000-04-29,25.339,LSU,Southeastern Conference,3,35,6,Undrafted,204.0,NYJ,2023,,,,,,,,,,,,,,,,,,,
38562,00-0038562,MOO008651,,Jake Moody,K,5110,WAS,2025,73,210,1999-11-23,25.773,Michigan,Big Ten Conference,3,16,3,Undrafted,99.0,SF,2023,,,,,,30.875,9.5,,73.75,,,,,,,,,,
38613,00-0038613,REE475048,,Jerrick Reed II,SAF,2100,TEN,2025,69,196,2000-08-07,25.066,New Mexico,Mountain West Conference,3,28,6,Undrafted,198.0,SEA,2023,,,,,,,,,,,,,,,,,,,
38536,00-0038536,ZAV070576,,Chandler Zavala,G,750,CAR,2025,75,322,1999-04-02,26.416,N.C. State,Atlantic Coast Conference,3,62,4,Undrafted,114.0,CAR,2023,,,,,,,,,,,,,,,,,,,
39061,00-0039061,JOH202189,,Desjuan Johnson,DE,2510,LAR,2025,75,280,1999-09-02,25.997,Toledo,Mid-American Conference,3,94,7,Undrafted,259.0,LAR,2023,,,,,,,,,,,,,,,,,,,
38506,00-0038506,RIL285297,,Jordon Riley,DT,1800,GB,2025,77,315,1998-05-19,27.287,Oregon,Pacific Twelve Conference,3,97,7,Undrafted,243.0,NYG,2023,,,,,,,,,,,,,,,,,,,
38620,00-0038620,HAL638802,,Erick Hallett,DB,2100,TEN,2025,71,200,2000-04-24,25.353,Pittsburgh,Atlantic Coast Conference,3,36,6,Undrafted,208.0,JAX,2023,,,,,,,,,,,,,,,,,,,
38586,00-0038586,MAF426541,,Atonio Mafi,G,2520,LV,2025,75,329,2000-10-20,24.863,UCLA,Pacific Twelve Conference,3,56,5,Undrafted,144.0,NE,2023,,,,,,,,,,,,,,,,,,,
38624,00-0038624,SPE166447,,Ameer Speed,DB,2120,HOU,2025,75,215,1999-10-11,25.89,Michigan State,Big Ten Conference,3,37,6,Undrafted,214.0,NE,2023,,,,,,,,,,,,,,,,,,,
38409,00-0038409,NIC524830,,Lew Nichols III,RB,3900,PIT,2025,70,220,2001-08-16,24.044,Central Michigan,Mid-American Conference,3,35,7,Undrafted,235.0,GB,2023,,,,,,,,,,,,,,,,,,,
38626,00-0038626,ROB032224,,Brad Robbins,P,610,BUF,2025,73,203,1998-10-06,26.904,Michigan,Big Ten Conference,3,40,6,Undrafted,217.0,CIN,2023,,,,,,30.375,9.0,,74.625,,,,,,,,,,
38403,00-0038403,HAW635317,,Tre Hawkins III,CB,5110,WAS,2025,75,195,2000-08-01,25.082,Old Dominion,Sun Belt Conference,3,46,6,Undrafted,209.0,NYG,2023,,,,,,,,,,,,,,,,,,,
38939,00-0038939,MAR522663,,Brodric Martin,DT,3900,PIT,2025,77,326,1999-05-24,26.274,Western Kentucky,Conference USA,3,78,3,Undrafted,96.0,DET,2023,,,,,,,,,,,,,,,,,,,
38391,00-0038391,CLI043683,,Sean Clifford,QB,1800,GB,2025,74,217,1998-07-14,27.134,Penn State,Big Ten Conference,3,,5,Undrafted,149.0,GB,2023,,,,,,,,,,,,,,,,,,,
38405,00-0038405,BEL622703,,Travis Bell,DT,3000,MIN,2025,72,310,1998-10-27,26.847,Kennesaw State,Independent,3,95,7,Undrafted,218.0,CHI,2023,,,,,,,,,,,,,,,,,,,
38617,00-0038617,BUR465924,,Amari Burney,LB,2100,TEN,2025,74,228,2000-06-19,25.2,Florida,Southeastern Conference,3,58,6,Undrafted,203.0,LVR,2023,,,,,,,,,,,,,,,,,,,
38641,00-0038641,BOL198414,,Isaiah Bolden,CB,3200,NE,2025,74,205,1999-12-16,25.71,Jackson State University,Southwestern Athletic Conference,3,,7,Undrafted,245.0,NE,2023,,,,,,,,,,,,,,,,,,,
38592,00-0038592,SOR593271,,Colby Sorsdal,G,1540,DET,2025,78,315,2000-03-01,25.501,William & Mary,Colonial Athletic Association,3,75,5,Undrafted,152.0,DET,2023,,,,,,,,,,,,,,,,,,,
38404,00-0038404,LEO239780,,Titus Leo,DE,1050,CLE,2025,75,245,1999-08-26,26.016,Wagner,Northeast Conference,3,90,6,Undrafted,211.0,IND,2023,,,,,,,,,,,,,,,,,,,
39074,00-0039074,ALL098299,,Davis Allen,TE,2510,LAR,2025,78,251,2001-02-03,24.575,Clemson,Atlantic Coast Conference,3,87,5,Undrafted,175.0,LAR,2023,4.84,,125.0,,,32.25,10.0,38.5,79.75,70.1,62.4,,71.1,,,,,,
38542,00-0038542,ROB368260,,Bijan Robinson,RB,200,ATL,2025,71,215,2002-01-30,23.586,Texas,Big Twelve Conference,3,7,1,Undrafted,8.0,ATL,2023,4.46,,124.0,,,31.125,9.75,37.0,74.75,85.2,95.6,80.7,99.0,,,,,,
39108,00-0039108,AND627364,,Will Anderson Jr.,DE,2120,HOU,2025,76,243,2001-09-02,23.997,Alabama,Southeastern Conference,3,51,1,Undrafted,3.0,HOU,2023,4.6,,,,,33.875,9.875,,81.0,76.4,94.1,,99.0,,,,,,
39150,00-0039150,YOU124763,,Bryce Young,QB,750,CAR,2025,70,204,2001-07-25,24.104,Alabama,Southeastern Conference,3,9,1,Undrafted,1.0,CAR,2023,,,,,,30.5,9.75,,73.5,81.9,92.0,,99.0,,,,,,
38381,00-0038381,KEL676898,,Kyu Blu Kelly,CB,5110,WAS,2023,72,188,2001-05-22,22.279,Stanford,Pacific Twelve Conference,1,36,5,Undrafted,157.0,BAL,2023,,,,,,,,,,,,,,,,,,,
38381,00-0038381,KEL676898,,Kyu Blu Kelly,CB,2520,LV,2024,72,188,2001-05-22,23.282,Stanford,Pacific Twelve Conference,2,36,5,Undrafted,157.0,BAL,2023,,,,,,,,,,,,,,,,,,,
38382,00-0038382,AUM070576,,Malaesala Aumavae-Laulu,OT,325,BAL,2023,77,344,1999-05-25,24.271,Oregon,Pacific Twelve Conference,1,71,6,Undrafted,199.0,BAL,2023,5.23,,106.0,4.75,7.65,,,28.5,,,,,,,,,,,
38382,00-0038382,AUM070576,,Malaesala Aumavae-Laulu,OT,325,BAL,2024,77,344,1999-05-25,25.274,Oregon,Pacific Twelve Conference,2,71,6,Undrafted,199.0,BAL,2023,5.23,,106.0,4.75,7.65,,,28.5,,,,,,,,,,,
38383,00-0038383,VOR148318,,Andrew Vorhees,G,325,BAL,2024,78,320,1999-01-21,25.613,USC,Pacific Twelve Conference,2,72,7,Undrafted,229.0,BAL,2023,,,105.0,,,,,29.0,,,,,,,,,,,
38386,00-0038386,CAR656628,,Jalen Carter,DT,3700,PHI,2024,75,314,2001-04-04,23.413,Georgia,Southeastern Conference,2,98,1,Undrafted,9.0,PHI,2023,,,,,,,,,,,,,,,,,,,
38386,00-0038386,CAR656628,,Jalen Carter,DT,3700,PHI,2023,75,314,2001-04-04,22.411,Georgia,Southeastern Conference,1,98,1,Undrafted,9.0,PHI,2023,,,,,,,,,,,,,,,,,,,
38387,00-0038387,WOO268652,,Colby Wooden,DE,1800,GB,2023,76,273,2000-12-21,22.693,Auburn,Southeastern Conference,1,96,4,Undrafted,116.0,GB,2023,4.79,23.0,115.0,4.52,,,,,,,,,,,,,,,
38387,00-0038387,WOO268652,,Colby Wooden,DE,1800,GB,2024,76,273,2000-12-21,23.696,Auburn,Southeastern Conference,2,96,4,Undrafted,116.0,GB,2023,4.79,23.0,115.0,4.52,,,,,,,,,,,,,,,
38388,00-0038388,RUS057910,,Darius Rush,CB,3900,PIT,2023,74,198,2000-02-22,23.523,South Carolina,Southeastern Conference,1,21,5,Undrafted,138.0,IND,2023,4.36,,121.0,,,,,35.0,,,,,,,,,,,
38388,00-0038388,RUS057910,,Darius Rush,CB,3900,PIT,2024,74,198,2000-02-22,24.526,South Carolina,Southeastern Conference,2,21,5,Undrafted,138.0,IND,2023,4.36,,121.0,,,,,35.0,,,,,,,,,,,
38389,00-0038389,ABA159567,,Israel Abanikanda,RB,3430,NYJ,2023,70,216,2002-10-05,20.907,Pittsburgh,Atlantic Coast Conference,1,25,5,Undrafted,143.0,NYJ,2023,,,,,,,,,,,,,,,,,,,
38389,00-0038389,ABA159567,,Israel Abanikanda,RB,3430,NYJ,2024,70,216,2002-10-05,21.91,Pittsburgh,Atlantic Coast Conference,2,25,5,Undrafted,143.0,NYJ,2023,,,,,,,,,,,,,,,,,,,
38390,00-0038390,SEW459337,,Noah Sewell,LB,810,CHI,2024,73,246,2002-04-26,22.353,Oregon,Pacific Twelve Conference,2,44,5,Undrafted,148.0,CHI,2023,4.64,27.0,115.0,,,,,33.0,,,,,,,,,,,
38390,00-0038390,SEW459337,,Noah Sewell,LB,810,CHI,2023,73,246,2002-04-26,21.35,Oregon,Pacific Twelve Conference,1,44,5,Undrafted,148.0,CHI,2023,4.64,27.0,115.0,,,,,33.0,,,,,,,,,,,
38391,00-0038391,CLI043683,,Sean Clifford,QB,1800,GB,2024,74,217,1998-07-14,26.137,Penn State,Big Ten Conference,2,6,5,Undrafted,149.0,GB,2023,,,,,,,,,,,,,,,,,,,
38391,00-0038391,CLI043683,,Sean Clifford,QB,1800,GB,2023,74,217,1998-07-14,25.134,Penn State,Big Ten Conference,1,8,5,Undrafted,149.0,GB,2023,,,,,,,,,,,,,,,,,,,
38393,00-0038393,WIC622867,,Dontayvion Wicks,WR,1800,GB,2024,73,206,2001-06-16,23.214,Virginia,Atlantic Coast Conference,2,13,5,Undrafted,159.0,GB,2023,4.62,,130.0,,,,,39.0,,,,,,,,,,,
38393,00-0038393,WIC622867,,Dontayvion Wicks,WR,1800,GB,2023,73,206,2001-06-16,22.211,Virginia,Atlantic Coast Conference,1,13,5,Undrafted,159.0,GB,2023,4.62,,130.0,,,,,39.0,,,,,,,,,,,
38394,00-0038394,MAL454836,,Will Mallory,TE,2200,IND,2024,76,239,1999-06-22,25.197,Miami,Atlantic Coast Conference,2,86,5,Undrafted,162.0,IND,2023,,20.0,121.0,,,,,36.5,,,,,,,,,,,
38394,00-0038394,MAL454836,,Will Mallory,TE,2200,IND,2023,76,239,1999-06-22,24.194,Miami,Atlantic Coast Conference,1,86,5,Undrafted,162.0,IND,2023,,20.0,121.0,,,,,36.5,,,,,,,,,,,
38395,00-0038395,SMI739042,,Terell Smith,CB,810,CHI,2023,72,204,1999-07-27,24.099,Minnesota,Big Ten Conference,1,32,5,Undrafted,165.0,CHI,2023,,,,,,,,,,,,,,,,,,,
38395,00-0038395,SMI739042,,Terell Smith,CB,810,CHI,2024,72,204,1999-07-27,25.101,Minnesota,Big Ten Conference,2,32,5,Undrafted,165.0,CHI,2023,,,,,,,,,,,,,,,,,,,
38396,00-0038396,GRA652870,,Eric Gray,RB,3410,NYG,2024,70,210,1999-11-04,24.828,Oklahoma,Big Twelve Conference,2,20,5,Undrafted,172.0,NYG,2023,,,118.0,,,,,37.5,,,,,,,,,,,
38396,00-0038396,GRA652870,,Eric Gray,RB,3410,NYG,2023,70,210,1999-11-04,23.825,Oklahoma,Big Twelve Conference,1,20,5,Undrafted,172.0,NYG,2023,,,118.0,,,,,37.5,,,,,,,,,,,
38397,00-0038397,HUL084697,,Evan Hull,RB,2200,IND,2024,70,209,2000-10-26,23.849,Northwestern,Big Ten Conference,2,26,5,Undrafted,176.0,IND,2023,,,,,,,,,,,,,,,,,,,
38397,00-0038397,HUL084697,,Evan Hull,RB,2200,IND,2023,70,209,2000-10-26,22.847,Northwestern,Big Ten Conference,1,26,5,Undrafted,176.0,IND,2023,,,,,,,,,,,,,,,,,,,
38398,00-0038398,BRO132842,,Karl Brooks,DT,1800,GB,2023,75,296,2000-05-08,23.315,Bowling Green,Mid-American Conference,1,94,6,Undrafted,179.0,GB,2023,,,,,,,,,,,,,,,,,,,
38398,00-0038398,BRO132842,,Karl Brooks,DT,1800,GB,2024,75,296,2000-05-08,24.318,Bowling Green,Mid-American Conference,2,94,6,Undrafted,179.0,GB,2023,,,,,,,,,,,,,,,,,,,
38399,00-0038399,BAR398787,,Zaire Barnes,LB,3430,NYJ,2023,73,227,1999-09-03,23.995,Western Michigan,Mid-American Conference,1,53,6,Undrafted,184.0,NYJ,2023,,,,,,,,,,,,,,,,,,,
38399,00-0038399,BAR398787,,Zaire Barnes,LB,3430,NYJ,2024,73,227,1999-09-03,24.995,Western Michigan,Mid-American Conference,2,53,6,Undrafted,184.0,NYJ,2023,,,,,,,,,,,,,,,,,,,
38400,00-0038400,MCK156404,,Tanner McKee,QB,3700,PHI,2023,78,230,2000-04-27,23.345,Stanford,Pacific Twelve Conference,1,,6,Undrafted,188.0,PHI,2023,,,114.0,4.41,7.22,,,33.0,,,,,,,,,,,
38400,00-0038400,MCK156404,,Tanner McKee,QB,3700,PHI,2024,78,230,2000-04-27,24.348,Stanford,Pacific Twelve Conference,2,16,6,Undrafted,188.0,PHI,2023,,,114.0,4.41,7.22,,,33.0,,,,,,,,,,,
38401,00-0038401,BER240672,,Jarrick Bernard-Converse,CB,3430,NYJ,2024,73,205,2000-04-29,24.342,LSU,Southeastern Conference,2,29,6,Undrafted,204.0,NYJ,2023,,,,,,,,,,,,,,,,,,,
38401,00-0038401,BER240672,,Jarrick Bernard-Converse,CB,3430,NYJ,2023,73,205,2000-04-29,23.339,LSU,Southeastern Conference,1,29,6,Undrafted,204.0,NYJ,2023,,,,,,,,,,,,,,,,,,,
38402,00-0038402,CAR111222,,Anders Carlson,K,3430,NYJ,2024,77,215,1998-06-16,26.214,Auburn,Southeastern Conference,2,18,6,Undrafted,207.0,GNB,2023,,,,,,,,,,,,,,,,,,,
38402,00-0038402,CAR111222,,Anders Carlson,K,1800,GB,2023,77,215,1998-06-16,25.211,Auburn,Southeastern Conference,1,17,6,Undrafted,207.0,GNB,2023,,,,,,,,,,,,,,,,,,,
38403,00-0038403,HAW635317,,Tre Hawkins III,CB,3410,NYG,2024,75,195,2000-08-01,24.085,Old Dominion,Sun Belt Conference,2,37,6,Undrafted,209.0,NYG,2023,,,,,,,,,,,,,,,,,,,
38403,00-0038403,HAW635317,,Tre Hawkins III,CB,3410,NYG,2023,75,195,2000-08-01,23.082,Old Dominion,Sun Belt Conference,1,37,6,Undrafted,209.0,NYG,2023,,,,,,,,,,,,,,,,,,,
38404,00-0038404,LEO239780,,Titus Leo,DE,2200,IND,2023,75,245,1999-08-26,24.016,Wagner,Northeast Conference,1,91,6,Undrafted,211.0,IND,2023,,,,,,,,,,,,,,,,,,,
38404,00-0038404,LEO239780,,Titus Leo,DE,3200,NE,2024,75,245,1999-08-26,25.019,Wagner,Northeast Conference,2,97,6,Undrafted,211.0,IND,2023,,,,,,,,,,,,,,,,,,,
38405,00-0038405,BEL622703,,Travis Bell,DT,920,CIN,2024,72,310,1998-10-27,25.849,Kennesaw State,Independent,2,53,7,Undrafted,218.0,CHI,2023,,,,,,,,,,,,,,,,,,,
38405,00-0038405,BEL622703,,Travis Bell,DT,200,ATL,2023,72,310,1998-10-27,24.847,Kennesaw State,Independent,1,74,7,Undrafted,218.0,CHI,2023,,,,,,,,,,,,,,,,,,,
38406,00-0038406,KUN184573,,Zack Kuntz,TE,3430,NYJ,2023,79,251,1999-06-06,24.238,Old Dominion,Conference USA,1,81,7,Undrafted,220.0,NYJ,2023,,,,,,,,,,,,,,,,,,,
38406,00-0038406,KUN184573,,Zack Kuntz,TE,3430,NYJ,2024,79,251,1999-06-06,25.241,Old Dominion,Conference USA,2,81,7,Undrafted,220.0,NYJ,2023,,,,,,,,,,,,,,,,,,,
38407,00-0038407,JON449507,,Jaylon Jones,CB,2200,IND,2023,74,203,2002-04-03,21.413,Texas A&M,Southeastern Conference,1,40,7,Undrafted,221.0,IND,2023,4.57,14.0,122.0,4.3,6.88,,,38.0,,,,,,,,,,,
38407,00-0038407,JON449507,,Jaylon Jones,CB,2200,IND,2024,74,203,2002-04-03,22.416,Texas A&M,Southeastern Conference,2,40,7,Undrafted,221.0,IND,2023,4.57,14.0,122.0,4.3,6.88,,,38.0,,,,,,,,,,,
38408,00-0038408,VAL326982,,Carrington Valentine,CB,1800,GB,2024,72,189,2001-09-09,22.978,Kentucky,Southeastern Conference,2,24,7,Undrafted,232.0,GB,2023,,9.0,128.0,,,,,39.0,,,,,,,,,,,
38408,00-0038408,VAL326982,,Carrington Valentine,CB,1800,GB,2023,72,189,2001-09-09,21.978,Kentucky,Southeastern Conference,1,37,7,Undrafted,232.0,GB,2023,,9.0,128.0,,,,,39.0,,,,,,,,,,,
38409,00-0038409,NIC524830,,Lew Nichols III,RB,3700,PHI,2024,70,220,2001-08-16,23.047,Central Michigan,Mid-American Conference,2,,7,Undrafted,235.0,GB,2023,,,,,,,,,,,,,,,,,,,
38410,00-0038410,WIT364970,,Jake Witt,T,2200,IND,2024,79,282,2000-02-07,24.567,Northern Michigan University,Great Lakes Intercollegiate Athletic Conference,2,76,7,Undrafted,236.0,IND,2023,,,,,,,,,,,,,,,,,,,
38411,00-0038411,JOH789936,,Anthony Johnson Jr.,SAF,1800,GB,2023,72,205,1999-12-02,23.748,Iowa State,Big Twelve Conference,1,36,7,Undrafted,242.0,GB,2023,,,,,,,,,,,,,,,,,,,
38411,00-0038411,JOH789936,,Anthony Johnson Jr.,SAF,3410,NYG,2024,72,205,1999-12-02,24.751,Iowa State,Big Twelve Conference,2,23,7,Undrafted,242.0,GB,2023,,,,,,,,,,,,,,,,,,,
38412,00-0038412,OJO426541,,Moro Ojomo,DT,3700,PHI,2024,75,292,2001-08-15,23.049,Texas,Big Twelve Conference,2,97,7,Undrafted,249.0,PHI,2023,5.04,29.0,112.0,,,,,33.0,,,,,,,,,,,
38412,00-0038412,OJO426541,,Moro Ojomo,DT,3700,PHI,2023,75,292,2001-08-15,22.047,Texas,Big Twelve Conference,1,72,7,Undrafted,249.0,PHI,2023,5.04,29.0,112.0,,,,,33.0,,,,,,,,,,,
38413,00-0038413,OWE432476,,Gervarrius Owens,SAF,3410,NYG,2023,72,200,1999-10-14,23.882,Houston,American Athletic Conference,1,39,7,Undrafted,254.0,NYG,2023,,15.0,125.0,,,,,37.5,,,,,,,,,,,
38413,00-0038413,OWE432476,,Gervarrius Owens,SAF,2100,TEN,2024,72,200,1999-10-14,24.885,Houston,American Athletic Conference,2,33,7,Undrafted,254.0,NYG,2023,,15.0,125.0,,,,,37.5,,,,,,,,,,,
38414,00-0038414,WIL589575,,Kendall Williamson,SAF,4400,LAC,2024,72,203,2000-08-24,24.022,Stanford,Pacific Twelve Conference,2,40,7,Undrafted,258.0,CHI,2023,,,,,,,,,,,,,,,,,,,
38414,00-0038414,WIL589575,,Kendall Williamson,SAF,810,CHI,2023,72,203,2000-08-24,23.019,Stanford,Pacific Twelve Conference,1,36,7,Undrafted,258.0,CHI,2023,,,,,,,,,,,,,,,,,,,
38504,00-0038504,SIM632785,,Trenton Simpson,LB,325,BAL,2023,74,235,2001-06-14,22.216,Clemson,Atlantic Coast Conference,1,30,3,Undrafted,86.0,BAL,2023,4.43,25.0,,,,,,,,,,,,,,,,,
38504,00-0038504,SIM632785,,Trenton Simpson,LB,325,BAL,2024,74,235,2001-06-14,23.219,Clemson,Atlantic Coast Conference,2,23,3,Undrafted,86.0,BAL,2023,4.43,25.0,,,,,,,,,,,,,,,,,
38505,00-0038505,ROB705359,,Tavius Robinson,LB,325,BAL,2023,78,262,1999-01-03,24.66,Mississippi,Southeastern Conference,1,95,4,Undrafted,124.0,BAL,2023,,,,,,,,,,,,,,,,,,,
38505,00-0038505,ROB705359,,Tavius Robinson,LB,325,BAL,2024,78,262,1999-01-03,25.663,Mississippi,Southeastern Conference,2,95,4,Undrafted,124.0,BAL,2023,,,,,,,,,,,,,,,,,,,
38506,00-0038506,RIL285297,,Jordon Riley,DT,3410,NYG,2023,77,315,1998-05-19,25.287,Oregon,Pacific Twelve Conference,1,95,7,Undrafted,243.0,NYG,2023,,,,,,,,,,,,,,,,,,,
38506,00-0038506,RIL285297,,Jordon Riley,DT,3410,NYG,2024,77,315,1998-05-19,26.29,Oregon,Pacific Twelve Conference,2,95,7,Undrafted,243.0,NYG,2023,,,,,,,,,,,,,,,,,,,
38507,00-0038507,DUB599865,,Grant DuBose,WR,2700,MIA,2024,74,201,2001-06-20,23.203,Charlotte,Conference USA,2,88,7,Undrafted,256.0,GNB,2023,,,,,,,,,,,,,,,,,,,
38507,00-0038507,DUB599865,,Grant DuBose,WR,1800,GB,2023,74,201,2001-06-20,22.2,Charlotte,Conference USA,1,86,7,Undrafted,256.0,GNB,2023,,,,,,,,,,,,,,,,,,,
38535,00-0038535,JOH204752,,DJ Johnson,LB,750,CAR,2023,76,260,1998-10-29,24.841,Oregon,Pacific Twelve Conference,1,52,3,Undrafted,80.0,CAR,2023,,,,,,,,,,,,,,,,,,,
38535,00-0038535,JOH204752,,DJ Johnson,LB,750,CAR,2024,76,260,1998-10-29,25.844,Oregon,Pacific Twelve Conference,2,52,3,Undrafted,80.0,CAR,2023,,,,,,,,,,,,,,,,,,,
38536,00-0038536,ZAV070576,,Chandler Zavala,G,750,CAR,2024,75,322,1999-04-02,25.419,N.C. State,Atlantic Coast Conference,2,62,4,Undrafted,114.0,CAR,2023,,,,,,,,,,,,,,,,,,,
38536,00-0038536,ZAV070576,,Chandler Zavala,G,750,CAR,2023,75,322,1999-04-02,24.416,N.C. State,Atlantic Coast Conference,1,62,4,Undrafted,114.0,CAR,2023,,,,,,,,,,,,,,,,,,,
38540,00-0038540,JOH789993,,Paris Johnson Jr.,OT,3800,ARI,2023,78,325,2001-07-03,22.164,Ohio State,Big Ten Conference,1,70,1,Undrafted,6.0,ARI,2023,,,110.0,,,,,,,,,,,,,,,,
38540,00-0038540,JOH789993,,Paris Johnson Jr.,OT,3800,ARI,2024,78,325,2001-07-03,23.167,Ohio State,Big Ten Conference,2,70,1,Undrafted,6.0,ARI,2023,,,110.0,,,,,,,,,,,,,,,,
38541,00-0038541,WIL806943,,Tyree Wilson,DE,2520,LV,2023,77,263,2000-05-20,23.282,Texas Tech,Big Twelve Conference,1,9,1,Undrafted,7.0,LV,2023,,23.0,,,,,,,,,,,,,,,,,
38541,00-0038541,WIL806943,,Tyree Wilson,DE,2520,LV,2024,77,263,2000-05-20,24.285,Texas Tech,Big Twelve Conference,2,9,1,Undrafted,7.0,LV,2023,,23.0,,,,,,,,,,,,,,,,,
38542,00-0038542,ROB368260,,Bijan Robinson,RB,200,ATL,2024,71,215,2002-01-30,22.589,Texas,Big Twelve Conference,2,7,1,Undrafted,8.0,ATL,2023,4.46,,124.0,,,,,37.0,,,,,,,,,,,
38542,00-0038542,ROB368260,,Bijan Robinson,RB,200,ATL,2023,71,215,2002-01-30,21.586,Texas,Big Twelve Conference,1,7,1,Undrafted,8.0,ATL,2023,4.46,,124.0,,,,,37.0,,,,,,,,,,,
38543,00-0038543,SMI829636,,Jaxon Smith-Njigba,WR,4600,SEA,2023,72,197,2002-02-14,21.545,Ohio State,Big Ten Conference,1,11,1,Undrafted,20.0,SEA,2023,,,125.0,3.93,6.57,,,35.0,,,,,,,,,,,
38543,00-0038543,SMI829636,,Jaxon Smith-Njigba,WR,4600,SEA,2024,72,197,2002-02-14,22.548,Ohio State,Big Ten Conference,2,11,1,Undrafted,20.0,SEA,2023,,,125.0,3.93,6.57,,,35.0,,,,,,,,,,,
38544,00-0038544,JOH823261,,Quentin Johnston,WR,4400,LAC,2023,74,208,2001-09-06,21.986,TCU,Big Twelve Conference,1,1,1,Undrafted,21.0,LAC,2023,,,134.0,,,,,40.5,,,,,,,,,,,
38544,00-0038544,JOH823261,,Quentin Johnston,WR,4400,LAC,2024,74,208,2001-09-06,22.986,TCU,Big Twelve Conference,2,1,1,Undrafted,21.0,LAC,2023,,,134.0,,,,,40.5,,,,,,,,,,,
38545,00-0038545,SMI511850,,Mazi Smith,DT,1200,DAL,2024,75,337,2001-06-16,23.214,Michigan,Big Ten Conference,2,58,1,Undrafted,26.0,DAL,2023,,34.0,,,,,,,,,,,,,,,,,
38545,00-0038545,SMI511850,,Mazi Smith,DT,1200,DAL,2023,75,337,2001-06-16,22.211,Michigan,Big Ten Conference,1,58,1,Undrafted,26.0,DAL,2023,,34.0,,,,,,,,,,,,,,,,,
38546,00-0038546,MUR519902,,Myles Murphy,DE,920,CIN,2023,77,275,2002-01-03,21.66,Clemson,Atlantic Coast Conference,1,99,1,Undrafted,28.0,CIN,2023,,25.0,,,,,,,,,,,,,,,,,
38546,00-0038546,MUR519902,,Myles Murphy,DE,920,CIN,2024,77,275,2002-01-03,22.663,Clemson,Atlantic Coast Conference,2,99,1,Undrafted,28.0,CIN,2023,,25.0,,,,,,,,,,,,,,,,,
38547,00-0038547,SCH471986,,Luke Schoonmaker,TE,1200,DAL,2023,77,250,1998-09-28,24.926,Michigan,Big Ten Conference,1,86,2,Undrafted,58.0,DAL,2023,,,127.0,4.27,,,,33.5,,,,,,,,,,,
38547,00-0038547,SCH471986,,Luke Schoonmaker,TE,1200,DAL,2024,77,250,1998-09-28,25.926,Michigan,Big Ten Conference,2,86,2,Undrafted,58.0,DAL,2023,,,127.0,4.27,,,,33.5,,,,,,,,,,,
38548,00-0038548,TOR694111,,O'Cyrus Torrence,G,610,BUF,2024,77,347,2000-01-20,24.616,Florida,Southeastern Conference,2,64,2,Undrafted,59.0,BUF,2023,5.31,,101.0,4.81,,,,23.5,,,,,,,,,,,
38548,00-0038548,TOR694111,,O'Cyrus Torrence,G,610,BUF,2023,77,347,2000-01-20,23.613,Florida,Southeastern Conference,1,64,2,Undrafted,59.0,BUF,2023,5.31,,101.0,4.81,,,,23.5,,,,,,,,,,,
38549,00-0038549,TUR283151,,DJ Turner II,CB,920,CIN,2024,71,185,2000-11-09,23.811,Michigan,Big Ten Conference,2,20,2,Undrafted,60.0,CIN,2023,4.26,,131.0,,,,,38.5,,,,,,,,,,,
38549,00-0038549,TUR283151,,DJ Turner II,CB,920,CIN,2023,71,185,2000-11-09,22.808,Michigan,Big Ten Conference,1,20,2,Undrafted,60.0,CIN,2023,4.26,,131.0,,,,,38.5,,,,,,,,,,,
38550,00-0038550,HOO297694,,Hendon Hooker,QB,1540,DET,2024,75,221,1998-01-13,26.635,Tennessee,Southeastern Conference,2,2,3,Undrafted,68.0,DET,2023,,,,,,,,,,,,,,,,,,,
38551,00-0038551,MIL369085,,Kendre Miller,RB,3300,NO,2023,72,220,2002-06-11,21.225,TCU,Big Twelve Conference,1,25,3,Undrafted,71.0,NO,2023,,,,,,,,,,,,,,,,,,,
38551,00-0038551,MIL369085,,Kendre Miller,RB,3300,NO,2024,72,220,2002-06-11,22.227,TCU,Big Twelve Conference,2,25,3,Undrafted,71.0,NO,2023,,,,,,,,,,,,,,,,,,,
38552,00-0038552,MOS709340,,Riley Moss,CB,1400,DEN,2024,72,193,2000-03-03,24.498,Iowa,Big Ten Conference,2,21,3,Undrafted,83.0,DEN,2023,4.45,,127.0,,,,,39.0,,,,,,,,,,,
38552,00-0038552,MOS709340,,Riley Moss,CB,1400,DEN,2023,72,193,2000-03-03,23.496,Iowa,Big Ten Conference,1,37,3,Undrafted,83.0,DEN,2023,4.45,,127.0,,,,,39.0,,,,,,,,,,,
38553,00-0038553,HEN466212,,Daiyan Henley,LB,4400,LAC,2023,73,225,1999-11-18,23.786,Washington State,Pacific Twelve Conference,1,0,3,Undrafted,85.0,LAC,2023,4.54,,125.0,,,,,35.0,,,,,,,,,,,
38553,00-0038553,HEN466212,,Daiyan Henley,LB,4400,LAC,2024,73,225,1999-11-18,24.789,Washington State,Pacific Twelve Conference,2,0,3,Undrafted,85.0,LAC,2023,4.54,,125.0,,,,,35.0,,,,,,,,,,,
38554,00-0038554,BRO492777,,Ji'Ayir Brown,SAF,4500,SF,2024,71,202,2000-01-25,24.602,Penn State,Big Ten Conference,2,27,3,Undrafted,87.0,SF,2023,4.65,18.0,119.0,,,,,32.5,,,,,,,,,,,
38554,00-0038554,BRO492777,,Ji'Ayir Brown,SAF,4500,SF,2023,71,202,2000-01-25,23.6,Penn State,Big Ten Conference,1,27,3,Undrafted,87.0,SF,2023,4.65,18.0,119.0,,,,,32.5,,,,,,,,,,,
38555,00-0038555,BIG732544,,Tank Bigsby,RB,2250,JAX,2024,71,215,2002-08-30,22.008,Auburn,Southeastern Conference,2,4,3,Undrafted,88.0,JAX,2023,4.56,,119.0,,,,,32.5,,,,,,,,,,,
38555,00-0038555,BIG732544,,Tank Bigsby,RB,2250,JAX,2023,71,215,2002-08-30,21.005,Auburn,Southeastern Conference,1,4,3,Undrafted,88.0,JAX,2023,4.56,,119.0,,,,,32.5,,,,,,,,,,,
38556,00-0038556,OVE249174,,DeMarvion Overshown,LB,1200,DAL,2023,75,230,2000-08-13,23.049,Texas,Big Twelve Conference,1,35,3,Undrafted,90.0,DAL,2023,4.56,15.0,124.0,,,,,,,,,,,,,,,,
38556,00-0038556,OVE249174,,DeMarvion Overshown,LB,1200,DAL,2024,75,230,2000-08-13,24.052,Texas,Big Twelve Conference,2,13,3,Undrafted,90.0,DAL,2023,4.56,15.0,124.0,,,,,,,,,,,,,,,,
38557,00-0038557,WIL243940,,Dorian Williams,LB,610,BUF,2023,73,230,2001-06-28,22.178,Tulane,American Athletic Conference,1,42,3,Undrafted,91.0,BUF,2023,4.49,,120.0,,,,,33.5,,,,,,,,,,,
38557,00-0038557,WIL243940,,Dorian Williams,LB,610,BUF,2024,73,230,2001-06-28,23.181,Tulane,American Athletic Conference,2,42,3,Undrafted,91.0,BUF,2023,4.49,,120.0,,,,,33.5,,,,,,,,,,,
38558,00-0038558,WAS185860,,Darnell Washington,TE,3900,PIT,2023,79,265,2001-08-17,22.041,Georgia,Southeastern Conference,1,80,3,Undrafted,93.0,PIT,2023,,21.0,122.0,4.08,,,,31.0,,,,,,,,,,,
38558,00-0038558,WAS185860,,Darnell Washington,TE,3900,PIT,2024,79,265,2001-08-17,23.044,Georgia,Southeastern Conference,2,80,3,Undrafted,93.0,PIT,2023,,21.0,122.0,4.08,,,,31.0,,,,,,,,,,,
38559,00-0038559,WIL752419,,Michael Wilson,WR,3800,ARI,2024,74,213,2000-02-23,24.523,Stanford,Pacific Twelve Conference,2,14,3,Undrafted,94.0,ARI,2023,4.58,23.0,125.0,4.27,,,,37.5,,,,,,,,,,,
38559,00-0038559,WIL752419,,Michael Wilson,WR,3800,ARI,2023,74,213,2000-02-23,23.52,Stanford,Pacific Twelve Conference,1,14,3,Undrafted,94.0,ARI,2023,4.58,23.0,125.0,4.27,,,,37.5,,,,,,,,,,,
38560,00-0038560,BAT472711,,Jordan Battle,SAF,920,CIN,2024,73,215,2000-12-14,23.715,Alabama,Southeastern Conference,2,27,3,Undrafted,95.0,CIN,2023,4.55,17.0,,,,,,,,,,,,,,,,,
38560,00-0038560,BAT472711,,Jordan Battle,SAF,920,CIN,2023,73,215,2000-12-14,22.713,Alabama,Southeastern Conference,1,27,3,Undrafted,95.0,CIN,2023,4.55,17.0,,,,,,,,,,,,,,,,,
38561,00-0038561,IKA415291,,Siaki Ika,DT,1050,CLE,2024,75,358,2000-11-08,23.814,Baylor,Big Twelve Conference,2,62,3,Undrafted,98.0,CLE,2023,5.39,,,4.99,7.8,,,,,,,,,,,,,,
38561,00-0038561,IKA415291,,Siaki Ika,DT,1050,CLE,2023,75,358,2000-11-08,22.811,Baylor,Big Twelve Conference,1,62,3,Undrafted,98.0,CLE,2023,5.39,,,4.99,7.8,,,,,,,,,,,,,,
38562,00-0038562,MOO008651,,Jake Moody,K,4500,SF,2024,73,210,1999-11-23,24.775,Michigan,Big Ten Conference,2,4,3,Undrafted,99.0,SF,2023,,,,,,,,,,,,,,,,,,,
38562,00-0038562,MOO008651,,Jake Moody,K,4500,SF,2023,73,210,1999-11-23,23.773,Michigan,Big Ten Conference,1,4,3,Undrafted,99.0,SF,2023,,,,,,,,,,,,,,,,,,,
38563,00-0038563,TUC399910,,Tre Tucker,WR,2520,LV,2024,68,182,2001-03-08,23.487,Cincinnati,American Athletic Conference,2,11,3,Undrafted,100.0,LV,2023,4.4,,124.0,,,,,37.5,,,,,,,,,,,
38563,00-0038563,TUC399910,,Tre Tucker,WR,2520,LV,2023,68,182,2001-03-08,22.485,Cincinnati,American Athletic Conference,1,11,3,Undrafted,100.0,LV,2023,4.4,,124.0,,,,,37.5,,,,,,,,,,,
38564,00-0038564,LAT718773,,Cameron Latu,TE,4500,SF,2023,77,244,2000-02-24,23.517,Alabama,Southeastern Conference,1,81,3,Undrafted,101.0,SF,2023,,,,,,,,,,,,,,,,,,,
38564,00-0038564,LAT718773,,Cameron Latu,TE,4500,SF,2024,77,244,2000-02-24,24.52,Alabama,Southeastern Conference,2,81,3,Undrafted,101.0,SF,2023,,,,,,,,,,,,,,,,,,,
38565,00-0038565,BLA289825,,Mekhi Blackmon,CB,3000,MIN,2023,71,178,1999-03-18,24.457,USC,Pacific Twelve Conference,1,5,3,Undrafted,102.0,MIN,2023,4.47,11.0,125.0,,,,,36.0,,,,,,,,,,,
38566,00-0038566,SAL236049,,Nick Saldiveri,G,3300,NO,2023,78,316,2000-08-14,23.047,Old Dominion,Conference USA,1,64,4,Undrafted,103.0,NO,2023,,,,,,,,,,,,,,,,,,,
38566,00-0038566,SAL236049,,Nick Saldiveri,G,3300,NO,2024,78,316,2000-08-14,24.049,Old Dominion,Conference USA,2,64,4,Undrafted,103.0,NO,2023,,,,,,,,,,,,,,,,,,,
38567,00-0038567,RYL029663,,Chad Ryland,K,3800,ARI,2024,72,195,1999-10-15,24.882,Maryland,Big Ten Conference,2,38,4,Undrafted,112.0,NE,2023,,,,,,,,,,,,,,,,,,,
38567,00-0038567,RYL029663,,Chad Ryland,K,3200,NE,2023,72,195,1999-10-15,23.88,Maryland,Big Ten Conference,1,37,4,Undrafted,112.0,NE,2023,,,,,,,,,,,,,,,,,,,
38568,00-0038568,PHI672138,,Clark Phillips III,CB,200,ATL,2023,69,185,2001-12-19,21.702,Utah,Pacific Twelve Conference,1,34,4,Undrafted,113.0,ATL,2023,4.51,18.0,,4.32,,,,33.0,,,,,,,,,,,
38568,00-0038568,PHI672138,,Clark Phillips III,CB,200,ATL,2024,69,185,2001-12-19,22.704,Utah,Pacific Twelve Conference,2,22,4,Undrafted,113.0,ATL,2023,4.51,18.0,,4.32,,,,33.0,,,,,,,,,,,
38569,00-0038569,SOW044268,,Sidy Sow,G,3200,NE,2023,77,318,1998-06-10,25.227,Eastern Michigan,Mid-American Conference,1,62,4,Undrafted,117.0,NE,2023,,,,,,,,,,,,,,,,,,,
38569,00-0038569,SOW044268,,Sidy Sow,G,3200,NE,2024,77,318,1998-06-10,26.23,Eastern Michigan,Mid-American Conference,2,62,4,Undrafted,117.0,NE,2023,,,,,,,,,,,,,,,,,,,
38570,00-0038570,MIL588972,,Ventrell Miller,LB,2250,JAX,2024,72,232,1999-01-15,25.63,Florida,Southeastern Conference,2,51,4,Undrafted,121.0,JAX,2023,,,,,,,,,,,,,,,,,,,
38570,00-0038570,MIL588972,,Ventrell Miller,LB,2250,JAX,2023,72,232,1999-01-15,24.627,Florida,Southeastern Conference,1,51,4,Undrafted,121.0,JAX,2023,,,,,,,,,,,,,,,,,,,
38571,00-0038571,GAI528003,,Jon Gaines II,G,3800,ARI,2023,76,315,1999-05-24,24.274,UCLA,Pacific Twelve Conference,1,59,4,Undrafted,122.0,ARI,2023,,,,,,,,,,,,,,,,,,,
38571,00-0038571,GAI528003,,Jon Gaines II,G,3800,ARI,2024,76,315,1999-05-24,25.277,UCLA,Pacific Twelve Conference,2,59,4,Undrafted,122.0,ARI,2023,,,,,,,,,,,,,,,,,,,
38572,00-0038572,YOU128406,,Cameron Young,NT,4600,SEA,2024,75,315,2000-06-08,24.233,Mississippi State,Southeastern Conference,2,93,4,Undrafted,123.0,SEA,2023,5.1,,,,,,,,,,,,,,,,,,
38572,00-0038572,YOU128406,,Cameron Young,NT,4600,SEA,2023,75,315,2000-06-08,23.23,Mississippi State,Southeastern Conference,1,93,4,Undrafted,123.0,SEA,2023,5.1,,,,,,,,,,,,,,,,,,
38573,00-0038573,DAV263132,,Derius Davis,WR,4400,LAC,2023,68,165,2000-09-11,22.973,TCU,Big Twelve Conference,1,12,4,Undrafted,125.0,LAC,2023,4.36,,,4.38,,,,,,,,,,,,,,,
38573,00-0038573,DAV263132,,Derius Davis,WR,4400,LAC,2024,68,165,2000-09-11,23.973,TCU,Big Twelve Conference,2,12,4,Undrafted,125.0,LAC,2023,4.36,,,4.38,,,,,,,,,,,,,,,
38574,00-0038574,MCG794607,,Isaiah McGuire,DE,1050,CLE,2024,76,268,2001-07-27,23.101,Missouri,Southeastern Conference,2,57,4,Undrafted,126.0,CLE,2023,4.76,,122.0,,7.39,,,36.5,,,,,,,,,,,
38574,00-0038574,MCG794607,,Isaiah McGuire,DE,1050,CLE,2023,76,268,2001-07-27,22.099,Missouri,Southeastern Conference,1,57,4,Undrafted,126.0,CLE,2023,4.76,,122.0,,7.39,,,36.5,,,,,,,,,,,
38575,00-0038575,FEH618217,,Viliami Fehoko Jr.,DE,1200,DAL,2023,76,267,1999-12-16,23.71,San Jose State,Mountain West Conference,1,93,4,Undrafted,129.0,DAL,2023,,,,,,,,,,,,,,,,,,,
38575,00-0038575,FEH618217,,Viliami Fehoko Jr.,DE,1200,DAL,2024,76,267,1999-12-16,24.713,San Jose State,Mountain West Conference,2,93,4,Undrafted,129.0,DAL,2023,,,,,,,,,,,,,,,,,,,
38576,00-0038576,JON160287,,Charlie Jones,WR,920,CIN,2024,72,190,1998-10-29,25.844,Purdue,Big Ten Conference,2,15,4,Undrafted,131.0,CIN,2023,4.43,13.0,124.0,,,,,36.5,,,,,,,,,,,
38576,00-0038576,JON160287,,Charlie Jones,WR,920,CIN,2023,72,190,1998-10-29,24.841,Purdue,Big Ten Conference,1,15,4,Undrafted,131.0,CIN,2023,4.43,13.0,124.0,,,,,36.5,,,,,,,,,,,
38577,00-0038577,HER042107,,Nick Herbig,LB,3900,PIT,2023,74,240,2001-11-21,21.778,Wisconsin,Big Ten Conference,1,51,4,Undrafted,132.0,PIT,2023,4.65,25.0,,,,,,,,,,,,,,,,,
38577,00-0038577,HER042107,,Nick Herbig,LB,3900,PIT,2024,74,240,2001-11-21,22.781,Wisconsin,Big Ten Conference,2,51,4,Undrafted,132.0,PIT,2023,4.65,25.0,,,,,,,,,,,,,,,,,
38578,00-0038578,WAR199835,,Jay Ward,SAF,3000,MIN,2024,73,188,2000-07-13,24.137,LSU,Southeastern Conference,2,20,4,Undrafted,134.0,MIN,2023,4.55,16.0,132.0,,,,,34.5,,,,,,,,,,,
38578,00-0038578,WAR199835,,Jay Ward,SAF,3000,MIN,2023,73,188,2000-07-13,23.134,LSU,Southeastern Conference,1,20,4,Undrafted,134.0,MIN,2023,4.55,16.0,132.0,,,,,34.5,,,,,,,,,,,
38579,00-0038579,OCO075507,,Aidan O'Connell,QB,2520,LV,2023,75,206,1998-09-01,25.0,Purdue,Big Ten Conference,1,4,4,Undrafted,135.0,LV,2023,,,,,,,,,,,,,,,,,,,
38579,00-0038579,OCO075507,,Aidan O'Connell,QB,2520,LV,2024,75,206,1998-09-01,26.0,Purdue,Big Ten Conference,2,12,4,Undrafted,135.0,LV,2023,,,,,,,,,,,,,,,,,,,
38580,00-0038580,ABD685761,,Yasir Abdullah,LB,2250,JAX,2024,73,240,2000-04-12,24.389,Louisville,Atlantic Coast Conference,2,56,5,Undrafted,136.0,JAX,2023,4.47,,129.0,,,,,36.5,,,,,,,,,,,
38580,00-0038580,ABD685761,,Yasir Abdullah,LB,2250,JAX,2023,73,240,2000-04-12,23.386,Louisville,Atlantic Coast Conference,1,56,5,Undrafted,136.0,JAX,2023,4.47,,129.0,,,,,36.5,,,,,,,,,,,
38581,00-0038581,HEN624398,,KJ Henry,DE,1200,DAL,2024,76,255,1999-01-27,25.597,Clemson,Atlantic Coast Conference,2,52,5,Undrafted,137.0,WAS,2023,,,,,,,,,,,,,,,,,,,
38581,00-0038581,HEN624398,,KJ Henry,DE,5110,WAS,2023,76,255,1999-01-27,24.594,Clemson,Atlantic Coast Conference,1,55,5,Undrafted,137.0,WAS,2023,,,,,,,,,,,,,,,,,,,
38582,00-0038582,TUN207645,,Clayton Tune,QB,3800,ARI,2024,75,220,1999-03-23,25.446,Houston,American Athletic Conference,2,15,5,Undrafted,139.0,ARI,2023,4.64,,122.0,4.25,6.89,,,37.5,,,,,,,,,,,
38582,00-0038582,TUN207645,,Clayton Tune,QB,3800,ARI,2023,75,220,1999-03-23,24.444,Houston,American Athletic Conference,1,15,5,Undrafted,139.0,ARI,2023,4.64,,122.0,4.25,6.89,,,37.5,,,,,,,,,,,
38583,00-0038583,THO744868,,Dorian Thompson-Robinson,QB,1050,CLE,2024,74,203,1999-11-14,24.8,UCLA,Pacific Twelve Conference,2,17,5,Undrafted,140.0,CLE,2023,4.56,,121.0,4.44,7.28,,,32.5,,,,,,,,,,,
38583,00-0038583,THO744868,,Dorian Thompson-Robinson,QB,1050,CLE,2023,74,203,1999-11-14,23.797,UCLA,Pacific Twelve Conference,1,17,5,Undrafted,140.0,CLE,2023,4.56,,121.0,4.44,7.28,,,32.5,,,,,,,,,,,
38584,00-0038584,ROY283610,,Jaquelin Roy,DT,3200,NE,2024,75,305,2000-10-22,23.86,LSU,Southeastern Conference,2,94,5,Undrafted,141.0,MIN,2023,,30.0,,5.0,8.01,,,,,,,,,,,,,,
38584,00-0038584,ROY283610,,Jaquelin Roy,DT,3000,MIN,2023,75,305,2000-10-22,22.858,LSU,Southeastern Conference,1,93,5,Undrafted,141.0,MIN,2023,,30.0,,5.0,8.01,,,,,,,,,,,,,,
38585,00-0038585,MIT149749,,Cameron Mitchell,CB,1050,CLE,2023,71,191,2001-09-08,21.981,Northwestern,Big Ten Conference,1,29,5,Undrafted,142.0,CLE,2023,4.47,15.0,,,,,,35.0,,,,,,,,,,,
38585,00-0038585,MIT149749,,Cameron Mitchell,CB,1050,CLE,2024,71,191,2001-09-08,22.981,Northwestern,Big Ten Conference,2,29,5,Undrafted,142.0,CLE,2023,4.47,15.0,,,,,,35.0,,,,,,,,,,,
38586,00-0038586,MAF426541,,Atonio Mafi,G,2200,IND,2024,75,329,2000-10-20,23.866,UCLA,Pacific Twelve Conference,2,65,5,Undrafted,144.0,NE,2023,,,,,,,,,,,,,,,,,,,
38586,00-0038586,MAF426541,,Atonio Mafi,G,3200,NE,2023,75,329,2000-10-20,22.863,UCLA,Pacific Twelve Conference,1,68,5,Undrafted,144.0,NE,2023,,,,,,,,,,,,,,,,,,,
38587,00-0038587,ROB526445,,Jammie Robinson,SAF,750,CAR,2024,71,195,2001-01-24,23.605,Florida State,Atlantic Coast Conference,2,22,5,Undrafted,145.0,CAR,2023,4.59,23.0,116.0,,,,,33.5,,,,,,,,,,,
38587,00-0038587,ROB526445,,Jammie Robinson,SAF,750,CAR,2023,71,195,2001-01-24,22.602,Florida State,Atlantic Coast Conference,1,22,5,Undrafted,145.0,CAR,2023,4.59,23.0,116.0,,,,,33.5,,,,,,,,,,,
38588,00-0038588,HOW493327,,Jordan Howden,SAF,3300,NO,2024,72,210,2000-05-14,24.301,Minnesota,Big Ten Conference,2,31,5,Undrafted,146.0,NO,2023,4.49,14.0,119.0,,,,,33.5,,,,,,,,,,,
38588,00-0038588,HOW493327,,Jordan Howden,SAF,3300,NO,2023,72,210,2000-05-14,23.298,Minnesota,Big Ten Conference,1,31,5,Undrafted,146.0,NO,2023,4.49,14.0,119.0,,,,,33.5,,,,,,,,,,,
38589,00-0038589,WHY207645,,Josh Whyle,TE,2100,TEN,2023,79,248,1999-09-08,23.981,Cincinnati,American Athletic Conference,1,81,5,Undrafted,147.0,TEN,2023,,,115.0,,,,,33.5,,,,,,,,,,,
38589,00-0038589,WHY207645,,Josh Whyle,TE,2100,TEN,2024,79,248,1999-09-08,24.981,Cincinnati,American Athletic Conference,2,81,5,Undrafted,147.0,TEN,2023,,,115.0,,,,,33.5,,,,,,,,,,,
38590,00-0038590,SHO651252,,Justin Shorter,TE,610,BUF,2023,76,227,2000-04-17,23.372,Florida,Southeastern Conference,1,18,5,Undrafted,150.0,BUF,2023,4.55,18.0,126.0,,,,,35.5,,,,,,,,,,,
38590,00-0038590,SHO651252,,Justin Shorter,TE,2520,LV,2024,76,227,2000-04-17,24.375,Florida,Southeastern Conference,2,88,5,Undrafted,150.0,BUF,2023,4.55,18.0,126.0,,,,,35.5,,,,,,,,,,,
38591,00-0038591,MOR480831,,Mike Morris,DE,4600,SEA,2024,78,295,2001-04-22,23.364,Michigan,Big Ten Conference,2,94,5,Undrafted,151.0,SEA,2023,4.95,22.0,110.0,,,,,28.5,,,,,,,,,,,
38591,00-0038591,MOR480831,,Mike Morris,DE,4600,SEA,2023,78,295,2001-04-22,22.361,Michigan,Big Ten Conference,1,94,5,Undrafted,151.0,SEA,2023,4.95,22.0,110.0,,,,,28.5,,,,,,,,,,,
38592,00-0038592,SOR593271,,Colby Sorsdal,G,1540,DET,2024,78,315,2000-03-01,24.504,William & Mary,Colonial Athletic Association,2,75,5,Undrafted,152.0,DET,2023,,,,,,,,,,,,,,,,,,,
38592,00-0038592,SOR593271,,Colby Sorsdal,G,1540,DET,2023,78,315,2000-03-01,23.501,William & Mary,Colonial Athletic Association,1,75,5,Undrafted,152.0,DET,2023,,,,,,,,,,,,,,,,,,,
38593,00-0038593,OLU593274,,Olu Oluwatimi,C,4600,SEA,2024,75,309,1999-08-05,25.077,Michigan,Big Ten Conference,2,51,5,Undrafted,154.0,SEA,2023,,,,,,,,,,,,,,,,,,,
38593,00-0038593,OLU593274,,Olu Oluwatimi,C,4600,SEA,2023,75,309,1999-08-05,24.074,Michigan,Big Ten Conference,1,51,5,Undrafted,154.0,SEA,2023,,,,,,,,,,,,,,,,,,,
38594,00-0038594,LUT138430,,Darrell Luter Jr.,CB,4500,SF,2024,72,190,2000-04-24,24.356,South Alabama,Sun Belt Conference,2,28,5,Undrafted,155.0,SF,2023,4.46,,123.0,4.43,6.9,,,40.5,,,,,,,,,,,
38594,00-0038594,LUT138430,,Darrell Luter Jr.,CB,4500,SF,2023,72,190,2000-04-24,23.353,South Alabama,Sun Belt Conference,1,28,5,Undrafted,155.0,SF,2023,4.46,,123.0,4.43,6.9,,,40.5,,,,,,,,,,,
38595,00-0038595,MCF112355,,Jordan McFadden,G,4400,LAC,2023,74,306,1999-11-16,23.792,Clemson,Atlantic Coast Conference,1,71,5,Undrafted,156.0,LAC,2023,4.99,,,4.81,7.7,,,28.5,,,,,,,,,,,
38595,00-0038595,MCF112355,,Jordan McFadden,G,4400,LAC,2024,74,306,1999-11-16,24.795,Clemson,Atlantic Coast Conference,2,71,5,Undrafted,156.0,LAC,2023,4.99,,,4.81,7.7,,,28.5,,,,,,,,,,,
38596,00-0038596,JOH061167,,Antonio Johnson,SAF,2250,JAX,2023,74,198,2001-10-29,21.841,Texas A&M,Southeastern Conference,1,26,5,Undrafted,160.0,JAX,2023,4.52,8.0,118.0,,,,,31.0,,,,,,,,,,,
38596,00-0038596,JOH061167,,Antonio Johnson,SAF,2250,JAX,2024,74,198,2001-10-29,22.844,Texas A&M,Southeastern Conference,2,26,5,Undrafted,160.0,JAX,2023,4.52,8.0,118.0,,,,,31.0,,,,,,,,,,,
38597,00-0038597,BRO340581,,Chase Brown,RB,920,CIN,2023,70,211,2000-03-21,23.446,Illinois,Big Ten Conference,1,30,5,Undrafted,163.0,CIN,2023,4.43,,127.0,,,,,40.0,,,,,,,,,,,
38597,00-0038597,BRO340581,,Chase Brown,RB,920,CIN,2024,70,211,2000-03-21,24.449,Illinois,Big Ten Conference,2,30,5,Undrafted,163.0,CIN,2023,4.43,,127.0,,,,,40.0,,,,,,,,,,,
38598,00-0038598,HAL358200,,Jaren Hall,QB,3000,MIN,2024,72,205,1998-03-24,26.444,BYU,Independent,2,16,5,Undrafted,164.0,MIN,2023,,,,,,,,,,,,,,,,,,,
38598,00-0038598,HAL358200,,Jaren Hall,QB,3000,MIN,2023,72,205,1998-03-24,25.441,BYU,Independent,1,16,5,Undrafted,164.0,MIN,2023,,,,,,,,,,,,,,,,,,,
38599,00-0038599,TOO675714,,Henry To'oTo'o,LB,2120,HOU,2024,74,228,2001-01-05,23.657,Alabama,Southeastern Conference,2,39,5,Undrafted,167.0,HOU,2023,4.62,,116.0,4.4,,,,32.0,,,,,,,,,,,
38599,00-0038599,TOO675714,,Henry To'oTo'o,LB,2120,HOU,2023,74,228,2001-01-05,22.654,Alabama,Southeastern Conference,1,39,5,Undrafted,167.0,HOU,2023,4.62,,116.0,4.4,,,,32.0,,,,,,,,,,,
38600,00-0038600,PAP723174,,Owen Pappoe,LB,3800,ARI,2023,72,230,2000-09-29,22.923,Auburn,Southeastern Conference,1,44,5,Undrafted,168.0,ARI,2023,4.39,29.0,126.0,,,,,35.5,,,,,,,,,,,
38600,00-0038600,PAP723174,,Owen Pappoe,LB,3800,ARI,2024,72,230,2000-09-29,23.923,Auburn,Southeastern Conference,2,44,5,Undrafted,168.0,ARI,2023,4.39,29.0,126.0,,,,,35.5,,,,,,,,,,,
38601,00-0038601,RIC219051,,Asim Richards,OT,1200,DAL,2024,76,307,2000-10-02,23.915,North Carolina,Atlantic Coast Conference,2,76,5,Undrafted,169.0,DAL,2023,,,,,,,,,,,,,,,,,,,
38601,00-0038601,RIC219051,,Asim Richards,OT,1200,DAL,2023,76,307,2000-10-02,22.912,North Carolina,Atlantic Coast Conference,1,76,5,Undrafted,169.0,DAL,2023,,,,,,,,,,,,,,,,,,,
38602,00-0038602,SMI829490,,Chris Smith II,S,2520,LV,2023,70,197,2000-05-01,23.334,Georgia,Southeastern Conference,1,29,5,Undrafted,170.0,LV,2023,4.62,15.0,116.0,,,,,33.0,,,,,,,,,,,
38602,00-0038602,SMI829490,,Chris Smith II,S,2520,LV,2024,70,197,2000-05-01,24.337,Georgia,Southeastern Conference,2,29,5,Undrafted,170.0,LV,2023,4.62,15.0,116.0,,,,,33.0,,,,,,,,,,,
38603,00-0038603,BEA158040,,Robert Beal Jr.,DE,4500,SF,2023,76,250,1999-08-18,24.038,Georgia,Southeastern Conference,1,51,5,Undrafted,173.0,SF,2023,4.48,,123.0,,,,,30.0,,,,,,,,,,,
38603,00-0038603,BEA158040,,Robert Beal Jr.,DE,4500,SF,2024,76,250,1999-08-18,25.041,Georgia,Southeastern Conference,2,51,5,Undrafted,173.0,SF,2023,4.48,,123.0,,,,,30.0,,,,,,,,,,,
38604,00-0038604,SCO802880,,Eric Scott Jr.,CB,1200,DAL,2024,74,202,1999-08-07,25.071,Southern Mississippi,Conference USA,2,37,6,Undrafted,178.0,DAL,2023,,,,,,,,,,,,,,,,,,,
38604,00-0038604,SCO802880,,Eric Scott Jr.,CB,1200,DAL,2023,74,202,1999-08-07,24.068,Southern Mississippi,Conference USA,1,37,6,Undrafted,178.0,DAL,2023,,,,,,,,,,,,,,,,,,,
38605,00-0038605,SKI623722,,JL Skinner,SAF,1400,DEN,2024,76,220,2001-04-16,23.381,Boise State,Mountain West Conference,2,34,6,Undrafted,183.0,DEN,2023,,,,,,,,,,,,,,,,,,,
38605,00-0038605,SKI623722,,JL Skinner,SAF,1400,DEN,2023,76,220,2001-04-16,22.378,Boise State,Mountain West Conference,1,34,6,Undrafted,183.0,DEN,2023,,,,,,,,,,,,,,,,,,,
38606,00-0038606,WAS604325,,Parker Washington,WR,2250,JAX,2024,70,204,2002-03-21,22.452,Penn State,Big Ten Conference,2,11,6,Undrafted,185.0,JAX,2023,,16.0,,,,,,,,,,,,,,,,,
38606,00-0038606,WAS604325,,Parker Washington,WR,2250,JAX,2023,70,204,2002-03-21,21.449,Penn State,Big Ten Conference,1,11,6,Undrafted,185.0,JAX,2023,,16.0,,,,,,,,,,,,,,,,,
38607,00-0038607,DUN207641,,Jaelyn Duncan,OT,2100,TEN,2023,78,306,2000-07-08,23.148,Maryland,Big Ten Conference,1,79,6,Undrafted,186.0,TEN,2023,,,,,,,,,,,,,,,,,,,
38607,00-0038607,DUN207641,,Jaelyn Duncan,OT,2100,TEN,2024,78,306,2000-07-08,24.151,Maryland,Big Ten Conference,2,71,6,Undrafted,186.0,TEN,2023,,,,,,,,,,,,,,,,,,,
38608,00-0038608,BOU482823,,Kayshon Boutte,WR,3200,NE,2023,71,197,2002-05-07,21.32,LSU,Southeastern Conference,1,80,6,Undrafted,187.0,NE,2023,4.5,,118.0,4.25,,,,29.0,,,,,,,,,,,
38608,00-0038608,BOU482823,,Kayshon Boutte,WR,3200,NE,2024,71,197,2002-05-07,22.323,LSU,Southeastern Conference,2,9,6,Undrafted,187.0,NE,2023,4.5,,118.0,4.25,,,,29.0,,,,,,,,,,,
38609,00-0038609,WYP415291,,Luke Wypler,C,1050,CLE,2023,75,303,2001-05-03,22.331,Ohio State,Big Ten Conference,1,56,6,Undrafted,190.0,CLE,2023,5.14,,106.0,4.53,7.64,,,30.5,,,,,,,,,,,
38609,00-0038609,WYP415291,,Luke Wypler,C,1050,CLE,2024,75,303,2001-05-03,23.334,Ohio State,Big Ten Conference,2,56,6,Undrafted,190.0,CLE,2023,5.14,,106.0,4.53,7.64,,,30.5,,,,,,,,,,,
38610,00-0038610,BAR145519,,Bryce Baringer,P,3200,NE,2024,74,215,1999-04-26,25.353,Michigan State,Big Ten Conference,2,17,6,Undrafted,192.0,NE,2023,,,,,,,,,,,,,,,,,,,
38610,00-0038610,BAR145519,,Bryce Baringer,P,3200,NE,2023,74,215,1999-04-26,24.35,Michigan State,Big Ten Conference,1,17,6,Undrafted,192.0,NE,2023,,,,,,,,,,,,,,,,,,,
38611,00-0038611,ROD797090,,Chris Rodriguez Jr.,RB,5110,WAS,2023,71,224,1999-09-26,23.932,Kentucky,Southeastern Conference,1,23,6,Undrafted,193.0,WAS,2023,,,,,,,,,,,,,,,,,,,
38611,00-0038611,ROD797090,,Chris Rodriguez Jr.,RB,5110,WAS,2024,71,224,1999-09-26,24.932,Kentucky,Southeastern Conference,2,36,6,Undrafted,193.0,WAS,2023,,,,,,,,,,,,,,,,,,,
38612,00-0038612,PER532468,,A.T. Perry,WR,3300,NO,2024,77,205,1999-10-26,24.852,Wake Forest,Atlantic Coast Conference,2,17,6,Undrafted,195.0,NO,2023,4.47,,133.0,,,,,35.0,,,,,,,,,,,
38612,00-0038612,PER532468,,A.T. Perry,WR,3300,NO,2023,77,205,1999-10-26,23.849,Wake Forest,Atlantic Coast Conference,1,17,6,Undrafted,195.0,NO,2023,4.47,,133.0,,,,,35.0,,,,,,,,,,,
38613,00-0038613,REE475048,,Jerrick Reed II,SAF,4600,SEA,2023,69,196,2000-08-07,23.066,New Mexico,Mountain West Conference,1,32,6,Undrafted,198.0,SEA,2023,,,,,,,,,,,,,,,,,,,
38613,00-0038613,REE475048,,Jerrick Reed II,SAF,4600,SEA,2024,69,196,2000-08-07,24.068,New Mexico,Mountain West Conference,2,32,6,Undrafted,198.0,SEA,2023,,,,,,,,,,,,,,,,,,,
38614,00-0038614,MAT347280,,Scott Matlock,DT,4400,LAC,2023,76,296,2000-06-28,23.175,Boise State,Mountain West Conference,1,99,6,Undrafted,200.0,LAC,2023,,,,,,,,,,,,,,,,,,,
38614,00-0038614,MAT347280,,Scott Matlock,DT,4400,LAC,2024,76,296,2000-06-28,24.178,Boise State,Mountain West Conference,2,44,6,Undrafted,200.0,LAC,2023,,,,,,,,,,,,,,,,,,,
38615,00-0038615,PAT457456,,Jarrett Patterson,C,2120,HOU,2023,76,310,1999-09-01,24.0,Notre Dame,Independent,1,68,6,Undrafted,201.0,HOU,2023,5.33,,106.0,4.73,7.96,,,29.5,,,,,,,,,,,
38615,00-0038615,PAT457456,,Jarrett Patterson,C,2120,HOU,2024,76,310,1999-09-01,25.0,Notre Dame,Independent,2,54,6,Undrafted,201.0,HOU,2023,5.33,,106.0,4.73,7.96,,,29.5,,,,,,,,,,,
38616,00-0038616,BRA660554,,Christian Braswell,CB,2250,JAX,2023,71,185,1999-09-27,23.929,Rutgers,Big Ten Conference,1,21,6,Undrafted,202.0,JAX,2023,,,,,,,,,,,,,,,,,,,
38616,00-0038616,BRA660554,,Christian Braswell,CB,2250,JAX,2024,71,185,1999-09-27,24.929,Rutgers,Big Ten Conference,2,21,6,Undrafted,202.0,JAX,2023,,,,,,,,,,,,,,,,,,,
38617,00-0038617,BUR465924,,Amari Burney,LB,2520,LV,2023,74,228,2000-06-19,23.2,Florida,Southeastern Conference,1,56,6,Undrafted,203.0,LVR,2023,,,,,,,,,,,,,,,,,,,
38617,00-0038617,BUR465924,,Amari Burney,LB,2520,LV,2024,74,228,2000-06-19,24.203,Florida,Southeastern Conference,2,56,6,Undrafted,203.0,LVR,2023,,,,,,,,,,,,,,,,,,,
38618,00-0038618,HUT304546,,Xavier Hutchinson,WR,2120,HOU,2024,75,210,2000-06-01,24.252,Iowa State,Big Twelve Conference,2,19,6,Undrafted,205.0,HOU,2023,4.53,,116.0,4.35,6.91,,,36.0,,,,,,,,,,,
38618,00-0038618,HUT304546,,Xavier Hutchinson,WR,2120,HOU,2023,75,210,2000-06-01,23.249,Iowa State,Big Twelve Conference,1,19,6,Undrafted,205.0,HOU,2023,4.53,,116.0,4.35,6.91,,,36.0,,,,,,,,,,,
38619,00-0038619,IOS307886,,Andrei Iosivas,WR,920,CIN,2024,75,210,1999-10-15,24.882,Princeton,Ivy League,2,80,6,Undrafted,206.0,CIN,2023,,,,,,,,,,,,,,,,,,,
38619,00-0038619,IOS307886,,Andrei Iosivas,WR,920,CIN,2023,75,210,1999-10-15,23.88,Princeton,Ivy League,1,80,6,Undrafted,206.0,CIN,2023,,,,,,,,,,,,,,,,,,,
38620,00-0038620,HAL638802,,Erick Hallett,SAF,2250,JAX,2024,71,200,2000-04-24,24.356,Pittsburgh,Atlantic Coast Conference,2,40,6,Undrafted,208.0,JAX,2023,,,,,,,,,,,,,,,,,,,
38620,00-0038620,HAL638802,,Erick Hallett,SAF,2250,JAX,2023,71,200,2000-04-24,23.353,Pittsburgh,Atlantic Coast Conference,1,40,6,Undrafted,208.0,JAX,2023,,,,,,,,,,,,,,,,,,,
38621,00-0038621,DOU259552,,DeMario Douglas,WR,3200,NE,2023,68,192,2000-12-08,22.729,Liberty,Independent,1,81,6,Undrafted,210.0,NE,2023,,,,,,,,,,,,,,,,,,,
38621,00-0038621,DOU259552,,DeMario Douglas,WR,3200,NE,2024,68,192,2000-12-08,23.732,Liberty,Independent,2,3,6,Undrafted,210.0,NE,2023,,,,,,,,,,,,,,,,,,,
38622,00-0038622,VAU424979,,Deuce Vaughn,RB,1200,DAL,2023,65,185,2001-11-02,21.83,Kansas State,Big Twelve Conference,1,42,6,Undrafted,212.0,DAL,2023,,,116.0,,,,,35.5,,,,,,,,,,,
38622,00-0038622,VAU424979,,Deuce Vaughn,RB,1200,DAL,2024,65,185,2001-11-02,22.833,Kansas State,Big Twelve Conference,2,42,6,Undrafted,212.0,DAL,2023,,,116.0,,,,,35.5,,,,,,,,,,,
38623,00-0038623,STI401047,,Dante Stills,DT,3800,ARI,2024,76,300,1999-12-14,24.718,West Virginia,Big Twelve Conference,2,55,6,Undrafted,213.0,ARI,2023,4.85,20.0,113.0,4.61,7.38,,,28.5,,,,,,,,,,,
38623,00-0038623,STI401047,,Dante Stills,DT,3800,ARI,2023,76,300,1999-12-14,23.715,West Virginia,Big Twelve Conference,1,55,6,Undrafted,213.0,ARI,2023,4.85,20.0,113.0,4.61,7.38,,,28.5,,,,,,,,,,,
38624,00-0038624,SPE166447,,Ameer Speed,DB,810,CHI,2024,75,215,1999-10-11,24.893,Michigan State,Big Ten Conference,2,38,6,Undrafted,214.0,NE,2023,,,,,,,,,,,,,,,,,,,
38624,00-0038624,SPE166447,,Ameer Speed,DB,2200,IND,2023,75,215,1999-10-11,23.89,Michigan State,Big Ten Conference,1,37,6,Undrafted,214.0,NE,2023,,,,,,,,,,,,,,,,,,,
38625,00-0038625,WIN767442,,Dee Winters,LB,4500,SF,2023,71,227,2000-10-17,22.871,TCU,Big Twelve Conference,1,53,6,Undrafted,216.0,SF,2023,4.49,,117.0,,,,,30.5,,,,,,,,,,,
38625,00-0038625,WIN767442,,Dee Winters,LB,4500,SF,2024,71,227,2000-10-17,23.874,TCU,Big Twelve Conference,2,53,6,Undrafted,216.0,SF,2023,4.49,,117.0,,,,,30.5,,,,,,,,,,,
38626,00-0038626,ROB032224,,Brad Robbins,P,920,CIN,2023,73,203,1998-10-06,24.904,Michigan,Big Ten Conference,1,10,6,Undrafted,217.0,CIN,2023,,,,,,,,,,,,,,,,,,,
38626,00-0038626,ROB032224,,Brad Robbins,P,920,CIN,2024,73,203,1998-10-06,25.907,Michigan,Big Ten Conference,2,10,6,Undrafted,217.0,CIN,2023,,,,,,,,,,,,,,,,,,,
38627,00-0038627,GRE062049,,Antoine Green,WR,1540,DET,2023,74,200,1999-11-15,23.795,North Carolina,Atlantic Coast Conference,1,80,7,Undrafted,219.0,DET,2023,4.47,,123.0,4.27,6.99,,,33.5,,,,,,,,,,,
38627,00-0038627,GRE062049,,Antoine Green,WR,1540,DET,2024,74,200,1999-11-15,24.797,North Carolina,Atlantic Coast Conference,2,18,7,Undrafted,219.0,DET,2023,4.47,,123.0,4.27,6.99,,,33.5,,,,,,,,,,,
38628,00-0038628,HEL256639,,DeMarcco Hellams,SAF,200,ATL,2024,73,203,2000-06-05,24.241,Alabama,Southeastern Conference,2,23,7,Undrafted,224.0,ATL,2023,4.57,,121.0,,,,,31.0,,,,,,,,,,,
38628,00-0038628,HEL256639,,DeMarcco Hellams,SAF,200,ATL,2023,73,203,2000-06-05,23.238,Alabama,Southeastern Conference,1,37,7,Undrafted,224.0,ATL,2023,4.57,,121.0,,,,,31.0,,,,,,,,,,,
38629,00-0038629,GWY415291,,Jovaughn Gwyn,G,200,ATL,2024,74,310,1999-03-18,25.46,South Carolina,Southeastern Conference,2,56,7,Undrafted,225.0,ATL,2023,,,,,,,,,,,,,,,,,,,
38629,00-0038629,GWY415291,,Jovaughn Gwyn,G,200,ATL,2023,74,310,1999-03-18,24.457,South Carolina,Southeastern Conference,1,56,7,Undrafted,225.0,ATL,2023,,,,,,,,,,,,,,,,,,,
38630,00-0038630,HOD359304,,Cooper Hodges,OT,2250,JAX,2023,76,305,2000-07-13,23.134,Appalachian State,Sun Belt Conference,1,75,7,Undrafted,226.0,JAX,2023,,,,,,,,,,,,,,,,,,,
38630,00-0038630,HOD359304,,Cooper Hodges,OT,2250,JAX,2024,76,305,2000-07-13,24.137,Appalachian State,Sun Belt Conference,2,75,7,Undrafted,226.0,JAX,2023,,,,,,,,,,,,,,,,,,,
38631,00-0038631,VOH415291,,Raymond Vohasek,NT,2250,JAX,2023,75,310,1999-03-08,24.485,North Carolina,Atlantic Coast Conference,1,59,7,Undrafted,227.0,JAX,2023,,,,,,,,,,,,,,,,,,,
38632,00-0038632,DOW356902,,Colton Dowell,WR,2100,TEN,2023,75,212,1999-04-19,24.37,Tennessee-Martin,Ohio Valley Conference,1,14,7,Undrafted,228.0,TEN,2023,,,,,,,,,,,,,,,,,,,
38633,00-0038633,BRO095305,,Nick Broeker,G,2120,HOU,2023,76,305,2000-10-07,22.899,Mississippi,Southeastern Conference,1,64,7,Undrafted,230.0,BUF,2023,5.27,,,4.7,7.75,,,,,,,,,,,,,,
38633,00-0038633,BRO095305,,Nick Broeker,G,2120,HOU,2024,76,305,2000-10-07,23.901,Mississippi,Southeastern Conference,2,64,7,Undrafted,230.0,BUF,2023,5.27,,,4.7,7.75,,,,,,,,,,,,,,
38634,00-0038634,SIL701377,,Nesta Jade Silvera,DT,2520,LV,2023,74,315,2000-01-23,23.605,Arizona State,Pacific Twelve Conference,1,99,7,Undrafted,231.0,LVR,2023,,,,,,,,,,,,,,,,,,,
38634,00-0038634,SIL701377,,Nesta Jade Silvera,DT,2520,LV,2024,74,315,2000-01-23,24.608,Arizona State,Pacific Twelve Conference,2,99,7,Undrafted,231.0,LVR,2023,,,,,,,,,,,,,,,,,,,
38635,00-0038635,JON826252,,Andre Jones Jr.,DE,5110,WAS,2024,77,258,1998-10-25,25.855,Louisiana-Lafayette,Sun Belt Conference,2,50,7,Undrafted,233.0,WAS,2023,,,,,,,,,,,,,,,,,,,
38635,00-0038635,JON826252,,Andre Jones Jr.,DE,5110,WAS,2023,77,258,1998-10-25,24.852,Louisiana-Lafayette,Sun Belt Conference,1,50,7,Undrafted,233.0,WAS,2023,,,,,,,,,,,,,,,,,,,
38636,00-0038636,MCI500298,,Kenny McIntosh,RB,4600,SEA,2024,72,211,2000-03-03,24.498,Georgia,Southeastern Conference,2,25,7,Undrafted,237.0,SEA,2023,4.62,,,,,,,,,,,,,,,,,,
38636,00-0038636,MCI500298,,Kenny McIntosh,RB,4600,SEA,2023,72,211,2000-03-03,23.496,Georgia,Southeastern Conference,1,25,7,Undrafted,237.0,SEA,2023,4.62,,,,,,,,,,,,,,,,,,
38637,00-0038637,DUG565396,,Max Duggan,QB,4400,LAC,2024,73,210,2001-03-12,23.476,TCU,Big Twelve Conference,2,8,7,Undrafted,239.0,LAC,2023,4.52,,116.0,4.45,7.26,,,30.5,,,,,,,,,,,
38637,00-0038637,DUG565396,,Max Duggan,QB,4400,LAC,2023,73,210,2001-03-12,22.474,TCU,Big Twelve Conference,1,8,7,Undrafted,239.0,LAC,2023,4.52,,116.0,4.45,7.26,,,30.5,,,,,,,,,,,
38638,00-0038638,PAR088504,,Derek Parish,RB,2250,JAX,2023,74,245,1999-01-04,24.657,Houston,American Athletic Conference,1,,7,Undrafted,240.0,JAX,2023,,,,,,,,,,,,,,,,,,,
38639,00-0038639,TRI034803,,Cory Trice Jr.,CB,3900,PIT,2024,75,206,2000-05-30,24.257,Purdue,Big Ten Conference,2,27,7,Undrafted,241.0,PIT,2023,4.47,17.0,132.0,,,,,35.5,,,,,,,,,,,
38640,00-0038640,BRO124672,,Jalen Brooks,WR,1200,DAL,2023,73,203,2000-05-07,23.318,South Carolina,Southeastern Conference,1,83,7,Undrafted,244.0,DAL,2023,4.69,,130.0,4.31,7.15,,,35.0,,,,,,,,,,,
38640,00-0038640,BRO124672,,Jalen Brooks,WR,1200,DAL,2024,73,203,2000-05-07,24.32,South Carolina,Southeastern Conference,2,83,7,Undrafted,244.0,DAL,2023,4.69,,130.0,4.31,7.15,,,35.0,,,,,,,,,,,
38641,00-0038641,BOL198414,,Isaiah Bolden,CB,3200,NE,2023,74,205,1999-12-16,23.71,Jackson State University,Southwestern Athletic Conference,1,,7,Undrafted,245.0,NE,2023,,,,,,,,,,,,,,,,,,,
38641,00-0038641,BOL198414,,Isaiah Bolden,CB,3200,NE,2024,74,205,1999-12-16,24.713,Jackson State University,Southwestern Athletic Conference,2,29,7,Undrafted,245.0,NE,2023,,,,,,,,,,,,,,,,,,,
38642,00-0038642,IVE629691,,D.J. Ivey,CB,920,CIN,2023,73,192,2000-02-25,23.515,Miami,Atlantic Coast Conference,1,38,7,Undrafted,246.0,CIN,2023,,,,,,,,,,,,,,,,,,,
38642,00-0038642,IVE629691,,D.J. Ivey,CB,920,CIN,2024,73,192,2000-02-25,24.517,Miami,Atlantic Coast Conference,2,38,7,Undrafted,246.0,CIN,2023,,,,,,,,,,,,,,,,,,,
38643,00-0038643,WIL597331,,Brayden Willis,TE,4500,SF,2024,76,240,1999-11-11,24.808,Oklahoma,Big Twelve Conference,2,9,7,Undrafted,247.0,SF,2023,,20.0,117.0,4.36,7.3,,,32.0,,,,,,,,,,,
38643,00-0038643,WIL597331,,Brayden Willis,TE,4500,SF,2023,76,240,1999-11-11,23.806,Oklahoma,Big Twelve Conference,1,9,7,Undrafted,247.0,SF,2023,,20.0,117.0,4.36,7.3,,,32.0,,,,,,,,,,,
38644,00-0038644,HIL101689,,Brandon Hill,SAF,2120,HOU,2024,71,195,2000-09-06,23.986,Pittsburgh,Atlantic Coast Conference,2,36,7,Undrafted,248.0,HOU,2023,4.43,15.0,123.0,,,,,35.5,,,,,,,,,,,
38644,00-0038644,HIL101689,,Brandon Hill,SAF,2120,HOU,2023,71,195,2000-09-06,22.986,Pittsburgh,Atlantic Coast Conference,1,36,7,Undrafted,248.0,HOU,2023,4.43,15.0,123.0,,,,,35.5,,,,,,,,,,,
38645,00-0038645,AND490948,,Spencer Anderson,G,3900,PIT,2024,77,305,2000-06-07,24.235,Maryland,Big Ten Conference,2,74,7,Undrafted,251.0,PIT,2023,,,,,,,,,,,,,,,,,,,
38645,00-0038645,AND490948,,Spencer Anderson,G,3900,PIT,2023,77,305,2000-06-07,23.233,Maryland,Big Ten Conference,1,74,7,Undrafted,251.0,PIT,2023,,,,,,,,,,,,,,,,,,,
38646,00-0038646,AUS089816,,Alex Austin,CB,3200,NE,2023,73,191,2001-05-22,22.279,Oregon State,Pacific Twelve Conference,1,28,7,Undrafted,252.0,BUF,2023,4.55,,122.0,4.33,,,,33.0,,,,,,,,,,,
38646,00-0038646,AUS089816,,Alex Austin,CB,3200,NE,2024,73,191,2001-05-22,23.282,Oregon State,Pacific Twelve Conference,2,28,7,Undrafted,252.0,BUF,2023,4.55,,122.0,4.33,,,,33.0,,,,,,,,,,,
38647,00-0038647,BEL596505,,Ronnie Bell,WR,4500,SF,2024,72,195,2000-01-28,24.594,Michigan,Big Ten Conference,2,10,7,Undrafted,253.0,SF,2023,4.54,14.0,120.0,4.15,6.98,,,38.5,,,,,,,,,,,
38647,00-0038647,BEL596505,,Ronnie Bell,WR,4500,SF,2023,72,195,2000-01-28,23.591,Michigan,Big Ten Conference,1,10,7,Undrafted,253.0,SF,2023,4.54,14.0,120.0,4.15,6.98,,,38.5,,,,,,,,,,,
38648,00-0038648,GRA199869,,Jalen Graham,LB,4500,SF,2023,75,220,2001-01-11,22.638,Purdue,Big Ten Conference,1,50,7,Undrafted,255.0,SF,2023,4.64,,112.0,,,,,30.5,,,,,,,,,,,
38648,00-0038648,GRA199869,,Jalen Graham,LB,4500,SF,2024,75,220,2001-01-11,23.641,Purdue,Big Ten Conference,2,41,7,Undrafted,255.0,SF,2023,4.64,,112.0,,,,,30.5,,,,,,,,,,,
38649,00-0038649,FOR566553,,Alex Forsyth,C,1400,DEN,2023,76,312,1999-02-13,24.548,Oregon,Pacific Twelve Conference,1,76,7,Undrafted,257.0,DEN,2023,,,95.0,,,,,20.5,,,,,,,,,,,
38649,00-0038649,FOR566553,,Alex Forsyth,C,1400,DEN,2024,76,312,1999-02-13,25.55,Oregon,Pacific Twelve Conference,2,54,7,Undrafted,257.0,DEN,2023,,,95.0,,,,,20.5,,,,,,,,,,,
38932,00-0038932,WRI153639,,Darnell Wright,OT,810,CHI,2023,77,325,2001-08-10,22.06,Tennessee,Southeastern Conference,1,58,1,Undrafted,10.0,CHI,2023,5.01,,114.0,,,,,29.0,,,,,,,,,,,
38932,00-0038932,WRI153639,,Darnell Wright,OT,810,CHI,2024,77,325,2001-08-10,23.063,Tennessee,Southeastern Conference,2,58,1,Undrafted,10.0,CHI,2023,5.01,,114.0,,,,,29.0,,,,,,,,,,,
38933,00-0038933,KIN069130,,Dalton Kincaid,TE,610,BUF,2024,75,240,1999-10-18,24.874,Utah,Pacific Twelve Conference,2,86,1,Undrafted,25.0,BUF,2023,,,,,,,,,,,,,,,,,,,
38933,00-0038933,KIN069130,,Dalton Kincaid,TE,610,BUF,2023,75,240,1999-10-18,23.871,Utah,Pacific Twelve Conference,1,86,1,Undrafted,25.0,BUF,2023,,,,,,,,,,,,,,,,,,,
38934,00-0038934,HAR575324,,Anton Harrison,OT,2250,JAX,2024,77,315,2002-02-02,22.58,Oklahoma,Big Twelve Conference,2,77,1,Undrafted,27.0,JAX,2023,4.98,,105.0,,,,,28.5,,,,,,,,,,,
38934,00-0038934,HAR575324,,Anton Harrison,OT,2250,JAX,2023,77,315,2002-02-02,21.578,Oklahoma,Big Twelve Conference,1,77,1,Undrafted,27.0,JAX,2023,4.98,,105.0,,,,,28.5,,,,,,,,,,,
38935,00-0038935,STR188631,,Brenton Strange,TE,2250,JAX,2024,76,253,2000-12-27,23.68,Penn State,Big Ten Conference,2,85,2,Undrafted,61.0,JAX,2023,,23.0,124.0,4.46,7.25,,,36.0,,,,,,,,,,,
38935,00-0038935,STR188631,,Brenton Strange,TE,2250,JAX,2023,76,253,2000-12-27,22.677,Penn State,Big Ten Conference,1,85,2,Undrafted,61.0,JAX,2023,,23.0,124.0,4.46,7.25,,,36.0,,,,,,,,,,,
38936,00-0038936,SCR673400,,Juice Scruggs,C,2120,HOU,2024,75,310,2000-01-19,24.619,Penn State,Big Ten Conference,2,70,2,Undrafted,62.0,HOU,2023,5.22,,102.0,4.82,7.75,,,32.0,,,,,,,,,,,
38936,00-0038936,SCR673400,,Juice Scruggs,C,2120,HOU,2023,75,310,2000-01-19,23.616,Penn State,Big Ten Conference,1,70,2,Undrafted,62.0,HOU,2023,5.22,,102.0,4.82,7.75,,,32.0,,,,,,,,,,,
38937,00-0038937,PIC705993,,Zacch Pickens,DT,810,CHI,2023,76,303,2000-03-06,23.487,South Carolina,Southeastern Conference,1,96,3,Undrafted,64.0,CHI,2023,4.89,22.0,116.0,4.62,7.45,,,30.5,,,,,,,,,,,
38937,00-0038937,PIC705993,,Zacch Pickens,DT,810,CHI,2024,76,303,2000-03-06,24.49,South Carolina,Southeastern Conference,2,96,3,Undrafted,64.0,CHI,2023,4.89,22.0,116.0,4.62,7.45,,,30.5,,,,,,,,,,,
38938,00-0038938,HYA420916,,Jalin Hyatt,WR,3410,NYG,2023,72,185,2001-09-25,21.934,Tennessee,Southeastern Conference,1,13,3,Undrafted,73.0,NYG,2023,4.4,,135.0,,,,,40.0,,,,,,,,,,,
38938,00-0038938,HYA420916,,Jalin Hyatt,WR,3410,NYG,2024,72,185,2001-09-25,22.934,Tennessee,Southeastern Conference,2,13,3,Undrafted,73.0,NYG,2023,4.4,,135.0,,,,,40.0,,,,,,,,,,,
38939,00-0038939,MAR522663,,Brodric Martin,DT,1540,DET,2023,77,326,1999-05-24,24.274,Western Kentucky,Conference USA,1,98,3,Undrafted,96.0,DET,2023,,,,,,,,,,,,,,,,,,,
38939,00-0038939,MAR522663,,Brodric Martin,DT,1540,DET,2024,77,326,1999-05-24,25.277,Western Kentucky,Conference USA,2,96,3,Undrafted,96.0,DET,2023,,,,,,,,,,,,,,,,,,,
38940,00-0038940,LAC735924,,Tyler Lacy,DE,2250,JAX,2023,76,285,1999-11-10,23.808,Oklahoma State,Big Twelve Conference,1,93,4,Undrafted,130.0,JAX,2023,5.11,30.0,116.0,,7.6,,,28.5,,,,,,,,,,,
38940,00-0038940,LAC735924,,Tyler Lacy,DE,2250,JAX,2024,76,285,1999-11-10,24.811,Oklahoma State,Big Twelve Conference,2,93,4,Undrafted,130.0,JAX,2023,5.11,30.0,116.0,,7.6,,,28.5,,,,,,,,,,,
38941,00-0038941,SCO719390,,Tyler Scott,WR,810,CHI,2023,70,182,2001-10-12,21.888,Cincinnati,American Athletic Conference,1,13,4,Undrafted,133.0,CHI,2023,4.44,,133.0,,,,,39.5,,,,,,,,,,,
38941,00-0038941,SCO719390,,Tyler Scott,WR,810,CHI,2024,70,182,2001-10-12,22.89,Cincinnati,American Athletic Conference,2,10,4,Undrafted,133.0,CHI,2023,4.44,,133.0,,,,,39.5,,,,,,,,,,,
38976,00-0038976,MIM654774,,Marvin Mims Jr.,WR,1400,DEN,2023,71,182,2002-03-19,21.454,Oklahoma,Big Twelve Conference,1,19,2,Undrafted,63.0,DEN,2023,4.38,,129.0,,6.9,,,39.5,,,,,,,,,,,
38976,00-0038976,MIM654774,,Marvin Mims Jr.,WR,1400,DEN,2024,71,182,2002-03-19,22.457,Oklahoma,Big Twelve Conference,2,19,2,Undrafted,63.0,DEN,2023,4.38,,129.0,,6.9,,,39.5,,,,,,,,,,,
38977,00-0038977,DEL440817,,Tank Dell,WR,2120,HOU,2024,70,165,1999-10-29,24.844,Houston,American Athletic Conference,2,3,3,Undrafted,69.0,HOU,2023,4.49,,121.0,,,,,,,,,,,,,,,,
38977,00-0038977,DEL440817,,Tank Dell,WR,2120,HOU,2023,70,165,1999-10-29,23.841,Houston,American Athletic Conference,1,3,3,Undrafted,69.0,HOU,2023,4.49,,121.0,,,,,,,,,,,,,,,,
38978,00-0038978,YOU126665,,Byron Young,DT,2520,LV,2023,75,292,2000-11-10,22.806,Alabama,Southeastern Conference,1,93,3,Undrafted,70.0,LV,2023,,24.0,108.0,,7.68,,,26.0,,,,,,,,,,,
38978,00-0038978,YOU126665,,Byron Young,DT,2520,LV,2024,75,292,2000-11-10,23.808,Alabama,Southeastern Conference,2,93,3,Undrafted,70.0,LV,2023,,24.0,108.0,,7.68,,,26.0,,,,,,,,,,,
38979,00-0038979,TIL377067,,Cedric Tillman,WR,1050,CLE,2024,75,215,2000-04-19,24.37,Tennessee,Southeastern Conference,2,19,3,Undrafted,74.0,CLE,2023,4.54,,128.0,,,,,37.0,,,,,,,,,,,
38979,00-0038979,TIL377067,,Cedric Tillman,WR,1050,CLE,2023,75,215,2000-04-19,23.367,Tennessee,Southeastern Conference,1,19,3,Undrafted,74.0,CLE,2023,4.54,,128.0,,,,,37.0,,,,,,,,,,,
38980,00-0038980,HAR647601,,Zach Harrison,DE,200,ATL,2024,77,270,2001-08-14,23.052,Ohio State,Big Ten Conference,2,96,3,Undrafted,75.0,ATL,2023,,25.0,,,,,,,,,,,,,,,,,
38980,00-0038980,HAR647601,,Zach Harrison,DE,200,ATL,2023,77,270,2001-08-14,22.049,Ohio State,Big Ten Conference,1,96,3,Undrafted,75.0,ATL,2023,,25.0,,,,,,,,,,,,,,,,,
38981,00-0038981,MOR552993,,Wanya Morris,OT,2310,KC,2023,78,307,2000-10-10,22.89,Oklahoma,Big Twelve Conference,1,64,3,Undrafted,92.0,KC,2023,5.1,,111.0,,,,,28.5,,,,,,,,,,,
38981,00-0038981,MOR552993,,Wanya Morris,OT,2310,KC,2024,78,307,2000-10-10,23.893,Oklahoma,Big Twelve Conference,2,64,3,Undrafted,92.0,KC,2023,5.1,,111.0,,,,,28.5,,,,,,,,,,,
38982,00-0038982,CON433448,,Chamarri Conner,DB,2310,KC,2023,72,202,2000-07-11,23.14,Virginia Tech,Atlantic Coast Conference,1,27,4,Undrafted,119.0,KC,2023,4.51,20.0,125.0,,,,,40.5,,,,,,,,,,,
38982,00-0038982,CON433448,,Chamarri Conner,DB,2310,KC,2024,72,202,2000-07-11,24.142,Virginia Tech,Atlantic Coast Conference,2,27,4,Undrafted,119.0,KC,2023,4.51,20.0,125.0,,,,,40.5,,,,,,,,,,,
38983,00-0038983,THO489203,,BJ Thompson,DE,2310,KC,2023,78,243,1999-03-23,24.444,Stephen F. Austin State,Southland Conference,1,53,5,Undrafted,166.0,KC,2023,,,,,,,,,,,,,,,,,,,
38984,00-0038984,CLA395333,,Kei'Trel Clark,CB,3800,ARI,2024,70,181,2001-03-19,23.457,Louisville,Atlantic Coast Conference,2,13,6,Undrafted,180.0,ARI,2023,,,,,,,,,,,,,,,,,,,
38984,00-0038984,CLA395333,,Kei'Trel Clark,CB,3800,ARI,2023,70,181,2001-03-19,22.454,Louisville,Atlantic Coast Conference,1,13,6,Undrafted,180.0,ARI,2023,,,,,,,,,,,,,,,,,,,
38985,00-0038985,COB823710,,Keondre Coburn,DT,2100,TEN,2024,74,332,2000-05-23,24.277,Texas,Big Twelve Conference,2,91,6,Undrafted,194.0,KAN,2023,5.22,24.0,101.0,,,,,27.5,,,,,,,,,,,
38985,00-0038985,COB823710,,Keondre Coburn,DT,2100,TEN,2023,74,332,2000-05-23,23.274,Texas,Big Twelve Conference,1,91,6,Undrafted,194.0,KAN,2023,5.22,24.0,101.0,,,,,27.5,,,,,,,,,,,
38986,00-0038986,JON636725,,Nic Jones,CB,2310,KC,2023,72,189,2001-10-15,21.88,Ball State,Mid-American Conference,1,31,7,Undrafted,250.0,KC,2023,4.51,,122.0,4.34,,,,34.5,,,,,,,,,,,
38986,00-0038986,JON636725,,Nic Jones,CB,2310,KC,2024,72,189,2001-10-15,22.882,Ball State,Mid-American Conference,2,31,7,Undrafted,250.0,KC,2023,4.51,,122.0,4.34,,,,34.5,,,,,,,,,,,
38994,00-0038994,ADD491056,,Jordan Addison,WR,3000,MIN,2024,71,175,2002-01-27,22.597,USC,Pacific Twelve Conference,2,3,1,Undrafted,23.0,MIN,2023,4.49,,122.0,,,,,34.0,,,,,,,,,,,
38994,00-0038994,ADD491056,,Jordan Addison,WR,3000,MIN,2023,71,175,2002-01-27,21.594,USC,Pacific Twelve Conference,1,3,1,Undrafted,23.0,MIN,2023,4.49,,122.0,,,,,34.0,,,,,,,,,,,
38995,00-0038995,BRE510679,,Bryan Bresee,DT,3300,NO,2023,77,305,2001-10-06,21.904,Clemson,Atlantic Coast Conference,1,90,1,Undrafted,29.0,NO,2023,4.86,22.0,,,,,,29.0,,,,,,,,,,,
38995,00-0038995,BRE510679,,Bryan Bresee,DT,3300,NO,2024,77,305,2001-10-06,22.907,Clemson,Atlantic Coast Conference,2,90,1,Undrafted,29.0,NO,2023,4.86,22.0,,,,,,29.0,,,,,,,,,,,
38996,00-0038996,KRA144054,,Tucker Kraft,TE,1800,GB,2023,77,259,2000-11-03,22.825,South Dakota State,Missouri Valley Football Conference,1,85,3,Undrafted,78.0,GB,2023,,,,,,,,,,,,,,,,,,,
38996,00-0038996,KRA144054,,Tucker Kraft,TE,1800,GB,2024,77,259,2000-11-03,23.828,South Dakota State,Missouri Valley Football Conference,2,85,3,Undrafted,78.0,GB,2023,,,,,,,,,,,,,,,,,,,
38997,00-0038997,DOW686145,,Josh Downs,WR,2200,IND,2023,69,171,2001-08-12,22.055,North Carolina,Atlantic Coast Conference,1,1,3,Undrafted,79.0,IND,2023,4.48,,131.0,,,,,38.5,,,,,,,,,,,
38997,00-0038997,DOW686145,,Josh Downs,WR,2200,IND,2024,69,171,2001-08-12,23.057,North Carolina,Atlantic Coast Conference,2,1,3,Undrafted,79.0,IND,2023,4.48,,131.0,,,,,38.5,,,,,,,,,,,
38998,00-0038998,HAE351032,,Jake Haener,QB,3300,NO,2024,73,200,1999-03-10,25.482,Fresno State,Mountain West Conference,2,3,4,Undrafted,127.0,NO,2023,,,114.0,,7.01,,,35.0,,,,,,,,,,,
38998,00-0038998,HAE351032,,Jake Haener,QB,3300,NO,2023,73,200,1999-03-10,24.479,Fresno State,Mountain West Conference,1,14,4,Undrafted,127.0,NO,2023,,,114.0,,7.01,,,35.0,,,,,,,,,,,
39000,00-0039000,BAN462444,,Deonte Banks,CB,3410,NYG,2023,74,200,2001-04-03,22.413,Maryland,Big Ten Conference,1,25,1,Undrafted,24.0,NYG,2023,4.35,,136.0,,,,,42.0,,,,,,,,,,,
39000,00-0039000,BAN462444,,Deonte Banks,CB,3410,NYG,2024,74,200,2001-04-03,23.416,Maryland,Big Ten Conference,2,3,1,Undrafted,24.0,NYG,2023,4.35,,136.0,,,,,42.0,,,,,,,,,,,
39001,00-0039001,STE097919,,Tyler Steen,OT,3700,PHI,2024,78,321,2000-06-24,24.189,Alabama,Southeastern Conference,2,56,3,Undrafted,65.0,PHI,2023,,,109.0,4.59,,,,29.5,,,,,,,,,,,
39001,00-0039001,STE097919,,Tyler Steen,OT,3700,PHI,2023,78,321,2000-06-24,23.186,Alabama,Southeastern Conference,1,56,3,Undrafted,65.0,PHI,2023,,,109.0,4.59,,,,29.5,,,,,,,,,,,
39002,00-0039002,BRO695003,,Sydney Brown,SAF,3700,PHI,2024,70,211,2000-03-21,24.449,Illinois,Big Ten Conference,2,21,3,Undrafted,66.0,PHI,2023,4.47,23.0,130.0,,,,,40.5,,,,,,,,,,,
39002,00-0039002,BRO695003,,Sydney Brown,SAF,3700,PHI,2023,70,211,2000-03-21,23.446,Illinois,Big Ten Conference,1,21,3,Undrafted,66.0,PHI,2023,4.47,23.0,130.0,,,,,40.5,,,,,,,,,,,
39003,00-0039003,SAN290589,,Drew Sanders,LB,1400,DEN,2023,77,234,2000-12-31,22.666,Arkansas,Southeastern Conference,1,41,3,Undrafted,67.0,DEN,2023,,,,,,,,,,,,,,,,,,,
39003,00-0039003,SAN290589,,Drew Sanders,LB,1400,DEN,2024,77,234,2000-12-31,23.669,Arkansas,Southeastern Conference,2,41,3,Undrafted,67.0,DEN,2023,,,,,,,,,,,,,,,,,,,
39004,00-0039004,WAR580333,,Carter Warren,OT,3430,NYJ,2023,77,311,1999-01-19,24.616,Pittsburgh,Atlantic Coast Conference,1,67,4,Undrafted,120.0,NYJ,2023,,,,,,,,,,,,,,,,,,,
39004,00-0039004,WAR580333,,Carter Warren,OT,3430,NYJ,2024,77,311,1999-01-19,25.619,Pittsburgh,Atlantic Coast Conference,2,67,4,Undrafted,120.0,NYJ,2023,,,,,,,,,,,,,,,,,,,
39006,00-0039006,ANU415291,,Felix Anudike-Uzomah,DE,2310,KC,2024,76,255,2002-01-24,22.605,Kansas State,Big Twelve Conference,2,97,1,Undrafted,31.0,KC,2023,,,,,,,,,,,,,,,,,,,
39006,00-0039006,ANU415291,,Felix Anudike-Uzomah,DE,2310,KC,2023,76,255,2002-01-24,21.602,Kansas State,Big Twelve Conference,1,97,1,Undrafted,31.0,KC,2023,,,,,,,,,,,,,,,,,,,
39007,00-0039007,WIL292135,,Garrett Williams,CB,3800,ARI,2023,70,192,2001-06-01,22.252,Syracuse,Atlantic Coast Conference,1,21,3,Undrafted,72.0,ARI,2023,,,,,,,,,,,,,,,,,,,
39007,00-0039007,WIL292135,,Garrett Williams,CB,3800,ARI,2024,70,192,2001-06-01,23.255,Syracuse,Atlantic Coast Conference,2,21,3,Undrafted,72.0,ARI,2023,,,,,,,,,,,,,,,,,,,
39008,00-0039008,STR605750,,Ricky Stromberg,OL,5110,WAS,2023,76,313,2000-11-10,22.806,Arkansas,Southeastern Conference,1,53,3,Undrafted,97.0,WAS,2023,5.26,,111.0,,,,,32.5,,,,,,,,,,,
39008,00-0039008,STR605750,,Ricky Stromberg,OL,5110,WAS,2024,76,313,2000-11-10,23.808,Arkansas,Southeastern Conference,2,53,3,Undrafted,97.0,WAS,2023,5.26,,111.0,,,,,32.5,,,,,,,,,,,
39009,00-0039009,HOR555159,,Dylan Horton,DE,2120,HOU,2024,76,275,2000-08-21,24.03,TCU,Big Twelve Conference,2,92,4,Undrafted,109.0,HOU,2023,,18.0,120.0,,,,,34.0,,,,,,,,,,,
39009,00-0039009,HOR555159,,Dylan Horton,DE,2120,HOU,2023,76,275,2000-08-21,23.027,TCU,Big Twelve Conference,1,92,4,Undrafted,109.0,HOU,2023,,18.0,120.0,,,,,34.0,,,,,,,,,,,
39010,00-0039010,DAN441069,,Braeden Daniels,G,5110,WAS,2023,76,305,2000-08-22,23.025,Utah,Pacific Twelve Conference,1,,4,Undrafted,118.0,WAS,2023,,,,,,,,,,,,,,,,,,,
39010,00-0039010,DAN441069,,Braeden Daniels,G,5110,WAS,2024,76,305,2000-08-22,24.027,Utah,Pacific Twelve Conference,2,77,4,Undrafted,118.0,WAS,2023,,,,,,,,,,,,,,,,,,,
39013,00-0039013,SMI536848,,Nolan Smith,LB,3700,PHI,2023,74,238,2001-01-18,22.619,Georgia,Southeastern Conference,1,3,1,Undrafted,30.0,PHI,2023,4.39,,128.0,,,,,41.5,,,,,,,,,,,
39013,00-0039013,SMI536848,,Nolan Smith,LB,3700,PHI,2024,74,238,2001-01-18,23.621,Georgia,Southeastern Conference,2,3,1,Undrafted,30.0,PHI,2023,4.39,,128.0,,,,,41.5,,,,,,,,,,,
39014,00-0039014,JON232777,,Dawand Jones,OT,1050,CLE,2024,80,375,2001-08-06,23.074,Ohio State,Big Ten Conference,2,79,4,Undrafted,111.0,CLE,2023,5.35,,,,,,,,,,,,,,,,,,
39014,00-0039014,JON232777,,Dawand Jones,OT,1050,CLE,2023,80,375,2001-08-06,22.071,Ohio State,Big Ten Conference,1,79,4,Undrafted,111.0,CLE,2023,5.35,,,,,,,,,,,,,,,,,,
39018,00-0039018,CAM364731,,Jack Campbell,LB,1540,DET,2024,77,246,2000-08-22,24.027,Iowa,Big Ten Conference,2,46,1,Undrafted,18.0,DET,2023,4.65,,128.0,4.24,6.74,,,37.5,,,,,,,,,,,
39018,00-0039018,CAM364731,,Jack Campbell,LB,1540,DET,2023,77,246,2000-08-22,23.025,Iowa,Big Ten Conference,1,46,1,Undrafted,18.0,DET,2023,4.65,,128.0,4.24,6.74,,,37.5,,,,,,,,,,,
39019,00-0039019,SCH367249,,John Michael Schmitz,C,3410,NYG,2023,76,320,1999-04-19,24.37,Minnesota,Big Ten Conference,1,61,2,Undrafted,57.0,NYG,2023,,,,,,,,,,,,,,,,,,,
39019,00-0039019,SCH367249,,John Michael Schmitz,C,3410,NYG,2024,76,320,1999-04-19,25.372,Minnesota,Big Ten Conference,2,61,2,Undrafted,57.0,NYG,2023,,,,,,,,,,,,,,,,,,,
39020,00-0039020,BRA094410,,Anthony Bradford,G,4600,SEA,2024,76,335,2001-04-28,23.348,LSU,Southeastern Conference,2,75,4,Undrafted,108.0,SEA,2023,5.08,,106.0,4.8,7.84,,,30.0,,,,,,,,,,,
39020,00-0039020,BRA094410,,Anthony Bradford,G,4600,SEA,2023,76,335,2001-04-28,22.345,LSU,Southeastern Conference,1,75,4,Undrafted,108.0,SEA,2023,5.08,,106.0,4.8,7.84,,,30.0,,,,,,,,,,,
39021,00-0039021,JOH652931,,Roschon Johnson,RB,810,CHI,2024,72,227,2001-01-31,23.586,Texas,Big Twelve Conference,2,23,4,Undrafted,115.0,CHI,2023,4.58,,122.0,,,,,31.5,,,,,,,,,,,
39021,00-0039021,JOH652931,,Roschon Johnson,RB,810,CHI,2023,72,227,2001-01-31,22.583,Texas,Big Twelve Conference,1,23,4,Undrafted,115.0,CHI,2023,4.58,,122.0,,,,,31.5,,,,,,,,,,,
39030,00-0039030,AND663449,,Jake Andrews,C,3200,NE,2023,75,308,1999-11-11,23.806,Troy,Sun Belt Conference,1,67,4,Undrafted,107.0,NE,2023,5.15,,102.0,4.73,,,,26.0,,,,,,,,,,,
39031,00-0039031,ADE021468,,Adetomiwa Adebawore,DT,2200,IND,2023,74,282,2001-03-04,22.496,Northwestern,Big Ten Conference,1,95,4,Undrafted,110.0,IND,2023,4.49,27.0,125.0,,,,,37.5,,,,,,,,,,,
39031,00-0039031,ADE021468,,Adetomiwa Adebawore,DT,2200,IND,2024,74,282,2001-03-04,23.498,Northwestern,Big Ten Conference,2,95,4,Undrafted,110.0,IND,2023,4.49,27.0,125.0,,,,,37.5,,,,,,,,,,,
39032,00-0039032,SPE113961,,Tyjae Spears,RB,2100,TEN,2023,71,195,2001-06-15,22.214,Tulane,American Athletic Conference,1,32,3,Undrafted,81.0,TEN,2023,,,125.0,,,,,39.0,,,,,,,,,,,
39032,00-0039032,SPE113961,,Tyjae Spears,RB,2100,TEN,2024,71,195,2001-06-15,23.216,Tulane,American Athletic Conference,2,2,3,Undrafted,81.0,TEN,2023,,,125.0,,,,,39.0,,,,,,,,,,,
39034,00-0039034,SKO467199,,Peter Skoronski,OT,2100,TEN,2023,76,313,2001-07-31,22.088,Northwestern,Big Ten Conference,1,77,1,Undrafted,11.0,TEN,2023,5.16,,115.0,,7.8,,,34.5,,,,,,,,,,,
39034,00-0039034,SKO467199,,Peter Skoronski,OT,2100,TEN,2024,76,313,2001-07-31,23.09,Northwestern,Big Ten Conference,2,77,1,Undrafted,11.0,TEN,2023,5.16,,115.0,,7.8,,,34.5,,,,,,,,,,,
39040,00-0039040,ACH103822,,De'Von Achane,RB,2700,MIA,2024,69,191,2001-10-13,22.888,Texas A&M,Southeastern Conference,2,28,3,Undrafted,84.0,MIA,2023,4.32,,,,,,,33.0,,,,,,,,,,,
39040,00-0039040,ACH103822,,De'Von Achane,RB,2700,MIA,2023,69,191,2001-10-13,21.885,Texas A&M,Southeastern Conference,1,28,3,Undrafted,84.0,MIA,2023,4.32,,,,,,,33.0,,,,,,,,,,,
39041,00-0039041,HIG138430,,Elijah Higgins,TE,3800,ARI,2023,75,245,2000-10-27,22.844,Stanford,Pacific Twelve Conference,1,84,6,Undrafted,197.0,MIA,2023,4.54,,126.0,,7.01,,,35.0,,,,,,,,,,,
39041,00-0039041,HIG138430,,Elijah Higgins,TE,3800,ARI,2024,75,245,2000-10-27,23.847,Stanford,Pacific Twelve Conference,2,84,6,Undrafted,197.0,MIA,2023,4.54,,126.0,,7.01,,,35.0,,,,,,,,,,,
39042,00-0039042,HAY425163,,Ryan Hayes,OT,2700,MIA,2023,78,303,2000-02-28,23.507,Michigan,Big Ten Conference,1,76,7,Undrafted,238.0,MIA,2023,5.18,,103.0,,7.39,,,30.0,,,,,,,,,,,
39042,00-0039042,HAY425163,,Ryan Hayes,OT,2700,MIA,2024,78,303,2000-02-28,24.509,Michigan,Big Ten Conference,2,78,7,Undrafted,238.0,MIA,2023,5.18,,103.0,,7.39,,,30.0,,,,,,,,,,,
39046,00-0039046,MCB373490,,DeWayne McBride,RB,3000,MIN,2024,71,210,2001-07-08,23.153,UAB,Conference USA,2,27,7,Undrafted,222.0,MIN,2023,,,,,,,,,,,,,,,,,,,
39046,00-0039046,MCB373490,,DeWayne McBride,RB,3000,MIN,2023,71,210,2001-07-08,22.151,UAB,Conference USA,1,37,7,Undrafted,222.0,MIN,2023,,,,,,,,,,,,,,,,,,,
39047,00-0039047,HAL274589,,Derick Hall,LB,4600,SEA,2024,75,254,2001-03-19,23.457,Auburn,Southeastern Conference,2,58,2,Undrafted,37.0,SEA,2023,4.55,,127.0,,,,,33.5,,,,,,,,,,,
39047,00-0039047,HAL274589,,Derick Hall,LB,4600,SEA,2023,75,254,2001-03-19,22.454,Auburn,Southeastern Conference,1,58,2,Undrafted,37.0,SEA,2023,4.55,,127.0,,,,,33.5,,,,,,,,,,,
39048,00-0039048,BER100937,,Matthew Bergeron,G,200,ATL,2024,77,315,2000-02-26,24.515,Syracuse,Atlantic Coast Conference,2,65,2,Undrafted,38.0,ATL,2023,,,103.0,,,,,30.5,,,,,,,,,,,
39048,00-0039048,BER100937,,Matthew Bergeron,G,200,ATL,2023,77,315,2000-02-26,23.512,Syracuse,Atlantic Coast Conference,1,65,2,Undrafted,38.0,ATL,2023,,,103.0,,,,,30.5,,,,,,,,,,,
39049,00-0039049,DEN402506,,SirVocea Dennis,LB,4900,TB,2024,72,230,2000-03-09,24.482,Pittsburgh,Atlantic Coast Conference,2,8,5,Undrafted,153.0,TB,2023,,19.0,,,,,,,,,,,,,,,,,
39049,00-0039049,DEN402506,,SirVocea Dennis,LB,4900,TB,2023,72,230,2000-03-09,23.479,Pittsburgh,Atlantic Coast Conference,1,8,5,Undrafted,153.0,TB,2023,,19.0,,,,,,,,,,,,,,,,,
39050,00-0039050,DUR344537,,Payne Durham,TE,4900,TB,2024,77,255,2000-06-15,24.214,Purdue,Big Ten Conference,2,87,5,Undrafted,171.0,TB,2023,,,117.0,,,,,34.5,,,,,,,,,,,
39050,00-0039050,DUR344537,,Payne Durham,TE,4900,TB,2023,77,255,2000-06-15,23.211,Purdue,Big Ten Conference,1,87,5,Undrafted,171.0,TB,2023,,,117.0,,,,,34.5,,,,,,,,,,,
39051,00-0039051,HAY248997,,Josh Hayes,CB,4900,TB,2024,72,190,1999-04-24,25.359,Kansas State,Big Twelve Conference,2,32,6,Undrafted,181.0,TB,2023,,,,,,,,,,,,,,,,,,,
39051,00-0039051,HAY248997,,Josh Hayes,CB,4900,TB,2023,72,190,1999-04-24,24.356,Kansas State,Big Twelve Conference,1,32,6,Undrafted,181.0,TB,2023,,,,,,,,,,,,,,,,,,,
39052,00-0039052,PAL683280,,Trey Palmer,WR,4900,TB,2024,73,190,2001-04-02,23.419,Nebraska,Big Ten Conference,2,10,6,Undrafted,191.0,TB,2023,4.33,,,,,,,,,,,,,,,,,,
39052,00-0039052,PAL683280,,Trey Palmer,WR,4900,TB,2023,73,190,2001-04-02,22.416,Nebraska,Big Ten Conference,1,10,6,Undrafted,191.0,TB,2023,4.33,,,,,,,,,,,,,,,,,,
39053,00-0039053,RAM057102,,Jose Ramirez,LB,4900,TB,2023,74,252,1999-05-09,24.315,Eastern Michigan,Mid-American Conference,1,33,6,Undrafted,196.0,TAM,2023,,,,,,,,,,,,,,,,,,,
39053,00-0039053,RAM057102,,Jose Ramirez,LB,4900,TB,2024,74,252,1999-05-09,25.318,Eastern Michigan,Mid-American Conference,2,33,6,Undrafted,196.0,TAM,2023,,,,,,,,,,,,,,,,,,,
39054,00-0039054,MAP775385,,Marte Mapu,LB,3200,NE,2024,75,230,1999-11-08,24.817,Sacramento State,Big Sky Conference,2,15,3,Undrafted,76.0,NE,2023,,,,,,,,,,,,,,,,,,,
39054,00-0039054,MAP775385,,Marte Mapu,LB,3200,NE,2023,75,230,1999-11-08,23.814,Sacramento State,Big Sky Conference,1,30,3,Undrafted,76.0,NE,2023,,,,,,,,,,,,,,,,,,,
39058,00-0039058,AVI381004,,Steve Avila,G,2510,LAR,2024,75,338,1999-10-16,24.88,TCU,Big Twelve Conference,2,73,2,Undrafted,36.0,LAR,2023,,,,,,,,,,,,,,,,,,,
39058,00-0039058,AVI381004,,Steve Avila,G,2510,LAR,2023,75,338,1999-10-16,23.877,TCU,Big Twelve Conference,1,73,2,Undrafted,36.0,LAR,2023,,,,,,,,,,,,,,,,,,,
39059,00-0039059,EVA187184,,Ethan Evans,P,2510,LAR,2023,75,250,2001-07-19,22.12,Wingate,South Atlantic Conference,1,42,7,Undrafted,223.0,LAR,2023,,,,,,,,,,,,,,,,,,,
39059,00-0039059,EVA187184,,Ethan Evans,P,2510,LAR,2024,75,250,2001-07-19,23.123,Wingate,South Atlantic Conference,2,42,7,Undrafted,223.0,LAR,2023,,,,,,,,,,,,,,,,,,,
39060,00-0039060,TAY812805,,Jason Taylor,FS,2510,LAR,2024,72,215,1999-12-30,24.674,Oklahoma State,Big Twelve Conference,2,25,7,Undrafted,234.0,LAR,2023,,,,,,,,,,,,,,,,,,,
39060,00-0039060,TAY812805,,Jason Taylor,FS,2510,LAR,2023,72,215,1999-12-30,23.671,Oklahoma State,Big Twelve Conference,1,25,7,Undrafted,234.0,LAR,2023,,,,,,,,,,,,,,,,,,,
39061,00-0039061,JOH202189,,Desjuan Johnson,DE,2510,LAR,2024,75,280,1999-09-02,24.997,Toledo,Mid-American Conference,2,94,7,Undrafted,259.0,LAR,2023,,,,,,,,,,,,,,,,,,,
39061,00-0039061,JOH202189,,Desjuan Johnson,DE,2510,LAR,2023,75,280,1999-09-02,23.997,Toledo,Mid-American Conference,1,94,7,Undrafted,259.0,LAR,2023,,,,,,,,,,,,,,,,,,,
39062,00-0039062,MIN170999,,Jonathan Mingo,WR,750,CAR,2023,74,225,2001-04-20,22.367,Mississippi,Southeastern Conference,1,15,2,Undrafted,39.0,CAR,2023,4.46,22.0,129.0,,,,,39.5,,,,,,,,,,,
39062,00-0039062,MIN170999,,Jonathan Mingo,WR,1200,DAL,2024,74,225,2001-04-20,23.37,Mississippi,Southeastern Conference,2,81,2,Undrafted,39.0,CAR,2023,4.46,22.0,129.0,,,,,39.5,,,,,,,,,,,
39063,00-0039063,KAN046143,,Calijah Kancey,DT,4900,TB,2024,72,280,2001-03-01,23.507,Pittsburgh,Atlantic Coast Conference,2,94,1,Undrafted,19.0,TB,2023,4.67,,,,,,,,,,,,,,,,,,
39063,00-0039063,KAN046143,,Calijah Kancey,DT,4900,TB,2023,72,280,2001-03-01,22.504,Pittsburgh,Atlantic Coast Conference,1,94,1,Undrafted,19.0,TB,2023,4.67,,,,,,,,,,,,,,,,,,
39064,00-0039064,FLO577002,,Zay Flowers,WR,325,BAL,2023,69,183,2000-09-11,22.973,Boston College,Atlantic Coast Conference,1,4,1,Undrafted,22.0,BAL,2023,4.42,,127.0,,,,,35.5,,,,,,,,,,,
39064,00-0039064,FLO577002,,Zay Flowers,WR,325,BAL,2024,69,183,2000-09-11,23.973,Boston College,Atlantic Coast Conference,2,4,1,Undrafted,22.0,BAL,2023,4.42,,127.0,,,,,35.5,,,,,,,,,,,
39065,00-0039065,LAP640235,,Sam LaPorta,TE,1540,DET,2023,75,245,2001-01-12,22.635,Iowa,Big Ten Conference,1,87,2,Undrafted,34.0,DET,2023,,,123.0,4.25,6.91,,,35.0,,,,,,,,,,,
39065,00-0039065,LAP640235,,Sam LaPorta,TE,1540,DET,2024,75,245,2001-01-12,23.638,Iowa,Big Ten Conference,2,87,2,Undrafted,34.0,DET,2023,,,123.0,4.25,6.91,,,35.0,,,,,,,,,,,
39066,00-0039066,MAY330676,,Michael Mayer,TE,2520,LV,2023,76,256,2001-07-06,22.156,Notre Dame,Independent,1,87,2,Undrafted,35.0,LV,2023,,,118.0,,,,,32.5,,,,,,,,,,,
39066,00-0039066,MAY330676,,Michael Mayer,TE,2520,LV,2024,76,256,2001-07-06,23.159,Notre Dame,Independent,2,87,2,Undrafted,35.0,LV,2023,,,118.0,,,,,32.5,,,,,,,,,,,
39067,00-0039067,RIC152916,,Rashee Rice,WR,2310,KC,2023,73,203,2000-04-22,23.359,SMU,American Athletic Conference,1,4,2,Undrafted,55.0,KC,2023,4.51,,128.0,,,,,41.0,,,,,,,,,,,
39067,00-0039067,RIC152916,,Rashee Rice,WR,2310,KC,2024,73,203,2000-04-22,24.361,SMU,American Athletic Conference,2,4,2,Undrafted,55.0,KC,2023,4.51,,128.0,,,,,41.0,,,,,,,,,,,
39068,00-0039068,DIA051911,,Yaya Diaby,LB,4900,TB,2023,75,270,1999-05-30,24.257,Louisville,Atlantic Coast Conference,1,0,3,Undrafted,82.0,TB,2023,4.51,,120.0,,,,,37.0,,,,,,,,,,,
39068,00-0039068,DIA051911,,Yaya Diaby,LB,4900,TB,2024,75,270,1999-05-30,25.26,Louisville,Atlantic Coast Conference,2,0,3,Undrafted,82.0,TB,2023,4.51,,120.0,,,,,37.0,,,,,,,,,,,
39070,00-0039070,DEX634187,,Gervon Dexter Sr.,DT,810,CHI,2024,78,326,2000-10-05,23.907,Florida,Southeastern Conference,2,99,2,Undrafted,53.0,CHI,2023,4.88,22.0,110.0,,7.5,,,31.0,,,,,,,,,,,
39070,00-0039070,DEX634187,,Gervon Dexter Sr.,DT,810,CHI,2023,78,326,2000-10-05,22.904,Florida,Southeastern Conference,1,99,2,Undrafted,53.0,CHI,2023,4.88,22.0,110.0,,7.5,,,31.0,,,,,,,,,,,
39071,00-0039071,STE716698,,Tyrique Stevenson,CB,810,CHI,2023,72,212,2000-05-26,23.266,Miami,Atlantic Coast Conference,1,29,2,Undrafted,56.0,CHI,2023,4.45,,125.0,4.41,7.09,,,38.5,,,,,,,,,,,
39071,00-0039071,STE716698,,Tyrique Stevenson,CB,810,CHI,2024,72,212,2000-05-26,24.268,Miami,Atlantic Coast Conference,2,29,2,Undrafted,56.0,CHI,2023,4.45,,125.0,4.41,7.09,,,38.5,,,,,,,,,,,
39072,00-0039072,BEN351736,,Jakorian Bennett,CB,2520,LV,2023,70,200,2000-08-23,23.022,Maryland,Big Ten Conference,1,0,4,Undrafted,104.0,LV,2023,4.3,13.0,133.0,,,,,40.5,,,,,,,,,,,
39072,00-0039072,BEN351736,,Jakorian Bennett,CB,2520,LV,2024,70,200,2000-08-23,24.025,Maryland,Big Ten Conference,2,0,4,Undrafted,104.0,LV,2023,4.3,13.0,133.0,,,,,40.5,,,,,,,,,,,
39074,00-0039074,ALL098299,,Davis Allen,TE,2510,LAR,2024,78,251,2001-02-03,23.578,Clemson,Atlantic Coast Conference,2,87,5,Undrafted,175.0,LAR,2023,,,125.0,,,,,38.5,,,,,,,,,,,
39074,00-0039074,ALL098299,,Davis Allen,TE,2510,LAR,2023,78,251,2001-02-03,22.575,Clemson,Atlantic Coast Conference,1,87,5,Undrafted,175.0,LAR,2023,,,125.0,,,,,38.5,,,,,,,,,,,
39075,00-0039075,NAC559347,,Puka Nacua,WR,2510,LAR,2023,74,212,2001-05-29,22.26,BYU,Independent,1,17,5,Undrafted,177.0,LAR,2023,,,,,,,,,,,,,,,,,,,
39075,00-0039075,NAC559347,,Puka Nacua,WR,2510,LAR,2024,74,212,2001-05-29,23.263,BYU,Independent,2,17,5,Undrafted,177.0,LAR,2023,,,,,,,,,,,,,,,,,,,
39076,00-0039076,HAM767654,,Nick Hampton,LB,2510,LAR,2023,75,250,2000-04-05,23.405,Appalachian State,Sun Belt Conference,1,31,5,Undrafted,161.0,LAR,2023,4.58,,120.0,,,,,35.5,,,,,,,,,,,
39076,00-0039076,HAM767654,,Nick Hampton,LB,2510,LAR,2024,75,250,2000-04-05,24.408,Appalachian State,Sun Belt Conference,2,31,5,Undrafted,161.0,LAR,2023,4.58,,120.0,,,,,35.5,,,,,,,,,,,
39077,00-0039077,MCC396909,,Warren McClendon Jr.,OT,2510,LAR,2023,76,317,2001-04-11,22.392,Georgia,Southeastern Conference,1,71,5,Undrafted,174.0,LAR,2023,,,,,,,,,,,,,,,,,,,
39077,00-0039077,MCC396909,,Warren McClendon Jr.,OT,2510,LAR,2024,76,317,2001-04-11,23.394,Georgia,Southeastern Conference,2,71,5,Undrafted,174.0,LAR,2023,,,,,,,,,,,,,,,,,,,
39107,00-0039107,BEN440455,,Stetson Bennett,QB,2510,LAR,2023,71,190,1997-10-28,25.844,Georgia,Southeastern Conference,1,13,4,Undrafted,128.0,LAR,2023,4.67,,118.0,4.2,,,,33.5,,,,,,,,,,,
39107,00-0039107,BEN440455,,Stetson Bennett,QB,2510,LAR,2024,71,190,1997-10-28,26.847,Georgia,Southeastern Conference,2,13,4,Undrafted,128.0,LAR,2023,4.67,,118.0,4.2,,,,33.5,,,,,,,,,,,
39108,00-0039108,AND627364,,Will Anderson Jr.,DE,2120,HOU,2024,76,243,2001-09-02,22.997,Alabama,Southeastern Conference,2,51,1,Undrafted,3.0,HOU,2023,4.6,,,,,,,,,,,,,,,,,,
39108,00-0039108,AND627364,,Will Anderson Jr.,DE,2120,HOU,2023,76,243,2001-09-02,21.997,Alabama,Southeastern Conference,1,51,1,Undrafted,3.0,HOU,2023,4.6,,,,,,,,,,,,,,,,,,
39109,00-0039109,JON119592,,Broderick Jones,OT,3900,PIT,2024,77,311,2001-05-16,23.298,Georgia,Southeastern Conference,2,77,1,Undrafted,14.0,PIT,2023,4.97,,108.0,,,,,30.0,,,,,,,,,,,
39109,00-0039109,JON119592,,Broderick Jones,OT,3900,PIT,2023,77,311,2001-05-16,22.296,Georgia,Southeastern Conference,1,77,1,Undrafted,14.0,PIT,2023,4.97,,108.0,,,,,30.0,,,,,,,,,,,
39110,00-0039110,BEN728037,,Keeanu Benton,DT,3900,PIT,2023,76,309,2001-07-17,22.126,Wisconsin,Big Ten Conference,1,95,2,Undrafted,49.0,PIT,2023,5.08,25.0,111.0,4.65,7.34,,,29.5,,,,,,,,,,,
39110,00-0039110,BEN728037,,Keeanu Benton,DT,3900,PIT,2024,76,309,2001-07-17,23.129,Wisconsin,Big Ten Conference,2,95,2,Undrafted,49.0,PIT,2023,5.08,25.0,111.0,4.65,7.34,,,29.5,,,,,,,,,,,
39111,00-0039111,TUI720077,,Tuli Tuipulotu,LB,4400,LAC,2024,75,266,2002-09-03,21.995,USC,Pacific Twelve Conference,2,45,2,Undrafted,54.0,LAC,2023,,,,,,,,,,,,,,,,,,,
39111,00-0039111,TUI720077,,Tuli Tuipulotu,LB,4400,LAC,2023,75,266,2002-09-03,20.995,USC,Pacific Twelve Conference,1,45,2,Undrafted,54.0,LAC,2023,,,,,,,,,,,,,,,,,,,
39112,00-0039112,VAN639767,,Lukas Van Ness,DE,1800,GB,2023,77,272,2001-07-06,22.156,Iowa,Big Ten Conference,1,90,1,Undrafted,13.0,GB,2023,,,,,,,,,,,,,,,,,,,
39112,00-0039112,VAN639767,,Lukas Van Ness,DE,1800,GB,2024,77,272,2001-07-06,23.159,Iowa,Big Ten Conference,2,90,1,Undrafted,13.0,GB,2023,,,,,,,,,,,,,,,,,,,
39133,00-0039133,SMI098020,,Cam Smith,CB,2700,MIA,2024,73,186,2000-12-21,23.696,South Carolina,Southeastern Conference,2,24,2,Undrafted,51.0,MIA,2023,4.43,,134.0,,,,,38.0,,,,,,,,,,,
39133,00-0039133,SMI098020,,Cam Smith,CB,2700,MIA,2023,73,186,2000-12-21,22.693,South Carolina,Southeastern Conference,1,24,2,Undrafted,51.0,MIA,2023,4.43,,134.0,,,,,38.0,,,,,,,,,,,
39134,00-0039134,HOD513203,,Tre Tomlinson,CB,2510,LAR,2023,69,177,2001-01-10,22.641,TCU,Big Twelve Conference,1,6,6,Undrafted,182.0,LAR,2023,4.41,12.0,132.0,,,,,39.0,,,,,,,,,,,
39134,00-0039134,HOD513203,,Tre Tomlinson,CB,2510,LAR,2024,69,177,2001-01-10,23.643,TCU,Big Twelve Conference,2,,6,Undrafted,182.0,LAR,2023,4.41,12.0,132.0,,,,,39.0,,,,,,,,,,,
39135,00-0039135,MAT205681,,Ochaun Mathis,LB,3700,PHI,2024,77,250,1999-01-08,25.649,Nebraska,Big Ten Conference,2,45,6,Undrafted,189.0,LAR,2023,4.74,21.0,118.0,4.38,,,,33.5,,,,,,,,,,,
39135,00-0039135,MAT205681,,Ochaun Mathis,LB,2510,LAR,2023,77,250,1999-01-08,24.646,Nebraska,Big Ten Conference,1,32,6,Undrafted,189.0,LAR,2023,4.74,21.0,118.0,4.38,,,,33.5,,,,,,,,,,,
39136,00-0039136,EVA812057,,Zach Evans,RB,2510,LAR,2023,71,215,2001-05-30,22.257,Mississippi,Southeastern Conference,1,21,6,Undrafted,215.0,LAR,2023,,,,,,,,,,,,,,,,,,,
39136,00-0039136,EVA812057,,Zach Evans,RB,2510,LAR,2024,71,215,2001-05-30,23.26,Mississippi,Southeastern Conference,2,21,6,Undrafted,215.0,LAR,2023,,,,,,,,,,,,,,,,,,,
39137,00-0039137,YOU127040,,Byron Young,LB,2510,LAR,2023,74,258,1998-03-13,25.471,Tennessee,Southeastern Conference,1,0,3,Undrafted,77.0,LAR,2023,4.43,22.0,132.0,,7.19,,,38.0,,,,,,,,,,,
39137,00-0039137,YOU127040,,Byron Young,LB,2510,LAR,2024,74,258,1998-03-13,26.474,Tennessee,Southeastern Conference,2,0,3,Undrafted,77.0,LAR,2023,4.43,22.0,132.0,,7.19,,,38.0,,,,,,,,,,,
39138,00-0039138,TUR561805,,Kobie Turner,DE,2510,LAR,2023,74,297,1999-04-26,24.35,Wake Forest,Atlantic Coast Conference,1,91,3,Undrafted,89.0,LAR,2023,,,,,,,,,,,,,,,,,,,
39138,00-0039138,TUR561805,,Kobie Turner,DE,2510,LAR,2024,74,297,1999-04-26,25.353,Wake Forest,Atlantic Coast Conference,2,91,3,Undrafted,89.0,LAR,2023,,,,,,,,,,,,,,,,,,,
39139,00-0039139,GIB198578,,Jahmyr Gibbs,RB,1540,DET,2024,69,202,2002-03-20,22.454,Alabama,Southeastern Conference,2,26,1,Undrafted,12.0,DET,2023,4.36,,,,,,,33.5,,,,,,,,,,,
39139,00-0039139,GIB198578,,Jahmyr Gibbs,RB,1540,DET,2023,69,202,2002-03-20,21.452,Alabama,Southeastern Conference,1,26,1,Undrafted,12.0,DET,2023,4.36,,,,,,,33.5,,,,,,,,,,,
39140,00-0039140,RIN504723,,Kelee Ringo,CB,3700,PHI,2024,74,207,2002-06-27,22.183,Georgia,Southeastern Conference,2,22,4,Undrafted,105.0,PHI,2023,4.36,,122.0,,,,,33.5,,,,,,,,,,,
39140,00-0039140,RIN504723,,Kelee Ringo,CB,3700,PHI,2023,74,207,2002-06-27,21.181,Georgia,Southeastern Conference,1,22,4,Undrafted,105.0,PHI,2023,4.36,,122.0,,,,,33.5,,,,,,,,,,,
39141,00-0039141,BRA491198,,Brian Branch,SAF,1540,DET,2023,72,203,2001-10-22,21.86,Alabama,Southeastern Conference,1,32,2,Undrafted,45.0,DET,2023,4.58,14.0,125.0,,,,,34.5,,,,,,,,,,,
39141,00-0039141,BRA491198,,Brian Branch,SAF,1540,DET,2024,72,203,2001-10-22,22.863,Alabama,Southeastern Conference,2,32,2,Undrafted,45.0,DET,2023,4.58,14.0,125.0,,,,,34.5,,,,,,,,,,,
39142,00-0039142,MCD599665,,Will McDonald IV,DE,3430,NYJ,2024,76,245,1999-06-04,25.246,Iowa State,Big Twelve Conference,2,99,1,Undrafted,15.0,NYJ,2023,,,,,,,,,,,,,,,,,,,
39142,00-0039142,MCD599665,,Will McDonald IV,DE,3430,NYJ,2023,76,245,1999-06-04,24.244,Iowa State,Big Twelve Conference,1,99,1,Undrafted,15.0,NYJ,2023,,,,,,,,,,,,,,,,,,,
39143,00-0039143,FOS081863,,Isaiah Foskey,DE,3300,NO,2024,77,270,2000-10-30,23.838,Notre Dame,Independent,2,55,2,Undrafted,40.0,NO,2023,4.58,22.0,125.0,4.41,7.28,,,34.0,,,,,,,,,,,
39143,00-0039143,FOS081863,,Isaiah Foskey,DE,3300,NO,2023,77,270,2000-10-30,22.836,Notre Dame,Independent,1,55,2,Undrafted,40.0,NO,2023,4.58,22.0,125.0,4.41,7.28,,,34.0,,,,,,,,,,,
39144,00-0039144,MUS097324,,Luke Musgrave,TE,1800,GB,2023,78,253,2000-09-02,22.997,Oregon State,Pacific Twelve Conference,1,88,2,Undrafted,42.0,GB,2023,,,125.0,,,,,36.0,,,,,,,,,,,
39144,00-0039144,MUS097324,,Luke Musgrave,TE,1800,GB,2024,78,253,2000-09-02,23.997,Oregon State,Pacific Twelve Conference,2,88,2,Undrafted,42.0,GB,2023,,,125.0,,,,,36.0,,,,,,,,,,,
39145,00-0039145,TIP259555,,Joe Tippmann,G,3430,NYJ,2024,78,313,2001-03-24,23.444,Wisconsin,Big Ten Conference,2,66,2,Undrafted,43.0,NYJ,2023,,,,,,,,,,,,,,,,,,,
39145,00-0039145,TIP259555,,Joe Tippmann,G,3430,NYJ,2023,78,313,2001-03-24,22.441,Wisconsin,Big Ten Conference,1,66,2,Undrafted,43.0,NYJ,2023,,,,,,,,,,,,,,,,,,,
39146,00-0039146,REE263142,,Jayden Reed,WR,1800,GB,2024,71,187,2000-04-28,24.345,Michigan State,Big Ten Conference,2,11,2,Undrafted,50.0,GB,2023,4.45,,121.0,4.29,,,,33.5,,,,,,,,,,,
39146,00-0039146,REE263142,,Jayden Reed,WR,1800,GB,2023,71,187,2000-04-28,23.342,Michigan State,Big Ten Conference,1,11,2,Undrafted,50.0,GB,2023,4.45,,121.0,4.29,,,,33.5,,,,,,,,,,,
39147,00-0039147,GON589051,,Christian Gonzalez,CB,3200,NE,2024,73,205,2002-06-28,22.181,Oregon,Pacific Twelve Conference,2,0,1,Undrafted,17.0,NE,2023,4.38,14.0,133.0,,,,,41.5,,,,,,,,,,,
39147,00-0039147,GON589051,,Christian Gonzalez,CB,3200,NE,2023,73,205,2002-06-28,21.178,Oregon,Pacific Twelve Conference,1,6,1,Undrafted,17.0,NE,2023,4.38,14.0,133.0,,,,,41.5,,,,,,,,,,,
39148,00-0039148,WHI315646,,Keion White,DE,3200,NE,2023,77,285,1999-01-20,24.613,Georgia Tech,Atlantic Coast Conference,1,99,2,Undrafted,46.0,NE,2023,,30.0,117.0,,,,,34.0,,,,,,,,,,,
39148,00-0039148,WHI315646,,Keion White,DE,3200,NE,2024,77,285,1999-01-20,25.616,Georgia Tech,Atlantic Coast Conference,2,99,2,Undrafted,46.0,NE,2023,,30.0,117.0,,,,,34.0,,,,,,,,,,,
39149,00-0039149,MAR645121,,Quan Martin,SAF,5110,WAS,2023,72,195,2000-04-17,23.372,Illinois,Big Ten Conference,1,20,2,Undrafted,47.0,WAS,2023,4.46,15.0,133.0,,,,,44.0,,,,,,,,,,,
39149,00-0039149,MAR645121,,Quan Martin,SAF,5110,WAS,2024,72,195,2000-04-17,24.375,Illinois,Big Ten Conference,2,20,2,Undrafted,47.0,WAS,2023,4.46,15.0,133.0,,,,,44.0,,,,,,,,,,,
39150,00-0039150,YOU124763,,Bryce Young,QB,750,CAR,2024,70,204,2001-07-25,23.107,Alabama,Southeastern Conference,2,9,1,Undrafted,1.0,CAR,2023,,,,,,,,,,,,,,,,,,,
39150,00-0039150,YOU124763,,Bryce Young,QB,750,CAR,2023,70,204,2001-07-25,22.104,Alabama,Southeastern Conference,1,9,1,Undrafted,1.0,CAR,2023,,,,,,,,,,,,,,,,,,,
39151,00-0039151,FOR013942,,Emmanuel Forbes,CB,5110,WAS,2023,72,180,2001-01-13,22.632,Mississippi State,Southeastern Conference,1,13,1,Undrafted,16.0,WAS,2023,4.35,,131.0,,,,,37.5,,,,,,,,,,,
39151,00-0039151,FOR013942,,Emmanuel Forbes,CB,2510,LAR,2024,72,180,2001-01-13,23.635,Mississippi State,Southeastern Conference,2,13,1,Undrafted,16.0,WAS,2023,4.35,,131.0,,,,,37.5,,,,,,,,,,,
39152,00-0039152,LEV604187,,Will Levis,QB,2100,TEN,2024,76,229,1999-06-27,25.183,Kentucky,Southeastern Conference,2,8,2,Undrafted,33.0,TEN,2023,,,124.0,,,,,34.0,,,,,,,,,,,
39152,00-0039152,LEV604187,,Will Levis,QB,2100,TEN,2023,76,229,1999-06-27,24.181,Kentucky,Southeastern Conference,1,8,2,Undrafted,33.0,TEN,2023,,,124.0,,,,,34.0,,,,,,,,,,,
39155,00-0039155,OJU426541,,BJ Ojulari,LB,3800,ARI,2023,74,248,2002-04-05,21.408,LSU,Southeastern Conference,1,18,2,Undrafted,41.0,ARI,2023,,,126.0,,,,,32.5,,,,,,,,,,,
39156,00-0039156,BRE510110,,Julius Brents,CB,2200,IND,2023,75,198,2000-01-18,23.619,Kansas State,Big Twelve Conference,1,29,2,Undrafted,44.0,IND,2023,4.53,,138.0,4.05,6.63,,,41.5,,,,,,,,,,,
39156,00-0039156,BRE510110,,Julius Brents,CB,2200,IND,2024,75,198,2000-01-18,24.621,Kansas State,Big Twelve Conference,2,29,2,Undrafted,44.0,IND,2023,4.53,,138.0,4.05,6.63,,,41.5,,,,,,,,,,,
39157,00-0039157,MAU088990,,Cody Mauch,G,4900,TB,2024,78,303,1999-01-15,25.63,North Dakota State,Missouri Valley Football Conference,2,69,2,Undrafted,48.0,TB,2023,,,,,,,,,,,,,,,,,,,
39157,00-0039157,MAU088990,,Cody Mauch,G,4900,TB,2023,78,303,1999-01-15,24.627,North Dakota State,Missouri Valley Football Conference,1,69,2,Undrafted,48.0,TB,2023,,,,,,,,,,,,,,,,,,,
39158,00-0039158,FRE135054,,Blake Freeland,OT,2200,IND,2024,79,302,2001-05-03,23.334,BYU,Independent,2,73,4,Undrafted,106.0,IND,2023,4.98,,120.0,4.71,7.46,,,37.0,,,,,,,,,,,
39158,00-0039158,FRE135054,,Blake Freeland,OT,2200,IND,2023,79,302,2001-05-03,22.331,BYU,Independent,1,73,4,Undrafted,106.0,IND,2023,4.98,,120.0,4.71,7.46,,,37.0,,,,,,,,,,,
39163,00-0039163,STR702090,,C.J. Stroud,QB,2120,HOU,2023,75,218,2001-10-03,21.912,Ohio State,Big Ten Conference,1,7,1,Undrafted,2.0,HOU,2023,,,,,,,,,,,,,,,,,,,
39163,00-0039163,STR702090,,C.J. Stroud,QB,2120,HOU,2024,75,218,2001-10-03,22.915,Ohio State,Big Ten Conference,2,7,1,Undrafted,2.0,HOU,2023,,,,,,,,,,,,,,,,,,,
39164,00-0039164,RIC387833,,Anthony Richardson,QB,2200,IND,2024,76,244,2002-05-22,22.282,Florida,Southeastern Conference,2,5,1,Undrafted,4.0,IND,2023,4.43,,129.0,,,,,40.5,,,,,,,,,,,
39164,00-0039164,RIC387833,,Anthony Richardson,QB,2200,IND,2023,76,244,2002-05-22,21.279,Florida,Southeastern Conference,1,5,1,Undrafted,4.0,IND,2023,4.43,,129.0,,,,,40.5,,,,,,,,,,,
39165,00-0039165,CHA548773,,Zach Charbonnet,RB,4600,SEA,2024,73,214,2001-01-08,23.649,UCLA,Pacific Twelve Conference,2,26,2,Undrafted,52.0,SEA,2023,4.53,,122.0,,,,,37.0,,,,,,,,,,,
39165,00-0039165,CHA548773,,Zach Charbonnet,RB,4600,SEA,2023,73,214,2001-01-08,22.646,UCLA,Pacific Twelve Conference,1,26,2,Undrafted,52.0,SEA,2023,4.53,,122.0,,,,,37.0,,,,,,,,,,,
39167,00-0039167,POR773442,,Joey Porter Jr.,CB,3900,PIT,2023,74,194,2000-07-26,23.099,Penn State,Big Ten Conference,1,24,2,Undrafted,32.0,PIT,2023,4.46,17.0,129.0,,,,,35.0,,,,,,,,,,,
39167,00-0039167,POR773442,,Joey Porter Jr.,CB,3900,PIT,2024,74,194,2000-07-26,24.101,Penn State,Big Ten Conference,2,24,2,Undrafted,32.0,PIT,2023,4.46,17.0,129.0,,,,,35.0,,,,,,,,,,,
39169,00-0039169,WIT143920,,Devon Witherspoon,CB,4600,SEA,2023,72,185,2000-12-11,22.721,Illinois,Big Ten Conference,1,21,1,Undrafted,5.0,SEA,2023,,,,,,,,,,,,,,,,,,,
39169,00-0039169,WIT143920,,Devon Witherspoon,CB,4600,SEA,2024,72,185,2000-12-11,23.723,Illinois,Big Ten Conference,2,21,1,Undrafted,5.0,SEA,2023,,,,,,,,,,,,,,,,,,,